{
"type": "FeatureCollection",
"name": "dop_cur_dop_zps_spec_p_dop_cur_dop_zps_spec_p",
"crs": { "type": "name", "properties": { "name": "urn:ogc:def:crs:OGC:1.3:CRS84" } },
"features": [
{ "type": "Feature", "properties": { "objectid": 65391, "zps_id": "2264", "id_poskyt": 38, "shape_area_1": 0.0, "globalid": "{ED0B286D-46CE-4784-B2F3-3A2FCC6C7321}", "shape_Length": 0.0012088307715635515, "shape_Area": 1.2491931289805035e-08 }, "geometry": { "type": "MultiPolygon", "coordinates": [ [ [ [ 14.353332273000035, 50.075540764000039 ], [ 14.353329726000027, 50.075562040000079 ], [ 14.353908915000034, 50.075618241000029 ], [ 14.353913457000033, 50.075597143000039 ], [ 14.353332273000035, 50.075540764000039 ] ] ] ] } },
{ "type": "Feature", "properties": { "objectid": 65392, "zps_id": "2274", "id_poskyt": 38, "shape_area_1": 0.0, "globalid": "{B83A5793-CAA7-4405-A60C-0D315D73C193}", "shape_Length": 0.00061560193831575302, "shape_Area": 1.5130858720783463e-08 }, "geometry": { "type": "MultiPolygon", "coordinates": [ [ [ [ 14.473983335000071, 50.135779018000051 ], [ 14.474046525000063, 50.135791983000047 ], [ 14.474153360000059, 50.135572959000058 ], [ 14.474090709000052, 50.13556045100006 ], [ 14.473983335000071, 50.135779018000051 ] ] ] ] } },
{ "type": "Feature", "properties": { "objectid": 67889, "zps_id": "2448", "id_poskyt": 38, "shape_area_1": 0.0, "globalid": "{CCCEB7C0-5361-4DE9-B226-AD1A76DF7C83}", "shape_Length": 0.00042884353619232577, "shape_Area": 8.5337684390297358e-09 }, "geometry": { "type": "MultiPolygon", "coordinates": [ [ [ [ 14.417076585000075, 50.073282189000054 ], [ 14.417133646000025, 50.073265488000061 ], [ 14.417037280000045, 50.073142965000045 ], [ 14.416981273000033, 50.073159994000036 ], [ 14.417076585000075, 50.073282189000054 ] ] ] ] } },
{ "type": "Feature", "properties": { "objectid": 67890, "zps_id": "2450", "id_poskyt": 38, "shape_area_1": 0.0, "globalid": "{8095B759-84CC-44EA-A295-335D7470F638}", "shape_Length": 0.00043999851727530368, "shape_Area": 5.6195660979802506e-09 }, "geometry": { "type": "MultiPolygon", "coordinates": [ [ [ [ 14.416037434000032, 50.072174227000062 ], [ 14.416007881000041, 50.072172880000039 ], [ 14.415986404000023, 50.072362334000047 ], [ 14.416016015000025, 50.072363142000029 ], [ 14.416037434000032, 50.072174227000062 ] ] ] ] } },
{ "type": "Feature", "properties": { "objectid": 67891, "zps_id": "2452", "id_poskyt": 38, "shape_area_1": 0.0, "globalid": "{D755B777-BA68-4768-B79E-D32B9A135F0B}", "shape_Length": 0.00051386877831582282, "shape_Area": 4.6591567756016387e-09 }, "geometry": { "type": "MultiPolygon", "coordinates": [ [ [ [ 14.415637278000077, 50.071373071000039 ], [ 14.415635719000022, 50.071392155000069 ], [ 14.415872673000024, 50.071402679000073 ], [ 14.415874460000055, 50.071382598000071 ], [ 14.415637278000077, 50.071373071000039 ] ] ] ] } },
{ "type": "Feature", "properties": { "objectid": 67892, "zps_id": "2460", "id_poskyt": 38, "shape_area_1": 0.0, "globalid": "{2481BC7A-3C8D-47D9-8239-2F8317F58871}", "shape_Length": 0.00036944710255597122, "shape_Area": 4.5072564980203294e-09 }, "geometry": { "type": "MultiPolygon", "coordinates": [ [ [ [ 14.414017773000069, 50.071616672000061 ], [ 14.414015213000027, 50.071664884000029 ], [ 14.414044698000055, 50.07166568100007 ], [ 14.414047566000022, 50.071613395000043 ], [ 14.414046208000059, 50.071561214000042 ], [ 14.414045218000069, 50.071510155000055 ], [ 14.414015307000057, 50.071510681000063 ], [ 14.414017867000041, 50.07156251400005 ], [ 14.414018018000036, 50.071575452000047 ], [ 14.414018976000023, 50.071585475000063 ], [ 14.414017773000069, 50.071616672000061 ] ] ] ] } },
{ "type": "Feature", "properties": { "objectid": 67893, "zps_id": "2480", "id_poskyt": 38, "shape_area_1": 0.0, "globalid": "{B560AABC-F7DB-4786-A703-A11461BE1F06}", "shape_Length": 0.00016984770592052642, "shape_Area": 1.5318727032589438e-09 }, "geometry": { "type": "MultiPolygon", "coordinates": [ [ [ [ 14.414928147000069, 50.069202356000062 ], [ 14.414949697000054, 50.069243674000063 ], [ 14.414987653000026, 50.069246457000077 ], [ 14.41496821000004, 50.069205908000072 ], [ 14.414928147000069, 50.069202356000062 ] ] ] ] } },
{ "type": "Feature", "properties": { "objectid": 67894, "zps_id": "2615", "id_poskyt": 38, "shape_area_1": 0.0, "globalid": "{BF5C8664-CB81-4F02-9C61-4A73713B11F5}", "shape_Length": 0.00029283919473057209, "shape_Area": 3.1785643885107074e-09 }, "geometry": { "type": "MultiPolygon", "coordinates": [ [ [ [ 14.426004270000021, 50.07625844100005 ], [ 14.425950177000061, 50.076154227000075 ], [ 14.425920921000056, 50.07616033100004 ], [ 14.425979442000028, 50.076264946000038 ], [ 14.426004270000021, 50.07625844100005 ] ] ] ] } },
{ "type": "Feature", "properties": { "objectid": 67895, "zps_id": "2646", "id_poskyt": 38, "shape_area_1": 0.0, "globalid": "{3381013A-C053-4578-91BB-BAC392FED18E}", "shape_Length": 0.000237400217118534, "shape_Area": 3.4480058747538922e-09 }, "geometry": { "type": "MultiPolygon", "coordinates": [ [ [ [ 14.42800952500005, 50.073766278000051 ], [ 14.428039875000024, 50.073719274000041 ], [ 14.427992281000058, 50.073676780000028 ], [ 14.427963377000026, 50.073722150000037 ], [ 14.42800952500005, 50.073766278000051 ] ] ] ] } },
{ "type": "Feature", "properties": { "objectid": 67896, "zps_id": "12402", "id_poskyt": 38, "shape_area_1": 0.0, "globalid": "{02BDB7EB-D4D5-4526-9FB3-16F4B2627BBA}", "shape_Length": 0.0010674687749582528, "shape_Area": 2.5371003188787686e-08 }, "geometry": { "type": "MultiPolygon", "coordinates": [ [ [ [ 14.428609609000034, 50.074258364000059 ], [ 14.428474089000076, 50.074132559000077 ], [ 14.428352154000038, 50.074021463000065 ], [ 14.428254172000038, 50.073931636000054 ], [ 14.428222402000074, 50.07396932000006 ], [ 14.428433133000055, 50.074167761000069 ], [ 14.428570365000041, 50.074298680000027 ], [ 14.428609609000034, 50.074258364000059 ] ] ] ] } },
{ "type": "Feature", "properties": { "objectid": 67897, "zps_id": "2650", "id_poskyt": 38, "shape_area_1": 0.0, "globalid": "{391B8948-188A-42F9-A20B-9745D56E6E87}", "shape_Length": 0.00069056374874716957, "shape_Area": 9.0994149930747621e-09 }, "geometry": { "type": "MultiPolygon", "coordinates": [ [ [ [ 14.419616268000027, 50.078569144000028 ], [ 14.419587359000047, 50.078570060000061 ], [ 14.419613611000045, 50.078885033000063 ], [ 14.419642322000072, 50.078884935000076 ], [ 14.419616268000027, 50.078569144000028 ] ] ] ] } },
{ "type": "Feature", "properties": { "objectid": 67898, "zps_id": "15448", "id_poskyt": 38, "shape_area_1": 0.0, "globalid": "{8C7F8432-9BC4-4D15-8D17-9E07A42BC872}", "shape_Length": 0.0003910501303341837, "shape_Area": 3.1123078500732598e-09 }, "geometry": { "type": "MultiPolygon", "coordinates": [ [ [ [ 14.419984542000066, 50.078019758000039 ], [ 14.420161777000033, 50.078036255000029 ], [ 14.420165306000058, 50.078019759000028 ], [ 14.419988378000028, 50.078001819000065 ], [ 14.419984542000066, 50.078019758000039 ] ] ] ] } },
{ "type": "Feature", "properties": { "objectid": 67899, "zps_id": "12310", "id_poskyt": 38, "shape_area_1": 0.0, "globalid": "{B6DF6610-2E36-477F-A9FF-BC6C7A25B4C6}", "shape_Length": 0.00047262421414171992, "shape_Area": 6.4160037622939162e-09 }, "geometry": { "type": "MultiPolygon", "coordinates": [ [ [ [ 14.42064307000004, 50.077987793000034 ], [ 14.420705, 50.078034674000037 ], [ 14.420863156000053, 50.078049178000072 ], [ 14.420803025000055, 50.078003710000075 ], [ 14.42064307000004, 50.077987793000034 ] ] ] ] } },
{ "type": "Feature", "properties": { "objectid": 67900, "zps_id": "12310", "id_poskyt": 38, "shape_area_1": 0.0, "globalid": "{6D47D10B-0E52-4CDF-89CD-3B86BEB9CCCB}", "shape_Length": 0.00034761763745918422, "shape_Area": 4.8229716468226467e-09 }, "geometry": { "type": "MultiPolygon", "coordinates": [ [ [ [ 14.420329545000072, 50.077974494000046 ], [ 14.420369135000044, 50.078006081000069 ], [ 14.42048584500003, 50.078016608000041 ], [ 14.420411762000072, 50.077963379000039 ], [ 14.420390651000048, 50.077961255000048 ], [ 14.420351038000035, 50.077957283000046 ], [ 14.420329545000072, 50.077974494000046 ] ] ] ] } },
{ "type": "Feature", "properties": { "objectid": 67901, "zps_id": "2662", "id_poskyt": 38, "shape_area_1": 0.0, "globalid": "{8F96AA02-3322-4CAA-BC9A-7969C3F06F24}", "shape_Length": 0.00046473686279299882, "shape_Area": 4.0513541309487125e-09 }, "geometry": { "type": "MultiPolygon", "coordinates": [ [ [ [ 14.423209747000044, 50.073729865000075 ], [ 14.423206543000049, 50.073748551000051 ], [ 14.423419491000061, 50.073763631000077 ], [ 14.423422346000052, 50.073744661000035 ], [ 14.423209747000044, 50.073729865000075 ] ] ] ] } },
{ "type": "Feature", "properties": { "objectid": 67902, "zps_id": "2674", "id_poskyt": 38, "shape_area_1": 0.0, "globalid": "{220C0DD3-0F40-4C53-BE6E-EE52DEB06508}", "shape_Length": 0.00042277843746519879, "shape_Area": 3.6657400949076514e-09 }, "geometry": { "type": "MultiPolygon", "coordinates": [ [ [ [ 14.426649130000044, 50.071458803000041 ], [ 14.426643297000055, 50.071477137000045 ], [ 14.426833140000042, 50.071503736000068 ], [ 14.426839551000057, 50.071485217000031 ], [ 14.426649130000044, 50.071458803000041 ] ] ] ] } },
{ "type": "Feature", "properties": { "objectid": 67903, "zps_id": "2678", "id_poskyt": 38, "shape_area_1": 0.0, "globalid": "{15AFBED8-BBA3-4361-9341-72F8196A0E6A}", "shape_Length": 0.00044250371249345975, "shape_Area": 3.9310684293232558e-09 }, "geometry": { "type": "MultiPolygon", "coordinates": [ [ [ [ 14.423897866000061, 50.071032229000082 ], [ 14.423888487000056, 50.071050376000073 ], [ 14.424088937000022, 50.071080667000047 ], [ 14.424095016000024, 50.071061585000052 ], [ 14.423897866000061, 50.071032229000082 ] ] ] ] } },
{ "type": "Feature", "properties": { "objectid": 67904, "zps_id": "2681", "id_poskyt": 38, "shape_area_1": 0.0, "globalid": "{E994498F-D00C-4763-B69A-38925E9BB9CB}", "shape_Length": 0.0002222667711701484, "shape_Area": 2.8683195286230429e-09 }, "geometry": { "type": "MultiPolygon", "coordinates": [ [ [ [ 14.424705495000069, 50.071185402000026 ], [ 14.424773724000033, 50.071178774000032 ], [ 14.424764402000051, 50.071137806000081 ], [ 14.424694671000054, 50.071145263000062 ], [ 14.424705495000069, 50.071185402000026 ] ] ] ] } },
{ "type": "Feature", "properties": { "objectid": 67905, "zps_id": "2685", "id_poskyt": 38, "shape_area_1": 0.0, "globalid": "{536F689C-3772-4EAD-B0E6-9D035C8040B6}", "shape_Length": 0.00018574532635115966, "shape_Area": 1.391999178878426e-09 }, "geometry": { "type": "MultiPolygon", "coordinates": [ [ [ [ 14.419558995000045, 50.071739112000046 ], [ 14.419545038000024, 50.071754594000026 ], [ 14.419613179000066, 50.07178030700004 ], [ 14.419626139000059, 50.071764873000063 ], [ 14.419558995000045, 50.071739112000046 ] ] ] ] } },
{ "type": "Feature", "properties": { "objectid": 67906, "zps_id": "2690", "id_poskyt": 38, "shape_area_1": 0.0, "globalid": "{1A9A96D8-B1F0-45C9-8048-B7A00B4963FB}", "shape_Length": 0.00074487905349973431, "shape_Area": 6.8601598834706231e-09 }, "geometry": { "type": "MultiPolygon", "coordinates": [ [ [ [ 14.42129271400006, 50.068188631000055 ], [ 14.421635131000073, 50.06826962100007 ], [ 14.421646014000032, 50.068252161000032 ], [ 14.42130359600003, 50.068171170000028 ], [ 14.42129271400006, 50.068188631000055 ] ] ] ] } },
{ "type": "Feature", "properties": { "objectid": 67907, "zps_id": "2691", "id_poskyt": 38, "shape_area_1": 0.0, "globalid": "{60464861-E19E-4BEA-9703-14577D2C4B27}", "shape_Length": 0.00025838593844777237, "shape_Area": 3.221185836988413e-09 }, "geometry": { "type": "MultiPolygon", "coordinates": [ [ [ [ 14.421291241000063, 50.068234042000029 ], [ 14.421248261000073, 50.068267683000045 ], [ 14.421322204000035, 50.06828575000003 ], [ 14.421363429000053, 50.068251946000032 ], [ 14.421291241000063, 50.068234042000029 ] ] ] ] } },
{ "type": "Feature", "properties": { "objectid": 67908, "zps_id": "2694", "id_poskyt": 38, "shape_area_1": 0.0, "globalid": "{67F8FB4C-08B9-4B1A-91A9-32F0EDFA104D}", "shape_Length": 0.00035510518750171271, "shape_Area": 5.5927243297381785e-09 }, "geometry": { "type": "MultiPolygon", "coordinates": [ [ [ [ 14.424833578000062, 50.06912277400005 ], [ 14.424856042000044, 50.069085554000026 ], [ 14.424726765000059, 50.069052708000072 ], [ 14.424703480000062, 50.069090198000026 ], [ 14.424833578000062, 50.06912277400005 ] ] ] ] } },
{ "type": "Feature", "properties": { "objectid": 67909, "zps_id": "2713", "id_poskyt": 38, "shape_area_1": 0.0, "globalid": "{091BC76C-A8C4-4D28-9EEA-6A7BC22D4A7C}", "shape_Length": 0.00029504649696289166, "shape_Area": 3.2501645219163824e-09 }, "geometry": { "type": "MultiPolygon", "coordinates": [ [ [ [ 14.428144361000022, 50.071407685000054 ], [ 14.428117168000028, 50.071402891000048 ], [ 14.428068662000044, 50.071512164000069 ], [ 14.428096525000058, 50.071517253000081 ], [ 14.428144361000022, 50.071407685000054 ] ] ] ] } },
{ "type": "Feature", "properties": { "objectid": 67910, "zps_id": "2799", "id_poskyt": 38, "shape_area_1": 0.0, "globalid": "{8B0B7B19-C6FF-40E2-A288-C8F67289D647}", "shape_Length": 0.00018376419755669556, "shape_Area": 1.9393453640855567e-09 }, "geometry": { "type": "MultiPolygon", "coordinates": [ [ [ [ 14.430287989000021, 50.075156107000055 ], [ 14.430318799000077, 50.075156718000073 ], [ 14.430326695000076, 50.075097844000027 ], [ 14.430294094000033, 50.075095713000053 ], [ 14.430287222000061, 50.075150911000037 ], [ 14.430287989000021, 50.075156107000055 ] ] ] ] } },
{ "type": "Feature", "properties": { "objectid": 67911, "zps_id": "2800", "id_poskyt": 38, "shape_area_1": 0.0, "globalid": "{51D1F9B7-F039-4557-92CE-D564E123A181}", "shape_Length": 0.0010393258831762858, "shape_Area": 1.0083253101980361e-08 }, "geometry": { "type": "MultiPolygon", "coordinates": [ [ [ [ 14.429983166000056, 50.073613128000034 ], [ 14.429989919000036, 50.07359281600003 ], [ 14.429495442000075, 50.073522223000055 ], [ 14.429489575000048, 50.073540907000051 ], [ 14.429983166000056, 50.073613128000034 ] ] ] ] } },
{ "type": "Feature", "properties": { "objectid": 67912, "zps_id": "2802", "id_poskyt": 38, "shape_area_1": 0.0, "globalid": "{D069A28F-127A-4A7B-8821-4F2FDF2128AD}", "shape_Length": 0.00065147913032312778, "shape_Area": 9.1130464928435743e-09 }, "geometry": { "type": "MultiPolygon", "coordinates": [ [ [ [ 14.42934894800004, 50.073042183000041 ], [ 14.429322840000054, 50.073335925000038 ], [ 14.429355420000036, 50.073337356000081 ], [ 14.429378176000057, 50.073043527000038 ], [ 14.42934894800004, 50.073042183000041 ] ] ] ] } },
{ "type": "Feature", "properties": { "objectid": 67913, "zps_id": "2802", "id_poskyt": 38, "shape_area_1": 0.0, "globalid": "{1C44D443-3D5C-4535-8D68-1FF3F0A335F9}", "shape_Length": 0.00027628955196803485, "shape_Area": 3.4397249874921219e-09 }, "geometry": { "type": "MultiPolygon", "coordinates": [ [ [ [ 14.429352916000028, 50.073365577000061 ], [ 14.429320539000059, 50.073364328000082 ], [ 14.429315871000028, 50.073412043000076 ], [ 14.429311240000061, 50.073470154000063 ], [ 14.429342624000071, 50.073471316000052 ], [ 14.429348932000039, 50.07341241000006 ], [ 14.429352916000028, 50.073365577000061 ] ] ] ] } },
{ "type": "Feature", "properties": { "objectid": 67914, "zps_id": "2802", "id_poskyt": 38, "shape_area_1": 0.0, "globalid": "{55D699D8-2834-4528-94EA-F78E0CE2F4AE}", "shape_Length": 0.0001526741711129107, "shape_Area": 1.3800901545502413e-09 }, "geometry": { "type": "MultiPolygon", "coordinates": [ [ [ [ 14.429359745000056, 50.072943659000032 ], [ 14.429353562000074, 50.072989625000048 ], [ 14.429383595000047, 50.072991166000065 ], [ 14.429389049000065, 50.072944581000058 ], [ 14.429359745000056, 50.072943659000032 ] ] ] ] } },
{ "type": "Feature", "properties": { "objectid": 67915, "zps_id": "2825", "id_poskyt": 38, "shape_area_1": 0.0, "globalid": "{EE4FFF45-6EB8-41F2-9C79-69F2036965A4}", "shape_Length": 0.00037858172911718873, "shape_Area": 5.5804327253184045e-09 }, "geometry": { "type": "MultiPolygon", "coordinates": [ [ [ [ 14.429711874000077, 50.070793149000053 ], [ 14.429852732000029, 50.070792409000035 ], [ 14.429880544000071, 50.070751661000031 ], [ 14.429741919000037, 50.070753496000066 ], [ 14.429711874000077, 50.070793149000053 ] ] ] ] } },
{ "type": "Feature", "properties": { "objectid": 67916, "zps_id": "2827", "id_poskyt": 38, "shape_area_1": 0.0, "globalid": "{24194D1B-4EB8-46FC-9505-1EB4164EB27D}", "shape_Length": 0.00051484263978296516, "shape_Area": 9.2329227104525032e-09 }, "geometry": { "type": "MultiPolygon", "coordinates": [ [ [ [ 14.429515475000073, 50.070606931000043 ], [ 14.429558443000076, 50.070608511000046 ], [ 14.429574195000043, 50.070393983000031 ], [ 14.429530855000053, 50.070394086000078 ], [ 14.429515475000073, 50.070606931000043 ] ] ] ] } },
{ "type": "Feature", "properties": { "objectid": 67917, "zps_id": "2893", "id_poskyt": 38, "shape_area_1": 0.0, "globalid": "{2FAB6484-64C2-40CA-A91A-DB46344B8274}", "shape_Length": 0.00078743211176826361, "shape_Area": 6.6656203475072578e-09 }, "geometry": { "type": "MultiPolygon", "coordinates": [ [ [ [ 14.43472539000004, 50.075379632000079 ], [ 14.434725233000052, 50.075361675000067 ], [ 14.434349467000061, 50.075362521000045 ], [ 14.434349185000031, 50.075380021000058 ], [ 14.43472539000004, 50.075379632000079 ] ] ] ] } },
{ "type": "Feature", "properties": { "objectid": 67918, "zps_id": "2944", "id_poskyt": 38, "shape_area_1": 0.0, "globalid": "{422E9A05-E3C5-4416-81AA-E4DA3B10E13A}", "shape_Length": 0.00018153928986421172, "shape_Area": 1.7766816219489454e-09 }, "geometry": { "type": "MultiPolygon", "coordinates": [ [ [ [ 14.437908649000065, 50.077979238000069 ], [ 14.43785603200007, 50.078011279000066 ], [ 14.437868628000047, 50.078035181000075 ], [ 14.437923814000044, 50.078005318000066 ], [ 14.437908649000065, 50.077979238000069 ] ] ] ] } },
{ "type": "Feature", "properties": { "objectid": 67919, "zps_id": "2944", "id_poskyt": 38, "shape_area_1": 0.0, "globalid": "{F59471DB-362E-4657-B8A3-6126B5D54B02}", "shape_Length": 0.00047555919620422828, "shape_Area": 1.1037653243503767e-08 }, "geometry": { "type": "MultiPolygon", "coordinates": [ [ [ [ 14.437941881000029, 50.078039988000057 ], [ 14.437883348000071, 50.078065388000027 ], [ 14.437965248000069, 50.078221868000071 ], [ 14.43802110300004, 50.078192900000033 ], [ 14.437941881000029, 50.078039988000057 ] ] ] ] } },
{ "type": "Feature", "properties": { "objectid": 67920, "zps_id": "2970", "id_poskyt": 38, "shape_area_1": 0.0, "globalid": "{DAC3E8EE-2D0A-42E4-AACD-503CA372860B}", "shape_Length": 0.00056245309746301647, "shape_Area": 1.4818718496239695e-08 }, "geometry": { "type": "MultiPolygon", "coordinates": [ [ [ [ 14.440636534000078, 50.07545646300008 ], [ 14.440567884000075, 50.07543387700008 ], [ 14.440560671000071, 50.075645282000039 ], [ 14.440633839000043, 50.075660389000063 ], [ 14.440636534000078, 50.07545646300008 ] ] ] ] } },
{ "type": "Feature", "properties": { "objectid": 67921, "zps_id": "2992", "id_poskyt": 38, "shape_area_1": 0.0, "globalid": "{F5407BE0-051E-4415-8242-609AB85EAFC1}", "shape_Length": 0.00027946314934315132, "shape_Area": 3.5548526298609488e-09 }, "geometry": { "type": "MultiPolygon", "coordinates": [ [ [ [ 14.437841561000027, 50.075503375000039 ], [ 14.43783034300003, 50.075395598000057 ], [ 14.437797337000063, 50.075397154000029 ], [ 14.437806817000023, 50.075499857000068 ], [ 14.437841561000027, 50.075503375000039 ] ] ] ] } },
{ "type": "Feature", "properties": { "objectid": 67922, "zps_id": "2994", "id_poskyt": 38, "shape_area_1": 0.0, "globalid": "{22C82722-243A-4799-B618-4A5C1B959489}", "shape_Length": 0.00047160701424379221, "shape_Area": 8.1733982784971498e-09 }, "geometry": { "type": "MultiPolygon", "coordinates": [ [ [ [ 14.435668253000074, 50.07455722900005 ], [ 14.435685395000064, 50.07460487700007 ], [ 14.435870016000024, 50.074630988000081 ], [ 14.435849206000057, 50.074583742000073 ], [ 14.435668253000074, 50.07455722900005 ] ] ] ] } },
{ "type": "Feature", "properties": { "objectid": 67923, "zps_id": "3003", "id_poskyt": 38, "shape_area_1": 0.0, "globalid": "{94287138-F671-465B-810E-D520275C0D28}", "shape_Length": 0.0004791715150763529, "shape_Area": 4.3594163889564257e-09 }, "geometry": { "type": "MultiPolygon", "coordinates": [ [ [ [ 14.440791167000043, 50.075360053000054 ], [ 14.440791604000026, 50.07538013900006 ], [ 14.441011285000059, 50.075380543000051 ], [ 14.441010968000057, 50.075360949000071 ], [ 14.440791167000043, 50.075360053000054 ] ] ] ] } },
{ "type": "Feature", "properties": { "objectid": 67924, "zps_id": "3006", "id_poskyt": 38, "shape_area_1": 0.0, "globalid": "{A68EE862-784C-48A3-A95D-A3A509C23E82}", "shape_Length": 0.00031725599084458564, "shape_Area": 5.8791015000114574e-09 }, "geometry": { "type": "MultiPolygon", "coordinates": [ [ [ [ 14.440622568000038, 50.073827014000074 ], [ 14.440555782000047, 50.073847829000044 ], [ 14.440553948000058, 50.073936635000052 ], [ 14.440620863000049, 50.073915214000067 ], [ 14.440622568000038, 50.073827014000074 ] ] ] ] } },
{ "type": "Feature", "properties": { "objectid": 67925, "zps_id": "3014", "id_poskyt": 38, "shape_area_1": 0.0, "globalid": "{DBF59C21-AE9B-4C85-89C5-798A3D56CD6E}", "shape_Length": 0.00025349084050139324, "shape_Area": 2.744271097009726e-09 }, "geometry": { "type": "MultiPolygon", "coordinates": [ [ [ [ 14.432044735000034, 50.07253993300003 ], [ 14.432072711000046, 50.072545412000068 ], [ 14.432110130000069, 50.072454462000053 ], [ 14.432082105000063, 50.072449205000055 ], [ 14.432044735000034, 50.07253993300003 ] ] ] ] } },
{ "type": "Feature", "properties": { "objectid": 67926, "zps_id": "3015", "id_poskyt": 38, "shape_area_1": 0.0, "globalid": "{CA11A4D5-61D2-4DBE-B753-85FF2CD9DE5C}", "shape_Length": 0.00017188891207914187, "shape_Area": 1.6466109540295279e-09 }, "geometry": { "type": "MultiPolygon", "coordinates": [ [ [ [ 14.431979008000042, 50.072864228000071 ], [ 14.432009543000049, 50.072869480000065 ], [ 14.432030559000054, 50.07281830200003 ], [ 14.432001073000038, 50.072813143000076 ], [ 14.431979008000042, 50.072864228000071 ] ] ] ] } },
{ "type": "Feature", "properties": { "objectid": 67927, "zps_id": "3032", "id_poskyt": 38, "shape_area_1": 0.0, "globalid": "{7FAAA26D-EA44-4FD8-BAE9-73C753D4E91B}", "shape_Length": 0.00035852820328637828, "shape_Area": 4.2494025978504478e-09 }, "geometry": { "type": "MultiPolygon", "coordinates": [ [ [ [ 14.435113932000036, 50.071646663000081 ], [ 14.435143334000031, 50.07165221300005 ], [ 14.435208168000031, 50.071517301000029 ], [ 14.435179929000071, 50.071511791000034 ], [ 14.435113932000036, 50.071646663000081 ] ] ] ] } },
{ "type": "Feature", "properties": { "objectid": 67928, "zps_id": "3038", "id_poskyt": 38, "shape_area_1": 0.0, "globalid": "{9B01A36F-CE87-4989-B9BC-59ABC4E52722}", "shape_Length": 0.00016046964201843142, "shape_Area": 1.4438342227593119e-09 }, "geometry": { "type": "MultiPolygon", "coordinates": [ [ [ [ 14.434322948000045, 50.073305756000082 ], [ 14.434350463000044, 50.07331167500007 ], [ 14.434373104000031, 50.07326521300007 ], [ 14.434343898000066, 50.073259408000069 ], [ 14.434322948000045, 50.073305756000082 ] ] ] ] } },
{ "type": "Feature", "properties": { "objectid": 67929, "zps_id": "3042", "id_poskyt": 38, "shape_area_1": 0.0, "globalid": "{0C0AB3A3-3626-49AD-BCD7-B6ECBD1A2687}", "shape_Length": 0.00047270538745771958, "shape_Area": 8.7098161148660213e-09 }, "geometry": { "type": "MultiPolygon", "coordinates": [ [ [ [ 14.43524134300003, 50.075123289000032 ], [ 14.435279665000053, 50.075148886000079 ], [ 14.435342803000026, 50.074972937000041 ], [ 14.43530230600004, 50.074943645000076 ], [ 14.43524134300003, 50.075123289000032 ] ] ] ] } },
{ "type": "Feature", "properties": { "objectid": 67930, "zps_id": "3085", "id_poskyt": 38, "shape_area_1": 0.0, "globalid": "{0D6DFC86-DECB-4853-AD3F-579282D4A231}", "shape_Length": 0.00018578403385787986, "shape_Area": 1.4256475170038578e-09 }, "geometry": { "type": "MultiPolygon", "coordinates": [ [ [ [ 14.43525967100004, 50.072618943000066 ], [ 14.435247341000036, 50.072636267000064 ], [ 14.435316363000027, 50.072656239000025 ], [ 14.43532857200006, 50.072639412000058 ], [ 14.43525967100004, 50.072618943000066 ] ] ] ] } },
{ "type": "Feature", "properties": { "objectid": 67931, "zps_id": "12382", "id_poskyt": 38, "shape_area_1": 0.0, "globalid": "{231C0248-18EE-4EB0-A192-96E63F62F551}", "shape_Length": 0.0008028583146902342, "shape_Area": 8.2788277095506593e-09 }, "geometry": { "type": "MultiPolygon", "coordinates": [ [ [ [ 14.434941985000023, 50.07043128600003 ], [ 14.434922018000066, 50.070417822000081 ], [ 14.43459794000006, 50.070610649000059 ], [ 14.434617785000057, 50.070624556000041 ], [ 14.434941985000023, 50.07043128600003 ] ] ] ] } },
{ "type": "Feature", "properties": { "objectid": 67932, "zps_id": "3108", "id_poskyt": 38, "shape_area_1": 0.0, "globalid": "{FCCC4259-C3DB-47EA-BA5F-2EC8E3E83B6B}", "shape_Length": 0.00066725079361350031, "shape_Area": 6.6925127153697513e-09 }, "geometry": { "type": "MultiPolygon", "coordinates": [ [ [ [ 14.436997893000068, 50.070929561000071 ], [ 14.436981555000045, 50.070944925000049 ], [ 14.437263949000055, 50.071072580000077 ], [ 14.437281645000041, 50.071055930000057 ], [ 14.436997893000068, 50.070929561000071 ] ] ] ] } },
{ "type": "Feature", "properties": { "objectid": 67933, "zps_id": "3111", "id_poskyt": 38, "shape_area_1": 0.0, "globalid": "{892B9D50-7F83-4406-87C9-E664869DCCE4}", "shape_Length": 0.00030672311927115947, "shape_Area": 2.7270224410040203e-09 }, "geometry": { "type": "MultiPolygon", "coordinates": [ [ [ [ 14.439088721000076, 50.071822661000056 ], [ 14.439070462000075, 50.071837520000031 ], [ 14.439189267000074, 50.071891676000064 ], [ 14.439206626000043, 50.071876739000061 ], [ 14.439088721000076, 50.071822661000056 ] ] ] ] } },
{ "type": "Feature", "properties": { "objectid": 67934, "zps_id": "3137", "id_poskyt": 38, "shape_area_1": 0.0, "globalid": "{5311C8A2-C748-4C9D-BC66-4EEA2C3C5081}", "shape_Length": 0.00050890442514996668, "shape_Area": 5.6524021146428743e-09 }, "geometry": { "type": "MultiPolygon", "coordinates": [ [ [ [ 14.434649111000056, 50.069781462000037 ], [ 14.434675942000069, 50.069792504000077 ], [ 14.434839916000044, 50.069637183000054 ], [ 14.434817563000024, 50.06962616800007 ], [ 14.434649111000056, 50.069781462000037 ] ] ] ] } },
{ "type": "Feature", "properties": { "objectid": 67935, "zps_id": "3147", "id_poskyt": 38, "shape_area_1": 0.0, "globalid": "{D8659616-951A-41DD-8CB8-2E353BB0B748}", "shape_Length": 0.00056583708777139738, "shape_Area": 5.546735777910237e-09 }, "geometry": { "type": "MultiPolygon", "coordinates": [ [ [ [ 14.441395496000041, 50.071764488000042 ], [ 14.441379483000048, 50.071779800000058 ], [ 14.441615445000025, 50.071888336000029 ], [ 14.441632528000071, 50.071871847000068 ], [ 14.441395496000041, 50.071764488000042 ] ] ] ] } },
{ "type": "Feature", "properties": { "objectid": 67936, "zps_id": "20805", "id_poskyt": 38, "shape_area_1": 0.0, "globalid": "{067D081A-D1C8-47D4-9B35-3747C5D118B5}", "shape_Length": 0.00020517939742995157, "shape_Area": 1.6269004378347984e-09 }, "geometry": { "type": "MultiPolygon", "coordinates": [ [ [ [ 14.44493755600007, 50.070795664000059 ], [ 14.444922061000057, 50.070778731000075 ], [ 14.444846744000074, 50.070805002000043 ], [ 14.444859637000036, 50.070820980000065 ], [ 14.44493755600007, 50.070795664000059 ] ] ] ] } },
{ "type": "Feature", "properties": { "objectid": 67937, "zps_id": "3156", "id_poskyt": 38, "shape_area_1": 0.0, "globalid": "{8ECDC2AC-34D5-4F11-BE3A-8ABF59578590}", "shape_Length": 0.00054203830818522875, "shape_Area": 6.1213663963516968e-09 }, "geometry": { "type": "MultiPolygon", "coordinates": [ [ [ [ 14.441725396000038, 50.071851032000041 ], [ 14.441751274000069, 50.071860672000071 ], [ 14.441930550000052, 50.071697401000051 ], [ 14.441904871000077, 50.071685974000047 ], [ 14.441725396000038, 50.071851032000041 ] ] ] ] } },
{ "type": "Feature", "properties": { "objectid": 67938, "zps_id": "3302", "id_poskyt": 38, "shape_area_1": 0.0, "globalid": "{AB5B98BD-1C93-4D25-AF12-B46F94BDA1FD}", "shape_Length": 0.00026787735335085684, "shape_Area": 4.2460839754658544e-09 }, "geometry": { "type": "MultiPolygon", "coordinates": [ [ [ [ 14.43439855500003, 50.082233568000049 ], [ 14.434435120000046, 50.082298189000028 ], [ 14.434493119000024, 50.082284641000058 ], [ 14.434454973000072, 50.082219108000061 ], [ 14.43439855500003, 50.082233568000049 ] ] ] ] } },
{ "type": "Feature", "properties": { "objectid": 67939, "zps_id": "3303", "id_poskyt": 38, "shape_area_1": 0.0, "globalid": "{1F61584B-1F74-4FA3-B0FF-5E4BF29BDAA7}", "shape_Length": 0.00050024875115955601, "shape_Area": 6.1117940298084965e-09 }, "geometry": { "type": "MultiPolygon", "coordinates": [ [ [ [ 14.435438052000052, 50.083758561000081 ], [ 14.435406963000048, 50.083767611000042 ], [ 14.435543873000029, 50.083941671000048 ], [ 14.435569819000023, 50.08393390100008 ], [ 14.435438052000052, 50.083758561000081 ] ] ] ] } },
{ "type": "Feature", "properties": { "objectid": 67940, "zps_id": "3306", "id_poskyt": 38, "shape_area_1": 0.0, "globalid": "{88504A8E-984E-4758-86DB-A753D418B601}", "shape_Length": 0.00044005179595914008, "shape_Area": 9.9598913200987001e-09 }, "geometry": { "type": "MultiPolygon", "coordinates": [ [ [ [ 14.414814798000066, 50.067253290000053 ], [ 14.414880183000037, 50.067259085000046 ], [ 14.414910496000061, 50.067106307000074 ], [ 14.414847275000056, 50.067101476000062 ], [ 14.414814798000066, 50.067253290000053 ] ] ] ] } },
{ "type": "Feature", "properties": { "objectid": 67941, "zps_id": "4225", "id_poskyt": 38, "shape_area_1": 0.0, "globalid": "{94AED048-B222-4015-BCF2-EFE5CDCDAA76}", "shape_Length": 0.00026186374198488763, "shape_Area": 4.2853798143200013e-09 }, "geometry": { "type": "MultiPolygon", "coordinates": [ [ [ [ 14.402487801000063, 50.088524964000044 ], [ 14.402488259000052, 50.08845909300004 ], [ 14.402422164000029, 50.088459184000044 ], [ 14.402423001000045, 50.08852427100004 ], [ 14.402487801000063, 50.088524964000044 ] ] ] ] } },
{ "type": "Feature", "properties": { "objectid": 67942, "zps_id": "21003", "id_poskyt": 38, "shape_area_1": 0.0, "globalid": "{542777C6-2DD9-483C-BCAE-F32F49E59C93}", "shape_Length": 0.00030989423152722525, "shape_Area": 2.8459494476780365e-09 }, "geometry": { "type": "MultiPolygon", "coordinates": [ [ [ [ 14.401141386000063, 50.088547735000077 ], [ 14.401143379000075, 50.088526455000078 ], [ 14.401009870000053, 50.088520991000053 ], [ 14.401007884000023, 50.088542181000037 ], [ 14.401141386000063, 50.088547735000077 ] ] ] ] } },
{ "type": "Feature", "properties": { "objectid": 67943, "zps_id": "3332", "id_poskyt": 38, "shape_area_1": 0.0, "globalid": "{07655F21-9D6A-40E2-8526-90AB10F29A1E}", "shape_Length": 0.00061061811750643216, "shape_Area": 5.554768483581846e-09 }, "geometry": { "type": "MultiPolygon", "coordinates": [ [ [ [ 14.391119927000034, 50.087693177000062 ], [ 14.391121012000042, 50.087673660000064 ], [ 14.39083574600005, 50.087660209000035 ], [ 14.390834097000038, 50.087679468000033 ], [ 14.391119927000034, 50.087693177000062 ] ] ] ] } },
{ "type": "Feature", "properties": { "objectid": 67944, "zps_id": "3315", "id_poskyt": 38, "shape_area_1": 0.0, "globalid": "{67986914-F53D-4422-B712-7BEA91EEE34D}", "shape_Length": 0.00046935775750412377, "shape_Area": 4.3379502247943008e-09 }, "geometry": { "type": "MultiPolygon", "coordinates": [ [ [ [ 14.393892247000053, 50.090445843000055 ], [ 14.393884697000033, 50.090427102000035 ], [ 14.393673811000042, 50.090466588000027 ], [ 14.393682869000031, 50.090485988000069 ], [ 14.393892247000053, 50.090445843000055 ] ] ] ] } },
{ "type": "Feature", "properties": { "objectid": 67945, "zps_id": "3327", "id_poskyt": 38, "shape_area_1": 0.0, "globalid": "{DC985C26-F384-496F-83D6-CA1DAE5783A8}", "shape_Length": 0.00042867947715673064, "shape_Area": 3.9395791281324903e-09 }, "geometry": { "type": "MultiPolygon", "coordinates": [ [ [ [ 14.394091647000039, 50.088620630000037 ], [ 14.394079478000037, 50.088637457000061 ], [ 14.394262996000066, 50.088693702000057 ], [ 14.394276856000033, 50.08867564600007 ], [ 14.394091647000039, 50.088620630000037 ] ] ] ] } },
{ "type": "Feature", "properties": { "objectid": 67946, "zps_id": "3360", "id_poskyt": 38, "shape_area_1": 0.0, "globalid": "{86E5F383-F354-4959-9E2C-9687FC3B2767}", "shape_Length": 0.00038714874193356951, "shape_Area": 4.894634766986883e-09 }, "geometry": { "type": "MultiPolygon", "coordinates": [ [ [ [ 14.403919447000021, 50.089715861000059 ], [ 14.403889638000066, 50.089718952000055 ], [ 14.403915287000075, 50.089879670000073 ], [ 14.403945356000065, 50.089878125000041 ], [ 14.403919447000021, 50.089715861000059 ] ] ] ] } },
{ "type": "Feature", "properties": { "objectid": 67947, "zps_id": "3359", "id_poskyt": 38, "shape_area_1": 0.0, "globalid": "{7746D089-F1EF-4E02-A04A-3C0867D72B9B}", "shape_Length": 0.00044663850235011015, "shape_Area": 1.0162183010930417e-08 }, "geometry": { "type": "MultiPolygon", "coordinates": [ [ [ [ 14.403818889000036, 50.089185698000051 ], [ 14.403883693000068, 50.08919144500004 ], [ 14.403916426000023, 50.08903590500006 ], [ 14.403852720000032, 50.089030636000075 ], [ 14.403818889000036, 50.089185698000051 ] ] ] ] } },
{ "type": "Feature", "properties": { "objectid": 67948, "zps_id": "3361", "id_poskyt": 38, "shape_area_1": 0.0, "globalid": "{A20B97F7-6FE6-4B5A-B6C3-EE442EB57E3B}", "shape_Length": 0.00015928977066204973, "shape_Area": 1.439923172313364e-09 }, "geometry": { "type": "MultiPolygon", "coordinates": [ [ [ [ 14.403718071000071, 50.089306491000059 ], [ 14.40374580200006, 50.089304739000056 ], [ 14.403738249000071, 50.089253933000066 ], [ 14.40371000500005, 50.089255258000037 ], [ 14.403718071000071, 50.089306491000059 ] ] ] ] } },
{ "type": "Feature", "properties": { "objectid": 67949, "zps_id": "3356", "id_poskyt": 38, "shape_area_1": 0.0, "globalid": "{6C41360C-AFEF-444A-9739-1ADF8A9EB69F}", "shape_Length": 0.00028449969535466395, "shape_Area": 4.1901507797337374e-09 }, "geometry": { "type": "MultiPolygon", "coordinates": [ [ [ [ 14.402170289000026, 50.089187653000067 ], [ 14.402192036000031, 50.089147850000074 ], [ 14.402095065000026, 50.089128093000056 ], [ 14.402075923000041, 50.089167320000058 ], [ 14.402170289000026, 50.089187653000067 ] ] ] ] } },
{ "type": "Feature", "properties": { "objectid": 67950, "zps_id": "3455", "id_poskyt": 38, "shape_area_1": 0.0, "globalid": "{B930DCE9-E9DF-4F85-978B-B24EA0C5AB48}", "shape_Length": 0.00096411246329451347, "shape_Area": 9.3576967094482417e-09 }, "geometry": { "type": "MultiPolygon", "coordinates": [ [ [ [ 14.405010331000028, 50.087501022000026 ], [ 14.405020641000021, 50.08751953400008 ], [ 14.405242205000036, 50.087473743000032 ], [ 14.405472540000062, 50.087428820000071 ], [ 14.405463054000052, 50.087410808000072 ], [ 14.405204685000058, 50.087460088000057 ], [ 14.405010331000028, 50.087501022000026 ] ] ] ] } },
{ "type": "Feature", "properties": { "objectid": 67951, "zps_id": "3458", "id_poskyt": 38, "shape_area_1": 0.0, "globalid": "{2D582CA8-E08F-4F23-83EF-90C5A47E7D1F}", "shape_Length": 0.00018532914281650127, "shape_Area": 1.9885497242925629e-09 }, "geometry": { "type": "MultiPolygon", "coordinates": [ [ [ [ 14.40551208100004, 50.088454737000063 ], [ 14.405546323000067, 50.088455178000061 ], [ 14.405546381000022, 50.08839643400006 ], [ 14.405513107000047, 50.088395688000048 ], [ 14.40551208100004, 50.088454737000063 ] ] ] ] } },
{ "type": "Feature", "properties": { "objectid": 67952, "zps_id": "3365", "id_poskyt": 38, "shape_area_1": 0.0, "globalid": "{2D3745DB-D68C-47A7-95BF-3E1E8B67CAAB}", "shape_Length": 0.00095230712550207987, "shape_Area": 8.6104660474154886e-09 }, "geometry": { "type": "MultiPolygon", "coordinates": [ [ [ [ 14.404357816000072, 50.088511747000041 ], [ 14.404355942000052, 50.088492765000069 ], [ 14.403899563000039, 50.088513927000065 ], [ 14.403900533000069, 50.088532511000039 ], [ 14.404357816000072, 50.088511747000041 ] ] ] ] } },
{ "type": "Feature", "properties": { "objectid": 67953, "zps_id": "3372", "id_poskyt": 38, "shape_area_1": 0.0, "globalid": "{383174D3-0CD9-4E3B-828C-E0A3AE7FE137}", "shape_Length": 0.00089893398331405451, "shape_Area": 1.2595277713283843e-08 }, "geometry": { "type": "MultiPolygon", "coordinates": [ [ [ [ 14.403441946000044, 50.088629687000036 ], [ 14.403484984000045, 50.088596837000068 ], [ 14.403087897000034, 50.088608905000058 ], [ 14.403047237000067, 50.088642292000031 ], [ 14.403441946000044, 50.088629687000036 ] ] ] ] } },
{ "type": "Feature", "properties": { "objectid": 67954, "zps_id": "3383", "id_poskyt": 38, "shape_area_1": 0.0, "globalid": "{7BD951D9-1047-4358-A93B-3830C566E551}", "shape_Length": 0.00018729870360095278, "shape_Area": 1.3929031696580699e-09 }, "geometry": { "type": "MultiPolygon", "coordinates": [ [ [ [ 14.401896033000071, 50.087315047000061 ], [ 14.40190152200006, 50.087332814000035 ], [ 14.401975641000035, 50.087322136000068 ], [ 14.401969912000027, 50.08730391000006 ], [ 14.401896033000071, 50.087315047000061 ] ] ] ] } },
{ "type": "Feature", "properties": { "objectid": 67955, "zps_id": "3383", "id_poskyt": 38, "shape_area_1": 0.0, "globalid": "{4387F519-8B54-4DB8-8FC5-645AA4A2917B}", "shape_Length": 0.0003941225040846976, "shape_Area": 3.4614273516808034e-09 }, "geometry": { "type": "MultiPolygon", "coordinates": [ [ [ [ 14.402217374000031, 50.087286916000039 ], [ 14.402211314000056, 50.087268771000026 ], [ 14.402035660000024, 50.087294241000052 ], [ 14.402042513000026, 50.08731367300004 ], [ 14.402217374000031, 50.087286916000039 ] ] ] ] } },
{ "type": "Feature", "properties": { "objectid": 67956, "zps_id": "3382", "id_poskyt": 38, "shape_area_1": 0.0, "globalid": "{AB4AEA3A-98BD-4371-A90E-4FA208E8E060}", "shape_Length": 0.00081526238043876857, "shape_Area": 7.3771327100806456e-09 }, "geometry": { "type": "MultiPolygon", "coordinates": [ [ [ [ 14.401389550000033, 50.087364936000029 ], [ 14.401341180000031, 50.087364194000031 ], [ 14.401203107000072, 50.087357926000038 ], [ 14.401200410000058, 50.087376955000082 ], [ 14.401366938000024, 50.087383750000072 ], [ 14.401436244000024, 50.087379934000069 ], [ 14.401591077000035, 50.087364216000026 ], [ 14.401586877000057, 50.087345237000079 ], [ 14.401389550000033, 50.087364936000029 ] ] ] ] } },
{ "type": "Feature", "properties": { "objectid": 67957, "zps_id": "3386", "id_poskyt": 38, "shape_area_1": 0.0, "globalid": "{41AFEB03-F78E-4EC7-A843-96446BB2BB28}", "shape_Length": 0.00063694783069298154, "shape_Area": 1.1579806984095573e-08 }, "geometry": { "type": "MultiPolygon", "coordinates": [ [ [ [ 14.401519406000034, 50.087462135000067 ], [ 14.401512551000053, 50.087444082000047 ], [ 14.401504275000036, 50.087422291000053 ], [ 14.401232011000047, 50.087468787000034 ], [ 14.401248574000022, 50.08750879400003 ], [ 14.401517432000048, 50.087462475000052 ], [ 14.401519406000034, 50.087462135000067 ] ] ] ] } },
{ "type": "Feature", "properties": { "objectid": 67958, "zps_id": "3386", "id_poskyt": 38, "shape_area_1": 0.0, "globalid": "{4872A41D-1C03-4C2B-AE72-4439826AEBC7}", "shape_Length": 0.00035452640778385028, "shape_Area": 5.5710174676237642e-09 }, "geometry": { "type": "MultiPolygon", "coordinates": [ [ [ [ 14.401192307000031, 50.087517535000075 ], [ 14.401175995000074, 50.087477994000039 ], [ 14.401042979000067, 50.087501184000075 ], [ 14.401059476000057, 50.087539850000041 ], [ 14.401192307000031, 50.087517535000075 ] ] ] ] } },
{ "type": "Feature", "properties": { "objectid": 67959, "zps_id": "3381", "id_poskyt": 38, "shape_area_1": 0.0, "globalid": "{AA91FD09-C8F5-4BDC-933C-0AFA4EA81F2E}", "shape_Length": 0.00049119947746411815, "shape_Area": 7.4570674363954558e-09 }, "geometry": { "type": "MultiPolygon", "coordinates": [ [ [ [ 14.399580481000044, 50.087230393000027 ], [ 14.399614300000053, 50.087272430000041 ], [ 14.399805823000065, 50.087288044000047 ], [ 14.39976850100004, 50.087245696000082 ], [ 14.399580481000044, 50.087230393000027 ] ] ] ] } },
{ "type": "Feature", "properties": { "objectid": 67960, "zps_id": "3483", "id_poskyt": 38, "shape_area_1": 0.0, "globalid": "{EFAD5B2C-FDD1-4956-9BE5-5E0AA0D45E09}", "shape_Length": 0.0010721023413404378, "shape_Area": 3.0197232217853721e-08 }, "geometry": { "type": "MultiPolygon", "coordinates": [ [ [ [ 14.405261847000077, 50.09019943900006 ], [ 14.405325208000022, 50.090199546000065 ], [ 14.405345488000023, 50.089729059000035 ], [ 14.405280904000051, 50.089726635000034 ], [ 14.405261847000077, 50.09019943900006 ] ] ] ] } },
{ "type": "Feature", "properties": { "objectid": 67961, "zps_id": "3482", "id_poskyt": 38, "shape_area_1": 0.0, "globalid": "{3384518D-AEEB-450B-B720-D30107A78DC2}", "shape_Length": 0.0005859380796259388, "shape_Area": 7.7301199817295843e-09 }, "geometry": { "type": "MultiPolygon", "coordinates": [ [ [ [ 14.405395590000069, 50.089685226000029 ], [ 14.405437883000047, 50.089720008000029 ], [ 14.405675894000069, 50.089732226000081 ], [ 14.405632833000027, 50.089697541000078 ], [ 14.405395590000069, 50.089685226000029 ] ] ] ] } },
{ "type": "Feature", "properties": { "objectid": 67962, "zps_id": "3478", "id_poskyt": 38, "shape_area_1": 0.0, "globalid": "{8C160A16-58C1-48D1-A5E0-CC8FAE34433B}", "shape_Length": 0.00080449676984047666, "shape_Area": 1.45803166359564e-08 }, "geometry": { "type": "MultiPolygon", "coordinates": [ [ [ [ 14.407173240000077, 50.08921472000003 ], [ 14.407148650000067, 50.089225853000073 ], [ 14.407238447000054, 50.08931394800004 ], [ 14.407211090000033, 50.08932529100008 ], [ 14.407281196000042, 50.089393696000059 ], [ 14.407271104000074, 50.089399182000079 ], [ 14.407351032000065, 50.089479621000066 ], [ 14.407405797000024, 50.089457684000081 ], [ 14.40733866000005, 50.089396240000042 ], [ 14.407333359000063, 50.089386203000061 ], [ 14.407331010000064, 50.089378662000058 ], [ 14.407330399000045, 50.089369995000027 ], [ 14.407321813000067, 50.089356799000029 ], [ 14.407264937000036, 50.08930296300008 ], [ 14.407173240000077, 50.08921472000003 ] ] ] ] } },
{ "type": "Feature", "properties": { "objectid": 67963, "zps_id": "3495", "id_poskyt": 38, "shape_area_1": 0.0, "globalid": "{76FA634C-5223-4FD3-8E8F-347F22D8A5FC}", "shape_Length": 0.004911785675475522, "shape_Area": 6.4447839510105059e-08 }, "geometry": { "type": "MultiPolygon", "coordinates": [ [ [ [ 14.413159418000077, 50.091701363000027 ], [ 14.41329558800004, 50.091833286000053 ], [ 14.413827531000038, 50.092364627000052 ], [ 14.413888515000053, 50.09242903300003 ], [ 14.413909815000068, 50.092458829000066 ], [ 14.41392399800003, 50.092481342000042 ], [ 14.413933711000027, 50.092503467000029 ], [ 14.413935914000035, 50.092510570000059 ], [ 14.413938028000075, 50.092521920000081 ], [ 14.413941303000058, 50.092533636000041 ], [ 14.413942736000024, 50.09254625300008 ], [ 14.413941185000056, 50.092555418000074 ], [ 14.413969277000035, 50.092557371000055 ], [ 14.413971187000072, 50.092550370000026 ], [ 14.413970692000078, 50.092539163000026 ], [ 14.413968522000062, 50.092520366000031 ], [ 14.413964876000023, 50.092506491000051 ], [ 14.413958303000072, 50.092487040000037 ], [ 14.413947070000063, 50.092464254000049 ], [ 14.413932486000022, 50.092441696000037 ], [ 14.413917163000065, 50.092422533000047 ], [ 14.413870749000068, 50.092371116000038 ], [ 14.413772405000032, 50.092272841000067 ], [ 14.41360108300006, 50.09210246300006 ], [ 14.413438986000074, 50.091941134000081 ], [ 14.413300098000036, 50.091802591000032 ], [ 14.413130010000032, 50.091634182000064 ], [ 14.41300484900006, 50.09151066700008 ], [ 14.412853594000069, 50.091358539000055 ], [ 14.412681396000039, 50.091186484000048 ], [ 14.412300979000065, 50.090808087000028 ], [ 14.412273751000043, 50.090819488000079 ], [ 14.413159418000077, 50.091701363000027 ] ] ] ] } },
{ "type": "Feature", "properties": { "objectid": 67964, "zps_id": "3489", "id_poskyt": 38, "shape_area_1": 0.0, "globalid": "{8B726D37-B00F-44F9-8F16-5478C6808684}", "shape_Length": 0.00052784623801039178, "shape_Area": 5.5328813880082527e-09 }, "geometry": { "type": "MultiPolygon", "coordinates": [ [ [ [ 14.40903503100003, 50.091374844000029 ], [ 14.40901539500004, 50.091391818000034 ], [ 14.409231605000059, 50.091493022000066 ], [ 14.409250438000072, 50.091476830000033 ], [ 14.40903503100003, 50.091374844000029 ] ] ] ] } },
{ "type": "Feature", "properties": { "objectid": 67965, "zps_id": "3486", "id_poskyt": 38, "shape_area_1": 0.0, "globalid": "{33600C65-6D03-4471-9F0C-45EE747BF082}", "shape_Length": 0.00073897992683161023, "shape_Area": 7.474731699118369e-09 }, "geometry": { "type": "MultiPolygon", "coordinates": [ [ [ [ 14.40806712400007, 50.091004429000066 ], [ 14.408083396000052, 50.090988654000057 ], [ 14.407771268000033, 50.09084202400004 ], [ 14.407752573000039, 50.090857584000048 ], [ 14.40806712400007, 50.091004429000066 ] ] ] ] } },
{ "type": "Feature", "properties": { "objectid": 67966, "zps_id": "3488", "id_poskyt": 38, "shape_area_1": 0.0, "globalid": "{8A95EE16-FAAD-448C-A063-5B58A111461D}", "shape_Length": 0.0016793669133649131, "shape_Area": 1.7901251688947975e-08 }, "geometry": { "type": "MultiPolygon", "coordinates": [ [ [ [ 14.40790376700005, 50.090868965000027 ], [ 14.407922949000067, 50.090853438000067 ], [ 14.407441397000071, 50.090627809000068 ], [ 14.407368506000068, 50.090595517000054 ], [ 14.407304711000052, 50.090571682000075 ], [ 14.407238562000032, 50.090549553000074 ], [ 14.407170905000044, 50.09052984200008 ], [ 14.407158485000025, 50.090548507000051 ], [ 14.407236172000069, 50.090572303000044 ], [ 14.407293326000058, 50.090590123000027 ], [ 14.407351480000045, 50.090612504000035 ], [ 14.40740979800006, 50.090636489000076 ], [ 14.407472252000048, 50.090666587000044 ], [ 14.40790376700005, 50.090868965000027 ] ] ] ] } },
{ "type": "Feature", "properties": { "objectid": 67967, "zps_id": "3430", "id_poskyt": 38, "shape_area_1": 0.0, "globalid": "{1F645399-CFD1-4CD4-80AB-FC655FA11980}", "shape_Length": 0.00078162851380952762, "shape_Area": 1.6345192392976085e-08 }, "geometry": { "type": "MultiPolygon", "coordinates": [ [ [ [ 14.405435496000052, 50.085457190000056 ], [ 14.405419799000072, 50.085503476000042 ], [ 14.405758022000043, 50.085549625000056 ], [ 14.405774940000072, 50.085503901000038 ], [ 14.405435496000052, 50.085457190000056 ] ] ] ] } },
{ "type": "Feature", "properties": { "objectid": 67968, "zps_id": "3445", "id_poskyt": 38, "shape_area_1": 0.0, "globalid": "{0754C869-3BA1-4D96-8372-711343DD8B68}", "shape_Length": 0.00026133726739454709, "shape_Area": 4.2306692280692462e-09 }, "geometry": { "type": "MultiPolygon", "coordinates": [ [ [ [ 14.406568979000042, 50.086037176000048 ], [ 14.406632538000054, 50.086042595000038 ], [ 14.406646923000039, 50.085977478000075 ], [ 14.406583453000053, 50.085971633000042 ], [ 14.406568979000042, 50.086037176000048 ] ] ] ] } },
{ "type": "Feature", "properties": { "objectid": 67969, "zps_id": "3444", "id_poskyt": 38, "shape_area_1": 0.0, "globalid": "{0A8CDE80-C1AD-4409-8347-621E57AD90F2}", "shape_Length": 0.00043075372951940444, "shape_Area": 9.7383119696443057e-09 }, "geometry": { "type": "MultiPolygon", "coordinates": [ [ [ [ 14.406467905000056, 50.086030211000036 ], [ 14.406482437000022, 50.085963947000039 ], [ 14.406356974000062, 50.085953484000072 ], [ 14.406338400000038, 50.086040202000049 ], [ 14.406401186000039, 50.086045997000042 ], [ 14.40640558900003, 50.086023796000063 ], [ 14.406467905000056, 50.086030211000036 ] ] ] ] } },
{ "type": "Feature", "properties": { "objectid": 67970, "zps_id": "3443", "id_poskyt": 38, "shape_area_1": 0.0, "globalid": "{7B66BB3E-BB09-4A79-8436-11AC4FB89B64}", "shape_Length": 0.00025864817964709147, "shape_Area": 4.1381828616927025e-09 }, "geometry": { "type": "MultiPolygon", "coordinates": [ [ [ [ 14.406170630000076, 50.086002300000075 ], [ 14.406231922000075, 50.086008615000026 ], [ 14.406247431000054, 50.085942663000026 ], [ 14.406185699000048, 50.085936744000037 ], [ 14.406170630000076, 50.086002300000075 ] ] ] ] } },
{ "type": "Feature", "properties": { "objectid": 67971, "zps_id": "3499", "id_poskyt": 38, "shape_area_1": 0.0, "globalid": "{B5E89805-0A1C-4AE5-89C0-0447A6AA07DC}", "shape_Length": 0.0002690696361632881, "shape_Area": 4.3792162091889088e-09 }, "geometry": { "type": "MultiPolygon", "coordinates": [ [ [ [ 14.415595088000032, 50.089293112000064 ], [ 14.415656162000062, 50.089282794000042 ], [ 14.415628183000024, 50.089215649000039 ], [ 14.41556754800007, 50.089225561000035 ], [ 14.415595088000032, 50.089293112000064 ] ] ] ] } },
{ "type": "Feature", "properties": { "objectid": 67972, "zps_id": "3599", "id_poskyt": 38, "shape_area_1": 0.0, "globalid": "{49313A5B-258D-478A-B9DB-E3A32F5EA4D8}", "shape_Length": 0.00039125663116424921, "shape_Area": 6.8405066697613901e-09 }, "geometry": { "type": "MultiPolygon", "coordinates": [ [ [ [ 14.421108919000062, 50.088158947000068 ], [ 14.421236634000024, 50.088225126000054 ], [ 14.421276380000052, 50.088193831000069 ], [ 14.421149849000074, 50.088125351000031 ], [ 14.421108919000062, 50.088158947000068 ] ] ] ] } },
{ "type": "Feature", "properties": { "objectid": 67973, "zps_id": "4059", "id_poskyt": 38, "shape_area_1": 0.0, "globalid": "{89A4660F-218F-41BB-B513-0873F804166F}", "shape_Length": 0.00022852954644297861, "shape_Area": 2.9275736055190855e-09 }, "geometry": { "type": "MultiPolygon", "coordinates": [ [ [ [ 14.425403656000071, 50.089724039000032 ], [ 14.425409753000054, 50.089684237000029 ], [ 14.425339230000077, 50.089663330000064 ], [ 14.425331023000069, 50.089700931000039 ], [ 14.425403656000071, 50.089724039000032 ] ] ] ] } },
{ "type": "Feature", "properties": { "objectid": 67974, "zps_id": "3510", "id_poskyt": 38, "shape_area_1": 0.0, "globalid": "{CC0201C4-F82C-4377-8D8E-8806012CF7AE}", "shape_Length": 0.00036501547610270078, "shape_Area": 7.6695138984271499e-09 }, "geometry": { "type": "MultiPolygon", "coordinates": [ [ [ [ 14.420254708000073, 50.092250310000054 ], [ 14.420322329000044, 50.092261043000065 ], [ 14.420361936000063, 50.092154233000031 ], [ 14.420293727000058, 50.092143620000058 ], [ 14.420254708000073, 50.092250310000054 ] ] ] ] } },
{ "type": "Feature", "properties": { "objectid": 67975, "zps_id": "3510", "id_poskyt": 38, "shape_area_1": 0.0, "globalid": "{34F9136D-189F-4784-945C-9E3BEE990310}", "shape_Length": 0.00072572282392759438, "shape_Area": 1.9496916312373673e-08 }, "geometry": { "type": "MultiPolygon", "coordinates": [ [ [ [ 14.42014103300005, 50.092561087000036 ], [ 14.420206700000051, 50.092571276000058 ], [ 14.420309896000049, 50.092294096000046 ], [ 14.420242504000043, 50.092283746000078 ], [ 14.42014103300005, 50.092561087000036 ] ] ] ] } },
{ "type": "Feature", "properties": { "objectid": 67976, "zps_id": "3511", "id_poskyt": 38, "shape_area_1": 0.0, "globalid": "{CFDB8B47-754E-458C-869D-FDF0A4AFD8D3}", "shape_Length": 0.00089461746606713779, "shape_Area": 8.8838577761798715e-09 }, "geometry": { "type": "MultiPolygon", "coordinates": [ [ [ [ 14.421201966000069, 50.092832721000036 ], [ 14.421191227000065, 50.092843687000027 ], [ 14.421548875000042, 50.092883708000045 ], [ 14.421609861000036, 50.092902185000071 ], [ 14.421624028000053, 50.092884625000067 ], [ 14.421604582000043, 50.092875887000048 ], [ 14.421573029000058, 50.092865762000031 ], [ 14.421205744000076, 50.092824497000038 ], [ 14.421201966000069, 50.092832721000036 ] ] ] ] } },
{ "type": "Feature", "properties": { "objectid": 67977, "zps_id": "3512", "id_poskyt": 38, "shape_area_1": 0.0, "globalid": "{EA0F4CA8-A049-4D13-9C5F-4C7457E0CEF9}", "shape_Length": 0.00028764410256657967, "shape_Area": 3.5162743388579864e-09 }, "geometry": { "type": "MultiPolygon", "coordinates": [ [ [ [ 14.422119934000023, 50.092491621000079 ], [ 14.422150560000034, 50.092495249000081 ], [ 14.422184110000046, 50.092388464000067 ], [ 14.422151475000021, 50.092384196000069 ], [ 14.422119934000023, 50.092491621000079 ] ] ] ] } },
{ "type": "Feature", "properties": { "objectid": 67978, "zps_id": "3686", "id_poskyt": 38, "shape_area_1": 0.0, "globalid": "{A990A6DE-21A5-4556-9E98-0F4F7C971A8A}", "shape_Length": 0.00043625322229882258, "shape_Area": 4.0421864221420366e-09 }, "geometry": { "type": "MultiPolygon", "coordinates": [ [ [ [ 14.419205451000039, 50.086403957000073 ], [ 14.419203279000044, 50.08638398800008 ], [ 14.419005685000059, 50.086397102000035 ], [ 14.41900869400007, 50.086417780000033 ], [ 14.419205451000039, 50.086403957000073 ] ] ] ] } },
{ "type": "Feature", "properties": { "objectid": 67979, "zps_id": "3772", "id_poskyt": 38, "shape_area_1": 0.0, "globalid": "{DF1564B3-134C-4DCE-8C44-CB23612BC744}", "shape_Length": 0.00091774725511710095, "shape_Area": 1.6559070565502428e-08 }, "geometry": { "type": "MultiPolygon", "coordinates": [ [ [ [ 14.416526396000052, 50.082584742000051 ], [ 14.416706477000048, 50.082645694000064 ], [ 14.41676969100007, 50.082621724000035 ], [ 14.416596636000065, 50.082566623000048 ], [ 14.416403731000059, 50.082487545000049 ], [ 14.416339212000025, 50.082508920000066 ], [ 14.416526396000052, 50.082584742000051 ] ] ] ] } },
{ "type": "Feature", "properties": { "objectid": 67980, "zps_id": "3773", "id_poskyt": 38, "shape_area_1": 0.0, "globalid": "{FE0C58B1-BD93-4127-9A51-D563D451B3E9}", "shape_Length": 0.00090328129584068423, "shape_Area": 9.3018473126169301e-09 }, "geometry": { "type": "MultiPolygon", "coordinates": [ [ [ [ 14.417200699000034, 50.082781113000067 ], [ 14.41721463500005, 50.082763171000067 ], [ 14.416806769000061, 50.082632487000069 ], [ 14.41679221000004, 50.082651020000071 ], [ 14.417200699000034, 50.082781113000067 ] ] ] ] } },
{ "type": "Feature", "properties": { "objectid": 67981, "zps_id": "3701", "id_poskyt": 38, "shape_area_1": 0.0, "globalid": "{BD89203F-79D5-4952-8DE1-6FF6748A9742}", "shape_Length": 0.00032427744375102387, "shape_Area": 3.1644517359472299e-09 }, "geometry": { "type": "MultiPolygon", "coordinates": [ [ [ [ 14.420287182000038, 50.083595439000078 ], [ 14.420307958000024, 50.083581996000078 ], [ 14.420193844000039, 50.083507224000073 ], [ 14.42017191900004, 50.083521230000031 ], [ 14.420287182000038, 50.083595439000078 ] ] ] ] } },
{ "type": "Feature", "properties": { "objectid": 67982, "zps_id": "3710", "id_poskyt": 38, "shape_area_1": 0.0, "globalid": "{14FEE976-86CE-49D4-89CA-EC8CFB55FA66}", "shape_Length": 0.00034723159016071038, "shape_Area": 6.2881203114677542e-09 }, "geometry": { "type": "MultiPolygon", "coordinates": [ [ [ [ 14.418743634000066, 50.083016382000039 ], [ 14.418781242000023, 50.083053011000061 ], [ 14.418850468000073, 50.082955695000066 ], [ 14.418813842000077, 50.082916775000058 ], [ 14.418743634000066, 50.083016382000039 ] ] ] ] } },
{ "type": "Feature", "properties": { "objectid": 67983, "zps_id": "3710", "id_poskyt": 38, "shape_area_1": 0.0, "globalid": "{5B51AC0C-438A-4644-A27E-DEB82A0290D8}", "shape_Length": 0.00046372049477048433, "shape_Area": 8.7526020588983297e-09 }, "geometry": { "type": "MultiPolygon", "coordinates": [ [ [ [ 14.418544506000046, 50.083332112000051 ], [ 14.418577671000037, 50.083302232000051 ], [ 14.418551235000052, 50.083260573000075 ], [ 14.418494018000047, 50.083308473000045 ], [ 14.418415587000027, 50.083365866000065 ], [ 14.418424475000052, 50.083416371000055 ], [ 14.418544506000046, 50.083332112000051 ] ] ] ] } },
{ "type": "Feature", "properties": { "objectid": 67984, "zps_id": "4025", "id_poskyt": 38, "shape_area_1": 0.0, "globalid": "{B02B3C5A-A4CF-400A-BFB5-68873205AF87}", "shape_Length": 0.00017366913514067978, "shape_Area": 1.8544172423504277e-09 }, "geometry": { "type": "MultiPolygon", "coordinates": [ [ [ [ 14.422652354000036, 50.08524307600004 ], [ 14.42262134300006, 50.085222070000043 ], [ 14.422592315000031, 50.085261639000066 ], [ 14.422624431000031, 50.085282889000041 ], [ 14.422652354000036, 50.08524307600004 ] ] ] ] } },
{ "type": "Feature", "properties": { "objectid": 67985, "zps_id": "4086", "id_poskyt": 38, "shape_area_1": 0.0, "globalid": "{3E0F5F16-533E-4134-88A7-AB22E72610BF}", "shape_Length": 0.0010269295556967254, "shape_Area": 9.5983004489637908e-09 }, "geometry": { "type": "MultiPolygon", "coordinates": [ [ [ [ 14.426625992000027, 50.089835084000072 ], [ 14.426636829000074, 50.089817646000029 ], [ 14.426572975000056, 50.089800515000036 ], [ 14.426158920000034, 50.08969439100008 ], [ 14.426156211000034, 50.089698737000049 ], [ 14.426148652000052, 50.089710861000071 ], [ 14.426148571000056, 50.08971099300004 ], [ 14.426625992000027, 50.089835084000072 ] ] ] ] } },
{ "type": "Feature", "properties": { "objectid": 67986, "zps_id": "3856", "id_poskyt": 38, "shape_area_1": 0.0, "globalid": "{710DD9AA-F67B-4430-BA1D-0622951BF908}", "shape_Length": 0.0001813989300921685, "shape_Area": 1.6700260708808414e-09 }, "geometry": { "type": "MultiPolygon", "coordinates": [ [ [ [ 14.422085149000054, 50.082883495000033 ], [ 14.422104341000022, 50.082864727000072 ], [ 14.422115403000078, 50.082852565000053 ], [ 14.422128674000078, 50.082836550000081 ], [ 14.422101155000064, 50.082828504000076 ], [ 14.422059357000023, 50.08287226200008 ], [ 14.422085149000054, 50.082883495000033 ] ] ] ] } },
{ "type": "Feature", "properties": { "objectid": 67987, "zps_id": "4222", "id_poskyt": 38, "shape_area_1": 0.0, "globalid": "{CB651989-6401-4C82-B09E-CA8D7F20193C}", "shape_Length": 0.00019402463255601841, "shape_Area": 1.5697491594266218e-09 }, "geometry": { "type": "MultiPolygon", "coordinates": [ [ [ [ 14.422993441000074, 50.081106343000044 ], [ 14.423006027000042, 50.081124666000051 ], [ 14.42307777700006, 50.081101639000053 ], [ 14.423064670000031, 50.081084169000064 ], [ 14.422993441000074, 50.081106343000044 ] ] ] ] } },
{ "type": "Feature", "properties": { "objectid": 67988, "zps_id": "4222", "id_poskyt": 38, "shape_area_1": 0.0, "globalid": "{49C4DE7B-4A3A-4C1A-8D6D-23CCFBC5B6E3}", "shape_Length": 0.00031541745555434925, "shape_Area": 2.8053403383141468e-09 }, "geometry": { "type": "MultiPolygon", "coordinates": [ [ [ [ 14.423254166000049, 50.08104503900006 ], [ 14.423241355000073, 50.081027703000075 ], [ 14.423113946000058, 50.081068093000056 ], [ 14.423111456000072, 50.08106957900003 ], [ 14.423124851000068, 50.081086430000028 ], [ 14.423254166000049, 50.08104503900006 ] ] ] ] } },
{ "type": "Feature", "properties": { "objectid": 67989, "zps_id": "3784", "id_poskyt": 38, "shape_area_1": 0.0, "globalid": "{102B35F8-5406-4367-A410-3D1698F42FA5}", "shape_Length": 0.00016810655668024344, "shape_Area": 1.5955025904276593e-09 }, "geometry": { "type": "MultiPolygon", "coordinates": [ [ [ [ 14.416620103000071, 50.081135950000032 ], [ 14.416649874000029, 50.081139931000052 ], [ 14.416667797000059, 50.081089242000076 ], [ 14.416637578000064, 50.08108506700006 ], [ 14.416620103000071, 50.081135950000032 ] ] ] ] } },
{ "type": "Feature", "properties": { "objectid": 67990, "zps_id": "3784", "id_poskyt": 38, "shape_area_1": 0.0, "globalid": "{F0B05012-446E-4A84-B7D2-2D93EEDF0AA8}", "shape_Length": 0.00017887994102154547, "shape_Area": 1.7696201495252893e-09 }, "geometry": { "type": "MultiPolygon", "coordinates": [ [ [ [ 14.416649082000049, 50.081052069000066 ], [ 14.416680485000029, 50.081056186000069 ], [ 14.41669808000006, 50.081000248000066 ], [ 14.416668555000058, 50.080996571000071 ], [ 14.416649082000049, 50.081052069000066 ] ] ] ] } },
{ "type": "Feature", "properties": { "objectid": 67991, "zps_id": "3788", "id_poskyt": 38, "shape_area_1": 0.0, "globalid": "{53907791-A766-4552-9BC9-66F0B2A18E64}", "shape_Length": 0.00019994366838005048, "shape_Area": 1.6516793704066847e-09 }, "geometry": { "type": "MultiPolygon", "coordinates": [ [ [ [ 14.416870397000025, 50.080179915000031 ], [ 14.416863190000072, 50.080199426000036 ], [ 14.416939856000056, 50.080214023000053 ], [ 14.416948251000065, 50.080193637000036 ], [ 14.416870397000025, 50.080179915000031 ] ] ] ] } },
{ "type": "Feature", "properties": { "objectid": 67992, "zps_id": "3787", "id_poskyt": 38, "shape_area_1": 0.0, "globalid": "{9D601DD9-496D-43CD-BB7B-79B41248B79A}", "shape_Length": 0.00046272758057881161, "shape_Area": 4.3709138101554086e-09 }, "geometry": { "type": "MultiPolygon", "coordinates": [ [ [ [ 14.416819797000073, 50.080251217000068 ], [ 14.416831262000073, 50.08023296500005 ], [ 14.416629961000069, 50.080175514000075 ], [ 14.416617936000023, 50.08019394400003 ], [ 14.416819797000073, 50.080251217000068 ] ] ] ] } },
{ "type": "Feature", "properties": { "objectid": 67993, "zps_id": "3788", "id_poskyt": 38, "shape_area_1": 0.0, "globalid": "{7434C2AA-AE54-4DAB-8EC6-422D2DCC5001}", "shape_Length": 0.0003628663874705398, "shape_Area": 3.3150576668578747e-09 }, "geometry": { "type": "MultiPolygon", "coordinates": [ [ [ [ 14.416658286000029, 50.080161124000028 ], [ 14.416713754000057, 50.080170957000064 ], [ 14.416805802000056, 50.080189142000052 ], [ 14.416812714000059, 50.080168634000074 ], [ 14.416670654000029, 50.080142335000062 ], [ 14.416659518000074, 50.080138815000055 ], [ 14.416646511000067, 50.080157159000066 ], [ 14.416658286000029, 50.080161124000028 ] ] ] ] } },
{ "type": "Feature", "properties": { "objectid": 67994, "zps_id": "3819", "id_poskyt": 38, "shape_area_1": 0.0, "globalid": "{F706C7E1-DBFA-435E-B346-5A8A53C7733C}", "shape_Length": 0.00016718320969950706, "shape_Area": 1.561025755568742e-09 }, "geometry": { "type": "MultiPolygon", "coordinates": [ [ [ [ 14.41596873900005, 50.078868078000028 ], [ 14.415997546000028, 50.078871936000041 ], [ 14.416014398000073, 50.078820325000038 ], [ 14.415985650000039, 50.078816 ], [ 14.41596873900005, 50.078868078000028 ] ] ] ] } },
{ "type": "Feature", "properties": { "objectid": 67995, "zps_id": "3811", "id_poskyt": 38, "shape_area_1": 0.0, "globalid": "{3E66B8AB-9AE3-45AD-82BA-38CEF6610898}", "shape_Length": 0.00022510262573715878, "shape_Area": 2.9021967131461502e-09 }, "geometry": { "type": "MultiPolygon", "coordinates": [ [ [ [ 14.414345064000031, 50.078717926000081 ], [ 14.414416843000026, 50.078714812000044 ], [ 14.414411111000049, 50.078674769000031 ], [ 14.414338919000045, 50.078677847000051 ], [ 14.414345064000031, 50.078717926000081 ] ] ] ] } },
{ "type": "Feature", "properties": { "objectid": 67996, "zps_id": "4232", "id_poskyt": 38, "shape_area_1": 0.0, "globalid": "{8A79658B-4E6F-4F70-8CDA-B9988849B45B}", "shape_Length": 0.00054615230894992364, "shape_Area": 5.5163089949807843e-09 }, "geometry": { "type": "MultiPolygon", "coordinates": [ [ [ [ 14.422527797000043, 50.079516954000042 ], [ 14.422548178000056, 50.079502304000073 ], [ 14.42233072700003, 50.079378958000063 ], [ 14.422312765000072, 50.079393442000026 ], [ 14.422527797000043, 50.079516954000042 ] ] ] ] } },
{ "type": "Feature", "properties": { "objectid": 67997, "zps_id": "3977", "id_poskyt": 38, "shape_area_1": 0.0, "globalid": "{746CFD3C-69FB-4D30-A3A2-ECA60B2436DE}", "shape_Length": 0.00030245229171098039, "shape_Area": 3.0513494342989242e-09 }, "geometry": { "type": "MultiPolygon", "coordinates": [ [ [ [ 14.425910840000029, 50.08253518600003 ], [ 14.425933223000072, 50.082549175000054 ], [ 14.42603575000004, 50.082478045000073 ], [ 14.426012632000038, 50.082463992000044 ], [ 14.425910840000029, 50.08253518600003 ] ] ] ] } },
{ "type": "Feature", "properties": { "objectid": 67998, "zps_id": "3861", "id_poskyt": 38, "shape_area_1": 0.0, "globalid": "{F4A48F79-C8E8-4BC0-BBE1-431524A0C435}", "shape_Length": 0.00031172562752583121, "shape_Area": 3.133216408775106e-09 }, "geometry": { "type": "MultiPolygon", "coordinates": [ [ [ [ 14.42418049500003, 50.083555061000027 ], [ 14.424203097000031, 50.083568425000067 ], [ 14.424308781000036, 50.083493628000042 ], [ 14.424285648000023, 50.083480046000034 ], [ 14.42418049500003, 50.083555061000027 ] ] ] ] } },
{ "type": "Feature", "properties": { "objectid": 67999, "zps_id": "3904", "id_poskyt": 38, "shape_area_1": 0.0, "globalid": "{2EC2BB20-E0E5-4B44-B063-7D5A19ED0839}", "shape_Length": 0.00084596267025764031, "shape_Area": 2.0951377212665596e-08 }, "geometry": { "type": "MultiPolygon", "coordinates": [ [ [ [ 14.428326809000055, 50.079008298000076 ], [ 14.428386416000023, 50.078997972000082 ], [ 14.428250417000072, 50.078659526000081 ], [ 14.428194333000022, 50.078669529000081 ], [ 14.428326809000055, 50.079008298000076 ] ] ] ] } },
{ "type": "Feature", "properties": { "objectid": 68000, "zps_id": "12027", "id_poskyt": 38, "shape_area_1": 0.0, "globalid": "{C5B55384-3F55-4571-B6E4-1116629F5CF9}", "shape_Length": 0.00044481665069453542, "shape_Area": 9.3736979329902026e-09 }, "geometry": { "type": "MultiPolygon", "coordinates": [ [ [ [ 14.428148543000077, 50.078412454000045 ], [ 14.428086779000068, 50.078263590000063 ], [ 14.42803759700007, 50.078295749000063 ], [ 14.428102101000036, 50.078448685000069 ], [ 14.428148543000077, 50.078412454000045 ] ] ] ] } },
{ "type": "Feature", "properties": { "objectid": 68001, "zps_id": "12022", "id_poskyt": 38, "shape_area_1": 0.0, "globalid": "{D67D69BD-E252-4112-AF58-61DA53FC13E9}", "shape_Length": 0.00027279028168519028, "shape_Area": 3.100314330687084e-09 }, "geometry": { "type": "MultiPolygon", "coordinates": [ [ [ [ 14.427057829000034, 50.07892851400004 ], [ 14.42708717000005, 50.078922608000028 ], [ 14.427042939000046, 50.078826210000045 ], [ 14.427013308000028, 50.078831557000058 ], [ 14.427057829000034, 50.07892851400004 ] ] ] ] } },
{ "type": "Feature", "properties": { "objectid": 68002, "zps_id": "3912", "id_poskyt": 38, "shape_area_1": 0.0, "globalid": "{7421D22A-6103-46E0-B7B5-8DC4E1C173C9}", "shape_Length": 0.00037252674067573004, "shape_Area": 4.5384143796937462e-09 }, "geometry": { "type": "MultiPolygon", "coordinates": [ [ [ [ 14.430374650000033, 50.077562297000043 ], [ 14.430403468000065, 50.07756101700005 ], [ 14.430385778000073, 50.07740446400004 ], [ 14.430356880000033, 50.077406119000045 ], [ 14.430374650000033, 50.077562297000043 ] ] ] ] } },
{ "type": "Feature", "properties": { "objectid": 68003, "zps_id": "3928", "id_poskyt": 38, "shape_area_1": 0.0, "globalid": "{8426FF66-F4F0-4677-B9E9-891D75DA7ED2}", "shape_Length": 0.00033759733453681662, "shape_Area": 5.6860814529285923e-09 }, "geometry": { "type": "MultiPolygon", "coordinates": [ [ [ [ 14.431661126000051, 50.08265755900004 ], [ 14.431708227000058, 50.08263138500007 ], [ 14.43161867300006, 50.082562157000041 ], [ 14.431569569000033, 50.082587664000073 ], [ 14.431661126000051, 50.08265755900004 ] ] ] ] } },
{ "type": "Feature", "properties": { "objectid": 68004, "zps_id": "3927", "id_poskyt": 38, "shape_area_1": 0.0, "globalid": "{90C85164-7C14-416A-ABF0-7F1CFE93741E}", "shape_Length": 0.00030572252874087728, "shape_Area": 4.6477491860923468e-09 }, "geometry": { "type": "MultiPolygon", "coordinates": [ [ [ [ 14.431861104000063, 50.082616610000059 ], [ 14.431892890000029, 50.082652222000036 ], [ 14.431991792000076, 50.082618803000059 ], [ 14.43196150600005, 50.082582246000072 ], [ 14.431861104000063, 50.082616610000059 ] ] ] ] } },
{ "type": "Feature", "properties": { "objectid": 68005, "zps_id": "4003", "id_poskyt": 38, "shape_area_1": 0.0, "globalid": "{23934A5F-5A50-46AF-A3EA-15C38A7329C2}", "shape_Length": 0.00022455546916541413, "shape_Area": 2.8752201837997583e-09 }, "geometry": { "type": "MultiPolygon", "coordinates": [ [ [ [ 14.431688295000072, 50.086030665000067 ], [ 14.431697448000023, 50.085991523000075 ], [ 14.431625375000067, 50.085984895000081 ], [ 14.431616943000051, 50.086024354000074 ], [ 14.431688295000072, 50.086030665000067 ] ] ] ] } },
{ "type": "Feature", "properties": { "objectid": 68006, "zps_id": "4243", "id_poskyt": 38, "shape_area_1": 0.0, "globalid": "{45D4BA7F-778C-44E9-ACC8-97E04B1E160E}", "shape_Length": 0.00039752719234233775, "shape_Area": 4.394276999724769e-09 }, "geometry": { "type": "MultiPolygon", "coordinates": [ [ [ [ 14.432304382000041, 50.083399055000029 ], [ 14.43232977200006, 50.083390202000032 ], [ 14.432231195000043, 50.083268046000057 ], [ 14.43222098800004, 50.08325674200006 ], [ 14.43219597600006, 50.083265674000074 ], [ 14.432304382000041, 50.083399055000029 ] ] ] ] } },
{ "type": "Feature", "properties": { "objectid": 68007, "zps_id": "4116", "id_poskyt": 38, "shape_area_1": 0.0, "globalid": "{050E6FC2-53CE-4995-99D9-411406D3746A}", "shape_Length": 0.00021305374847548607, "shape_Area": 2.3330105104441004e-09 }, "geometry": { "type": "MultiPolygon", "coordinates": [ [ [ [ 14.432408098000053, 50.091872959000057 ], [ 14.432437752000055, 50.091873685000053 ], [ 14.432446265000067, 50.091798574000052 ], [ 14.43241405200007, 50.091797622000058 ], [ 14.432408098000053, 50.091872959000057 ] ] ] ] } },
{ "type": "Feature", "properties": { "objectid": 68008, "zps_id": "4103", "id_poskyt": 38, "shape_area_1": 0.0, "globalid": "{49DCAB45-A796-46EE-A8B8-F90F82C33B7C}", "shape_Length": 0.00023128544031703559, "shape_Area": 2.6989597077338669e-09 }, "geometry": { "type": "MultiPolygon", "coordinates": [ [ [ [ 14.428463364000038, 50.092264004000072 ], [ 14.428493949000028, 50.092188295000028 ], [ 14.42846071300005, 50.092183013000067 ], [ 14.42842960400003, 50.092258666000077 ], [ 14.428463364000038, 50.092264004000072 ] ] ] ] } },
{ "type": "Feature", "properties": { "objectid": 68009, "zps_id": "3532", "id_poskyt": 38, "shape_area_1": 0.0, "globalid": "{608A91CF-9C26-4CA1-B688-60760650EBB1}", "shape_Length": 0.0025189723713726271, "shape_Area": 2.4819657938055736e-08 }, "geometry": { "type": "MultiPolygon", "coordinates": [ [ [ [ 14.423380301000066, 50.092855346000078 ], [ 14.423469520000026, 50.092865620000055 ], [ 14.423990333000063, 50.092939044000047 ], [ 14.424059367000041, 50.092948719000049 ], [ 14.424611459000062, 50.092988967000053 ], [ 14.424618419000069, 50.092969870000047 ], [ 14.424582970000074, 50.092965499000059 ], [ 14.424063156000045, 50.092929351000066 ], [ 14.42385302200006, 50.092901051000069 ], [ 14.423504897000043, 50.092849148000028 ], [ 14.423387021000053, 50.092836255000066 ], [ 14.423380301000066, 50.092855346000078 ] ] ] ] } },
{ "type": "Feature", "properties": { "objectid": 68010, "zps_id": "3364", "id_poskyt": 38, "shape_area_1": 0.0, "globalid": "{2CA4FF28-CFC6-464C-8974-33035B442F5B}", "shape_Length": 0.00068252261669307255, "shape_Area": 6.3309394737085137e-09 }, "geometry": { "type": "MultiPolygon", "coordinates": [ [ [ [ 14.40426932400004, 50.090012739000031 ], [ 14.404282053000031, 50.089995342000066 ], [ 14.403975640000056, 50.089906197000062 ], [ 14.403961744000071, 50.089922255000033 ], [ 14.40426932400004, 50.090012739000031 ] ] ] ] } },
{ "type": "Feature", "properties": { "objectid": 68011, "zps_id": "3319", "id_poskyt": 38, "shape_area_1": 0.0, "globalid": "{0F77F908-9CDD-4CD8-8438-6CBC2E65D56F}", "shape_Length": 0.0011765680499870701, "shape_Area": 3.2798003724010522e-08 }, "geometry": { "type": "MultiPolygon", "coordinates": [ [ [ [ 14.39073766000007, 50.08870754600008 ], [ 14.390802864000023, 50.08871235600003 ], [ 14.390892330000042, 50.088195357000075 ], [ 14.390832643000067, 50.088189640000053 ], [ 14.39073766000007, 50.08870754600008 ] ] ] ] } },
{ "type": "Feature", "properties": { "objectid": 68012, "zps_id": "3320", "id_poskyt": 38, "shape_area_1": 0.0, "globalid": "{CA2F2B41-F15E-4704-9C05-DD8BF86FD199}", "shape_Length": 0.00062498266333406937, "shape_Area": 1.5578781442173459e-08 }, "geometry": { "type": "MultiPolygon", "coordinates": [ [ [ [ 14.390678249000075, 50.08906246600003 ], [ 14.390742102000047, 50.089066013000036 ], [ 14.390780737000057, 50.088819571000045 ], [ 14.390719434000061, 50.088815724000028 ], [ 14.390678249000075, 50.08906246600003 ] ] ] ] } },
{ "type": "Feature", "properties": { "objectid": 68013, "zps_id": "3321", "id_poskyt": 38, "shape_area_1": 0.0, "globalid": "{3BEC4E62-8852-47E8-B94F-F979106FE0F4}", "shape_Length": 0.00014012262615848331, "shape_Area": 1.1298840697759624e-09 }, "geometry": { "type": "MultiPolygon", "coordinates": [ [ [ [ 14.390695082000036, 50.089076595000051 ], [ 14.390716048000058, 50.089113991000033 ], [ 14.390743177000047, 50.089106634000075 ], [ 14.390722514000061, 50.089071044000036 ], [ 14.390695082000036, 50.089076595000051 ] ] ] ] } },
{ "type": "Feature", "properties": { "objectid": 68014, "zps_id": "3322", "id_poskyt": 38, "shape_area_1": 0.0, "globalid": "{B0FB1D08-5373-4902-8257-5235B0DB0387}", "shape_Length": 0.00017234186418914452, "shape_Area": 1.2603202202636053e-09 }, "geometry": { "type": "MultiPolygon", "coordinates": [ [ [ [ 14.39083609000005, 50.089101562000053 ], [ 14.390902847000064, 50.089105711000059 ], [ 14.390906866000023, 50.089086970000039 ], [ 14.39083934000007, 50.089083190000053 ], [ 14.39083609000005, 50.089101562000053 ] ] ] ] } },
{ "type": "Feature", "properties": { "objectid": 68015, "zps_id": "3323", "id_poskyt": 38, "shape_area_1": 0.0, "globalid": "{31D4BEE2-FCA5-4F3D-BE41-62CAF784A4F5}", "shape_Length": 0.00015207493778656003, "shape_Area": 1.2194741859319855e-09 }, "geometry": { "type": "MultiPolygon", "coordinates": [ [ [ [ 14.39102166300006, 50.089137582000035 ], [ 14.391053490000047, 50.089098656000033 ], [ 14.391028278000022, 50.089090645000056 ], [ 14.390997224000046, 50.089129194000066 ], [ 14.39102166300006, 50.089137582000035 ] ] ] ] } },
{ "type": "Feature", "properties": { "objectid": 68016, "zps_id": "3324", "id_poskyt": 38, "shape_area_1": 0.0, "globalid": "{CB7DC8A1-DD07-4031-A7A1-F374ED0A3C88}", "shape_Length": 0.0017558219329695875, "shape_Area": 5.060040575318033e-08 }, "geometry": { "type": "MultiPolygon", "coordinates": [ [ [ [ 14.391013944000065, 50.089086704000067 ], [ 14.391077132000078, 50.089091426000039 ], [ 14.391217737000034, 50.088287971000057 ], [ 14.391156476000049, 50.088283864000061 ], [ 14.391013944000065, 50.089086704000067 ] ] ] ] } },
{ "type": "Feature", "properties": { "objectid": 68017, "zps_id": "3325", "id_poskyt": 38, "shape_area_1": 0.0, "globalid": "{702F73E2-9F24-4EE7-A95F-C30952042391}", "shape_Length": 0.0018848428909758162, "shape_Area": 1.019058773834801e-07 }, "geometry": { "type": "MultiPolygon", "coordinates": [ [ [ [ 14.391018462000034, 50.088270720000025 ], [ 14.39095585900003, 50.088266495000028 ], [ 14.390812444000062, 50.089070144000061 ], [ 14.390936614000054, 50.089080282000054 ], [ 14.391081651000036, 50.088275442000054 ], [ 14.391018462000034, 50.088270720000025 ] ] ] ] } },
{ "type": "Feature", "properties": { "objectid": 68018, "zps_id": "3456", "id_poskyt": 38, "shape_area_1": 0.0, "globalid": "{BFC6F7EA-BB87-45A6-BB0B-763159257FE0}", "shape_Length": 0.00025819833735943982, "shape_Area": 2.2892491243105775e-09 }, "geometry": { "type": "MultiPolygon", "coordinates": [ [ [ [ 14.40440458300003, 50.08760648100008 ], [ 14.404411189000029, 50.087627006000048 ], [ 14.404516926000042, 50.087614192000046 ], [ 14.404512425000064, 50.087593200000072 ], [ 14.40440458300003, 50.08760648100008 ] ] ] ] } },
{ "type": "Feature", "properties": { "objectid": 68019, "zps_id": "3712", "id_poskyt": 38, "shape_area_1": 0.0, "globalid": "{85C719DF-B84C-46FE-93D4-D7A66493FF6C}", "shape_Length": 0.00029268006326751186, "shape_Area": 2.9887432033139824e-09 }, "geometry": { "type": "MultiPolygon", "coordinates": [ [ [ [ 14.418748066000035, 50.083175666000045 ], [ 14.418771555000035, 50.083185870000079 ], [ 14.418857572000036, 50.083102502000031 ], [ 14.418831834000059, 50.083091010000032 ], [ 14.418748066000035, 50.083175666000045 ] ] ] ] } },
{ "type": "Feature", "properties": { "objectid": 68020, "zps_id": "3796", "id_poskyt": 38, "shape_area_1": 0.0, "globalid": "{3B3DECED-DF1B-40F0-99F1-5C79FBE7453C}", "shape_Length": 0.00034457747970157484, "shape_Area": 5.105770146759404e-09 }, "geometry": { "type": "MultiPolygon", "coordinates": [ [ [ [ 14.415187165000077, 50.080383243000028 ], [ 14.415320152000049, 50.080395579000026 ], [ 14.41532989600006, 50.080358088000025 ], [ 14.415196923000053, 50.080345753000074 ], [ 14.415187165000077, 50.080383243000028 ] ] ] ] } },
{ "type": "Feature", "properties": { "objectid": 68021, "zps_id": "12003", "id_poskyt": 38, "shape_area_1": 0.0, "globalid": "{D1FA7D82-D266-4BC4-99C5-77C6AE9C7233}", "shape_Length": 0.0002169818070558412, "shape_Area": 2.5417764511569316e-09 }, "geometry": { "type": "MultiPolygon", "coordinates": [ [ [ [ 14.419740433000072, 50.080310286000042 ], [ 14.419773163000059, 50.080309390000082 ], [ 14.419770543000027, 50.080235317000074 ], [ 14.41973475900005, 50.080236177000074 ], [ 14.419740433000072, 50.080310286000042 ] ] ] ] } },
{ "type": "Feature", "properties": { "objectid": 68022, "zps_id": "4104", "id_poskyt": 38, "shape_area_1": 0.0, "globalid": "{F6FDAF93-5173-47F1-9559-45F0BB39A3A8}", "shape_Length": 0.00027625991927791128, "shape_Area": 4.7439628476639715e-09 }, "geometry": { "type": "MultiPolygon", "coordinates": [ [ [ [ 14.428315005000059, 50.09249191400005 ], [ 14.428311593000046, 50.092417663000049 ], [ 14.428246375000072, 50.092420960000027 ], [ 14.428252162000035, 50.092494467000051 ], [ 14.428315005000059, 50.09249191400005 ] ] ] ] } },
{ "type": "Feature", "properties": { "objectid": 68023, "zps_id": "12155", "id_poskyt": 38, "shape_area_1": 0.0, "globalid": "{185CB361-0E91-4A1C-92F2-C387F3154EC2}", "shape_Length": 0.00031185634420672563, "shape_Area": 2.5352831319131145e-09 }, "geometry": { "type": "MultiPolygon", "coordinates": [ [ [ [ 14.429589022000073, 50.090346553000074 ], [ 14.429620557000021, 50.090340448000063 ], [ 14.429498049000074, 50.090279023000051 ], [ 14.429480902000023, 50.090292518000069 ], [ 14.429589022000073, 50.090346553000074 ] ] ] ] } },
{ "type": "Feature", "properties": { "objectid": 68024, "zps_id": "3954", "id_poskyt": 38, "shape_area_1": 0.0, "globalid": "{229AA307-64B0-4651-BAC9-085CEC90EFD5}", "shape_Length": 0.00017575000665338375, "shape_Area": 1.57191419358239e-09 }, "geometry": { "type": "MultiPolygon", "coordinates": [ [ [ [ 14.430454490000045, 50.084529911000061 ], [ 14.430499654000073, 50.084491759000059 ], [ 14.430482253000037, 50.084485799000049 ], [ 14.430466779000028, 50.084483159000058 ], [ 14.430426948000047, 50.084516302000054 ], [ 14.430454490000045, 50.084529911000061 ] ] ] ] } },
{ "type": "Feature", "properties": { "objectid": 68025, "zps_id": "4056", "id_poskyt": 38, "shape_area_1": 0.0, "globalid": "{4A6118FF-8754-4F2C-B451-29336975832D}", "shape_Length": 0.0002602788615713284, "shape_Area": 2.8523483886082732e-09 }, "geometry": { "type": "MultiPolygon", "coordinates": [ [ [ [ 14.425926323000056, 50.090136838000035 ], [ 14.425930063000067, 50.090034612000068 ], [ 14.425902693000069, 50.090034831000025 ], [ 14.425897815000042, 50.090136820000055 ], [ 14.425926323000056, 50.090136838000035 ] ] ] ] } },
{ "type": "Feature", "properties": { "objectid": 68026, "zps_id": "4156", "id_poskyt": 38, "shape_area_1": 0.0, "globalid": "{903F9B42-A103-4711-9AC8-C8601A841F10}", "shape_Length": 0.00048118365626380148, "shape_Area": 4.4009367598065733e-09 }, "geometry": { "type": "MultiPolygon", "coordinates": [ [ [ [ 14.433095944000058, 50.091286770000067 ], [ 14.43310129200006, 50.091265970000052 ], [ 14.432882068000026, 50.091242728000054 ], [ 14.432877101000031, 50.091260958000078 ], [ 14.433095944000058, 50.091286770000067 ] ] ] ] } },
{ "type": "Feature", "properties": { "objectid": 68027, "zps_id": "3359", "id_poskyt": 38, "shape_area_1": 0.0, "globalid": "{0CFA29D4-2A9A-4793-9E39-7C493D88E473}", "shape_Length": 0.00050742047725870355, "shape_Area": 1.2197268443919784e-08 }, "geometry": { "type": "MultiPolygon", "coordinates": [ [ [ [ 14.403813596000077, 50.08943275300004 ], [ 14.40383866600007, 50.089431243000035 ], [ 14.403876180000054, 50.089428983000062 ], [ 14.40387602900006, 50.089427773000068 ], [ 14.403861842000026, 50.089314368000032 ], [ 14.403871258000038, 50.089245534000042 ], [ 14.403805080000041, 50.089241134000076 ], [ 14.403796243000045, 50.089314441000056 ], [ 14.403813596000077, 50.08943275300004 ] ] ] ] } },
{ "type": "Feature", "properties": { "objectid": 68028, "zps_id": "3360", "id_poskyt": 38, "shape_area_1": 0.0, "globalid": "{5F9C58A4-3CF5-47D3-B422-CBB1EB635DB8}", "shape_Length": 0.0005292707646360566, "shape_Area": 8.4455910713000806e-09 }, "geometry": { "type": "MultiPolygon", "coordinates": [ [ [ [ 14.403872470000067, 50.08965527600003 ], [ 14.403908859000069, 50.089652023000042 ], [ 14.40387637200007, 50.089427755000031 ], [ 14.40387602900006, 50.089427773000068 ], [ 14.403838432000043, 50.089429691000078 ], [ 14.40383866600007, 50.089431243000035 ], [ 14.403872470000067, 50.08965527600003 ] ] ] ] } },
{ "type": "Feature", "properties": { "objectid": 68029, "zps_id": "3453", "id_poskyt": 38, "shape_area_1": 0.0, "globalid": "{7B169A62-A835-4875-88CB-CD205E6C712F}", "shape_Length": 0.00034826335838380112, "shape_Area": 3.19473476810076e-09 }, "geometry": { "type": "MultiPolygon", "coordinates": [ [ [ [ 14.405511766000075, 50.087399997000034 ], [ 14.405521701000055, 50.087418877000061 ], [ 14.405672135000032, 50.087390093000067 ], [ 14.405659153000045, 50.087370546000045 ], [ 14.405511766000075, 50.087399997000034 ] ] ] ] } },
{ "type": "Feature", "properties": { "objectid": 68030, "zps_id": "3771", "id_poskyt": 38, "shape_area_1": 0.0, "globalid": "{E2803611-3DD8-46E8-A29B-01F2428D641E}", "shape_Length": 0.00065497300630970156, "shape_Area": 6.7734836257320279e-09 }, "geometry": { "type": "MultiPolygon", "coordinates": [ [ [ [ 14.416089809000027, 50.082402918000071 ], [ 14.416107816000022, 50.082389566000074 ], [ 14.415849187000049, 50.082234070000027 ], [ 14.415827312000033, 50.08224903200005 ], [ 14.416089809000027, 50.082402918000071 ] ] ] ] } },
{ "type": "Feature", "properties": { "objectid": 68031, "zps_id": "3772", "id_poskyt": 38, "shape_area_1": 0.0, "globalid": "{4CF90349-807E-46CF-9EBF-D3CD87F54344}", "shape_Length": 0.00047715828185954665, "shape_Area": 7.6879969253115147e-09 }, "geometry": { "type": "MultiPolygon", "coordinates": [ [ [ [ 14.416122248000022, 50.082416520000038 ], [ 14.416277931000025, 50.082484114000067 ], [ 14.416343553000047, 50.082462455000041 ], [ 14.41618556800006, 50.082395464000058 ], [ 14.416122248000022, 50.082416520000038 ] ] ] ] } },
{ "type": "Feature", "properties": { "objectid": 68032, "zps_id": "3774", "id_poskyt": 38, "shape_area_1": 0.0, "globalid": "{2082B843-2B25-4439-9B4A-2790AC34A804}", "shape_Length": 0.00091049509926939315, "shape_Area": 1.8906202912225965e-08 }, "geometry": { "type": "MultiPolygon", "coordinates": [ [ [ [ 14.417607127000053, 50.083033577000037 ], [ 14.417680425000071, 50.083022400000061 ], [ 14.417364172000077, 50.08281480800008 ], [ 14.417288081000038, 50.082824749000054 ], [ 14.417607127000053, 50.083033577000037 ] ] ] ] } },
{ "type": "Feature", "properties": { "objectid": 68033, "zps_id": "3775", "id_poskyt": 38, "shape_area_1": 0.0, "globalid": "{7B278EFC-5801-4F6B-BF1E-BB44D1B96761}", "shape_Length": 0.00094663870526245724, "shape_Area": 1.0225404318095936e-08 }, "geometry": { "type": "MultiPolygon", "coordinates": [ [ [ [ 14.418040809000047, 50.083283951000055 ], [ 14.418062512000063, 50.083271642000057 ], [ 14.417687089000026, 50.083026920000066 ], [ 14.41766509100006, 50.083040672000038 ], [ 14.418040809000047, 50.083283951000055 ] ] ] ] } },
{ "type": "Feature", "properties": { "objectid": 68034, "zps_id": "3868", "id_poskyt": 38, "shape_area_1": 0.0, "globalid": "{A290E944-0C07-43AC-915E-E5634A27A415}", "shape_Length": 0.00061601522406782129, "shape_Area": 7.4867883033123321e-09 }, "geometry": { "type": "MultiPolygon", "coordinates": [ [ [ [ 14.422040672000037, 50.079043144000082 ], [ 14.422122982000076, 50.07912770400003 ], [ 14.422176421000074, 50.079172950000043 ], [ 14.422199060000025, 50.07916014400007 ], [ 14.422149766000075, 50.079115355000056 ], [ 14.422067480000067, 50.079033655000046 ], [ 14.422008099000038, 50.078959539000039 ], [ 14.421980389000055, 50.078969890000053 ], [ 14.422040672000037, 50.079043144000082 ] ] ] ] } },
{ "type": "Feature", "properties": { "objectid": 68035, "zps_id": "3869", "id_poskyt": 38, "shape_area_1": 0.0, "globalid": "{A3968F48-F7D0-49CF-8702-2370A354AC31}", "shape_Length": 0.00066599390486580807, "shape_Area": 7.4128548250464805e-09 }, "geometry": { "type": "MultiPolygon", "coordinates": [ [ [ [ 14.422277626000039, 50.079251388000046 ], [ 14.422322020000024, 50.079281484000035 ], [ 14.422428051000054, 50.079350156000032 ], [ 14.422450992000051, 50.079335015000026 ], [ 14.422298426000054, 50.079237283000055 ], [ 14.422199585000044, 50.079160590000072 ], [ 14.42217763900004, 50.079173058000038 ], [ 14.422277626000039, 50.079251388000046 ] ] ] ] } },
{ "type": "Feature", "properties": { "objectid": 68036, "zps_id": "12027", "id_poskyt": 38, "shape_area_1": 0.0, "globalid": "{3A4BA1EA-D312-4D44-9C2C-C750ED0D3CC2}", "shape_Length": 0.00023407023436058358, "shape_Area": 3.3404426983489307e-09 }, "geometry": { "type": "MultiPolygon", "coordinates": [ [ [ [ 14.428198723000037, 50.078535197000065 ], [ 14.428174700000056, 50.078478072000053 ], [ 14.428128850000064, 50.078512795000051 ], [ 14.428151935000074, 50.07856638800007 ], [ 14.428198723000037, 50.078535197000065 ] ] ] ] } },
{ "type": "Feature", "properties": { "objectid": 68037, "zps_id": "4009", "id_poskyt": 38, "shape_area_1": 0.0, "globalid": "{9F4FD3AD-3B28-4711-8A3B-BCD14823DCFB}", "shape_Length": 0.00081867159197479273, "shape_Area": 8.0065020645868746e-09 }, "geometry": { "type": "MultiPolygon", "coordinates": [ [ [ [ 14.426470149000068, 50.086029499000063 ], [ 14.426491242000054, 50.086015691000057 ], [ 14.426159269000038, 50.085815552000042 ], [ 14.426142295000034, 50.085827055000038 ], [ 14.426470149000068, 50.086029499000063 ] ] ] ] } },
{ "type": "Feature", "properties": { "objectid": 68038, "zps_id": "4549", "id_poskyt": 38, "shape_area_1": 0.0, "globalid": "{2C5E6CD5-DF99-4830-8B50-7EC082C7F4CB}", "shape_Length": 0.00025546427625415183, "shape_Area": 4.045625824641565e-09 }, "geometry": { "type": "MultiPolygon", "coordinates": [ [ [ [ 14.456010756000069, 50.083746 ], [ 14.45605424300004, 50.083696818000078 ], [ 14.456013820000067, 50.083650489000036 ], [ 14.455969434000053, 50.083699736000028 ], [ 14.456010756000069, 50.083746 ] ] ] ] } },
{ "type": "Feature", "properties": { "objectid": 68039, "zps_id": "5014", "id_poskyt": 38, "shape_area_1": 0.0, "globalid": "{81E5EB43-67CC-4A1A-A635-BB9E6CB39E6B}", "shape_Length": 0.00072675210941421022, "shape_Area": 8.3010313184557455e-09 }, "geometry": { "type": "MultiPolygon", "coordinates": [ [ [ [ 14.454241416000059, 50.084610371000053 ], [ 14.453979249000042, 50.084402440000076 ], [ 14.453952529000048, 50.084414577000075 ], [ 14.454218069000035, 50.084621770000069 ], [ 14.454241416000059, 50.084610371000053 ] ] ] ] } },
{ "type": "Feature", "properties": { "objectid": 68040, "zps_id": "5014", "id_poskyt": 38, "shape_area_1": 0.0, "globalid": "{21098DF4-60A3-4008-A118-9C3EC7E4113E}", "shape_Length": 0.00030253346726881214, "shape_Area": 2.9033778133296889e-09 }, "geometry": { "type": "MultiPolygon", "coordinates": [ [ [ [ 14.453756945000066, 50.084228196000026 ], [ 14.453658274000077, 50.08415089500005 ], [ 14.45363564400003, 50.084161785000049 ], [ 14.453734720000057, 50.08424061900007 ], [ 14.453756945000066, 50.084228196000026 ] ] ] ] } },
{ "type": "Feature", "properties": { "objectid": 68041, "zps_id": "5015", "id_poskyt": 38, "shape_area_1": 0.0, "globalid": "{223238EB-7A28-4332-95D8-42A3EF534F07}", "shape_Length": 0.0010328665450938255, "shape_Area": 1.0673970513096472e-08 }, "geometry": { "type": "MultiPolygon", "coordinates": [ [ [ [ 14.453753102000064, 50.084932194000032 ], [ 14.453772302000061, 50.084946784000067 ], [ 14.454213280000033, 50.084728391000056 ], [ 14.454194484000027, 50.084713418000035 ], [ 14.453753102000064, 50.084932194000032 ] ] ] ] } },
{ "type": "Feature", "properties": { "objectid": 68042, "zps_id": "5016", "id_poskyt": 38, "shape_area_1": 0.0, "globalid": "{38551899-85EF-4672-BAAA-9C40FC47510C}", "shape_Length": 0.00069066453747885148, "shape_Area": 6.6602157657712206e-09 }, "geometry": { "type": "MultiPolygon", "coordinates": [ [ [ [ 14.466827862000059, 50.08671951000008 ], [ 14.466842880000058, 50.08670343700004 ], [ 14.466546068000071, 50.086578519000057 ], [ 14.466529299000058, 50.086593812000046 ], [ 14.466827862000059, 50.08671951000008 ] ] ] ] } },
{ "type": "Feature", "properties": { "objectid": 68043, "zps_id": "5016", "id_poskyt": 38, "shape_area_1": 0.0, "globalid": "{7D9C540B-0F96-4E68-8BC9-8BD1E341AAA9}", "shape_Length": 0.00046316141959354276, "shape_Area": 4.3602704900402442e-09 }, "geometry": { "type": "MultiPolygon", "coordinates": [ [ [ [ 14.467159636000076, 50.086852472000032 ], [ 14.467175852000025, 50.086835269000062 ], [ 14.466980401000058, 50.086760279000032 ], [ 14.46696552800006, 50.086775739000075 ], [ 14.467159636000076, 50.086852472000032 ] ] ] ] } },
{ "type": "Feature", "properties": { "objectid": 68044, "zps_id": "5016", "id_poskyt": 38, "shape_area_1": 0.0, "globalid": "{92CE1B4D-5E80-4B24-8193-3BC8A35EB81A}", "shape_Length": 0.00048428935989090099, "shape_Area": 4.4605233747969826e-09 }, "geometry": { "type": "MultiPolygon", "coordinates": [ [ [ [ 14.467550295000024, 50.086990013000047 ], [ 14.467565556000068, 50.086972727000045 ], [ 14.467356628000061, 50.086902141000053 ], [ 14.467342700000074, 50.086917675000052 ], [ 14.467550295000024, 50.086990013000047 ] ] ] ] } },
{ "type": "Feature", "properties": { "objectid": 68045, "zps_id": "5069", "id_poskyt": 38, "shape_area_1": 0.0, "globalid": "{841D89C1-2788-4322-8C65-04FF332E84D2}", "shape_Length": 0.0003387420782577268, "shape_Area": 5.1525992645720954e-09 }, "geometry": { "type": "MultiPolygon", "coordinates": [ [ [ [ 14.491128450000076, 50.092703583000059 ], [ 14.491136711000024, 50.092743311000049 ], [ 14.491265173000045, 50.092732236000074 ], [ 14.491257553000025, 50.092693263000058 ], [ 14.491128450000076, 50.092703583000059 ] ] ] ] } },
{ "type": "Feature", "properties": { "objectid": 68046, "zps_id": "5277", "id_poskyt": 38, "shape_area_1": 0.0, "globalid": "{A0B4EB3E-9820-4265-BD68-E61276B9B859}", "shape_Length": 0.00035373337935520438, "shape_Area": 3.1386405855506838e-09 }, "geometry": { "type": "MultiPolygon", "coordinates": [ [ [ [ 14.426938251000024, 50.10203606500005 ], [ 14.426946611000062, 50.102017563000061 ], [ 14.426791782000066, 50.101990563000072 ], [ 14.426784944000076, 50.102010197000027 ], [ 14.426938251000024, 50.10203606500005 ] ] ] ] } },
{ "type": "Feature", "properties": { "objectid": 68047, "zps_id": "5284", "id_poskyt": 38, "shape_area_1": 0.0, "globalid": "{3E54E5BD-6BEF-4B1B-9D76-3935D3F442AE}", "shape_Length": 0.00015297138396104374, "shape_Area": 1.2994789806964314e-09 }, "geometry": { "type": "MultiPolygon", "coordinates": [ [ [ [ 14.42648622400003, 50.10185554800006 ], [ 14.426513035000028, 50.101860753000039 ], [ 14.426534824000043, 50.101816792000079 ], [ 14.426507666000077, 50.101811558000065 ], [ 14.42648622400003, 50.10185554800006 ] ] ] ] } },
{ "type": "Feature", "properties": { "objectid": 68048, "zps_id": "5295", "id_poskyt": 38, "shape_area_1": 0.0, "globalid": "{9334CD50-2B93-4CA5-82AA-332BFB3BA2D9}", "shape_Length": 0.00087691823492210799, "shape_Area": 1.2073274971702365e-08 }, "geometry": { "type": "MultiPolygon", "coordinates": [ [ [ [ 14.421682100000055, 50.099529438000047 ], [ 14.42171066700007, 50.099535135000053 ], [ 14.421888138000043, 50.099167097000077 ], [ 14.421856398000045, 50.099161656000035 ], [ 14.421682100000055, 50.099529438000047 ] ] ] ] } },
{ "type": "Feature", "properties": { "objectid": 68049, "zps_id": "5295", "id_poskyt": 38, "shape_area_1": 0.0, "globalid": "{6DA6F277-A867-44BB-A5AB-2A213DA442E1}", "shape_Length": 0.00090993312158578162, "shape_Area": 1.198515810346681e-08 }, "geometry": { "type": "MultiPolygon", "coordinates": [ [ [ [ 14.421895946000063, 50.099075396000046 ], [ 14.421924297000032, 50.099081308000052 ], [ 14.422107266000069, 50.098695724000038 ], [ 14.422077974000047, 50.098691770000073 ], [ 14.421895946000063, 50.099075396000046 ] ] ] ] } },
{ "type": "Feature", "properties": { "objectid": 68050, "zps_id": "5295", "id_poskyt": 38, "shape_area_1": 0.0, "globalid": "{6AB3CCA1-15D8-4344-AD86-828DA1E70332}", "shape_Length": 0.00062130047646141674, "shape_Area": 1.4163687900832428e-08 }, "geometry": { "type": "MultiPolygon", "coordinates": [ [ [ [ 14.422169505000056, 50.098396066000078 ], [ 14.422214870000062, 50.098430286000053 ], [ 14.422322289000022, 50.098209957000051 ], [ 14.42228136600005, 50.098163878000037 ], [ 14.422169505000056, 50.098396066000078 ] ] ] ] } },
{ "type": "Feature", "properties": { "objectid": 68051, "zps_id": "4618", "id_poskyt": 38, "shape_area_1": 0.0, "globalid": "{BBBDCA23-5810-4D27-A736-E174D1F403DD}", "shape_Length": 0.00044411030470158552, "shape_Area": 3.5195312866338207e-09 }, "geometry": { "type": "MultiPolygon", "coordinates": [ [ [ [ 14.468040846000065, 50.084466190000057 ], [ 14.468049457000063, 50.084447736000072 ], [ 14.467871754000043, 50.084421520000035 ], [ 14.467836498000054, 50.084433106000063 ], [ 14.468040846000065, 50.084466190000057 ] ] ] ] } },
{ "type": "Feature", "properties": { "objectid": 68052, "zps_id": "5351", "id_poskyt": 38, "shape_area_1": 0.0, "globalid": "{C97914CE-61CA-4EBA-BF81-2C2E1962D299}", "shape_Length": 0.00058531439358552992, "shape_Area": 5.1165569687319647e-09 }, "geometry": { "type": "MultiPolygon", "coordinates": [ [ [ [ 14.430575082000075, 50.096193379000056 ], [ 14.430640820000065, 50.096211100000062 ], [ 14.430707152000025, 50.096229091000055 ], [ 14.430773901000066, 50.096248163000041 ], [ 14.430836915000043, 50.096267940000075 ], [ 14.430848747000027, 50.09625059800004 ], [ 14.430784879000043, 50.096231782000075 ], [ 14.430718041000034, 50.096213129000034 ], [ 14.430651884000042, 50.096194318000073 ], [ 14.430585247000067, 50.096177769000064 ], [ 14.430575082000075, 50.096193379000056 ] ] ] ] } },
{ "type": "Feature", "properties": { "objectid": 68053, "zps_id": "5376", "id_poskyt": 38, "shape_area_1": 0.0, "globalid": "{DAD67A7A-91BB-40F7-B34A-ECF96D3E9F76}", "shape_Length": 0.00041664424907923324, "shape_Area": 5.1451154907967764e-09 }, "geometry": { "type": "MultiPolygon", "coordinates": [ [ [ [ 14.430387146000044, 50.099713988000076 ], [ 14.430415613000037, 50.099715724000077 ], [ 14.430440096000041, 50.099537619000046 ], [ 14.430411156000048, 50.099536231000059 ], [ 14.430387146000044, 50.099713988000076 ] ] ] ] } },
{ "type": "Feature", "properties": { "objectid": 68054, "zps_id": "5378", "id_poskyt": 38, "shape_area_1": 0.0, "globalid": "{68408CA6-25D2-4922-B0B5-7D1D27DF18AB}", "shape_Length": 0.00064848065000905981, "shape_Area": 8.5102956967022159e-09 }, "geometry": { "type": "MultiPolygon", "coordinates": [ [ [ [ 14.430469494000022, 50.09982222800005 ], [ 14.430498851000038, 50.099824099000045 ], [ 14.430538460000037, 50.099531116000037 ], [ 14.430510046000052, 50.09953004700003 ], [ 14.430469494000022, 50.09982222800005 ] ] ] ] } },
{ "type": "Feature", "properties": { "objectid": 68055, "zps_id": "5382", "id_poskyt": 38, "shape_area_1": 0.0, "globalid": "{1BC1811D-E972-428B-94A6-FE9BD8DEB689}", "shape_Length": 0.00085727282879790993, "shape_Area": 1.3725103013103702e-08 }, "geometry": { "type": "MultiPolygon", "coordinates": [ [ [ [ 14.430553400000065, 50.099866470000052 ], [ 14.430596941000033, 50.099900995000041 ], [ 14.430969531000073, 50.099878828000044 ], [ 14.430925869000077, 50.099844798000049 ], [ 14.430553400000065, 50.099866470000052 ] ] ] ] } },
{ "type": "Feature", "properties": { "objectid": 68056, "zps_id": "5400", "id_poskyt": 38, "shape_area_1": 0.0, "globalid": "{C3EEB2CB-F93C-4E17-A886-B8E2F6503C58}", "shape_Length": 0.00062247093224494939, "shape_Area": 1.6712380079549797e-08 }, "geometry": { "type": "MultiPolygon", "coordinates": [ [ [ [ 14.43442073500006, 50.098062904000074 ], [ 14.434488873000078, 50.098059653000064 ], [ 14.43445951700005, 50.09781931100008 ], [ 14.434389313000054, 50.097823135000056 ], [ 14.43442073500006, 50.098062904000074 ] ] ] ] } },
{ "type": "Feature", "properties": { "objectid": 68057, "zps_id": "5417", "id_poskyt": 38, "shape_area_1": 0.0, "globalid": "{20EA4EBE-30D1-4402-B787-452ADAF06C85}", "shape_Length": 0.00023751331663055542, "shape_Area": 1.9136651168455259e-09 }, "geometry": { "type": "MultiPolygon", "coordinates": [ [ [ [ 14.433630736000055, 50.099668483000073 ], [ 14.433691439000029, 50.099709073000042 ], [ 14.433737092000058, 50.099708371000077 ], [ 14.433677382000042, 50.099667815000032 ], [ 14.433630736000055, 50.099668483000073 ] ] ] ] } },
{ "type": "Feature", "properties": { "objectid": 68058, "zps_id": "5428", "id_poskyt": 38, "shape_area_1": 0.0, "globalid": "{210B367A-1B53-4450-A116-61DD44784CA0}", "shape_Length": 0.00018898209735365332, "shape_Area": 1.615188811166621e-09 }, "geometry": { "type": "MultiPolygon", "coordinates": [ [ [ [ 14.436910289000025, 50.100583879000055 ], [ 14.436947258000032, 50.100624701000072 ], [ 14.436986542000056, 50.100624950000054 ], [ 14.436951892000025, 50.100584833000028 ], [ 14.436910289000025, 50.100583879000055 ] ] ] ] } },
{ "type": "Feature", "properties": { "objectid": 68059, "zps_id": "5439", "id_poskyt": 38, "shape_area_1": 0.0, "globalid": "{2724A2E7-699C-4708-A7A9-7EE05E372F23}", "shape_Length": 0.00019661867753462971, "shape_Area": 1.4711598062394691e-09 }, "geometry": { "type": "MultiPolygon", "coordinates": [ [ [ [ 14.434198038000034, 50.101389170000061 ], [ 14.434199941000031, 50.101371160000042 ], [ 14.434120940000071, 50.101363759000037 ], [ 14.434117951000076, 50.101382300000068 ], [ 14.434198038000034, 50.101389170000061 ] ] ] ] } },
{ "type": "Feature", "properties": { "objectid": 68060, "zps_id": "5473", "id_poskyt": 38, "shape_area_1": 0.0, "globalid": "{FBD5F5B3-9AA9-489E-9C5B-9CD01CD7B927}", "shape_Length": 0.00072718141869366289, "shape_Area": 9.8910189442845204e-09 }, "geometry": { "type": "MultiPolygon", "coordinates": [ [ [ [ 14.430963065000071, 50.103445085000033 ], [ 14.430991777000031, 50.103433274000054 ], [ 14.430770219000067, 50.10318529400007 ], [ 14.430741230000024, 50.103198331000044 ], [ 14.430963065000071, 50.103445085000033 ] ] ] ] } },
{ "type": "Feature", "properties": { "objectid": 68061, "zps_id": "15030", "id_poskyt": 38, "shape_area_1": 0.0, "globalid": "{A082B1C4-4CEB-4025-AE3E-45F018F2880E}", "shape_Length": 0.00026367327253219865, "shape_Area": 4.1903907430623e-09 }, "geometry": { "type": "MultiPolygon", "coordinates": [ [ [ [ 14.433020448000036, 50.103759227000069 ], [ 14.43306791200007, 50.103787982000028 ], [ 14.433104598000057, 50.103727831000072 ], [ 14.433064558000069, 50.103689640000027 ], [ 14.433020448000036, 50.103759227000069 ] ] ] ] } },
{ "type": "Feature", "properties": { "objectid": 68062, "zps_id": "22095", "id_poskyt": 38, "shape_area_1": 0.0, "globalid": "{9D8221DE-DD7C-4CBA-B878-644CB09088CA}", "shape_Length": 0.00098401022314583688, "shape_Area": 1.0680030158692329e-08 }, "geometry": { "type": "MultiPolygon", "coordinates": [ [ [ [ 14.439669581000032, 50.109347255000046 ], [ 14.439886364000074, 50.109361231000037 ], [ 14.439889927000024, 50.109338875000049 ], [ 14.43965319800003, 50.10932327200004 ], [ 14.439420960000064, 50.109311289000061 ], [ 14.439418167000042, 50.109333685000081 ], [ 14.439669581000032, 50.109347255000046 ] ] ] ] } },
{ "type": "Feature", "properties": { "objectid": 68063, "zps_id": "5789", "id_poskyt": 38, "shape_area_1": 0.0, "globalid": "{34DBC3DD-DCCE-4A38-8144-1F5FDB9B4069}", "shape_Length": 0.00035112099676682762, "shape_Area": 3.9172436766935579e-09 }, "geometry": { "type": "MultiPolygon", "coordinates": [ [ [ [ 14.454763608000064, 50.106838580000044 ], [ 14.454852411000047, 50.106869600000039 ], [ 14.454932328000041, 50.106852300000071 ], [ 14.454838427000027, 50.106822028000067 ], [ 14.454763608000064, 50.106838580000044 ] ] ] ] } },
{ "type": "Feature", "properties": { "objectid": 68064, "zps_id": "5735", "id_poskyt": 38, "shape_area_1": 0.0, "globalid": "{8EC986DF-29AC-4E87-9CF5-3C62879E7862}", "shape_Length": 0.00030884445712547057, "shape_Area": 4.8233537672846543e-09 }, "geometry": { "type": "MultiPolygon", "coordinates": [ [ [ [ 14.455960362000042, 50.102721587000076 ], [ 14.456039418000046, 50.102759979000041 ], [ 14.456023951000077, 50.102687918000072 ], [ 14.455950657000074, 50.10265527200005 ], [ 14.455960362000042, 50.102721587000076 ] ] ] ] } },
{ "type": "Feature", "properties": { "objectid": 68065, "zps_id": "5737", "id_poskyt": 38, "shape_area_1": 0.0, "globalid": "{975AAB77-A156-4333-B341-2AEEE01EDAA3}", "shape_Length": 0.00099280038455833533, "shape_Area": 1.2685560315151771e-08 }, "geometry": { "type": "MultiPolygon", "coordinates": [ [ [ [ 14.408442919000038, 50.096733168000071 ], [ 14.408907142000032, 50.096802058000037 ], [ 14.408915575000037, 50.096775794000052 ], [ 14.408452103000059, 50.096707343000048 ], [ 14.408442919000038, 50.096733168000071 ] ] ] ] } },
{ "type": "Feature", "properties": { "objectid": 68066, "zps_id": "12140", "id_poskyt": 38, "shape_area_1": 0.0, "globalid": "{97A8E387-12C0-4CE2-9EB2-EF444F68D797}", "shape_Length": 0.0003326619732408005, "shape_Area": 2.9469838134146858e-09 }, "geometry": { "type": "MultiPolygon", "coordinates": [ [ [ [ 14.424741981000068, 50.090265093000028 ], [ 14.424754537000069, 50.090247546000057 ], [ 14.424616061000052, 50.090205067000056 ], [ 14.424603542000057, 50.090222374000064 ], [ 14.424741981000068, 50.090265093000028 ] ] ] ] } },
{ "type": "Feature", "properties": { "objectid": 68067, "zps_id": "7017", "id_poskyt": 38, "shape_area_1": 0.0, "globalid": "{C73D8052-9BF9-4C3B-9FE1-98FD9F78034D}", "shape_Length": 0.00034275709105770956, "shape_Area": 2.9006495068597647e-09 }, "geometry": { "type": "MultiPolygon", "coordinates": [ [ [ [ 14.401668138000048, 50.087437691000048 ], [ 14.40166190900004, 50.087420093000048 ], [ 14.401512551000053, 50.087444082000047 ], [ 14.401512263000029, 50.087444129000062 ], [ 14.401517432000048, 50.087462475000052 ], [ 14.401517655000077, 50.087463268000079 ], [ 14.401668138000048, 50.087437691000048 ] ] ] ] } },
{ "type": "Feature", "properties": { "objectid": 68068, "zps_id": "4617", "id_poskyt": 38, "shape_area_1": 0.0, "globalid": "{3C97F0F1-2DFA-4C46-A284-F6A5CF48E1E5}", "shape_Length": 0.00045970532777923987, "shape_Area": 8.3300488965247891e-09 }, "geometry": { "type": "MultiPolygon", "coordinates": [ [ [ [ 14.469095111000058, 50.084740313000054 ], [ 14.469113026000059, 50.084697433000031 ], [ 14.468931196000028, 50.084668604000058 ], [ 14.468914854000047, 50.084712376000027 ], [ 14.469095111000058, 50.084740313000054 ] ] ] ] } },
{ "type": "Feature", "properties": { "objectid": 68069, "zps_id": "2614", "id_poskyt": 38, "shape_area_1": 0.0, "globalid": "{7EE0BD84-46C6-4A4F-A89E-884FF4247FC2}", "shape_Length": 0.00034990837027538312, "shape_Area": 2.8920945182404135e-09 }, "geometry": { "type": "MultiPolygon", "coordinates": [ [ [ [ 14.426316324000027, 50.076284891000057 ], [ 14.426307774000065, 50.076266436000026 ], [ 14.426155118000054, 50.076296623000076 ], [ 14.426162902000044, 50.07631286000003 ], [ 14.426316324000027, 50.076284891000057 ] ] ] ] } },
{ "type": "Feature", "properties": { "objectid": 68070, "zps_id": "3123", "id_poskyt": 38, "shape_area_1": 0.0, "globalid": "{C10F81BB-20BD-425E-8C73-50EB9E8CFDEC}", "shape_Length": 0.00023966256926766146, "shape_Area": 1.9743064566039065e-09 }, "geometry": { "type": "MultiPolygon", "coordinates": [ [ [ [ 14.436373510000067, 50.071782711000026 ], [ 14.436387488000037, 50.071765850000077 ], [ 14.43629407800006, 50.071733365000057 ], [ 14.436281120000046, 50.07174948100004 ], [ 14.436373510000067, 50.071782711000026 ] ] ] ] } },
{ "type": "Feature", "properties": { "objectid": 68071, "zps_id": "7399", "id_poskyt": 38, "shape_area_1": 0.0, "globalid": "{341D35FB-C844-4F4E-8B0C-0A761345A7E1}", "shape_Length": 0.00022426095961971735, "shape_Area": 3.0642693886743593e-09 }, "geometry": { "type": "MultiPolygon", "coordinates": [ [ [ [ 14.382103305000044, 50.070344600000055 ], [ 14.382165272000066, 50.07035103700008 ], [ 14.382177974000058, 50.070302961000039 ], [ 14.382115260000035, 50.070296850000034 ], [ 14.382103305000044, 50.070344600000055 ] ] ] ] } },
{ "type": "Feature", "properties": { "objectid": 68072, "zps_id": "7630", "id_poskyt": 38, "shape_area_1": 0.0, "globalid": "{109B737E-0EB1-47A5-9D93-62E6492C6444}", "shape_Length": 0.00051790882882374616, "shape_Area": 8.5950205690232079e-09 }, "geometry": { "type": "MultiPolygon", "coordinates": [ [ [ [ 14.405535476000068, 50.073201934000053 ], [ 14.405495113000029, 50.073160126000062 ], [ 14.405294244000061, 50.073164444000042 ], [ 14.405336151000029, 50.073206681000045 ], [ 14.405535476000068, 50.073201934000053 ] ] ] ] } },
{ "type": "Feature", "properties": { "objectid": 68073, "zps_id": "7349", "id_poskyt": 38, "shape_area_1": 0.0, "globalid": "{FBA167F0-D4C4-41F5-B890-C5110F83FC73}", "shape_Length": 0.00031748175125088501, "shape_Area": 3.6693863761686085e-09 }, "geometry": { "type": "MultiPolygon", "coordinates": [ [ [ [ 14.395830874000069, 50.072278193000045 ], [ 14.395859721000022, 50.072276578000071 ], [ 14.395837001000075, 50.072148165000044 ], [ 14.395809265000025, 50.07214958600008 ], [ 14.395830874000069, 50.072278193000045 ] ] ] ] } },
{ "type": "Feature", "properties": { "objectid": 68074, "zps_id": "7392", "id_poskyt": 38, "shape_area_1": 0.0, "globalid": "{4CCACE82-F172-441A-B896-2B3B8637C504}", "shape_Length": 0.00036540970352372671, "shape_Area": 3.5050618670772526e-09 }, "geometry": { "type": "MultiPolygon", "coordinates": [ [ [ [ 14.368508744000053, 50.070087379000029 ], [ 14.368667943000048, 50.070107480000047 ], [ 14.368674672000054, 50.070085878000043 ], [ 14.368515282000033, 50.070066613000051 ], [ 14.368508744000053, 50.070087379000029 ] ] ] ] } },
{ "type": "Feature", "properties": { "objectid": 68075, "zps_id": "10371", "id_poskyt": 38, "shape_area_1": 0.0, "globalid": "{179F83DE-29A1-4CCF-A23A-BEF5446E56A3}", "shape_Length": 0.00097359830268203959, "shape_Area": 8.4441255112861628e-09 }, "geometry": { "type": "MultiPolygon", "coordinates": [ [ [ [ 14.408728644000064, 50.071946210000078 ], [ 14.409193769000069, 50.071992456000032 ], [ 14.409200286000043, 50.07197413800003 ], [ 14.408733110000071, 50.071929371000067 ], [ 14.408728644000064, 50.071946210000078 ] ] ] ] } },
{ "type": "Feature", "properties": { "objectid": 68076, "zps_id": "7582", "id_poskyt": 38, "shape_area_1": 0.0, "globalid": "{3603AA0A-CE63-4E59-A697-DAE39DCB0DBC}", "shape_Length": 0.00047008922168831672, "shape_Area": 6.183004993708555e-09 }, "geometry": { "type": "MultiPolygon", "coordinates": [ [ [ [ 14.406913280000026, 50.072641260000069 ], [ 14.406882139000061, 50.072638443000073 ], [ 14.406840211000031, 50.07283900200008 ], [ 14.406869910000069, 50.072840775000031 ], [ 14.406913280000026, 50.072641260000069 ] ] ] ] } },
{ "type": "Feature", "properties": { "objectid": 68077, "zps_id": "10364", "id_poskyt": 38, "shape_area_1": 0.0, "globalid": "{FDDA98C8-56AF-4793-954D-CAE9EEB784AC}", "shape_Length": 0.00065016367550660458, "shape_Area": 9.1392129778165364e-09 }, "geometry": { "type": "MultiPolygon", "coordinates": [ [ [ [ 14.403888575000053, 50.073623355000052 ], [ 14.403857903000073, 50.073622022000052 ], [ 14.403844621000076, 50.073915930000055 ], [ 14.403876082000068, 50.073916869000072 ], [ 14.403888575000053, 50.073623355000052 ] ] ] ] } },
{ "type": "Feature", "properties": { "objectid": 68078, "zps_id": "7322", "id_poskyt": 38, "shape_area_1": 0.0, "globalid": "{FE67C57D-B527-4A9C-ADD3-FA1E85231E62}", "shape_Length": 0.0013819503941376356, "shape_Area": 2.5972137311682273e-08 }, "geometry": { "type": "MultiPolygon", "coordinates": [ [ [ [ 14.407580977000066, 50.073197823000044 ], [ 14.407554638000022, 50.073155461000056 ], [ 14.406915788000049, 50.07310158000007 ], [ 14.406944427000042, 50.073145262000025 ], [ 14.407580977000066, 50.073197823000044 ] ] ] ] } },
{ "type": "Feature", "properties": { "objectid": 68079, "zps_id": "7293", "id_poskyt": 38, "shape_area_1": 0.0, "globalid": "{F9E59DA8-381B-4C9E-A4F2-640818A17B4A}", "shape_Length": 0.00092127391179741688, "shape_Area": 2.3015982019932942e-08 }, "geometry": { "type": "MultiPolygon", "coordinates": [ [ [ [ 14.407678729000054, 50.075266466000073 ], [ 14.407744121000064, 50.075246789000062 ], [ 14.40783983700004, 50.074866545000077 ], [ 14.407774638000035, 50.074885315000074 ], [ 14.407678729000054, 50.075266466000073 ] ] ] ] } },
{ "type": "Feature", "properties": { "objectid": 68080, "zps_id": "7185", "id_poskyt": 38, "shape_area_1": 0.0, "globalid": "{E58F9E55-689F-4B78-B1C8-B9B90C1FDCE6}", "shape_Length": 0.00015998329040065159, "shape_Area": 1.4679737603085469e-09 }, "geometry": { "type": "MultiPolygon", "coordinates": [ [ [ [ 14.403312049000021, 50.069646998000053 ], [ 14.403341565000062, 50.069649226000081 ], [ 14.403353206000077, 50.069600467000043 ], [ 14.403324530000077, 50.06959715000005 ], [ 14.403312049000021, 50.069646998000053 ] ] ] ] } },
{ "type": "Feature", "properties": { "objectid": 68081, "zps_id": "7185", "id_poskyt": 38, "shape_area_1": 0.0, "globalid": "{38D3931A-9E74-4EC6-B1C3-33761B146984}", "shape_Length": 0.00034701887432558669, "shape_Area": 4.1675948102386352e-09 }, "geometry": { "type": "MultiPolygon", "coordinates": [ [ [ [ 14.403264922000062, 50.069825020000053 ], [ 14.403293018000056, 50.069828285000028 ], [ 14.403330690000075, 50.069688795000047 ], [ 14.403300827000066, 50.069685374000073 ], [ 14.403264922000062, 50.069825020000053 ] ] ] ] } },
{ "type": "Feature", "properties": { "objectid": 68082, "zps_id": "7187", "id_poskyt": 38, "shape_area_1": 0.0, "globalid": "{BFF4FD58-7E38-438F-9584-79DBF97FDB94}", "shape_Length": 0.00039921174317233873, "shape_Area": 4.7656391275124741e-09 }, "geometry": { "type": "MultiPolygon", "coordinates": [ [ [ [ 14.402628689000039, 50.06684686300008 ], [ 14.402657473000033, 50.066852503000064 ], [ 14.402735475000043, 50.066701154000043 ], [ 14.402707356000064, 50.066695182000046 ], [ 14.402628689000039, 50.06684686300008 ] ] ] ] } },
{ "type": "Feature", "properties": { "objectid": 68083, "zps_id": "10390", "id_poskyt": 38, "shape_area_1": 0.0, "globalid": "{90BA7D9B-AB02-47D2-B967-242D4E8E3446}", "shape_Length": 0.00032319704934062306, "shape_Area": 2.2917011872398865e-09 }, "geometry": { "type": "MultiPolygon", "coordinates": [ [ [ [ 14.406664515000045, 50.07313027500004 ], [ 14.406803307000075, 50.073134244000073 ], [ 14.406813870000065, 50.073118507000061 ], [ 14.406664296000031, 50.07311450900005 ], [ 14.406664515000045, 50.07313027500004 ] ] ] ] } },
{ "type": "Feature", "properties": { "objectid": 68084, "zps_id": "20800", "id_poskyt": 38, "shape_area_1": 0.0, "globalid": "{C6C731B5-2922-41BD-B0E5-0E777A568223}", "shape_Length": 0.00019659168354461504, "shape_Area": 1.3898179795786482e-09 }, "geometry": { "type": "MultiPolygon", "coordinates": [ [ [ [ 14.389654772000029, 50.074045752000075 ], [ 14.389644439000051, 50.074031001000037 ], [ 14.389567438000029, 50.074054402000058 ], [ 14.389579253000022, 50.074069285000064 ], [ 14.389654772000029, 50.074045752000075 ] ] ] ] } },
{ "type": "Feature", "properties": { "objectid": 68085, "zps_id": "10380", "id_poskyt": 38, "shape_area_1": 0.0, "globalid": "{D51D9E9B-BBD9-4A16-AE08-A50CB2DD968F}", "shape_Length": 0.00052089551666132739, "shape_Area": 1.092794131289674e-08 }, "geometry": { "type": "MultiPolygon", "coordinates": [ [ [ [ 14.398207389000049, 50.071303084000078 ], [ 14.39804898400007, 50.071265289000053 ], [ 14.398030792000043, 50.071292799000048 ], [ 14.398069931000066, 50.071303109000041 ], [ 14.398054175000027, 50.071332279000046 ], [ 14.398227488000032, 50.071373550000033 ], [ 14.398207389000049, 50.071303084000078 ] ] ] ] } },
{ "type": "Feature", "properties": { "objectid": 68086, "zps_id": "7335", "id_poskyt": 38, "shape_area_1": 0.0, "globalid": "{A41671C0-64E2-45DB-B25F-E628502310FD}", "shape_Length": 0.00058175698995557358, "shape_Area": 9.8596279167493295e-09 }, "geometry": { "type": "MultiPolygon", "coordinates": [ [ [ [ 14.404751287000067, 50.073201451000045 ], [ 14.404713396000034, 50.073160614000074 ], [ 14.404479191000064, 50.073161893000076 ], [ 14.404514681000023, 50.073204196000063 ], [ 14.404751287000067, 50.073201451000045 ] ] ] ] } },
{ "type": "Feature", "properties": { "objectid": 68087, "zps_id": "7336", "id_poskyt": 38, "shape_area_1": 0.0, "globalid": "{AF02B512-D9FB-4F2F-A5E3-4D3F81CF2159}", "shape_Length": 0.00051304099198197712, "shape_Area": 4.4251074968326513e-09 }, "geometry": { "type": "MultiPolygon", "coordinates": [ [ [ [ 14.405626664000067, 50.07310420500005 ], [ 14.405624095000064, 50.073085515000059 ], [ 14.405386974000066, 50.073090403000037 ], [ 14.405388198000026, 50.073108855000044 ], [ 14.405626664000067, 50.07310420500005 ] ] ] ] } },
{ "type": "Feature", "properties": { "objectid": 68088, "zps_id": "10373", "id_poskyt": 38, "shape_area_1": 0.0, "globalid": "{4490C593-02E4-4A9B-9175-64B67220D546}", "shape_Length": 0.00041087395268085323, "shape_Area": 8.0829569433205817e-09 }, "geometry": { "type": "MultiPolygon", "coordinates": [ [ [ [ 14.40339436000005, 50.068824125000049 ], [ 14.403443293000066, 50.06885440700006 ], [ 14.403481214000067, 50.06871092800003 ], [ 14.403433707000033, 50.06868077300004 ], [ 14.40339436000005, 50.068824125000049 ] ] ] ] } },
{ "type": "Feature", "properties": { "objectid": 68089, "zps_id": "10376", "id_poskyt": 38, "shape_area_1": 0.0, "globalid": "{EEFC57C2-6D15-4947-A913-D19491C38E45}", "shape_Length": 0.00020961401898412092, "shape_Area": 1.6309107216176576e-09 }, "geometry": { "type": "MultiPolygon", "coordinates": [ [ [ [ 14.399611158000027, 50.071318175000044 ], [ 14.399610113000051, 50.071298759000058 ], [ 14.399523690000024, 50.071301880000078 ], [ 14.399526206000075, 50.071320419000074 ], [ 14.399611158000027, 50.071318175000044 ] ] ] ] } },
{ "type": "Feature", "properties": { "objectid": 68090, "zps_id": "7161", "id_poskyt": 38, "shape_area_1": 0.0, "globalid": "{66BA341A-E786-464B-8391-F5DFB5883D9C}", "shape_Length": 0.00021018704468877847, "shape_Area": 1.9248753321177389e-09 }, "geometry": { "type": "MultiPolygon", "coordinates": [ [ [ [ 14.409588531000054, 50.059112609000067 ], [ 14.409612725000045, 50.05911253000005 ], [ 14.409617069000035, 50.059031757000071 ], [ 14.409593950000044, 50.059030823000057 ], [ 14.409588531000054, 50.059112609000067 ] ] ] ] } },
{ "type": "Feature", "properties": { "objectid": 68091, "zps_id": "10391", "id_poskyt": 38, "shape_area_1": 0.0, "globalid": "{EA168D0C-AF2E-44FF-818B-FB7591459BA0}", "shape_Length": 0.00019206465800862668, "shape_Area": 2.1020996845049747e-09 }, "geometry": { "type": "MultiPolygon", "coordinates": [ [ [ [ 14.38732505400003, 50.071506770000042 ], [ 14.387380961000076, 50.071523973000069 ], [ 14.387399317000074, 50.07150086200005 ], [ 14.387390178000032, 50.071493107000038 ], [ 14.387376664000044, 50.071481621000032 ], [ 14.387364581000043, 50.071467478000045 ], [ 14.38732505400003, 50.071506770000042 ] ] ] ] } },
{ "type": "Feature", "properties": { "objectid": 68092, "zps_id": "7185", "id_poskyt": 38, "shape_area_1": 0.0, "globalid": "{FA103E87-501E-4B5C-8266-7446C4A7A056}", "shape_Length": 0.00016208131299244645, "shape_Area": 1.4858292037320753e-09 }, "geometry": { "type": "MultiPolygon", "coordinates": [ [ [ [ 14.403240500000038, 50.069916656000032 ], [ 14.403269421000061, 50.069918840000071 ], [ 14.40328256600003, 50.069868662000033 ], [ 14.403253726000059, 50.069866104000027 ], [ 14.403240500000038, 50.069916656000032 ] ] ] ] } },
{ "type": "Feature", "properties": { "objectid": 68093, "zps_id": "10375", "id_poskyt": 38, "shape_area_1": 0.0, "globalid": "{3CDD0506-35EB-46D2-A8DD-848708A2A6E6}", "shape_Length": 0.00031100135686624818, "shape_Area": 3.7873021842903039e-09 }, "geometry": { "type": "MultiPolygon", "coordinates": [ [ [ [ 14.40137078600003, 50.070436708000045 ], [ 14.401402312000073, 50.070439506000071 ], [ 14.401430289000075, 50.070318579000059 ], [ 14.401401081000074, 50.070314652000036 ], [ 14.40137078600003, 50.070436708000045 ] ] ] ] } },
{ "type": "Feature", "properties": { "objectid": 68094, "zps_id": "7276", "id_poskyt": 38, "shape_area_1": 0.0, "globalid": "{832D5C7B-9BC5-49DA-8860-11629E5AC295}", "shape_Length": 0.0002311950108288702, "shape_Area": 3.2896583831327011e-09 }, "geometry": { "type": "MultiPolygon", "coordinates": [ [ [ [ 14.408951349000063, 50.060608296000055 ], [ 14.40901548100004, 50.060611279000057 ], [ 14.40902165500006, 50.060560101000078 ], [ 14.408957430000044, 50.060557492000044 ], [ 14.408951349000063, 50.060608296000055 ] ] ] ] } },
{ "type": "Feature", "properties": { "objectid": 68095, "zps_id": "10365", "id_poskyt": 38, "shape_area_1": 0.0, "globalid": "{631EEAA7-53D3-4CE3-93C1-7F3D25958EF9}", "shape_Length": 0.00033258778201686524, "shape_Area": 5.9760020809375995e-09 }, "geometry": { "type": "MultiPolygon", "coordinates": [ [ [ [ 14.405320925000069, 50.072942340000054 ], [ 14.405301648000034, 50.073032345000058 ], [ 14.405372742000054, 50.073010859000078 ], [ 14.405391293000037, 50.072920227000054 ], [ 14.405320925000069, 50.072942340000054 ] ] ] ] } },
{ "type": "Feature", "properties": { "objectid": 68096, "zps_id": "10378", "id_poskyt": 38, "shape_area_1": 0.0, "globalid": "{A872346F-2125-4CDD-9463-F00A5474DE11}", "shape_Length": 0.00067281995553230547, "shape_Area": 2.0457344595851778e-08 }, "geometry": { "type": "MultiPolygon", "coordinates": [ [ [ [ 14.39825451400003, 50.071560796000028 ], [ 14.398287291000031, 50.071558088000074 ], [ 14.398233166000068, 50.071407001000068 ], [ 14.398224566000067, 50.071412708000025 ], [ 14.398211435000064, 50.071414565000055 ], [ 14.398198756000056, 50.071414302000051 ], [ 14.398089955000046, 50.071386944000039 ], [ 14.398072510000077, 50.071415176000073 ], [ 14.39809875800006, 50.071420955000065 ], [ 14.398083020000058, 50.07145063400003 ], [ 14.398107679000077, 50.071457571000053 ], [ 14.398092019000046, 50.071486814000082 ], [ 14.39825451400003, 50.071560796000028 ] ] ] ] } },
{ "type": "Feature", "properties": { "objectid": 68097, "zps_id": "10381", "id_poskyt": 38, "shape_area_1": 0.0, "globalid": "{3F68348F-035D-427E-A0AF-DA0599D48B9F}", "shape_Length": 0.00068163247682883666, "shape_Area": 5.916438957324561e-09 }, "geometry": { "type": "MultiPolygon", "coordinates": [ [ [ [ 14.396848195000075, 50.071470314000067 ], [ 14.396950915000048, 50.071470374000057 ], [ 14.397026724000057, 50.071472893000077 ], [ 14.39707207400005, 50.07147258100008 ], [ 14.397091455000066, 50.07146874700004 ], [ 14.397138807000033, 50.07145210300007 ], [ 14.39708702300004, 50.07145021000008 ], [ 14.396847548000039, 50.071450958000071 ], [ 14.396800791000032, 50.071456456000078 ], [ 14.396848195000075, 50.071470314000067 ] ] ] ] } },
{ "type": "Feature", "properties": { "objectid": 68098, "zps_id": "7321", "id_poskyt": 38, "shape_area_1": 0.0, "globalid": "{23E65BBA-958D-48DF-B7C3-C7B17E0726A6}", "shape_Length": 0.00017052164858460803, "shape_Area": 1.6744826346904333e-09 }, "geometry": { "type": "MultiPolygon", "coordinates": [ [ [ [ 14.403910100000076, 50.07323505200003 ], [ 14.403907605000029, 50.073289569000053 ], [ 14.403938291000031, 50.073290494000048 ], [ 14.403940758000033, 50.073235974000056 ], [ 14.403910100000076, 50.07323505200003 ] ] ] ] } },
{ "type": "Feature", "properties": { "objectid": 68099, "zps_id": "7490", "id_poskyt": 38, "shape_area_1": 0.0, "globalid": "{EF7DFE27-7EAB-4FF6-A30D-610F785C0DF3}", "shape_Length": 0.00037651291336742961, "shape_Area": 3.496710032080267e-09 }, "geometry": { "type": "MultiPolygon", "coordinates": [ [ [ [ 14.402022515000056, 50.07587260400004 ], [ 14.402023791000033, 50.075821482000038 ], [ 14.402023369000062, 50.075804099000038 ], [ 14.402018835000035, 50.075762337000072 ], [ 14.402014211000051, 50.075706561000061 ], [ 14.401993164000032, 50.075708034000058 ], [ 14.401996730000064, 50.075743865000049 ], [ 14.402002182000047, 50.075796611000044 ], [ 14.402003516000036, 50.075809681000067 ], [ 14.401998476000074, 50.075872176000075 ], [ 14.402022515000056, 50.07587260400004 ] ] ] ] } },
{ "type": "Feature", "properties": { "objectid": 68100, "zps_id": "10379", "id_poskyt": 38, "shape_area_1": 0.0, "globalid": "{218D0CE8-F21C-4F61-9711-DE6CD295A983}", "shape_Length": 0.00076089115790882488, "shape_Area": 2.7007777857518746e-08 }, "geometry": { "type": "MultiPolygon", "coordinates": [ [ [ [ 14.398362332000033, 50.071390921000045 ], [ 14.398380409000026, 50.071390001000054 ], [ 14.398384435000025, 50.071384250000051 ], [ 14.398497552000038, 50.071281373000033 ], [ 14.398461185000031, 50.071263396000063 ], [ 14.398487910000028, 50.071237722000035 ], [ 14.398448248000022, 50.071219453000026 ], [ 14.398476771000048, 50.07119322300008 ], [ 14.398412202000031, 50.071163394000052 ], [ 14.398287621000065, 50.071178946000032 ], [ 14.398322543000063, 50.071242820000066 ], [ 14.398362332000033, 50.071390921000045 ] ] ] ] } },
{ "type": "Feature", "properties": { "objectid": 68101, "zps_id": "10377", "id_poskyt": 38, "shape_area_1": 0.0, "globalid": "{814A48BF-31A9-4F2B-8ED6-E37648913310}", "shape_Length": 0.00053476500346681883, "shape_Area": 1.3518821101225229e-08 }, "geometry": { "type": "MultiPolygon", "coordinates": [ [ [ [ 14.398416088000033, 50.071573406000027 ], [ 14.398435052000025, 50.071572503000027 ], [ 14.398548430000062, 50.071472091000032 ], [ 14.398509403000048, 50.071453958000063 ], [ 14.398537198000042, 50.071427509000046 ], [ 14.398497429000031, 50.071409738000057 ], [ 14.398472781000066, 50.071430858000042 ], [ 14.398451611000041, 50.071438899000043 ], [ 14.398432464000052, 50.071440658000029 ], [ 14.398399131000076, 50.07144287300008 ], [ 14.398416088000033, 50.071573406000027 ] ] ] ] } },
{ "type": "Feature", "properties": { "objectid": 68102, "zps_id": "10367", "id_poskyt": 38, "shape_area_1": 0.0, "globalid": "{4CF77DD2-33EA-46D0-8DBC-02AD454DEC42}", "shape_Length": 0.00096998321311769808, "shape_Area": 1.8551618024516072e-08 }, "geometry": { "type": "MultiPolygon", "coordinates": [ [ [ [ 14.408541198000023, 50.074504250000075 ], [ 14.408437608000042, 50.074520078000035 ], [ 14.408451059000072, 50.074537943000053 ], [ 14.408504229000073, 50.074537666000026 ], [ 14.408566228000041, 50.074541348000082 ], [ 14.408650132000048, 50.07455244700003 ], [ 14.408702441000059, 50.074561459000051 ], [ 14.408747947000052, 50.074576368000066 ], [ 14.408771530000024, 50.074590639000064 ], [ 14.408798958000034, 50.074608037000075 ], [ 14.408823090000055, 50.074627730000032 ], [ 14.408887785000047, 50.074619735000056 ], [ 14.408865439000067, 50.074591369000075 ], [ 14.408791973000064, 50.074527040000078 ], [ 14.408541198000023, 50.074504250000075 ] ] ] ] } },
{ "type": "Feature", "properties": { "objectid": 68103, "zps_id": "11921", "id_poskyt": 38, "shape_area_1": 0.0, "globalid": "{3F237534-8AD1-4AFB-94D3-D4803F66AF6E}", "shape_Length": 0.00064489224068122201, "shape_Area": 6.1289059632641261e-09 }, "geometry": { "type": "MultiPolygon", "coordinates": [ [ [ [ 14.401037551000059, 50.096165965000068 ], [ 14.401321714000062, 50.096265285000072 ], [ 14.401335107000023, 50.096247559000062 ], [ 14.401050619000046, 50.096149752000031 ], [ 14.401037551000059, 50.096165965000068 ] ] ] ] } },
{ "type": "Feature", "properties": { "objectid": 68104, "zps_id": "11994", "id_poskyt": 38, "shape_area_1": 0.0, "globalid": "{ACBCA821-5FBD-4734-A55C-9C993FF95F3A}", "shape_Length": 0.00027414921258508182, "shape_Area": 3.1004252153598113e-09 }, "geometry": { "type": "MultiPolygon", "coordinates": [ [ [ [ 14.364131543000042, 50.084159708000072 ], [ 14.364161440000032, 50.084162370000058 ], [ 14.364179132000061, 50.084055848000048 ], [ 14.364151913000057, 50.084052862000078 ], [ 14.364131543000042, 50.084159708000072 ] ] ] ] } },
{ "type": "Feature", "properties": { "objectid": 68105, "zps_id": "8726", "id_poskyt": 38, "shape_area_1": 0.0, "globalid": "{A85DE477-8E12-420E-8649-CFBA3C681D2B}", "shape_Length": 0.0002446217548141889, "shape_Area": 2.0212743963092687e-09 }, "geometry": { "type": "MultiPolygon", "coordinates": [ [ [ [ 14.345024735000038, 50.088124116000074 ], [ 14.345124245000022, 50.088149957000041 ], [ 14.345134115000064, 50.088134344000082 ], [ 14.345121936000055, 50.088128919000042 ], [ 14.345035391000067, 50.088106484000036 ], [ 14.345024735000038, 50.088124116000074 ] ] ] ] } },
{ "type": "Feature", "properties": { "objectid": 68106, "zps_id": "7655", "id_poskyt": 38, "shape_area_1": 0.0, "globalid": "{D33D3CE6-977C-4090-B524-64EB03E03F3E}", "shape_Length": 0.00022707671358190843, "shape_Area": 2.0150445532718806e-09 }, "geometry": { "type": "MultiPolygon", "coordinates": [ [ [ [ 14.34498491100004, 50.088343679000047 ], [ 14.345072365000021, 50.088365632000034 ], [ 14.345084417000066, 50.088345784000069 ], [ 14.344997013000068, 50.088323537000065 ], [ 14.34498491100004, 50.088343679000047 ] ] ] ] } },
{ "type": "Feature", "properties": { "objectid": 68107, "zps_id": "8829", "id_poskyt": 38, "shape_area_1": 0.0, "globalid": "{AA63C844-3036-453B-9F47-809E463DB811}", "shape_Length": 0.0010339813488884281, "shape_Area": 1.0480290655816396e-08 }, "geometry": { "type": "MultiPolygon", "coordinates": [ [ [ [ 14.390560912000069, 50.095047031000036 ], [ 14.390597305000028, 50.095064240000056 ], [ 14.390698691000068, 50.095095951000076 ], [ 14.390793793000057, 50.095125707000079 ], [ 14.390895178000051, 50.095157419000031 ], [ 14.390980976000037, 50.095181491000062 ], [ 14.391034730000058, 50.095195186000069 ], [ 14.391047864000029, 50.095179208000047 ], [ 14.39096150000006, 50.09515502000005 ], [ 14.390842874000043, 50.095120144000077 ], [ 14.390719657000034, 50.095080431000042 ], [ 14.390655150000043, 50.095058003000076 ], [ 14.390577500000063, 50.095031014000028 ], [ 14.390560912000069, 50.095047031000036 ] ] ] ] } },
{ "type": "Feature", "properties": { "objectid": 68108, "zps_id": "8081", "id_poskyt": 38, "shape_area_1": 0.0, "globalid": "{C537DDDB-4CDB-4885-9A47-F452B681F334}", "shape_Length": 0.00026944095863228653, "shape_Area": 2.7688909109224777e-09 }, "geometry": { "type": "MultiPolygon", "coordinates": [ [ [ [ 14.411115116000076, 50.099275947000081 ], [ 14.411140764000038, 50.099280179000061 ], [ 14.411178203000077, 50.099177961000066 ], [ 14.411152673000061, 50.099173902000075 ], [ 14.411115116000076, 50.099275947000081 ] ] ] ] } },
{ "type": "Feature", "properties": { "objectid": 68109, "zps_id": "8829", "id_poskyt": 38, "shape_area_1": 0.0, "globalid": "{BC647F9B-2844-4663-AEED-540418E699E4}", "shape_Length": 0.00039785650218529913, "shape_Area": 3.4739923740874616e-09 }, "geometry": { "type": "MultiPolygon", "coordinates": [ [ [ [ 14.391581419000033, 50.095313558000043 ], [ 14.391757873000074, 50.095343275000062 ], [ 14.391765518000057, 50.095324675000029 ], [ 14.391588802000058, 50.095295325000052 ], [ 14.391581419000033, 50.095313558000043 ] ] ] ] } },
{ "type": "Feature", "properties": { "objectid": 68110, "zps_id": "8826", "id_poskyt": 38, "shape_area_1": 0.0, "globalid": "{B0BC834A-E302-4A92-A332-2EDBD3CF9FC0}", "shape_Length": 0.00029156555734149102, "shape_Area": 2.9103053701755495e-09 }, "geometry": { "type": "MultiPolygon", "coordinates": [ [ [ [ 14.400836315000049, 50.105064431000073 ], [ 14.400918700000034, 50.105151653000064 ], [ 14.400941785000043, 50.105142183000055 ], [ 14.40086072400004, 50.105053726000051 ], [ 14.400836315000049, 50.105064431000073 ] ] ] ] } },
{ "type": "Feature", "properties": { "objectid": 68111, "zps_id": "8809", "id_poskyt": 38, "shape_area_1": 0.0, "globalid": "{AEC85DDD-77FD-4B81-9FA8-EAE05FA1884A}", "shape_Length": 0.00103619842594356, "shape_Area": 1.019922761440032e-08 }, "geometry": { "type": "MultiPolygon", "coordinates": [ [ [ [ 14.407364709000035, 50.102276975000052 ], [ 14.407417462000069, 50.102316330000065 ], [ 14.407462676000023, 50.102357032000043 ], [ 14.407494535000069, 50.102382529000067 ], [ 14.407524484000078, 50.102402527000038 ], [ 14.407547818000069, 50.102414605000035 ], [ 14.40757508400003, 50.102427695000074 ], [ 14.407605412000066, 50.102441057000078 ], [ 14.407644766000033, 50.102455881000026 ], [ 14.407676944000059, 50.102465404000043 ], [ 14.407709265000051, 50.102474269000027 ], [ 14.407735167000055, 50.102479231000075 ], [ 14.407776203000026, 50.102486209000062 ], [ 14.407810528000027, 50.102489911000077 ], [ 14.407810657000027, 50.102489924000054 ], [ 14.407815676000041, 50.102473767000049 ], [ 14.407815747000029, 50.102473540000062 ], [ 14.407791039000074, 50.102470179000079 ], [ 14.407738082000037, 50.102460821000079 ], [ 14.40769849000003, 50.102451975000065 ], [ 14.407661215000076, 50.102442 ], [ 14.407638471000041, 50.102431980000063 ], [ 14.40760903000006, 50.102419359000066 ], [ 14.407586284000047, 50.102409338000029 ], [ 14.407562066000025, 50.102396518000035 ], [ 14.407534657000042, 50.102384087000075 ], [ 14.407478382000022, 50.102341742000078 ], [ 14.407405689000029, 50.102279272000033 ], [ 14.407382187000053, 50.102263177000054 ], [ 14.407364709000035, 50.102276975000052 ] ] ] ] } },
{ "type": "Feature", "properties": { "objectid": 68112, "zps_id": "11920", "id_poskyt": 38, "shape_area_1": 0.0, "globalid": "{641A07C7-A69A-486F-BC96-768ACB31E860}", "shape_Length": 0.00030967827612186466, "shape_Area": 4.6801109251973799e-09 }, "geometry": { "type": "MultiPolygon", "coordinates": [ [ [ [ 14.401352381000038, 50.09624253000004 ], [ 14.40145439500003, 50.096278987000062 ], [ 14.401484647000075, 50.096244222000053 ], [ 14.401381552000032, 50.096207287000027 ], [ 14.401352381000038, 50.09624253000004 ] ] ] ] } },
{ "type": "Feature", "properties": { "objectid": 68113, "zps_id": "22133", "id_poskyt": 38, "shape_area_1": 0.0, "globalid": "{6E1EEC0E-B3F6-4B8C-A52F-5ACCC939BA6C}", "shape_Length": 0.00020244688920440868, "shape_Area": 1.6211990430727167e-09 }, "geometry": { "type": "MultiPolygon", "coordinates": [ [ [ [ 14.407392357000049, 50.096781981000049 ], [ 14.407402149000063, 50.096763272000032 ], [ 14.407324128000027, 50.09674685300007 ], [ 14.407313671000054, 50.096765241000071 ], [ 14.407392357000049, 50.096781981000049 ] ] ] ] } },
{ "type": "Feature", "properties": { "objectid": 68114, "zps_id": "11940", "id_poskyt": 38, "shape_area_1": 0.0, "globalid": "{DC7B52CE-0ADC-484E-8BE2-DFC321843B3C}", "shape_Length": 0.00074830132480219929, "shape_Area": 1.6150084223472887e-08 }, "geometry": { "type": "MultiPolygon", "coordinates": [ [ [ [ 14.400523552000038, 50.100385221000067 ], [ 14.400564050000071, 50.10034545600007 ], [ 14.400453982000045, 50.100046788000043 ], [ 14.40041530600007, 50.100086153000063 ], [ 14.400523552000038, 50.100385221000067 ] ] ] ] } },
{ "type": "Feature", "properties": { "objectid": 68115, "zps_id": "9036", "id_poskyt": 38, "shape_area_1": 0.0, "globalid": "{4E6963DE-74AF-40F0-AABE-D0809329EA39}", "shape_Length": 0.00067414845279855089, "shape_Area": 6.6713957480608308e-09 }, "geometry": { "type": "MultiPolygon", "coordinates": [ [ [ [ 14.375574292000067, 50.102157186000056 ], [ 14.375809884000034, 50.102192129000059 ], [ 14.375883298000076, 50.102208458000064 ], [ 14.375893006000069, 50.102186921000055 ], [ 14.375816642000075, 50.102170791000049 ], [ 14.375579047000031, 50.102138466000042 ], [ 14.375574292000067, 50.102157186000056 ] ] ] ] } },
{ "type": "Feature", "properties": { "objectid": 68116, "zps_id": "7687", "id_poskyt": 38, "shape_area_1": 0.0, "globalid": "{FCBB3610-11C6-4593-B2BC-26DD5C2AC84E}", "shape_Length": 0.000199956862499742, "shape_Area": 1.7704409651389622e-09 }, "geometry": { "type": "MultiPolygon", "coordinates": [ [ [ [ 14.405116884000051, 50.096807439000031 ], [ 14.405183890000046, 50.096802036000042 ], [ 14.405200768000043, 50.096774035000067 ], [ 14.405131658000073, 50.096780624000075 ], [ 14.405116884000051, 50.096807439000031 ] ] ] ] } },
{ "type": "Feature", "properties": { "objectid": 68117, "zps_id": "11943", "id_poskyt": 38, "shape_area_1": 0.0, "globalid": "{ADAC94C8-DB8E-4D7D-BA52-27176554FBC5}", "shape_Length": 0.0013808595939334737, "shape_Area": 1.2689177973285854e-08 }, "geometry": { "type": "MultiPolygon", "coordinates": [ [ [ [ 14.399478831000067, 50.100685156000054 ], [ 14.400148604000037, 50.100636731000066 ], [ 14.400144715000067, 50.100618596000061 ], [ 14.399475164000023, 50.100665934000062 ], [ 14.399478831000067, 50.100685156000054 ] ] ] ] } },
{ "type": "Feature", "properties": { "objectid": 68118, "zps_id": "8257", "id_poskyt": 38, "shape_area_1": 0.0, "globalid": "{461D452D-319E-42A9-9560-64552EF52E15}", "shape_Length": 0.00029166776572681178, "shape_Area": 3.3200806624515801e-09 }, "geometry": { "type": "MultiPolygon", "coordinates": [ [ [ [ 14.407676536000054, 50.09712888200005 ], [ 14.407704871000021, 50.097136694000028 ], [ 14.407767423000053, 50.097038998000073 ], [ 14.407738084000073, 50.097030788000041 ], [ 14.407676536000054, 50.09712888200005 ] ] ] ] } },
{ "type": "Feature", "properties": { "objectid": 68119, "zps_id": "8557", "id_poskyt": 38, "shape_area_1": 0.0, "globalid": "{938CCE78-8C11-4EC6-96E7-10DDB3559860}", "shape_Length": 0.00015778439007173252, "shape_Area": 1.4603673876134381e-09 }, "geometry": { "type": "MultiPolygon", "coordinates": [ [ [ [ 14.404076598000074, 50.099478473000033 ], [ 14.40410650900003, 50.099476115000073 ], [ 14.404099420000023, 50.099428 ], [ 14.404069670000069, 50.099429609000026 ], [ 14.404076598000074, 50.099478473000033 ] ] ] ] } },
{ "type": "Feature", "properties": { "objectid": 68120, "zps_id": "8557", "id_poskyt": 38, "shape_area_1": 0.0, "globalid": "{5EA51D30-60BF-4CBF-A8B4-3769BEA3085F}", "shape_Length": 0.00025592699857070238, "shape_Area": 2.9590183781751447e-09 }, "geometry": { "type": "MultiPolygon", "coordinates": [ [ [ [ 14.404063152000049, 50.099390041000049 ], [ 14.40409306500004, 50.09938767400007 ], [ 14.404080214000032, 50.099290799000073 ], [ 14.404049624000038, 50.09929349600003 ], [ 14.404063152000049, 50.099390041000049 ] ] ] ] } },
{ "type": "Feature", "properties": { "objectid": 68121, "zps_id": "11932", "id_poskyt": 38, "shape_area_1": 0.0, "globalid": "{B35B6FFB-91CA-4F9B-9F4E-B096E6068DEC}", "shape_Length": 0.00030197136637710839, "shape_Area": 5.4298892883766639e-09 }, "geometry": { "type": "MultiPolygon", "coordinates": [ [ [ [ 14.407168428000034, 50.102221522000036 ], [ 14.407228123000039, 50.102225842000053 ], [ 14.407247138000059, 50.102137074000041 ], [ 14.407185813000069, 50.102133476000063 ], [ 14.407185626000057, 50.102133465000065 ], [ 14.407168428000034, 50.102221522000036 ] ] ] ] } },
{ "type": "Feature", "properties": { "objectid": 68122, "zps_id": "11923", "id_poskyt": 38, "shape_area_1": 0.0, "globalid": "{DADAC6C4-9A43-47A2-B015-12FC68E280BD}", "shape_Length": 0.00032863468049279277, "shape_Area": 3.8258600217146233e-09 }, "geometry": { "type": "MultiPolygon", "coordinates": [ [ [ [ 14.414021799000068, 50.102364788000045 ], [ 14.413993478000066, 50.102496995000081 ], [ 14.414021836000074, 50.102499125000065 ], [ 14.414050401000054, 50.102365779000081 ], [ 14.414021799000068, 50.102364788000045 ] ] ] ] } },
{ "type": "Feature", "properties": { "objectid": 68123, "zps_id": "11923", "id_poskyt": 38, "shape_area_1": 0.0, "globalid": "{7BF9F5B5-BFA6-4A5D-A8D4-79A32FD8D414}", "shape_Length": 0.00015609044347303087, "shape_Area": 1.3774644070074209e-09 }, "geometry": { "type": "MultiPolygon", "coordinates": [ [ [ [ 14.414041114000042, 50.102266137000072 ], [ 14.414032263000024, 50.102315915000077 ], [ 14.414060107000068, 50.102317610000057 ], [ 14.414067863000071, 50.10226734500003 ], [ 14.414041114000042, 50.102266137000072 ] ] ] ] } },
{ "type": "Feature", "properties": { "objectid": 68124, "zps_id": "11934", "id_poskyt": 38, "shape_area_1": 0.0, "globalid": "{1F38ADAC-97CE-49C4-AFF4-444C6BF68F22}", "shape_Length": 0.0008517540590019879, "shape_Area": 2.1822059070955286e-08 }, "geometry": { "type": "MultiPolygon", "coordinates": [ [ [ [ 14.407023004000052, 50.101484169000059 ], [ 14.407084586000053, 50.101462944000048 ], [ 14.407102731000066, 50.101102352000055 ], [ 14.407040871000049, 50.101124878000064 ], [ 14.407023004000052, 50.101484169000059 ] ] ] ] } },
{ "type": "Feature", "properties": { "objectid": 68125, "zps_id": "11925", "id_poskyt": 38, "shape_area_1": 0.0, "globalid": "{BE4C4ADE-7A8F-45BA-A781-07C5087C5C22}", "shape_Length": 0.00017724686374746208, "shape_Area": 1.9168690790458557e-09 }, "geometry": { "type": "MultiPolygon", "coordinates": [ [ [ [ 14.414024623000046, 50.101787107000064 ], [ 14.414034448000052, 50.101836045000027 ], [ 14.414073020000046, 50.101832844000057 ], [ 14.414062697000077, 50.101783527000066 ], [ 14.414024623000046, 50.101787107000064 ] ] ] ] } },
{ "type": "Feature", "properties": { "objectid": 68126, "zps_id": "11926", "id_poskyt": 38, "shape_area_1": 0.0, "globalid": "{0EE85017-20C0-4CA2-9A43-3E940E9B1A89}", "shape_Length": 0.00066901371925978236, "shape_Area": 7.3302221380244826e-09 }, "geometry": { "type": "MultiPolygon", "coordinates": [ [ [ [ 14.413562056000046, 50.101111950000075 ], [ 14.413617630000033, 50.101166283000055 ], [ 14.413689824000073, 50.101246801000059 ], [ 14.413762048000024, 50.101343912000061 ], [ 14.413787632000037, 50.101336522000054 ], [ 14.413698952000061, 50.101220971000032 ], [ 14.41363440300006, 50.101149626000051 ], [ 14.413585174000048, 50.101102036000043 ], [ 14.413562056000046, 50.101111950000075 ] ] ] ] } },
{ "type": "Feature", "properties": { "objectid": 68127, "zps_id": "8560", "id_poskyt": 38, "shape_area_1": 0.0, "globalid": "{8881FD26-2DAD-4133-B6D3-526E4B6626A4}", "shape_Length": 0.00020639637195166805, "shape_Area": 1.970806902264488e-09 }, "geometry": { "type": "MultiPolygon", "coordinates": [ [ [ [ 14.411140242000045, 50.099280442000065 ], [ 14.411114594000026, 50.099276209000038 ], [ 14.411087783000028, 50.099348956000028 ], [ 14.411113823000051, 50.099352353000029 ], [ 14.411140242000045, 50.099280442000065 ] ] ] ] } },
{ "type": "Feature", "properties": { "objectid": 68128, "zps_id": "8560", "id_poskyt": 38, "shape_area_1": 0.0, "globalid": "{D3657B9E-E8C0-45EB-AF10-B9E83B80CC17}", "shape_Length": 0.00014753406467363711, "shape_Area": 1.2221709852934542e-09 }, "geometry": { "type": "MultiPolygon", "coordinates": [ [ [ [ 14.411062668000056, 50.099416689000066 ], [ 14.411046056000032, 50.099461514000041 ], [ 14.411072183000044, 50.099465163000048 ], [ 14.411088514000028, 50.099420922000036 ], [ 14.411062668000056, 50.099416689000066 ] ] ] ] } },
{ "type": "Feature", "properties": { "objectid": 68129, "zps_id": "8193", "id_poskyt": 38, "shape_area_1": 0.0, "globalid": "{080F3A88-4B66-4BE8-91F9-4CC2D38B72C8}", "shape_Length": 0.0003510324338621614, "shape_Area": 2.7379323755802393e-09 }, "geometry": { "type": "MultiPolygon", "coordinates": [ [ [ [ 14.408797134000054, 50.09894999900007 ], [ 14.408953127000075, 50.098973354000066 ], [ 14.408959788000061, 50.098956946000044 ], [ 14.408804023000073, 50.098933320000071 ], [ 14.408797134000054, 50.09894999900007 ] ] ] ] } },
{ "type": "Feature", "properties": { "objectid": 68130, "zps_id": "8447", "id_poskyt": 38, "shape_area_1": 0.0, "globalid": "{C9601DBE-9D86-44A6-A740-FC8D502987AA}", "shape_Length": 0.0018311207823942079, "shape_Area": 1.6908016002469674e-08 }, "geometry": { "type": "MultiPolygon", "coordinates": [ [ [ [ 14.40074650400004, 50.10401437400003 ], [ 14.400756613000055, 50.103997572000026 ], [ 14.399886399000025, 50.103784966000035 ], [ 14.399876224000025, 50.103802070000029 ], [ 14.40074650400004, 50.10401437400003 ] ] ] ] } },
{ "type": "Feature", "properties": { "objectid": 68131, "zps_id": "8185", "id_poskyt": 38, "shape_area_1": 0.0, "globalid": "{C875E28D-0D7D-4CC9-A46E-469C445AD73B}", "shape_Length": 0.0018940235117533759, "shape_Area": 3.5868066488776526e-08 }, "geometry": { "type": "MultiPolygon", "coordinates": [ [ [ [ 14.413004516000058, 50.102095764000069 ], [ 14.41303808400005, 50.102139925000074 ], [ 14.413118326000074, 50.102149375000067 ], [ 14.413366238000037, 50.102172487000075 ], [ 14.413523923000071, 50.102184240000042 ], [ 14.413928486000032, 50.102203966000047 ], [ 14.413896329000067, 50.102164422000044 ], [ 14.413496597000062, 50.102142348000029 ], [ 14.413307136000071, 50.102126129000055 ], [ 14.413004516000058, 50.102095764000069 ] ] ] ] } },
{ "type": "Feature", "properties": { "objectid": 68132, "zps_id": "11928", "id_poskyt": 38, "shape_area_1": 0.0, "globalid": "{147AF816-2C7E-4E56-AF12-615D9F22B8A0}", "shape_Length": 0.00088844508249651599, "shape_Area": 8.6958109165516341e-09 }, "geometry": { "type": "MultiPolygon", "coordinates": [ [ [ [ 14.412614765000058, 50.100493776000064 ], [ 14.412768536000044, 50.100557580000043 ], [ 14.412887668000053, 50.100609439000038 ], [ 14.412994830000059, 50.10066693400006 ], [ 14.413015309000059, 50.100649970000063 ], [ 14.412903441000026, 50.100594627000078 ], [ 14.412779922000027, 50.10054083600005 ], [ 14.412630104000073, 50.100478154000029 ], [ 14.412614765000058, 50.100493776000064 ] ] ] ] } },
{ "type": "Feature", "properties": { "objectid": 68133, "zps_id": "11928", "id_poskyt": 38, "shape_area_1": 0.0, "globalid": "{1262044E-5D19-4668-A4A2-C00B0224F164}", "shape_Length": 0.00024549842118617689, "shape_Area": 1.982721170098688e-09 }, "geometry": { "type": "MultiPolygon", "coordinates": [ [ [ [ 14.412456462000023, 50.100431504000028 ], [ 14.412550739000039, 50.100467647000073 ], [ 14.41256601200007, 50.100452401000041 ], [ 14.41247054400003, 50.100416152000037 ], [ 14.412456462000023, 50.100431504000028 ] ] ] ] } },
{ "type": "Feature", "properties": { "objectid": 68134, "zps_id": "11927", "id_poskyt": 38, "shape_area_1": 0.0, "globalid": "{9EDB1571-5197-4290-A56F-6EA893E0C28E}", "shape_Length": 0.00078448273975015585, "shape_Area": 8.4638051834745324e-09 }, "geometry": { "type": "MultiPolygon", "coordinates": [ [ [ [ 14.413304409000034, 50.100840917000028 ], [ 14.413414957000043, 50.100913243000036 ], [ 14.413515112000027, 50.100991992000047 ], [ 14.413595627000063, 50.101061657000059 ], [ 14.413618408000048, 50.101050551000071 ], [ 14.413538139000025, 50.100979746000064 ], [ 14.413444584000047, 50.100906610000038 ], [ 14.413324565000039, 50.100828036000053 ], [ 14.413304409000034, 50.100840917000028 ] ] ] ] } },
{ "type": "Feature", "properties": { "objectid": 68135, "zps_id": "11953", "id_poskyt": 38, "shape_area_1": 0.0, "globalid": "{5D6E5EFD-3B03-422D-9FE5-E6AB843BB434}", "shape_Length": 0.0026848802790839454, "shape_Area": 3.4014071274540923e-08 }, "geometry": { "type": "MultiPolygon", "coordinates": [ [ [ [ 14.392264922000038, 50.100315605000048 ], [ 14.393587944000046, 50.100384662000067 ], [ 14.393562497000062, 50.100378302000081 ], [ 14.393551682000066, 50.100369127000079 ], [ 14.393545510000024, 50.100356254000076 ], [ 14.39226850700004, 50.100289239000062 ], [ 14.392264922000038, 50.100315605000048 ] ] ] ] } },
{ "type": "Feature", "properties": { "objectid": 68136, "zps_id": "11947", "id_poskyt": 38, "shape_area_1": 0.0, "globalid": "{0E5D6656-9751-45A8-9FE1-804FC392B9D7}", "shape_Length": 0.00057416408956280048, "shape_Area": 6.6954206144649626e-09 }, "geometry": { "type": "MultiPolygon", "coordinates": [ [ [ [ 14.401101544000028, 50.108091271000035 ], [ 14.401127852000059, 50.108100737000029 ], [ 14.401297917000022, 50.107905078000044 ], [ 14.401272216000052, 50.107895666000047 ], [ 14.401101544000028, 50.108091271000035 ] ] ] ] } },
{ "type": "Feature", "properties": { "objectid": 68137, "zps_id": "9075", "id_poskyt": 38, "shape_area_1": 0.0, "globalid": "{41A4ECAE-BFCA-4705-A322-3FDF5299A294}", "shape_Length": 0.00087828300274767567, "shape_Area": 8.5364694442688554e-09 }, "geometry": { "type": "MultiPolygon", "coordinates": [ [ [ [ 14.389718429000027, 50.100169175000076 ], [ 14.390143799000043, 50.100184488000082 ], [ 14.389927542000066, 50.100149158000079 ], [ 14.389719905000049, 50.100143420000052 ], [ 14.389718429000027, 50.100169175000076 ] ] ] ] } },
{ "type": "Feature", "properties": { "objectid": 68138, "zps_id": "8183", "id_poskyt": 38, "shape_area_1": 0.0, "globalid": "{97AA4610-5268-4588-A74D-BDAF761E8684}", "shape_Length": 0.00025337439706490212, "shape_Area": 2.9912710159184205e-09 }, "geometry": { "type": "MultiPolygon", "coordinates": [ [ [ [ 14.394356310000035, 50.099775864000037 ], [ 14.394401795000022, 50.09981194900007 ], [ 14.39446963000006, 50.099798302000067 ], [ 14.39442278100006, 50.099763311000061 ], [ 14.394356310000035, 50.099775864000037 ] ] ] ] } },
{ "type": "Feature", "properties": { "objectid": 68139, "zps_id": "11946", "id_poskyt": 38, "shape_area_1": 0.0, "globalid": "{15471236-0397-4B91-B403-B532FF506891}", "shape_Length": 0.00062803850061092243, "shape_Area": 1.1437760884846254e-08 }, "geometry": { "type": "MultiPolygon", "coordinates": [ [ [ [ 14.399699565000049, 50.10531411900007 ], [ 14.399950486000023, 50.10542451200007 ], [ 14.399952030000065, 50.105415002000029 ], [ 14.399978608000026, 50.105389050000042 ], [ 14.399757335000061, 50.105289645000028 ], [ 14.399745563000067, 50.105290852000053 ], [ 14.399721175000025, 50.105308956000044 ], [ 14.399713011000074, 50.105312089000051 ], [ 14.399699565000049, 50.10531411900007 ] ] ] ] } },
{ "type": "Feature", "properties": { "objectid": 68140, "zps_id": "11967", "id_poskyt": 38, "shape_area_1": 0.0, "globalid": "{AA11DEA5-C860-44E4-9FCF-6B1EB367DAFC}", "shape_Length": 0.00075422288092183768, "shape_Area": 8.8326025330550698e-09 }, "geometry": { "type": "MultiPolygon", "coordinates": [ [ [ [ 14.361906870000041, 50.098271206000049 ], [ 14.362276827000073, 50.098304145000043 ], [ 14.362205456000027, 50.098267547000034 ], [ 14.361985759000049, 50.098248549000061 ], [ 14.361906870000041, 50.098271206000049 ] ] ] ] } },
{ "type": "Feature", "properties": { "objectid": 68141, "zps_id": "11969", "id_poskyt": 38, "shape_area_1": 0.0, "globalid": "{B471CDEB-8829-42EC-AC82-A8272A673C0D}", "shape_Length": 0.00070262603558946663, "shape_Area": 6.6480520951914927e-09 }, "geometry": { "type": "MultiPolygon", "coordinates": [ [ [ [ 14.347635920000073, 50.095816127000035 ], [ 14.347977349000075, 50.095876262000047 ], [ 14.347931885000037, 50.095844759000045 ], [ 14.347695965000071, 50.095804116000068 ], [ 14.347635920000073, 50.095816127000035 ] ] ] ] } },
{ "type": "Feature", "properties": { "objectid": 68142, "zps_id": "8315", "id_poskyt": 38, "shape_area_1": 0.0, "globalid": "{91CFEA82-DF35-477E-8EC2-F2EB9F812111}", "shape_Length": 0.00020187034914464878, "shape_Area": 2.0305217745740536e-09 }, "geometry": { "type": "MultiPolygon", "coordinates": [ [ [ [ 14.387676615000032, 50.101133897000068 ], [ 14.387667194000073, 50.101206127000069 ], [ 14.38769506400007, 50.101207630000033 ], [ 14.387704475000078, 50.101135001000046 ], [ 14.387676615000032, 50.101133897000068 ] ] ] ] } },
{ "type": "Feature", "properties": { "objectid": 68143, "zps_id": "8594", "id_poskyt": 38, "shape_area_1": 0.0, "globalid": "{63C41079-A015-49B7-B323-9F4057CF488B}", "shape_Length": 0.00046925935451441118, "shape_Area": 4.3036472905212125e-09 }, "geometry": { "type": "MultiPolygon", "coordinates": [ [ [ [ 14.403218718000062, 50.105599242000039 ], [ 14.403432151000061, 50.105582233000064 ], [ 14.40342907400003, 50.105562483000028 ], [ 14.403214895000076, 50.105579280000029 ], [ 14.403218718000062, 50.105599242000039 ] ] ] ] } },
{ "type": "Feature", "properties": { "objectid": 68144, "zps_id": "8598", "id_poskyt": 38, "shape_area_1": 0.0, "globalid": "{6184C70F-4486-40BE-A1C7-CF7B76A90D8D}", "shape_Length": 0.00028135030138382023, "shape_Area": 3.0394545230405953e-09 }, "geometry": { "type": "MultiPolygon", "coordinates": [ [ [ [ 14.403334875000041, 50.104076906000046 ], [ 14.403362217000051, 50.104083578000029 ], [ 14.403420566000023, 50.10398747000005 ], [ 14.403392675000077, 50.103980849000038 ], [ 14.403334875000041, 50.104076906000046 ] ] ] ] } },
{ "type": "Feature", "properties": { "objectid": 68145, "zps_id": "8277", "id_poskyt": 38, "shape_area_1": 0.0, "globalid": "{7F95F9BB-7FA7-4742-AB12-95E8EAEE343C}", "shape_Length": 0.00047796547696395906, "shape_Area": 4.3077628656350446e-09 }, "geometry": { "type": "MultiPolygon", "coordinates": [ [ [ [ 14.402342156000032, 50.107280519000028 ], [ 14.402537944000073, 50.107186949000038 ], [ 14.402521443000069, 50.107172806000051 ], [ 14.402325320000045, 50.107266636000077 ], [ 14.402342156000032, 50.107280519000028 ] ] ] ] } },
{ "type": "Feature", "properties": { "objectid": 68146, "zps_id": "8994", "id_poskyt": 38, "shape_area_1": 0.0, "globalid": "{8C5D5341-E873-44E1-89F2-51A3492BB2F7}", "shape_Length": 0.00016211783194391375, "shape_Area": 1.5055928361173532e-09 }, "geometry": { "type": "MultiPolygon", "coordinates": [ [ [ [ 14.392220680000037, 50.10000455200003 ], [ 14.392249657000036, 50.10000543700005 ], [ 14.392255506000026, 50.099953840000069 ], [ 14.392226479000044, 50.099952724000048 ], [ 14.392220680000037, 50.10000455200003 ] ] ] ] } },
{ "type": "Feature", "properties": { "objectid": 68147, "zps_id": "8187", "id_poskyt": 38, "shape_area_1": 0.0, "globalid": "{2E925DCC-979E-4A42-89AF-BE17B739C0E5}", "shape_Length": 0.00045125946279442417, "shape_Area": 5.4517303750538191e-09 }, "geometry": { "type": "MultiPolygon", "coordinates": [ [ [ [ 14.398593399000049, 50.105627811000033 ], [ 14.398621804000072, 50.105634869000028 ], [ 14.398719752000034, 50.10546443700008 ], [ 14.398692376000042, 50.105457326000078 ], [ 14.398593399000049, 50.105627811000033 ] ] ] ] } },
{ "type": "Feature", "properties": { "objectid": 68148, "zps_id": "8829", "id_poskyt": 38, "shape_area_1": 0.0, "globalid": "{484141FD-F918-4562-BF2A-0E9853A8BD69}", "shape_Length": 0.00017672298664007564, "shape_Area": 1.3210041798814459e-09 }, "geometry": { "type": "MultiPolygon", "coordinates": [ [ [ [ 14.391141566000044, 50.095222407000051 ], [ 14.391206558000022, 50.095237181000073 ], [ 14.391217513000072, 50.095220383000026 ], [ 14.39114965300007, 50.095203910000066 ], [ 14.391141566000044, 50.095222407000051 ] ] ] ] } },
{ "type": "Feature", "properties": { "objectid": 68149, "zps_id": "8829", "id_poskyt": 38, "shape_area_1": 0.0, "globalid": "{D4E3BEC2-71E3-4CB4-90CC-48838F9AE120}", "shape_Length": 0.00050169879309233851, "shape_Area": 4.5634740892693472e-09 }, "geometry": { "type": "MultiPolygon", "coordinates": [ [ [ [ 14.391278797000041, 50.095253616000036 ], [ 14.391506424000056, 50.095300229000031 ], [ 14.391513459000066, 50.095280985000045 ], [ 14.391289759000074, 50.095236065000051 ], [ 14.391278797000041, 50.095253616000036 ] ] ] ] } },
{ "type": "Feature", "properties": { "objectid": 68150, "zps_id": "8136", "id_poskyt": 38, "shape_area_1": 0.0, "globalid": "{B8114B8D-E9C0-4557-B44E-68B9455A847C}", "shape_Length": 0.0024498051566118513, "shape_Area": 2.2764109215377873e-08 }, "geometry": { "type": "MultiPolygon", "coordinates": [ [ [ [ 14.393553734000022, 50.095552464000036 ], [ 14.394758053000032, 50.095619851000038 ], [ 14.394761914000071, 50.095601851000026 ], [ 14.393558614000028, 50.095533138000064 ], [ 14.393553734000022, 50.095552464000036 ] ] ] ] } },
{ "type": "Feature", "properties": { "objectid": 68151, "zps_id": "8991", "id_poskyt": 38, "shape_area_1": 0.0, "globalid": "{88829221-1E73-4E1B-B7EB-1A5F2063671D}", "shape_Length": 0.00027114838838925666, "shape_Area": 3.8849665535069362e-09 }, "geometry": { "type": "MultiPolygon", "coordinates": [ [ [ [ 14.393591467000022, 50.110477093000043 ], [ 14.393630211000072, 50.110476038000058 ], [ 14.393643069000063, 50.110463864000053 ], [ 14.393652519000057, 50.110454028000049 ], [ 14.393658215000073, 50.110442472000045 ], [ 14.393664097000055, 50.110430523000048 ], [ 14.393668050000031, 50.110422487000051 ], [ 14.393682235000028, 50.110414333000051 ], [ 14.393599805000065, 50.110410604000037 ], [ 14.393591467000022, 50.110477093000043 ] ] ] ] } },
{ "type": "Feature", "properties": { "objectid": 68152, "zps_id": "9093", "id_poskyt": 38, "shape_area_1": 0.0, "globalid": "{D1CAB90E-9209-4C32-AB2A-D0C5206E6456}", "shape_Length": 0.00051271462575822838, "shape_Area": 4.4563250070345256e-09 }, "geometry": { "type": "MultiPolygon", "coordinates": [ [ [ [ 14.406130472000029, 50.098334053000031 ], [ 14.406356158000051, 50.098368363000077 ], [ 14.406362328000057, 50.098350303000075 ], [ 14.406141753000043, 50.098316763000071 ], [ 14.406127983000033, 50.098314716000061 ], [ 14.406121417000065, 50.098332723000055 ], [ 14.406130472000029, 50.098334053000031 ] ] ] ] } },
{ "type": "Feature", "properties": { "objectid": 68153, "zps_id": "17849", "id_poskyt": 38, "shape_area_1": 0.0, "globalid": "{617DE9D1-49B7-47AF-997C-ED51078FF576}", "shape_Length": 0.0003677876964141238, "shape_Area": 7.7313555018699881e-09 }, "geometry": { "type": "MultiPolygon", "coordinates": [ [ [ [ 14.405623669000022, 50.10361384600003 ], [ 14.40568939700006, 50.103603381000028 ], [ 14.405651807000027, 50.103495566000049 ], [ 14.405582149000054, 50.103504674000078 ], [ 14.405623669000022, 50.10361384600003 ] ] ] ] } },
{ "type": "Feature", "properties": { "objectid": 68154, "zps_id": "8755", "id_poskyt": 38, "shape_area_1": 0.0, "globalid": "{6EBE8A59-29FE-49B3-9813-26FA145690F4}", "shape_Length": 0.00033746881308341868, "shape_Area": 3.3189693282260374e-09 }, "geometry": { "type": "MultiPolygon", "coordinates": [ [ [ [ 14.409239190000051, 50.104126361000056 ], [ 14.409358773000065, 50.104208559000028 ], [ 14.409378934000074, 50.104193627000029 ], [ 14.409261220000076, 50.10411410100005 ], [ 14.409239190000051, 50.104126361000056 ] ] ] ] } },
{ "type": "Feature", "properties": { "objectid": 68155, "zps_id": "8267", "id_poskyt": 38, "shape_area_1": 0.0, "globalid": "{1581330B-1B10-494C-A951-B52F7C75D32F}", "shape_Length": 0.00024929325175560864, "shape_Area": 2.023245813327754e-09 }, "geometry": { "type": "MultiPolygon", "coordinates": [ [ [ [ 14.407142002000057, 50.095657223000046 ], [ 14.40723812300007, 50.095652702000052 ], [ 14.407236939000029, 50.095633528000064 ], [ 14.407130156000051, 50.095638566000048 ], [ 14.407134213000063, 50.09565729600007 ], [ 14.407142002000057, 50.095657223000046 ] ] ] ] } },
{ "type": "Feature", "properties": { "objectid": 68156, "zps_id": "8267", "id_poskyt": 38, "shape_area_1": 0.0, "globalid": "{902861B8-127D-45D0-8EE8-24C76DB06A62}", "shape_Length": 0.00050461612080617663, "shape_Area": 4.6015229473377355e-09 }, "geometry": { "type": "MultiPolygon", "coordinates": [ [ [ [ 14.407308350000051, 50.09564944300007 ], [ 14.407363859000043, 50.095646785000042 ], [ 14.407541560000027, 50.095632830000056 ], [ 14.407536700000037, 50.095613757000081 ], [ 14.407420458000047, 50.09562251300008 ], [ 14.407305540000038, 50.095630287000063 ], [ 14.407308350000051, 50.09564944300007 ] ] ] ] } },
{ "type": "Feature", "properties": { "objectid": 68157, "zps_id": "8598", "id_poskyt": 38, "shape_area_1": 0.0, "globalid": "{3C2E646A-41F4-413A-A358-AFA193CDF183}", "shape_Length": 0.00027806500064709748, "shape_Area": 2.9508385802716581e-09 }, "geometry": { "type": "MultiPolygon", "coordinates": [ [ [ [ 14.40340539400006, 50.103959759000077 ], [ 14.403432261000034, 50.103966289000027 ], [ 14.403489685000068, 50.103871052000045 ], [ 14.40346267700005, 50.103864264000038 ], [ 14.40340539400006, 50.103959759000077 ] ] ] ] } },
{ "type": "Feature", "properties": { "objectid": 68158, "zps_id": "8178", "id_poskyt": 38, "shape_area_1": 0.0, "globalid": "{2E55FAA4-0481-4AB0-B9B8-EE352C8D8456}", "shape_Length": 0.00020423216953333197, "shape_Area": 1.6504663766769551e-09 }, "geometry": { "type": "MultiPolygon", "coordinates": [ [ [ [ 14.405606895000062, 50.104047005000041 ], [ 14.405680367000059, 50.104064746000063 ], [ 14.405671206000022, 50.104040001000044 ], [ 14.405597337000074, 50.104022461000056 ], [ 14.405606895000062, 50.104047005000041 ] ] ] ] } },
{ "type": "Feature", "properties": { "objectid": 68159, "zps_id": "8935", "id_poskyt": 38, "shape_area_1": 0.0, "globalid": "{2EBCE389-365F-449C-9720-6FFCFB9B49AC}", "shape_Length": 0.0007162943112478564, "shape_Area": 1.511152031740085e-08 }, "geometry": { "type": "MultiPolygon", "coordinates": [ [ [ [ 14.394126203000042, 50.100328584000067 ], [ 14.394136883000044, 50.100325829000042 ], [ 14.39414129000005, 50.10032205400006 ], [ 14.394171367000069, 50.100291431000073 ], [ 14.394207373000029, 50.100261271000079 ], [ 14.394250826000075, 50.100229920000061 ], [ 14.394302828000036, 50.100195625000026 ], [ 14.394337489000065, 50.100175076000028 ], [ 14.394353857000056, 50.100165874000027 ], [ 14.394372716000078, 50.100156364000043 ], [ 14.394328648000055, 50.100125125000034 ], [ 14.394307543000025, 50.100136748000068 ], [ 14.394278603000032, 50.100154102000033 ], [ 14.394241157000067, 50.100177645000031 ], [ 14.394202305000022, 50.100204312000074 ], [ 14.394162162000043, 50.100233633000073 ], [ 14.394122140000036, 50.100265752000041 ], [ 14.394079748000024, 50.100301761000026 ], [ 14.394126203000042, 50.100328584000067 ] ] ] ] } },
{ "type": "Feature", "properties": { "objectid": 68160, "zps_id": "11925", "id_poskyt": 38, "shape_area_1": 0.0, "globalid": "{28BE3F8E-CE33-4D67-AEE1-816625465B1D}", "shape_Length": 0.00044430585739540666, "shape_Area": 6.0514131899313327e-09 }, "geometry": { "type": "MultiPolygon", "coordinates": [ [ [ [ 14.413970106000022, 50.101606876000062 ], [ 14.414004876000035, 50.101601669000047 ], [ 14.413983079000047, 50.10154207000005 ], [ 14.413934125000026, 50.101447246000077 ], [ 14.413923625000052, 50.101429064000058 ], [ 14.413894035000055, 50.10143572800007 ], [ 14.413937804000057, 50.10152002500007 ], [ 14.413955878000024, 50.101568612000051 ], [ 14.413970106000022, 50.101606876000062 ] ] ] ] } },
{ "type": "Feature", "properties": { "objectid": 68161, "zps_id": "9294", "id_poskyt": 38, "shape_area_1": 0.0, "globalid": "{385F7A41-48C3-4D84-88A7-64B5DC0AE5D1}", "shape_Length": 0.0010777513547521531, "shape_Area": 1.0483934772455435e-08 }, "geometry": { "type": "MultiPolygon", "coordinates": [ [ [ [ 14.440986589000033, 50.090345805000027 ], [ 14.440997678000031, 50.090327364000075 ], [ 14.440490860000068, 50.090215620000038 ], [ 14.440490641000054, 50.090216085000066 ], [ 14.440482124000027, 50.090234270000053 ], [ 14.440482148000058, 50.090234275000057 ], [ 14.440986589000033, 50.090345805000027 ] ] ] ] } },
{ "type": "Feature", "properties": { "objectid": 68162, "zps_id": "11840", "id_poskyt": 38, "shape_area_1": 0.0, "globalid": "{4BC2CFF2-C60A-4102-8645-68D295CB3FA1}", "shape_Length": 0.00058596994576383648, "shape_Area": 6.2595076122718395e-09 }, "geometry": { "type": "MultiPolygon", "coordinates": [ [ [ [ 14.437412055000038, 50.090824137000027 ], [ 14.437671228000056, 50.090897641000026 ], [ 14.437684297000033, 50.090877332000048 ], [ 14.437427466000031, 50.090804026000058 ], [ 14.437412055000038, 50.090824137000027 ] ] ] ] } },
{ "type": "Feature", "properties": { "objectid": 68163, "zps_id": "9313", "id_poskyt": 38, "shape_area_1": 0.0, "globalid": "{E11923C6-1542-4A38-A656-98967D6FCEF9}", "shape_Length": 0.00018230470476971939, "shape_Area": 1.4090037730407003e-09 }, "geometry": { "type": "MultiPolygon", "coordinates": [ [ [ [ 14.443640512000059, 50.093073830000037 ], [ 14.443709274000071, 50.093089016000079 ], [ 14.443718606000061, 50.093070673000057 ], [ 14.443649564000054, 50.093055345000039 ], [ 14.443640512000059, 50.093073830000037 ] ] ] ] } },
{ "type": "Feature", "properties": { "objectid": 68164, "zps_id": "9196", "id_poskyt": 38, "shape_area_1": 0.0, "globalid": "{3F75D0CE-78BE-44E1-B481-8DB33BDD8137}", "shape_Length": 0.00071568644997773703, "shape_Area": 1.8158484880572128e-08 }, "geometry": { "type": "MultiPolygon", "coordinates": [ [ [ [ 14.445366875000047, 50.091113559000064 ], [ 14.445437519000052, 50.091118318000042 ], [ 14.445584254000039, 50.090871937000031 ], [ 14.445513749000042, 50.090866519000031 ], [ 14.445366875000047, 50.091113559000064 ] ] ] ] } },
{ "type": "Feature", "properties": { "objectid": 68165, "zps_id": "9185", "id_poskyt": 38, "shape_area_1": 0.0, "globalid": "{DBEFB5F4-7B0D-499E-B98D-A4C25686C19B}", "shape_Length": 0.00026333926067115742, "shape_Area": 3.6470722698759919e-09 }, "geometry": { "type": "MultiPolygon", "coordinates": [ [ [ [ 14.445784106000076, 50.091322933000072 ], [ 14.445851417000029, 50.091336844000068 ], [ 14.445848196000043, 50.091294351000045 ], [ 14.445760672000063, 50.091276402000062 ], [ 14.445763985000042, 50.091318260000037 ], [ 14.445784106000076, 50.091322933000072 ] ] ] ] } },
{ "type": "Feature", "properties": { "objectid": 68166, "zps_id": "11853", "id_poskyt": 38, "shape_area_1": 0.0, "globalid": "{FC57C78E-7990-48E9-BD37-699C30231384}", "shape_Length": 0.00029085475326605365, "shape_Area": 4.5265864690885503e-09 }, "geometry": { "type": "MultiPolygon", "coordinates": [ [ [ [ 14.464696213000025, 50.097059482000077 ], [ 14.464789585000062, 50.097079256000029 ], [ 14.464813437000032, 50.097036228000036 ], [ 14.46471714200004, 50.097016397000061 ], [ 14.464696213000025, 50.097059482000077 ] ] ] ] } },
{ "type": "Feature", "properties": { "objectid": 68167, "zps_id": "9294", "id_poskyt": 38, "shape_area_1": 0.0, "globalid": "{8C89C3EB-8252-411D-8B5C-391DB9FA7C61}", "shape_Length": 0.00078368004229973547, "shape_Area": 7.6718621961320041e-09 }, "geometry": { "type": "MultiPolygon", "coordinates": [ [ [ [ 14.441058627000075, 50.090361881000035 ], [ 14.441420405000031, 50.090441629000054 ], [ 14.441430038000021, 50.090422542000056 ], [ 14.441068256000051, 50.090342802000066 ], [ 14.441058627000075, 50.090361881000035 ] ] ] ] } },
{ "type": "Feature", "properties": { "objectid": 68168, "zps_id": "9185", "id_poskyt": 38, "shape_area_1": 0.0, "globalid": "{B30608AF-B291-42C0-9E97-F812C9734125}", "shape_Length": 0.00039816651294764691, "shape_Area": 6.3612450629505252e-09 }, "geometry": { "type": "MultiPolygon", "coordinates": [ [ [ [ 14.445482344000027, 50.091255397000054 ], [ 14.445640024000056, 50.091290785000069 ], [ 14.445625950000021, 50.091245083000047 ], [ 14.445482536000043, 50.091213503000063 ], [ 14.445482344000027, 50.091255397000054 ] ] ] ] } },
{ "type": "Feature", "properties": { "objectid": 68169, "zps_id": "11858", "id_poskyt": 38, "shape_area_1": 0.0, "globalid": "{C8554BCD-7716-4C77-B878-6430EE374E39}", "shape_Length": 0.00026172813727859883, "shape_Area": 3.3895265128116096e-09 }, "geometry": { "type": "MultiPolygon", "coordinates": [ [ [ [ 14.474154094000028, 50.104696094000076 ], [ 14.47419556400007, 50.104688257000078 ], [ 14.474159996000026, 50.104618777000042 ], [ 14.474113818000035, 50.104610538000031 ], [ 14.474154094000028, 50.104696094000076 ] ] ] ] } },
{ "type": "Feature", "properties": { "objectid": 68170, "zps_id": "11852", "id_poskyt": 38, "shape_area_1": 0.0, "globalid": "{432EA176-57B4-4C8C-A362-BAA9F2803137}", "shape_Length": 0.00040040663264482597, "shape_Area": 4.9731807084151729e-09 }, "geometry": { "type": "MultiPolygon", "coordinates": [ [ [ [ 14.461210139000059, 50.092531464000047 ], [ 14.461239971000055, 50.092537580000055 ], [ 14.461318095000024, 50.092386868000062 ], [ 14.461288264000075, 50.092380763000051 ], [ 14.461210139000059, 50.092531464000047 ] ] ] ] } },
{ "type": "Feature", "properties": { "objectid": 68171, "zps_id": "11851", "id_poskyt": 38, "shape_area_1": 0.0, "globalid": "{457EBB38-BC70-48E1-8CAF-25674CEBC110}", "shape_Length": 0.00018981281749556013, "shape_Area": 1.4806038403072167e-09 }, "geometry": { "type": "MultiPolygon", "coordinates": [ [ [ [ 14.46116904400003, 50.092260021000072 ], [ 14.461241985000072, 50.092273415000079 ], [ 14.461250539000048, 50.09225544700007 ], [ 14.461177219000035, 50.09224071400007 ], [ 14.46116904400003, 50.092260021000072 ] ] ] ] } },
{ "type": "Feature", "properties": { "objectid": 68172, "zps_id": "11852", "id_poskyt": 38, "shape_area_1": 0.0, "globalid": "{31373BFF-0E54-4F91-A106-E5FD581BF5BD}", "shape_Length": 0.0007170574272837584, "shape_Area": 9.1440399799470858e-09 }, "geometry": { "type": "MultiPolygon", "coordinates": [ [ [ [ 14.461041909000073, 50.092850970000029 ], [ 14.461070397000071, 50.092856966000056 ], [ 14.461224475000051, 50.092565817000036 ], [ 14.461196744000063, 50.092559450000067 ], [ 14.461041909000073, 50.092850970000029 ] ] ] ] } },
{ "type": "Feature", "properties": { "objectid": 68173, "zps_id": "11908", "id_poskyt": 38, "shape_area_1": 0.0, "globalid": "{C39D4BCD-D77E-4578-B948-AA059FACEF76}", "shape_Length": 0.00024907160102736271, "shape_Area": 2.5985644000655685e-09 }, "geometry": { "type": "MultiPolygon", "coordinates": [ [ [ [ 14.468803649000051, 50.126481200000057 ], [ 14.468808772000045, 50.126455160000035 ], [ 14.468710834000035, 50.126448924000044 ], [ 14.468706417000021, 50.126475561000063 ], [ 14.468803649000051, 50.126481200000057 ] ] ] ] } },
{ "type": "Feature", "properties": { "objectid": 68174, "zps_id": "11907", "id_poskyt": 38, "shape_area_1": 0.0, "globalid": "{F49AD88E-20B0-4226-9F67-702DFF2474EA}", "shape_Length": 0.00018141731455618607, "shape_Area": 1.3293856724762748e-09 }, "geometry": { "type": "MultiPolygon", "coordinates": [ [ [ [ 14.46740869100006, 50.126865133000081 ], [ 14.467418980000048, 50.126848117000065 ], [ 14.467349613000067, 50.126832344000036 ], [ 14.467339626000069, 50.126849079000067 ], [ 14.46740869100006, 50.126865133000081 ] ] ] ] } },
{ "type": "Feature", "properties": { "objectid": 68175, "zps_id": "11881", "id_poskyt": 38, "shape_area_1": 0.0, "globalid": "{9B31BCFA-80D7-4C79-A69C-C8E52B4DB08C}", "shape_Length": 0.0008908682698868111, "shape_Area": 1.1295956023877068e-08 }, "geometry": { "type": "MultiPolygon", "coordinates": [ [ [ [ 14.461376843000039, 50.125453735000065 ], [ 14.461177151000072, 50.125819564000039 ], [ 14.461205146000054, 50.125825914000075 ], [ 14.46140422600007, 50.125458925000032 ], [ 14.461376843000039, 50.125453735000065 ] ] ] ] } },
{ "type": "Feature", "properties": { "objectid": 68176, "zps_id": "11852", "id_poskyt": 38, "shape_area_1": 0.0, "globalid": "{F66207B7-D6EA-4F6F-810E-C7EB61FE9134}", "shape_Length": 0.0001435429281667297, "shape_Area": 1.1655073647915015e-09 }, "geometry": { "type": "MultiPolygon", "coordinates": [ [ [ [ 14.46099930400004, 50.092933409000068 ], [ 14.461025239000037, 50.092938744000037 ], [ 14.461047074000078, 50.092899751000061 ], [ 14.461019148000048, 50.092894239000032 ], [ 14.46099930400004, 50.092933409000068 ] ] ] ] } },
{ "type": "Feature", "properties": { "objectid": 68177, "zps_id": "11840", "id_poskyt": 38, "shape_area_1": 0.0, "globalid": "{21205146-CF0D-4730-BE3A-F529E6DBEBAF}", "shape_Length": 0.00043839321021569861, "shape_Area": 4.4831814685815093e-09 }, "geometry": { "type": "MultiPolygon", "coordinates": [ [ [ [ 14.438000700000032, 50.090991670000051 ], [ 14.43801299200004, 50.090971294000042 ], [ 14.437824895000062, 50.090918375000058 ], [ 14.437812602000065, 50.090938751000067 ], [ 14.438000700000032, 50.090991670000051 ] ] ] ] } },
{ "type": "Feature", "properties": { "objectid": 68178, "zps_id": "11851", "id_poskyt": 38, "shape_area_1": 0.0, "globalid": "{FDD0F259-1A3B-4D46-96DF-1FAAF8B3799A}", "shape_Length": 0.0015470220534773706, "shape_Area": 1.3452691321065096e-08 }, "geometry": { "type": "MultiPolygon", "coordinates": [ [ [ [ 14.460311215000047, 50.092093824000074 ], [ 14.461052199000051, 50.09223677600005 ], [ 14.461059828000032, 50.092220044000044 ], [ 14.460317502000066, 50.092076962000078 ], [ 14.460311215000047, 50.092093824000074 ] ] ] ] } },
{ "type": "Feature", "properties": { "objectid": 68179, "zps_id": "11875", "id_poskyt": 38, "shape_area_1": 0.0, "globalid": "{FBB4F687-0265-4ACB-A331-68264184D5A4}", "shape_Length": 0.00026450594881666852, "shape_Area": 3.7496277894974169e-09 }, "geometry": { "type": "MultiPolygon", "coordinates": [ [ [ [ 14.452757481000049, 50.123638357000061 ], [ 14.452758964000054, 50.123729122000043 ], [ 14.452800791000072, 50.123728646000075 ], [ 14.452797977000046, 50.123637300000041 ], [ 14.452757481000049, 50.123638357000061 ] ] ] ] } },
{ "type": "Feature", "properties": { "objectid": 68180, "zps_id": "9676", "id_poskyt": 38, "shape_area_1": 0.0, "globalid": "{D6A6E3EE-1F0E-4E61-A5A1-981702955851}", "shape_Length": 0.00016892623163830363, "shape_Area": 1.6667505013419349e-09 }, "geometry": { "type": "MultiPolygon", "coordinates": [ [ [ [ 14.45446362000007, 50.124659560000055 ], [ 14.454497057000026, 50.124665803000028 ], [ 14.454518147000044, 50.124619881000058 ], [ 14.45448400500004, 50.124614166000072 ], [ 14.45446362000007, 50.124659560000055 ] ] ] ] } },
{ "type": "Feature", "properties": { "objectid": 68181, "zps_id": "9559", "id_poskyt": 38, "shape_area_1": 0.0, "globalid": "{0996CF71-E981-4630-A321-66DB1F5C82F6}", "shape_Length": 0.00017153479731430728, "shape_Area": 1.5655493726206582e-09 }, "geometry": { "type": "MultiPolygon", "coordinates": [ [ [ [ 14.468532635000031, 50.128033057000039 ], [ 14.468560591000028, 50.128039784000066 ], [ 14.468589607000069, 50.127990930000067 ], [ 14.468576927000072, 50.127987543000074 ], [ 14.468562226000074, 50.127983617000041 ], [ 14.468561985000065, 50.127984019000053 ], [ 14.468532635000031, 50.128033057000039 ] ] ] ] } },
{ "type": "Feature", "properties": { "objectid": 68182, "zps_id": "11868", "id_poskyt": 38, "shape_area_1": 0.0, "globalid": "{FE46029A-73CB-4F27-A2CB-0FB9D03B8410}", "shape_Length": 0.0010056070780934626, "shape_Area": 9.7709274442468789e-09 }, "geometry": { "type": "MultiPolygon", "coordinates": [ [ [ [ 14.471458049000034, 50.108142665000059 ], [ 14.471939322000026, 50.108175116000041 ], [ 14.471942884000043, 50.108154540000044 ], [ 14.471461395000063, 50.108123104000072 ], [ 14.471458049000034, 50.108142665000059 ] ] ] ] } },
{ "type": "Feature", "properties": { "objectid": 68183, "zps_id": "11869", "id_poskyt": 38, "shape_area_1": 0.0, "globalid": "{1145395B-2316-4021-AF64-A5CEB727B34B}", "shape_Length": 0.00038179120068490362, "shape_Area": 6.5809234086830182e-09 }, "geometry": { "type": "MultiPolygon", "coordinates": [ [ [ [ 14.470926399000064, 50.10806449200004 ], [ 14.470780952000041, 50.108053253000037 ], [ 14.470773848000022, 50.108098076000033 ], [ 14.470918492000067, 50.108109252000077 ], [ 14.470926399000064, 50.10806449200004 ] ] ] ] } },
{ "type": "Feature", "properties": { "objectid": 68184, "zps_id": "11873", "id_poskyt": 38, "shape_area_1": 0.0, "globalid": "{20DEABBB-D06F-441E-A791-3BA92DEB60B0}", "shape_Length": 0.00050563596197599934, "shape_Area": 1.3225567951169891e-08 }, "geometry": { "type": "MultiPolygon", "coordinates": [ [ [ [ 14.452126429000032, 50.125471013000038 ], [ 14.452126406000048, 50.125649132000035 ], [ 14.452202344000057, 50.125649168000052 ], [ 14.452198373000044, 50.125469591000069 ], [ 14.452126429000032, 50.125471013000038 ] ] ] ] } },
{ "type": "Feature", "properties": { "objectid": 68185, "zps_id": "11874", "id_poskyt": 38, "shape_area_1": 0.0, "globalid": "{0B563DAF-BECC-4175-BBC3-480D1034F718}", "shape_Length": 0.00045290861419816923, "shape_Area": 4.3133400427113447e-09 }, "geometry": { "type": "MultiPolygon", "coordinates": [ [ [ [ 14.452981657000066, 50.123073172000034 ], [ 14.453150789000063, 50.12296137900006 ], [ 14.453130334000036, 50.122949403000064 ], [ 14.452961188000074, 50.123061193000069 ], [ 14.452981657000066, 50.123073172000034 ] ] ] ] } },
{ "type": "Feature", "properties": { "objectid": 68186, "zps_id": "11876", "id_poskyt": 38, "shape_area_1": 0.0, "globalid": "{646A660C-CB35-4043-8C89-D4EF11B74440}", "shape_Length": 0.00020213493844111992, "shape_Area": 2.288392535309148e-09 }, "geometry": { "type": "MultiPolygon", "coordinates": [ [ [ [ 14.457978247000028, 50.122877220000078 ], [ 14.458020669000064, 50.122929231000057 ], [ 14.458044763000032, 50.122905273000072 ], [ 14.458004046000042, 50.12285341300003 ], [ 14.457978247000028, 50.122877220000078 ] ] ] ] } },
{ "type": "Feature", "properties": { "objectid": 68187, "zps_id": "11871", "id_poskyt": 38, "shape_area_1": 0.0, "globalid": "{78CE09D2-F623-4B0F-B759-ABB6C6E0273B}", "shape_Length": 0.00026108478032356084, "shape_Area": 2.4293053885116821e-09 }, "geometry": { "type": "MultiPolygon", "coordinates": [ [ [ [ 14.445804935000069, 50.123511134000069 ], [ 14.445911563000038, 50.123521733000075 ], [ 14.445918102000064, 50.123499240000058 ], [ 14.445810431000041, 50.123489429000074 ], [ 14.445804935000069, 50.123511134000069 ] ] ] ] } },
{ "type": "Feature", "properties": { "objectid": 68188, "zps_id": "11868", "id_poskyt": 38, "shape_area_1": 0.0, "globalid": "{FEAF546A-31B0-407C-8B32-F1E3BEC605EA}", "shape_Length": 0.000655451438153543, "shape_Area": 5.9168898078544809e-09 }, "geometry": { "type": "MultiPolygon", "coordinates": [ [ [ [ 14.471358046000034, 50.108135429000072 ], [ 14.471362087000045, 50.108116455000072 ], [ 14.471054390000063, 50.108096673000034 ], [ 14.471050353000066, 50.108115639000061 ], [ 14.471358046000034, 50.108135429000072 ] ] ] ] } },
{ "type": "Feature", "properties": { "objectid": 68189, "zps_id": "2537", "id_poskyt": 38, "shape_area_1": 0.0, "globalid": "{315DE1B1-FD89-4B66-B473-B760D3DC71EC}", "shape_Length": 0.00024184412614096653, "shape_Area": 2.7648537582747724e-09 }, "geometry": { "type": "MultiPolygon", "coordinates": [ [ [ [ 14.417348215000061, 50.070762947000048 ], [ 14.417422994000049, 50.070766441000046 ], [ 14.417402820000063, 50.070729766000056 ], [ 14.417322586000068, 50.070726187000048 ], [ 14.417348215000061, 50.070762947000048 ] ] ] ] } },
{ "type": "Feature", "properties": { "objectid": 68190, "zps_id": "2427", "id_poskyt": 38, "shape_area_1": 0.0, "globalid": "{0112F87D-E6A8-4D59-AC04-259EFD820FD9}", "shape_Length": 0.00021286926005617269, "shape_Area": 2.8155093161929746e-09 }, "geometry": { "type": "MultiPolygon", "coordinates": [ [ [ [ 14.417161019000048, 50.075671833000058 ], [ 14.417178947000025, 50.075624819000041 ], [ 14.417124534000038, 50.07560479600005 ], [ 14.417109002000075, 50.075650641000038 ], [ 14.417161019000048, 50.075671833000058 ] ] ] ] } },
{ "type": "Feature", "properties": { "objectid": 68191, "zps_id": "2398", "id_poskyt": 38, "shape_area_1": 0.0, "globalid": "{6EC45175-E436-46B5-AC6A-FBFE5043C713}", "shape_Length": 0.00019385703462004964, "shape_Area": 1.6400674396156624e-09 }, "geometry": { "type": "MultiPolygon", "coordinates": [ [ [ [ 14.417510051000022, 50.077380864000077 ], [ 14.417448063000052, 50.077344615000072 ], [ 14.417427547000045, 50.077359306000062 ], [ 14.41748997600007, 50.077395324000065 ], [ 14.417510051000022, 50.077380864000077 ] ] ] ] } },
{ "type": "Feature", "properties": { "objectid": 68192, "zps_id": "3032", "id_poskyt": 38, "shape_area_1": 0.0, "globalid": "{B89FF56B-8A2D-4EDD-8664-55EF83714AB8}", "shape_Length": 0.00026720719070920883, "shape_Area": 2.8795203367197593e-09 }, "geometry": { "type": "MultiPolygon", "coordinates": [ [ [ [ 14.434983353000064, 50.071922132000054 ], [ 14.435010799000054, 50.071927264000067 ], [ 14.435056297000074, 50.071832527000026 ], [ 14.435028585000055, 50.071826464000026 ], [ 14.434983353000064, 50.071922132000054 ] ] ] ] } },
{ "type": "Feature", "properties": { "objectid": 68193, "zps_id": "3041", "id_poskyt": 38, "shape_area_1": 0.0, "globalid": "{958D21A3-4DF9-4E7A-AD5E-A32AE5458E93}", "shape_Length": 0.00027499237567425256, "shape_Area": 3.0610068933318562e-09 }, "geometry": { "type": "MultiPolygon", "coordinates": [ [ [ [ 14.434181912000042, 50.073748408000029 ], [ 14.434209934000023, 50.073753493000027 ], [ 14.434257166000066, 50.073657247000028 ], [ 14.43422901200006, 50.073649031000059 ], [ 14.434181912000042, 50.073748408000029 ] ] ] ] } },
{ "type": "Feature", "properties": { "objectid": 68194, "zps_id": "3159", "id_poskyt": 38, "shape_area_1": 0.0, "globalid": "{0DD10C25-34BC-4F22-BA32-F33F196F7E83}", "shape_Length": 0.00033421497485714102, "shape_Area": 2.9407026594850543e-09 }, "geometry": { "type": "MultiPolygon", "coordinates": [ [ [ [ 14.440635899000029, 50.070609843000057 ], [ 14.440653169000029, 50.070626917000027 ], [ 14.440662405000069, 50.07062077300003 ], [ 14.44078636100005, 50.07057697700003 ], [ 14.440771319000078, 50.070559647000039 ], [ 14.440645071000063, 50.070606443000031 ], [ 14.440635899000029, 50.070609843000057 ] ] ] ] } },
{ "type": "Feature", "properties": { "objectid": 68195, "zps_id": "2612", "id_poskyt": 38, "shape_area_1": 0.0, "globalid": "{0F3308FB-6416-4B1D-80B6-F14A1FE40727}", "shape_Length": 0.00033644527293159388, "shape_Area": 2.9261972474066776e-09 }, "geometry": { "type": "MultiPolygon", "coordinates": [ [ [ [ 14.424892908000061, 50.076558209000041 ], [ 14.424902255000063, 50.076577677000046 ], [ 14.425046451000071, 50.076545980000049 ], [ 14.425037948000067, 50.076528754000037 ], [ 14.424892908000061, 50.076558209000041 ] ] ] ] } },
{ "type": "Feature", "properties": { "objectid": 68196, "zps_id": "2954", "id_poskyt": 38, "shape_area_1": 0.0, "globalid": "{D10D9767-9FE7-4190-9F03-7BC4DE6A1893}", "shape_Length": 0.00025403513384071943, "shape_Area": 3.2916907144446638e-09 }, "geometry": { "type": "MultiPolygon", "coordinates": [ [ [ [ 14.435854574000075, 50.07709996300008 ], [ 14.435874654000031, 50.077053411000065 ], [ 14.435795572000075, 50.077067319000037 ], [ 14.435780736000027, 50.077113028000042 ], [ 14.435854574000075, 50.07709996300008 ] ] ] ] } },
{ "type": "Feature", "properties": { "objectid": 68197, "zps_id": "3249", "id_poskyt": 38, "shape_area_1": 0.0, "globalid": "{84AEED12-2CA5-4321-8E1D-3AA44F9974DB}", "shape_Length": 0.00025235899231466365, "shape_Area": 2.9119359093862836e-09 }, "geometry": { "type": "MultiPolygon", "coordinates": [ [ [ [ 14.447676221000052, 50.07617104600007 ], [ 14.447706090000054, 50.076171170000066 ], [ 14.447708053000042, 50.076075152000044 ], [ 14.447677096000064, 50.07607555800007 ], [ 14.447676221000052, 50.07617104600007 ] ] ] ] } },
{ "type": "Feature", "properties": { "objectid": 68198, "zps_id": "3240", "id_poskyt": 38, "shape_area_1": 0.0, "globalid": "{6CFFF14F-43DA-4D93-9DA5-A9FD6653AEE5}", "shape_Length": 0.00026617433335494509, "shape_Area": 3.194657039867926e-09 }, "geometry": { "type": "MultiPolygon", "coordinates": [ [ [ [ 14.443851880000068, 50.076500735000081 ], [ 14.443884652000065, 50.076501271000041 ], [ 14.443886691000046, 50.076400359000047 ], [ 14.443856645000039, 50.076398485000027 ], [ 14.443851880000068, 50.076500735000081 ] ] ] ] } },
{ "type": "Feature", "properties": { "objectid": 68199, "zps_id": "3242", "id_poskyt": 38, "shape_area_1": 0.0, "globalid": "{FF6A7D9D-FC24-4480-927F-A79D7C601735}", "shape_Length": 0.00020418431232500575, "shape_Area": 2.3285104507813796e-09 }, "geometry": { "type": "MultiPolygon", "coordinates": [ [ [ [ 14.443932912000037, 50.076111539000067 ], [ 14.443971436000027, 50.076089550000063 ], [ 14.443970130000025, 50.07603954700005 ], [ 14.443932896000035, 50.07603897100006 ], [ 14.443932912000037, 50.076111539000067 ] ] ] ] } },
{ "type": "Feature", "properties": { "objectid": 68200, "zps_id": "3008", "id_poskyt": 38, "shape_area_1": 0.0, "globalid": "{929F78DC-9268-4A4E-B389-A588D548ECCD}", "shape_Length": 0.00023166929914158379, "shape_Area": 3.097259136868226e-09 }, "geometry": { "type": "MultiPolygon", "coordinates": [ [ [ [ 14.44061298500003, 50.074545253000053 ], [ 14.440546372000028, 50.074565384000039 ], [ 14.440546623000046, 50.074611583000035 ], [ 14.440612252000051, 50.07459288900003 ], [ 14.44061294100004, 50.074547309000081 ], [ 14.44061298500003, 50.074545253000053 ] ] ] ] } },
{ "type": "Feature", "properties": { "objectid": 68201, "zps_id": "3298", "id_poskyt": 38, "shape_area_1": 0.0, "globalid": "{6C2F0850-CF14-49C6-B832-F7B4F8E1CA67}", "shape_Length": 0.0003518772388889015, "shape_Area": 3.0442319249535378e-09 }, "geometry": { "type": "MultiPolygon", "coordinates": [ [ [ [ 14.447181902000068, 50.072689066000066 ], [ 14.447182073000022, 50.072669623000081 ], [ 14.447026042000061, 50.072669162000068 ], [ 14.44702499400006, 50.072688627000048 ], [ 14.447181902000068, 50.072689066000066 ] ] ] ] } },
{ "type": "Feature", "properties": { "objectid": 68202, "zps_id": "3295", "id_poskyt": 38, "shape_area_1": 0.0, "globalid": "{BD78770E-3B60-4C20-9FB3-1E7FBE12B7A8}", "shape_Length": 0.00024568851084938784, "shape_Area": 3.1469612797564193e-09 }, "geometry": { "type": "MultiPolygon", "coordinates": [ [ [ [ 14.447502138000061, 50.073529228000041 ], [ 14.447575868000058, 50.073530314000038 ], [ 14.44760072300005, 50.073487622000073 ], [ 14.447527792000074, 50.073486761000026 ], [ 14.447502138000061, 50.073529228000041 ] ] ] ] } },
{ "type": "Feature", "properties": { "objectid": 68203, "zps_id": "3108", "id_poskyt": 38, "shape_area_1": 0.0, "globalid": "{479381A4-5811-41F7-9DAB-D1777197EE04}", "shape_Length": 0.00032299408914650236, "shape_Area": 2.9420022717946585e-09 }, "geometry": { "type": "MultiPolygon", "coordinates": [ [ [ [ 14.437801972000045, 50.071315471000048 ], [ 14.437928317000058, 50.071372021000059 ], [ 14.437945116000037, 50.071357198000044 ], [ 14.437819730000058, 50.071299262000082 ], [ 14.437801972000045, 50.071315471000048 ] ] ] ] } },
{ "type": "Feature", "properties": { "objectid": 68204, "zps_id": "9750", "id_poskyt": 38, "shape_area_1": 0.0, "globalid": "{97FAC02C-2390-4EBD-996D-F25C816A1294}", "shape_Length": 0.00017331398544161313, "shape_Area": 1.6486637679355458e-09 }, "geometry": { "type": "MultiPolygon", "coordinates": [ [ [ [ 14.456017141000075, 50.124112590000038 ], [ 14.456046592000064, 50.124106411000071 ], [ 14.456021872000065, 50.124055995000049 ], [ 14.455992067000068, 50.124061709000046 ], [ 14.456017141000075, 50.124112590000038 ] ] ] ] } },
{ "type": "Feature", "properties": { "objectid": 68205, "zps_id": "10325", "id_poskyt": 38, "shape_area_1": 0.0, "globalid": "{B601D020-D8E1-48F9-B7EE-1A2B97034B62}", "shape_Length": 0.00034812674679491674, "shape_Area": 4.8910984305594876e-09 }, "geometry": { "type": "MultiPolygon", "coordinates": [ [ [ [ 14.403827162000027, 50.069124330000079 ], [ 14.403839136000045, 50.06908883400007 ], [ 14.403702446000068, 50.069072204000065 ], [ 14.403690576000031, 50.069105178000029 ], [ 14.403827162000027, 50.069124330000079 ] ] ] ] } },
{ "type": "Feature", "properties": { "objectid": 68206, "zps_id": "10329", "id_poskyt": 38, "shape_area_1": 0.0, "globalid": "{9774E513-4DA8-4B1F-A95E-D94EEFB4F930}", "shape_Length": 0.00029667213536362574, "shape_Area": 4.4355992553402694e-09 }, "geometry": { "type": "MultiPolygon", "coordinates": [ [ [ [ 14.599140820000059, 50.031631443000038 ], [ 14.599050243000022, 50.031587199000057 ], [ 14.599013874000036, 50.031619208000052 ], [ 14.599101886000028, 50.031662058000052 ], [ 14.599140820000059, 50.031631443000038 ] ] ] ] } },
{ "type": "Feature", "properties": { "objectid": 68207, "zps_id": "4477", "id_poskyt": 38, "shape_area_1": 0.0, "globalid": "{C433BED1-BEC9-4D8C-B072-6BC5A38C8F5A}", "shape_Length": 0.00025709292603569788, "shape_Area": 4.0940980642367114e-09 }, "geometry": { "type": "MultiPolygon", "coordinates": [ [ [ [ 14.447723324000037, 50.082310541000027 ], [ 14.447674140000061, 50.082275376000041 ], [ 14.44764045200003, 50.082338562000075 ], [ 14.447691676000034, 50.082368252000038 ], [ 14.447723324000037, 50.082310541000027 ] ] ] ] } },
{ "type": "Feature", "properties": { "objectid": 68208, "zps_id": "5057", "id_poskyt": 38, "shape_area_1": 0.0, "globalid": "{F3EACCCA-8C6D-4809-92BE-24CA8C1B263A}", "shape_Length": 0.0003577700313285451, "shape_Area": 5.2799464759445855e-09 }, "geometry": { "type": "MultiPolygon", "coordinates": [ [ [ [ 14.486632560000032, 50.092756732000055 ], [ 14.486646028000052, 50.092756619000056 ], [ 14.486652861000039, 50.092756658000042 ], [ 14.486669152000047, 50.092757791000054 ], [ 14.486686569000028, 50.092760865000059 ], [ 14.486700262000056, 50.09276453800004 ], [ 14.486705507000067, 50.092765608000036 ], [ 14.486756458000059, 50.092717882000045 ], [ 14.486688447000063, 50.092712536000079 ], [ 14.486675474000037, 50.092712647000042 ], [ 14.486641598000062, 50.092712943000038 ], [ 14.486596667000072, 50.092757304000031 ], [ 14.486632560000032, 50.092756732000055 ] ] ] ] } },
{ "type": "Feature", "properties": { "objectid": 68209, "zps_id": "4419", "id_poskyt": 38, "shape_area_1": 0.0, "globalid": "{5BD7DC0F-E8AE-49D4-A389-1DA12089D85B}", "shape_Length": 0.00029945630829882514, "shape_Area": 2.5424437696046654e-09 }, "geometry": { "type": "MultiPolygon", "coordinates": [ [ [ [ 14.457974930000034, 50.082069417000071 ], [ 14.457982535000042, 50.082050812000034 ], [ 14.457854722000036, 50.082029189000082 ], [ 14.457847118000075, 50.082047795000051 ], [ 14.457974930000034, 50.082069417000071 ] ] ] ] } },
{ "type": "Feature", "properties": { "objectid": 68210, "zps_id": "10362", "id_poskyt": 38, "shape_area_1": 0.0, "globalid": "{4A6E5F8D-44F5-4C0C-8504-7104763BC827}", "shape_Length": 0.0011416082930737165, "shape_Area": 3.0544325336259533e-08 }, "geometry": { "type": "MultiPolygon", "coordinates": [ [ [ [ 14.407491791000041, 50.076039413000046 ], [ 14.407556051000029, 50.076021077000064 ], [ 14.407677470000067, 50.075534509000079 ], [ 14.407607771000073, 50.075551437000058 ], [ 14.407491791000041, 50.076039413000046 ] ] ] ] } },
{ "type": "Feature", "properties": { "objectid": 68211, "zps_id": "7108", "id_poskyt": 38, "shape_area_1": 0.0, "globalid": "{757AB0A7-285A-460D-BD1B-944C6A8A250C}", "shape_Length": 0.00033361510058530516, "shape_Area": 6.044117707558614e-09 }, "geometry": { "type": "MultiPolygon", "coordinates": [ [ [ [ 14.407401160000063, 50.076357500000029 ], [ 14.407474765000075, 50.076337279000029 ], [ 14.407496416000072, 50.076249663000056 ], [ 14.407422245000078, 50.076269833000026 ], [ 14.407401160000063, 50.076357500000029 ] ] ] ] } },
{ "type": "Feature", "properties": { "objectid": 68212, "zps_id": "7431", "id_poskyt": 38, "shape_area_1": 0.0, "globalid": "{891810B0-F06F-4579-A5B3-BB9286A68092}", "shape_Length": 0.00023726756183913429, "shape_Area": 1.8844574365641478e-09 }, "geometry": { "type": "MultiPolygon", "coordinates": [ [ [ [ 14.402429030000064, 50.076971943000046 ], [ 14.402429303000076, 50.076952898000059 ], [ 14.402329369000029, 50.076953072000038 ], [ 14.402329487000031, 50.076971815000036 ], [ 14.402429030000064, 50.076971943000046 ] ] ] ] } },
{ "type": "Feature", "properties": { "objectid": 68213, "zps_id": "7042", "id_poskyt": 38, "shape_area_1": 0.0, "globalid": "{E597653F-1D47-45C1-A663-5C87FE9EDA36}", "shape_Length": 0.00031375952807686012, "shape_Area": 5.8268765527116066e-09 }, "geometry": { "type": "MultiPolygon", "coordinates": [ [ [ [ 14.402018507000037, 50.075734762000081 ], [ 14.402025050000077, 50.075814758000035 ], [ 14.402095694000025, 50.075783814000033 ], [ 14.402091080000048, 50.075705739000057 ], [ 14.402018507000037, 50.075734762000081 ] ] ] ] } },
{ "type": "Feature", "properties": { "objectid": 68214, "zps_id": "7588", "id_poskyt": 38, "shape_area_1": 0.0, "globalid": "{C47327C2-62EC-47F4-A64A-C63740C13038}", "shape_Length": 0.00075154199057513645, "shape_Area": 1.0690310780412212e-08 }, "geometry": { "type": "MultiPolygon", "coordinates": [ [ [ [ 14.403713768000046, 50.073600723000027 ], [ 14.403744323000069, 50.073601346000032 ], [ 14.40376500900004, 50.073256805000028 ], [ 14.403733457000044, 50.073257020000028 ], [ 14.403713768000046, 50.073600723000027 ] ] ] ] } },
{ "type": "Feature", "properties": { "objectid": 68215, "zps_id": "7223", "id_poskyt": 38, "shape_area_1": 0.0, "globalid": "{F37B4AD3-8A12-49C4-8C06-466E8DA1EBB0}", "shape_Length": 0.00025980293129678676, "shape_Area": 2.8104392039885121e-09 }, "geometry": { "type": "MultiPolygon", "coordinates": [ [ [ [ 14.406754940000042, 50.074432219000073 ], [ 14.406761711000058, 50.074404946000072 ], [ 14.406659538000042, 50.074394986000073 ], [ 14.406653808000044, 50.074421752000035 ], [ 14.406754940000042, 50.074432219000073 ] ] ] ] } },
{ "type": "Feature", "properties": { "objectid": 68216, "zps_id": "10487", "id_poskyt": 38, "shape_area_1": 0.0, "globalid": "{23213217-2CC5-4ED7-8DE4-A847AE02B089}", "shape_Length": 0.00074309443502137756, "shape_Area": 1.8393335840310343e-08 }, "geometry": { "type": "MultiPolygon", "coordinates": [ [ [ [ 14.449426412000037, 50.041378320000035 ], [ 14.449488015000043, 50.041390914000033 ], [ 14.449619272000064, 50.04111014800003 ], [ 14.449561567000046, 50.041097897000043 ], [ 14.449426412000037, 50.041378320000035 ] ] ] ] } },
{ "type": "Feature", "properties": { "objectid": 68217, "zps_id": "10688", "id_poskyt": 38, "shape_area_1": 0.0, "globalid": "{4D52BCF1-244B-40A2-B038-FEF6498214B1}", "shape_Length": 0.000577756230382195, "shape_Area": 1.3920457749135786e-08 }, "geometry": { "type": "MultiPolygon", "coordinates": [ [ [ [ 14.431627630000037, 50.048381004000078 ], [ 14.43168821200004, 50.048386602000051 ], [ 14.431731713000033, 50.048163160000058 ], [ 14.431669675000023, 50.048157912000079 ], [ 14.431627630000037, 50.048381004000078 ] ] ] ] } },
{ "type": "Feature", "properties": { "objectid": 68218, "zps_id": "10827", "id_poskyt": 38, "shape_area_1": 0.0, "globalid": "{A72F291D-87E9-477B-B355-137F41A67A56}", "shape_Length": 0.00070773762043331828, "shape_Area": 1.065594734329164e-08 }, "geometry": { "type": "MultiPolygon", "coordinates": [ [ [ [ 14.439382321000039, 50.051704621000056 ], [ 14.439412456000071, 50.051715981000029 ], [ 14.439633361000062, 50.051484188000074 ], [ 14.439601168000024, 50.051470767000069 ], [ 14.439553692000061, 50.051515322000057 ], [ 14.439382321000039, 50.051704621000056 ] ] ] ] } },
{ "type": "Feature", "properties": { "objectid": 68219, "zps_id": "11096", "id_poskyt": 38, "shape_area_1": 0.0, "globalid": "{1F058453-FC1A-4676-BE20-3A9E112048B8}", "shape_Length": 0.00027203998525522708, "shape_Area": 3.1356286584360741e-09 }, "geometry": { "type": "MultiPolygon", "coordinates": [ [ [ [ 14.433734003000041, 50.056882192000046 ], [ 14.433760325000037, 50.056842818000064 ], [ 14.433671349000065, 50.056857125000079 ], [ 14.433647933000032, 50.05689794500006 ], [ 14.433734003000041, 50.056882192000046 ] ] ] ] } },
{ "type": "Feature", "properties": { "objectid": 68220, "zps_id": "11249", "id_poskyt": 38, "shape_area_1": 0.0, "globalid": "{04C44502-EA4F-432F-ADC4-DAE22AC7B7FA}", "shape_Length": 0.00028820488173036485, "shape_Area": 2.3119443576456121e-09 }, "geometry": { "type": "MultiPolygon", "coordinates": [ [ [ [ 14.43714626700006, 50.056840816000033 ], [ 14.43716454500003, 50.056844475000048 ], [ 14.437223585000027, 50.056735199000059 ], [ 14.437204958000052, 50.056729467000082 ], [ 14.43714626700006, 50.056840816000033 ] ] ] ] } },
{ "type": "Feature", "properties": { "objectid": 68221, "zps_id": "11380", "id_poskyt": 38, "shape_area_1": 0.0, "globalid": "{F016B44F-E7D2-4E9A-ADA8-FB1513BAF513}", "shape_Length": 0.00016034482960760731, "shape_Area": 1.591334495739529e-09 }, "geometry": { "type": "MultiPolygon", "coordinates": [ [ [ [ 14.440397934000032, 50.062863581000045 ], [ 14.440433271000074, 50.062865998000063 ], [ 14.440442656000073, 50.062824589000058 ], [ 14.440403149000076, 50.062821095000061 ], [ 14.440397934000032, 50.062863581000045 ] ] ] ] } },
{ "type": "Feature", "properties": { "objectid": 68222, "zps_id": "11384", "id_poskyt": 38, "shape_area_1": 0.0, "globalid": "{846FF748-DD0C-4889-9CEA-DD923633386C}", "shape_Length": 0.0012587789877478966, "shape_Area": 1.7503516433035645e-08 }, "geometry": { "type": "MultiPolygon", "coordinates": [ [ [ [ 14.439911249000033, 50.06253997500005 ], [ 14.439938773000051, 50.062542137000037 ], [ 14.440046305000067, 50.061951420000071 ], [ 14.440015312000071, 50.061949387000027 ], [ 14.439911249000033, 50.06253997500005 ] ] ] ] } },
{ "type": "Feature", "properties": { "objectid": 68223, "zps_id": "11449", "id_poskyt": 38, "shape_area_1": 0.0, "globalid": "{D579E9A5-13F5-4C6B-868F-B73A33A49443}", "shape_Length": 0.00095247392290423449, "shape_Area": 1.6903214711545198e-08 }, "geometry": { "type": "MultiPolygon", "coordinates": [ [ [ [ 14.443991835000077, 50.061785371000042 ], [ 14.44398148700003, 50.061746630000073 ], [ 14.443580169000029, 50.061800516000062 ], [ 14.443544923000047, 50.061844812000061 ], [ 14.443991835000077, 50.061785371000042 ] ] ] ] } },
{ "type": "Feature", "properties": { "objectid": 68224, "zps_id": "11781", "id_poskyt": 38, "shape_area_1": 0.0, "globalid": "{ADE681EB-614F-459E-B374-7D014C78C5D4}", "shape_Length": 0.00046678752278821319, "shape_Area": 5.4537121848378576e-09 }, "geometry": { "type": "MultiPolygon", "coordinates": [ [ [ [ 14.454638600000067, 50.048084841000048 ], [ 14.454645471000049, 50.048059601000034 ], [ 14.454436304000069, 50.048035710000079 ], [ 14.454430741000067, 50.048054032000039 ], [ 14.454465608000078, 50.048066340000048 ], [ 14.454638600000067, 50.048084841000048 ] ] ] ] } },
{ "type": "Feature", "properties": { "objectid": 68225, "zps_id": "10593", "id_poskyt": 38, "shape_area_1": 0.0, "globalid": "{525B8C73-20B9-4749-99AE-BA029EE37967}", "shape_Length": 0.00019038662310355895, "shape_Area": 1.7867781971833226e-09 }, "geometry": { "type": "MultiPolygon", "coordinates": [ [ [ [ 14.442081041000051, 50.048380387000066 ], [ 14.442129080000029, 50.048350556000059 ], [ 14.442108250000047, 50.048342751000064 ], [ 14.442084235000038, 50.048340628000062 ], [ 14.442057670000054, 50.048344242000042 ], [ 14.44204529600006, 50.048349536000046 ], [ 14.442081041000051, 50.048380387000066 ] ] ] ] } },
{ "type": "Feature", "properties": { "objectid": 68226, "zps_id": "11838", "id_poskyt": 38, "shape_area_1": 0.0, "globalid": "{E105773D-1F3E-438B-9C12-42D3F452F830}", "shape_Length": 0.00020582812293120387, "shape_Area": 2.47663239188241e-09 }, "geometry": { "type": "MultiPolygon", "coordinates": [ [ [ [ 14.446994074000031, 50.043701550000037 ], [ 14.447055032000037, 50.043713808000064 ], [ 14.447071025000071, 50.043675807000056 ], [ 14.447009850000029, 50.043664554000031 ], [ 14.446994074000031, 50.043701550000037 ] ] ] ] } },
{ "type": "Feature", "properties": { "objectid": 68227, "zps_id": "10516", "id_poskyt": 38, "shape_area_1": 0.0, "globalid": "{FAF718A9-388D-44BC-8DB1-548F49896BA5}", "shape_Length": 0.00018824342424916848, "shape_Area": 1.8822029372118317e-09 }, "geometry": { "type": "MultiPolygon", "coordinates": [ [ [ [ 14.449130618000027, 50.042650130000027 ], [ 14.449182176000022, 50.042676802000074 ], [ 14.449211040000023, 50.042656220000026 ], [ 14.449160138000025, 50.042628325000067 ], [ 14.449130618000027, 50.042650130000027 ] ] ] ] } },
{ "type": "Feature", "properties": { "objectid": 68228, "zps_id": "4655", "id_poskyt": 38, "shape_area_1": 0.0, "globalid": "{706FA1A0-0C2A-43B3-9D8D-08C527BC02A7}", "shape_Length": 0.00026458494106743351, "shape_Area": 3.7547308152078932e-09 }, "geometry": { "type": "MultiPolygon", "coordinates": [ [ [ [ 14.455822091000073, 50.08672036400003 ], [ 14.455814702000055, 50.086670797000068 ], [ 14.455737046000024, 50.086646811000037 ], [ 14.455742466000061, 50.086696622000034 ], [ 14.455822091000073, 50.08672036400003 ] ] ] ] } },
{ "type": "Feature", "properties": { "objectid": 68229, "zps_id": "10275", "id_poskyt": 38, "shape_area_1": 0.0, "globalid": "{DDF5FDC3-EA5E-4C3C-B4CD-79A978314EC0}", "shape_Length": 0.00035467096255894755, "shape_Area": 4.6759717017180815e-09 }, "geometry": { "type": "MultiPolygon", "coordinates": [ [ [ [ 14.438582305000068, 50.092079968000064 ], [ 14.438694353000074, 50.092105880000076 ], [ 14.438749643000051, 50.092077460000041 ], [ 14.438639738000063, 50.092050812000082 ], [ 14.438582305000068, 50.092079968000064 ] ] ] ] } },
{ "type": "Feature", "properties": { "objectid": 68230, "zps_id": "11843", "id_poskyt": 38, "shape_area_1": 0.0, "globalid": "{A1804978-5611-4327-AF63-77F4659D9243}", "shape_Length": 0.0015448614210491797, "shape_Area": 4.568476890895371e-08 }, "geometry": { "type": "MultiPolygon", "coordinates": [ [ [ [ 14.44141533800007, 50.093798985000035 ], [ 14.441475082000068, 50.093809301000078 ], [ 14.441647124000042, 50.093120103000047 ], [ 14.441578044000039, 50.093113536000033 ], [ 14.44141533800007, 50.093798985000035 ] ] ] ] } },
{ "type": "Feature", "properties": { "objectid": 68231, "zps_id": "11844", "id_poskyt": 38, "shape_area_1": 0.0, "globalid": "{782E8731-9A1F-4C61-91E5-750F561EF87A}", "shape_Length": 0.00074523072663038471, "shape_Area": 2.1008814807394571e-08 }, "geometry": { "type": "MultiPolygon", "coordinates": [ [ [ [ 14.441593233000049, 50.093050189000053 ], [ 14.441662731000065, 50.093058161000044 ], [ 14.441734057000076, 50.092764018000025 ], [ 14.441664574000072, 50.092756046000034 ], [ 14.441593233000049, 50.093050189000053 ] ] ] ] } },
{ "type": "Feature", "properties": { "objectid": 68232, "zps_id": "9211", "id_poskyt": 38, "shape_area_1": 0.0, "globalid": "{01A25264-1AFE-4FF4-A415-84664D4609DD}", "shape_Length": 0.00017806385679130387, "shape_Area": 1.9168082477326946e-09 }, "geometry": { "type": "MultiPolygon", "coordinates": [ [ [ [ 14.439838852000037, 50.090557901000068 ], [ 14.439884293000034, 50.090567470000053 ], [ 14.439903766000043, 50.090530111000078 ], [ 14.439902399000061, 50.090529502000038 ], [ 14.439857891000031, 50.090519932000063 ], [ 14.439838852000037, 50.090557901000068 ] ] ] ] } },
{ "type": "Feature", "properties": { "objectid": 68233, "zps_id": "10147", "id_poskyt": 38, "shape_area_1": 0.0, "globalid": "{3C0D9E84-80F2-4FD2-957C-F32F41EE40C4}", "shape_Length": 0.00046511090911705954, "shape_Area": 4.3220069763303016e-09 }, "geometry": { "type": "MultiPolygon", "coordinates": [ [ [ [ 14.445023736000053, 50.092571630000066 ], [ 14.44481692100004, 50.092526519000046 ], [ 14.44480715800006, 50.092545622000046 ], [ 14.445013257000028, 50.092590008000059 ], [ 14.445023736000053, 50.092571630000066 ] ] ] ] } },
{ "type": "Feature", "properties": { "objectid": 68234, "zps_id": "11849", "id_poskyt": 38, "shape_area_1": 0.0, "globalid": "{1710C7C2-1359-4A28-9FCF-136ABC892317}", "shape_Length": 0.00022200650698602523, "shape_Area": 1.4308142883054012e-09 }, "geometry": { "type": "MultiPolygon", "coordinates": [ [ [ [ 14.44653366700004, 50.093596640000044 ], [ 14.446540668000068, 50.093583200000069 ], [ 14.446447482000053, 50.093562937000058 ], [ 14.446440144000064, 50.093577093000079 ], [ 14.44653366700004, 50.093596640000044 ] ] ] ] } },
{ "type": "Feature", "properties": { "objectid": 68235, "zps_id": "10072", "id_poskyt": 38, "shape_area_1": 0.0, "globalid": "{91ED4763-3023-4118-8758-B4B691F5E82C}", "shape_Length": 0.00045117947056045758, "shape_Area": 3.5766281828100835e-09 }, "geometry": { "type": "MultiPolygon", "coordinates": [ [ [ [ 14.47360939500004, 50.106534277000037 ], [ 14.473608658000046, 50.106517052000072 ], [ 14.473399911000058, 50.106523801000037 ], [ 14.473401533000072, 50.106540841000026 ], [ 14.47360939500004, 50.106534277000037 ] ] ] ] } },
{ "type": "Feature", "properties": { "objectid": 68236, "zps_id": "9717", "id_poskyt": 38, "shape_area_1": 0.0, "globalid": "{8F776413-5715-4921-ADD7-C8A1F66836EA}", "shape_Length": 0.0001582151235644645, "shape_Area": 1.3697460654677792e-09 }, "geometry": { "type": "MultiPolygon", "coordinates": [ [ [ [ 14.468561580000028, 50.127983924000034 ], [ 14.468561985000065, 50.127984019000053 ], [ 14.468576927000072, 50.127987543000074 ], [ 14.468589337000026, 50.127990470000043 ], [ 14.468615234000026, 50.127946912000027 ], [ 14.468588108000063, 50.12794025900007 ], [ 14.468561580000028, 50.127983924000034 ] ] ] ] } },
{ "type": "Feature", "properties": { "objectid": 68237, "zps_id": "8509", "id_poskyt": 38, "shape_area_1": 0.0, "globalid": "{EA10D8EA-2EFF-4F76-9C83-4CA1D149B3F2}", "shape_Length": 0.00033917787965402017, "shape_Area": 2.8284086858883634e-09 }, "geometry": { "type": "MultiPolygon", "coordinates": [ [ [ [ 14.410487984000042, 50.100064985000074 ], [ 14.410494884000059, 50.100047136000057 ], [ 14.410346251000021, 50.100023864000036 ], [ 14.41033948200004, 50.100041961000045 ], [ 14.410487984000042, 50.100064985000074 ] ] ] ] } },
{ "type": "Feature", "properties": { "objectid": 68238, "zps_id": "11927", "id_poskyt": 38, "shape_area_1": 0.0, "globalid": "{C4777405-3A6F-4D7A-AE67-EADB3611FE75}", "shape_Length": 0.00029407329998818263, "shape_Area": 2.7925602151822527e-09 }, "geometry": { "type": "MultiPolygon", "coordinates": [ [ [ [ 14.41314628300006, 50.100744790000078 ], [ 14.413161668000043, 50.100730343000066 ], [ 14.413057177000042, 50.100671577000071 ], [ 14.413034737000032, 50.100688731000048 ], [ 14.41314628300006, 50.100744790000078 ] ] ] ] } },
{ "type": "Feature", "properties": { "objectid": 68239, "zps_id": "11933", "id_poskyt": 38, "shape_area_1": 0.0, "globalid": "{EDE5EE05-784B-493F-A5A1-BC5CD32051D4}", "shape_Length": 0.0003950835031318487, "shape_Area": 8.5112431006604895e-09 }, "geometry": { "type": "MultiPolygon", "coordinates": [ [ [ [ 14.407168428000034, 50.102221522000036 ], [ 14.407185813000069, 50.102133476000063 ], [ 14.407194163000042, 50.102091183000027 ], [ 14.407130924000057, 50.102084970000078 ], [ 14.407103783000025, 50.102215992000026 ], [ 14.407168428000034, 50.102221522000036 ] ] ] ] } },
{ "type": "Feature", "properties": { "objectid": 68240, "zps_id": "8748", "id_poskyt": 38, "shape_area_1": 0.0, "globalid": "{8618B759-FB5B-4B33-BE23-473F8686BA4D}", "shape_Length": 0.00059001052703201902, "shape_Area": 5.1458523829077746e-09 }, "geometry": { "type": "MultiPolygon", "coordinates": [ [ [ [ 14.40642077800004, 50.103279863000068 ], [ 14.406422208000038, 50.103261529000065 ], [ 14.406146485000022, 50.103255550000029 ], [ 14.406144002000076, 50.103274390000081 ], [ 14.40642077800004, 50.103279863000068 ] ] ] ] } },
{ "type": "Feature", "properties": { "objectid": 68241, "zps_id": "8574", "id_poskyt": 38, "shape_area_1": 0.0, "globalid": "{D9F31967-985C-4870-89CD-FC45827C176D}", "shape_Length": 0.00033544442944613768, "shape_Area": 2.9961835820057597e-09 }, "geometry": { "type": "MultiPolygon", "coordinates": [ [ [ [ 14.401558077000061, 50.101943422000033 ], [ 14.401578093000069, 50.101931212000068 ], [ 14.401479304000077, 50.101857084000073 ], [ 14.40146967000004, 50.101861476000067 ], [ 14.401454975000036, 50.10186157000004 ], [ 14.401438969000026, 50.101857710000047 ], [ 14.401558077000061, 50.101943422000033 ] ] ] ] } },
{ "type": "Feature", "properties": { "objectid": 68242, "zps_id": "9077", "id_poskyt": 38, "shape_area_1": 0.0, "globalid": "{02385016-C7C2-4A4D-A6C4-7EFF0E59F6C4}", "shape_Length": 0.0015473776696776434, "shape_Area": 1.4506697532627307e-08 }, "geometry": { "type": "MultiPolygon", "coordinates": [ [ [ [ 14.403533735000053, 50.105528351000032 ], [ 14.403529629000047, 50.105509380000058 ], [ 14.402945955000064, 50.105555889000073 ], [ 14.402809708000063, 50.105566535000037 ], [ 14.402778228000045, 50.105568945000073 ], [ 14.402778956000077, 50.105572811000059 ], [ 14.402781883000046, 50.105588386000079 ], [ 14.402781921000042, 50.105588586000067 ], [ 14.402812308000023, 50.105586008000046 ], [ 14.402947413000049, 50.105574961000059 ], [ 14.403533735000053, 50.105528351000032 ] ] ] ] } },
{ "type": "Feature", "properties": { "objectid": 68243, "zps_id": "8131", "id_poskyt": 38, "shape_area_1": 0.0, "globalid": "{269EAF73-9E67-4457-AF30-B1BDB0640ACE}", "shape_Length": 0.00020239502542810243, "shape_Area": 1.5573055403229643e-09 }, "geometry": { "type": "MultiPolygon", "coordinates": [ [ [ [ 14.393744606000041, 50.110376356000074 ], [ 14.393746853000039, 50.110357731000079 ], [ 14.393664338000065, 50.110353359000044 ], [ 14.393662862000042, 50.110372470000073 ], [ 14.393744606000041, 50.110376356000074 ] ] ] ] } },
{ "type": "Feature", "properties": { "objectid": 68244, "zps_id": "8421", "id_poskyt": 38, "shape_area_1": 0.0, "globalid": "{F8335DFE-7377-4B19-A914-D80A0F7E5CB0}", "shape_Length": 0.00025864646047836206, "shape_Area": 3.1049206922494846e-09 }, "geometry": { "type": "MultiPolygon", "coordinates": [ [ [ [ 14.394459760000075, 50.106483139000034 ], [ 14.394491766000044, 50.106485980000059 ], [ 14.39450391400004, 50.106388834000029 ], [ 14.39447222900003, 50.106387067000071 ], [ 14.394459760000075, 50.106483139000034 ] ] ] ] } },
{ "type": "Feature", "properties": { "objectid": 68245, "zps_id": "8421", "id_poskyt": 38, "shape_area_1": 0.0, "globalid": "{3ED4B462-2712-4DC6-9016-F755C90A8101}", "shape_Length": 0.00018457300050102931, "shape_Area": 1.6736984461310017e-09 }, "geometry": { "type": "MultiPolygon", "coordinates": [ [ [ [ 14.394422096000028, 50.106806917000029 ], [ 14.394449732000055, 50.106830780000053 ], [ 14.394455844000049, 50.106779061000054 ], [ 14.394424948000051, 50.106752049000079 ], [ 14.394422096000028, 50.106806917000029 ] ] ] ] } },
{ "type": "Feature", "properties": { "objectid": 68246, "zps_id": "8657", "id_poskyt": 38, "shape_area_1": 0.0, "globalid": "{DC6E49E2-B58F-4EC5-AD27-D65825327EE5}", "shape_Length": 0.00020700385806732383, "shape_Area": 1.4499810635617747e-09 }, "geometry": { "type": "MultiPolygon", "coordinates": [ [ [ [ 14.388059826000074, 50.102123920000054 ], [ 14.388077016000068, 50.102137581000079 ], [ 14.38815296100006, 50.102122279000071 ], [ 14.388147495000055, 50.102105202000075 ], [ 14.388059826000074, 50.102123920000054 ] ] ] ] } },
{ "type": "Feature", "properties": { "objectid": 68247, "zps_id": "8441", "id_poskyt": 38, "shape_area_1": 0.0, "globalid": "{96F18EDD-EBCE-4232-8B51-2F7834E43A90}", "shape_Length": 0.00027974010372607282, "shape_Area": 2.5140205650279673e-09 }, "geometry": { "type": "MultiPolygon", "coordinates": [ [ [ [ 14.391891266000073, 50.104252195000072 ], [ 14.391911621000077, 50.104240850000053 ], [ 14.391819061000035, 50.104170943000042 ], [ 14.391797997000026, 50.104182625000078 ], [ 14.391891266000073, 50.104252195000072 ] ] ] ] } },
{ "type": "Feature", "properties": { "objectid": 68248, "zps_id": "8811", "id_poskyt": 38, "shape_area_1": 0.0, "globalid": "{05FF3480-21D8-46A3-8962-79E778140B17}", "shape_Length": 0.00025635575091072731, "shape_Area": 2.2821437021400003e-09 }, "geometry": { "type": "MultiPolygon", "coordinates": [ [ [ [ 14.375771844000042, 50.098787308000055 ], [ 14.375777536000044, 50.098766474000058 ], [ 14.375671198000077, 50.098755050000079 ], [ 14.375666304000049, 50.098776173000033 ], [ 14.375771844000042, 50.098787308000055 ] ] ] ] } },
{ "type": "Feature", "properties": { "objectid": 68249, "zps_id": "8379", "id_poskyt": 38, "shape_area_1": 0.0, "globalid": "{B75A4717-7363-4566-97F9-4E27703AFF52}", "shape_Length": 0.00022954236866851987, "shape_Area": 2.313837959440337e-09 }, "geometry": { "type": "MultiPolygon", "coordinates": [ [ [ [ 14.352473473000032, 50.095805467000048 ], [ 14.35250024100003, 50.095810440000037 ], [ 14.352535126000078, 50.095729968000057 ], [ 14.352508572000033, 50.095725178000066 ], [ 14.352473473000032, 50.095805467000048 ] ] ] ] } },
{ "type": "Feature", "properties": { "objectid": 68250, "zps_id": "8057", "id_poskyt": 38, "shape_area_1": 0.0, "globalid": "{5427B1B7-1A43-4B3A-AEEC-DE2FA9D1C826}", "shape_Length": 0.00016140793662410544, "shape_Area": 1.5156678249539043e-09 }, "geometry": { "type": "MultiPolygon", "coordinates": [ [ [ [ 14.346619252000039, 50.096514134000074 ], [ 14.346611814000028, 50.096538833000068 ], [ 14.346638498000061, 50.096543537000059 ], [ 14.346649280000065, 50.096517203000076 ], [ 14.346651097000063, 50.096490642000049 ], [ 14.346623893000071, 50.096488406000049 ], [ 14.346619252000039, 50.096514134000074 ] ] ] ] } },
{ "type": "Feature", "properties": { "objectid": 68251, "zps_id": "8735", "id_poskyt": 38, "shape_area_1": 0.0, "globalid": "{88F00EC1-3E47-4F7B-8A21-CCAE85853997}", "shape_Length": 0.00018451004439917754, "shape_Area": 1.84708312763308e-09 }, "geometry": { "type": "MultiPolygon", "coordinates": [ [ [ [ 14.346951318000038, 50.088970971000037 ], [ 14.346981932000062, 50.088979030000075 ], [ 14.347013791000052, 50.088927817000069 ], [ 14.346982463000074, 50.088919531000045 ], [ 14.346951318000038, 50.088970971000037 ] ] ] ] } },
{ "type": "Feature", "properties": { "objectid": 68252, "zps_id": "7646", "id_poskyt": 38, "shape_area_1": 0.0, "globalid": "{EE7801FE-D2F5-411D-BF6A-FFFFBACF5E16}", "shape_Length": 0.00020994247294150897, "shape_Area": 1.6577545983437224e-09 }, "geometry": { "type": "MultiPolygon", "coordinates": [ [ [ [ 14.343868732000033, 50.085627688000045 ], [ 14.343834836000042, 50.08561909000008 ], [ 14.343771, 50.085643830000038 ], [ 14.343817511000054, 50.085655876000033 ], [ 14.343868732000033, 50.085627688000045 ] ] ] ] } },
{ "type": "Feature", "properties": { "objectid": 68253, "zps_id": "8946", "id_poskyt": 38, "shape_area_1": 0.0, "globalid": "{966B90B4-1014-4943-A6BD-524C83074F75}", "shape_Length": 0.00018104624008521628, "shape_Area": 1.894001948553528e-09 }, "geometry": { "type": "MultiPolygon", "coordinates": [ [ [ [ 14.340266106000058, 50.086659950000069 ], [ 14.34030523000007, 50.086647375000041 ], [ 14.340273511000078, 50.086608526000077 ], [ 14.340235392000068, 50.086620818000029 ], [ 14.340266106000058, 50.086659950000069 ] ] ] ] } },
{ "type": "Feature", "properties": { "objectid": 68254, "zps_id": "7982", "id_poskyt": 38, "shape_area_1": 0.0, "globalid": "{32D833E9-4E96-4AD7-956B-3184024CD5D4}", "shape_Length": 0.0002915962416561599, "shape_Area": 2.5519034478985928e-09 }, "geometry": { "type": "MultiPolygon", "coordinates": [ [ [ [ 14.37951212300004, 50.085084128000062 ], [ 14.379519412000036, 50.085064708000061 ], [ 14.379394719000061, 50.085046796000029 ], [ 14.379389189000051, 50.085066772000062 ], [ 14.37951212300004, 50.085084128000062 ] ] ] ] } },
{ "type": "Feature", "properties": { "objectid": 68255, "zps_id": "12106", "id_poskyt": 38, "shape_area_1": 0.0, "globalid": "{4FF62C6C-751B-4B4D-BD4C-27B5F5C1EF6F}", "shape_Length": 0.001245504876029107, "shape_Area": 1.5415783759975924e-08 }, "geometry": { "type": "MultiPolygon", "coordinates": [ [ [ [ 14.446383397000034, 50.129259365000053 ], [ 14.446407915000066, 50.129248207000046 ], [ 14.446190408000064, 50.129045799000039 ], [ 14.446105459000023, 50.128965293000078 ], [ 14.445973997000067, 50.128841646000069 ], [ 14.445948064000049, 50.128852681000069 ], [ 14.446075602000064, 50.128974601000039 ], [ 14.446165088000043, 50.129057342000067 ], [ 14.446383397000034, 50.129259365000053 ] ] ] ] } },
{ "type": "Feature", "properties": { "objectid": 68256, "zps_id": "12182", "id_poskyt": 38, "shape_area_1": 0.0, "globalid": "{367B0AAC-39F2-47F5-8F0D-4AF6E735C6FF}", "shape_Length": 0.00086274977769025562, "shape_Area": 1.6782597166483194e-08 }, "geometry": { "type": "MultiPolygon", "coordinates": [ [ [ [ 14.494080361000044, 50.106125003000045 ], [ 14.494049916000051, 50.106161185000076 ], [ 14.494413331000032, 50.106289625000045 ], [ 14.494442320000076, 50.106254386000046 ], [ 14.494080361000044, 50.106125003000045 ] ] ] ] } },
{ "type": "Feature", "properties": { "objectid": 68257, "zps_id": "12381", "id_poskyt": 38, "shape_area_1": 0.0, "globalid": "{AFA3BCCB-2324-4129-98A0-AD3F14233E28}", "shape_Length": 0.00027821072505168528, "shape_Area": 2.8915176272388789e-09 }, "geometry": { "type": "MultiPolygon", "coordinates": [ [ [ [ 14.492446345000076, 50.106956779000029 ], [ 14.492471692000038, 50.106965722000041 ], [ 14.492543493000028, 50.106880405000027 ], [ 14.49251718000005, 50.10687043300004 ], [ 14.492446345000076, 50.106956779000029 ] ] ] ] } },
{ "type": "Feature", "properties": { "objectid": 68258, "zps_id": "15485", "id_poskyt": 38, "shape_area_1": 0.0, "globalid": "{E9487390-0524-4DED-9BB3-36A478476A0B}", "shape_Length": 0.00075993219455400501, "shape_Area": 8.4543984414096677e-09 }, "geometry": { "type": "MultiPolygon", "coordinates": [ [ [ [ 14.486070100000063, 50.104954403000079 ], [ 14.485989411000048, 50.105023543000073 ], [ 14.486013551000042, 50.105034769000042 ], [ 14.486094189000028, 50.104965469000035 ], [ 14.486280960000045, 50.104803773000071 ], [ 14.486258321000037, 50.104792390000057 ], [ 14.486070100000063, 50.104954403000079 ] ] ] ] } },
{ "type": "Feature", "properties": { "objectid": 68259, "zps_id": "12505", "id_poskyt": 38, "shape_area_1": 0.0, "globalid": "{410337E1-4FDB-465F-AA8D-8949FE539432}", "shape_Length": 0.0006801430493677496, "shape_Area": 1.4340615201907826e-08 }, "geometry": { "type": "MultiPolygon", "coordinates": [ [ [ [ 14.502096172000051, 50.111291282000082 ], [ 14.502356106000036, 50.111404320000076 ], [ 14.502395432000071, 50.111368569000035 ], [ 14.502130754000063, 50.111250280000036 ], [ 14.502096172000051, 50.111291282000082 ] ] ] ] } },
{ "type": "Feature", "properties": { "objectid": 68260, "zps_id": "13028", "id_poskyt": 38, "shape_area_1": 0.0, "globalid": "{B6D5F79C-90DA-4764-951E-289EEE06F723}", "shape_Length": 0.00045655735714317805, "shape_Area": 3.6560927823941452e-09 }, "geometry": { "type": "MultiPolygon", "coordinates": [ [ [ [ 14.353668560000074, 50.090959827000063 ], [ 14.353817351000032, 50.090969875000042 ], [ 14.353856718000031, 50.090972739000051 ], [ 14.353877752000074, 50.090974059000075 ], [ 14.353881452000053, 50.090955500000064 ], [ 14.353864454000075, 50.090955419000068 ], [ 14.353820037000048, 50.090952749000053 ], [ 14.353671248000069, 50.090942703000053 ], [ 14.353668560000074, 50.090959827000063 ] ] ] ] } },
{ "type": "Feature", "properties": { "objectid": 68261, "zps_id": "13166", "id_poskyt": 38, "shape_area_1": 0.0, "globalid": "{990B2875-8F55-41A3-A12A-D84A2AFE4A90}", "shape_Length": 0.00041600878734951766, "shape_Area": 6.9965209103639899e-09 }, "geometry": { "type": "MultiPolygon", "coordinates": [ [ [ [ 14.360621863000063, 50.086623489000033 ], [ 14.360781416000066, 50.086659630000042 ], [ 14.360803736000037, 50.086620745000062 ], [ 14.360645705000024, 50.086584739000045 ], [ 14.360621863000063, 50.086623489000033 ] ] ] ] } },
{ "type": "Feature", "properties": { "objectid": 68262, "zps_id": "7411", "id_poskyt": 38, "shape_area_1": 0.0, "globalid": "{680DC9A0-1428-483D-84D9-C2A02B8C7240}", "shape_Length": 0.00043435893840710845, "shape_Area": 5.7322945569366366e-09 }, "geometry": { "type": "MultiPolygon", "coordinates": [ [ [ [ 14.406079949000059, 50.080880395000065 ], [ 14.406111743000054, 50.080881770000076 ], [ 14.406121807000034, 50.08069535900006 ], [ 14.406092116000025, 50.080694640000047 ], [ 14.406079949000059, 50.080880395000065 ] ] ] ] } },
{ "type": "Feature", "properties": { "objectid": 68263, "zps_id": "8825", "id_poskyt": 38, "shape_area_1": 0.0, "globalid": "{E75D60E9-0FFE-4F13-AAB1-7AE0A1BDA4AD}", "shape_Length": 0.00043534815144943975, "shape_Area": 4.0659199955990418e-09 }, "geometry": { "type": "MultiPolygon", "coordinates": [ [ [ [ 14.364987975000076, 50.096582664000039 ], [ 14.365179179000052, 50.096628611000028 ], [ 14.365190680000069, 50.096613651000041 ], [ 14.365167307000036, 50.096604418000027 ], [ 14.36499920600005, 50.096563976000027 ], [ 14.364987975000076, 50.096582664000039 ] ] ] ] } },
{ "type": "Feature", "properties": { "objectid": 68264, "zps_id": "9286", "id_poskyt": 38, "shape_area_1": 0.0, "globalid": "{3635F0F7-86F6-4672-9D60-43EE9908BA5F}", "shape_Length": 0.00022729006382935657, "shape_Area": 1.8590883561190815e-09 }, "geometry": { "type": "MultiPolygon", "coordinates": [ [ [ [ 14.466281912000056, 50.098187705000043 ], [ 14.466369722000024, 50.098217050000073 ], [ 14.46638276300007, 50.098201393000068 ], [ 14.466296810000074, 50.098170286000027 ], [ 14.466281912000056, 50.098187705000043 ] ] ] ] } },
{ "type": "Feature", "properties": { "objectid": 68265, "zps_id": "8186", "id_poskyt": 38, "shape_area_1": 0.0, "globalid": "{2217FCE8-013B-4EF4-B8AF-C39581765E9B}", "shape_Length": 0.00036982495962632951, "shape_Area": 5.9340428582797826e-09 }, "geometry": { "type": "MultiPolygon", "coordinates": [ [ [ [ 14.406049893000045, 50.10107109900008 ], [ 14.40605153000007, 50.101029548000042 ], [ 14.405908491000048, 50.101029213000061 ], [ 14.405905903000075, 50.101070342000071 ], [ 14.406049893000045, 50.10107109900008 ] ] ] ] } },
{ "type": "Feature", "properties": { "objectid": 68266, "zps_id": "21235", "id_poskyt": 38, "shape_area_1": 0.0, "globalid": "{ED60FD4C-82B0-4422-8847-6D5FE3C56B8B}", "shape_Length": 0.00074101497705288989, "shape_Area": 1.0417425264285051e-08 }, "geometry": { "type": "MultiPolygon", "coordinates": [ [ [ [ 14.440073640000037, 50.053934214000037 ], [ 14.440042737000056, 50.053918648000035 ], [ 14.439782710000031, 50.054132981000066 ], [ 14.439814118000072, 50.054146458000048 ], [ 14.440073640000037, 50.053934214000037 ] ] ] ] } },
{ "type": "Feature", "properties": { "objectid": 68267, "zps_id": "2275", "id_poskyt": 38, "shape_area_1": 0.0, "globalid": "{E3CE2EA9-B643-472F-AF5C-6F43AD4AF936}", "shape_Length": 0.0003825097665711173, "shape_Area": 8.1679260332466937e-09 }, "geometry": { "type": "MultiPolygon", "coordinates": [ [ [ [ 14.474083930000063, 50.135873029000038 ], [ 14.474152397000069, 50.135886938000056 ], [ 14.474206911000067, 50.135778671000025 ], [ 14.474139702000059, 50.135763846000032 ], [ 14.474083930000063, 50.135873029000038 ] ] ] ] } },
{ "type": "Feature", "properties": { "objectid": 68268, "zps_id": "13437", "id_poskyt": 38, "shape_area_1": 0.0, "globalid": "{7164A30E-E7C4-4C9F-8646-A736B79C2470}", "shape_Length": 0.0003245821517889207, "shape_Area": 5.7452020395800135e-09 }, "geometry": { "type": "MultiPolygon", "coordinates": [ [ [ [ 14.360548676000064, 50.087100878000058 ], [ 14.360628814000052, 50.087140247000036 ], [ 14.360685379000074, 50.087114116000066 ], [ 14.360611649000077, 50.087054531000035 ], [ 14.360548676000064, 50.087100878000058 ] ] ] ] } },
{ "type": "Feature", "properties": { "objectid": 68269, "zps_id": "8936", "id_poskyt": 38, "shape_area_1": 0.0, "globalid": "{7B61FC41-8EAA-4452-BAF2-7A137C30B6C7}", "shape_Length": 0.00017389094970935288, "shape_Area": 1.516362456105749e-09 }, "geometry": { "type": "MultiPolygon", "coordinates": [ [ [ [ 14.387532982000039, 50.100071816000082 ], [ 14.387554505000026, 50.100044511000078 ], [ 14.387485096000034, 50.100040960000058 ], [ 14.387488244000053, 50.100065147000066 ], [ 14.387532982000039, 50.100071816000082 ] ] ] ] } },
{ "type": "Feature", "properties": { "objectid": 68270, "zps_id": "13458", "id_poskyt": 38, "shape_area_1": 0.0, "globalid": "{183BE6EA-DC56-4EE6-952B-978C0FA1AA3F}", "shape_Length": 0.0022779799900001381, "shape_Area": 4.2142913640665451e-08 }, "geometry": { "type": "MultiPolygon", "coordinates": [ [ [ [ 14.434083667000039, 50.061089180000067 ], [ 14.43298382100005, 50.061051784000028 ], [ 14.432976491000034, 50.061090861000082 ], [ 14.434075753000059, 50.061126253000054 ], [ 14.434083667000039, 50.061089180000067 ] ] ] ] } },
{ "type": "Feature", "properties": { "objectid": 68271, "zps_id": "13459", "id_poskyt": 38, "shape_area_1": 0.0, "globalid": "{2134EBE1-8D78-41DA-A66D-3DDCB9B92C45}", "shape_Length": 0.00052460368100802363, "shape_Area": 7.639740620583072e-09 }, "geometry": { "type": "MultiPolygon", "coordinates": [ [ [ [ 14.444576770000026, 50.05845650200007 ], [ 14.444736344000034, 50.058296620000078 ], [ 14.444700398000066, 50.058284121000042 ], [ 14.444542633000026, 50.058443129000068 ], [ 14.444576770000026, 50.05845650200007 ] ] ] ] } },
{ "type": "Feature", "properties": { "objectid": 68272, "zps_id": "11721", "id_poskyt": 38, "shape_area_1": 0.0, "globalid": "{EA567FAB-C1FB-479C-A3FA-485CBA147748}", "shape_Length": 0.00031238633616797258, "shape_Area": 5.700040595380252e-09 }, "geometry": { "type": "MultiPolygon", "coordinates": [ [ [ [ 14.453957348000074, 50.052433913000073 ], [ 14.453999024000041, 50.052353937000078 ], [ 14.453937172000053, 50.052340189000063 ], [ 14.453891450000071, 50.052419253000039 ], [ 14.453957348000074, 50.052433913000073 ] ] ] ] } },
{ "type": "Feature", "properties": { "objectid": 68273, "zps_id": "13463", "id_poskyt": 38, "shape_area_1": 0.0, "globalid": "{576E3D69-31AB-4692-BA74-858A7E6D858D}", "shape_Length": 0.00068932627760652791, "shape_Area": 6.7931654580796883e-09 }, "geometry": { "type": "MultiPolygon", "coordinates": [ [ [ [ 14.426027477000048, 50.061290014000065 ], [ 14.426327124000068, 50.061166549000063 ], [ 14.426310608000051, 50.061149630000045 ], [ 14.426014763000069, 50.061273440000036 ], [ 14.426027477000048, 50.061290014000065 ] ] ] ] } },
{ "type": "Feature", "properties": { "objectid": 68274, "zps_id": "13464", "id_poskyt": 38, "shape_area_1": 0.0, "globalid": "{E98DFA40-BD16-4989-92F1-74999C4FAE78}", "shape_Length": 0.00059747408563820884, "shape_Area": 6.2214167221177628e-09 }, "geometry": { "type": "MultiPolygon", "coordinates": [ [ [ [ 14.43275638700004, 50.05806233900006 ], [ 14.43300135100003, 50.057941064000033 ], [ 14.432982496000022, 50.057925046000037 ], [ 14.432736699000031, 50.058046730000058 ], [ 14.43275638700004, 50.05806233900006 ] ] ] ] } },
{ "type": "Feature", "properties": { "objectid": 68275, "zps_id": "11000", "id_poskyt": 38, "shape_area_1": 0.0, "globalid": "{1FD99516-AE0C-4BA6-B5C9-4B09DF5F42E3}", "shape_Length": 0.00060845997866861359, "shape_Area": 5.4938711587924226e-09 }, "geometry": { "type": "MultiPolygon", "coordinates": [ [ [ [ 14.420433468000056, 50.059245296000029 ], [ 14.420433753000054, 50.059265006000032 ], [ 14.420718179000062, 50.059266852000064 ], [ 14.420718908000026, 50.05924800300005 ], [ 14.420433468000056, 50.059245296000029 ] ] ] ] } },
{ "type": "Feature", "properties": { "objectid": 68276, "zps_id": "13465", "id_poskyt": 38, "shape_area_1": 0.0, "globalid": "{854FC1E1-CD3C-42A5-A91A-04CABC8BF08E}", "shape_Length": 0.00031998242379605545, "shape_Area": 2.7500722031827375e-09 }, "geometry": { "type": "MultiPolygon", "coordinates": [ [ [ [ 14.420872849000034, 50.059181365000029 ], [ 14.420873993000043, 50.059161762000031 ], [ 14.420733025000061, 50.059159945000033 ], [ 14.420733058000053, 50.059179508000057 ], [ 14.420872849000034, 50.059181365000029 ] ] ] ] } },
{ "type": "Feature", "properties": { "objectid": 68277, "zps_id": "13467", "id_poskyt": 38, "shape_area_1": 0.0, "globalid": "{CD9F8BD6-F01B-44D8-A7AE-9C1BB214EC51}", "shape_Length": 0.0013693447048394253, "shape_Area": 2.7932989931076664e-08 }, "geometry": { "type": "MultiPolygon", "coordinates": [ [ [ [ 14.434208824000052, 50.062084261000052 ], [ 14.434215305000066, 50.06203890300003 ], [ 14.433573292000062, 50.06201843100007 ], [ 14.433569759000022, 50.06205994000004 ], [ 14.434208824000052, 50.062084261000052 ] ] ] ] } },
{ "type": "Feature", "properties": { "objectid": 68278, "zps_id": "4652", "id_poskyt": 38, "shape_area_1": 0.0, "globalid": "{66304DAF-982C-430D-98E4-B697AF2053AB}", "shape_Length": 0.00060954560701233207, "shape_Area": 7.0013481330196888e-09 }, "geometry": { "type": "MultiPolygon", "coordinates": [ [ [ [ 14.456318449000037, 50.086570867000034 ], [ 14.456344508000029, 50.086578374000055 ], [ 14.456512317000033, 50.086357523000061 ], [ 14.45648710200004, 50.086349227000028 ], [ 14.456318449000037, 50.086570867000034 ] ] ] ] } },
{ "type": "Feature", "properties": { "objectid": 68279, "zps_id": "4543", "id_poskyt": 38, "shape_area_1": 0.0, "globalid": "{0D2B52A7-3F50-46C1-8336-C01239036A87}", "shape_Length": 0.00039389084699258657, "shape_Area": 4.1167540184647482e-09 }, "geometry": { "type": "MultiPolygon", "coordinates": [ [ [ [ 14.454156048000073, 50.084472252000069 ], [ 14.45413159900005, 50.08448571200006 ], [ 14.454267263000077, 50.084589691000076 ], [ 14.454289279000022, 50.084578184000065 ], [ 14.454156048000073, 50.084472252000069 ] ] ] ] } },
{ "type": "Feature", "properties": { "objectid": 68280, "zps_id": "4552", "id_poskyt": 38, "shape_area_1": 0.0, "globalid": "{2307FAF5-71E0-484F-98E4-CF2A99B97B1E}", "shape_Length": 0.00070604762664585826, "shape_Area": 6.7705627463338763e-09 }, "geometry": { "type": "MultiPolygon", "coordinates": [ [ [ [ 14.454721762000077, 50.084463588000062 ], [ 14.454705284000056, 50.084449119000055 ], [ 14.454408884000031, 50.084596119000025 ], [ 14.454425257000025, 50.084611014000075 ], [ 14.454721762000077, 50.084463588000062 ] ] ] ] } },
{ "type": "Feature", "properties": { "objectid": 68281, "zps_id": "4548", "id_poskyt": 38, "shape_area_1": 0.0, "globalid": "{82C50683-BD77-4F56-AF9D-E694D29EE104}", "shape_Length": 0.001723639652688542, "shape_Area": 2.52754457661557e-08 }, "geometry": { "type": "MultiPolygon", "coordinates": [ [ [ [ 14.456050904000051, 50.083461275000047 ], [ 14.456013119000033, 50.083524608000062 ], [ 14.455959332000077, 50.083598498000072 ], [ 14.455904497000063, 50.083669694000037 ], [ 14.455855898000038, 50.083726854000076 ], [ 14.455805025000075, 50.083783296000036 ], [ 14.45574756600007, 50.083840202000033 ], [ 14.455693199000052, 50.083886434000078 ], [ 14.455633523000074, 50.083934812000052 ], [ 14.455559707000077, 50.083988712000064 ], [ 14.455585507000023, 50.084004121000078 ], [ 14.455686115000049, 50.083929589000036 ], [ 14.455744017000029, 50.083880736000026 ], [ 14.455789096000046, 50.083839836000038 ], [ 14.455836712000064, 50.083793107000076 ], [ 14.455881901000055, 50.083743686000048 ], [ 14.455941945000063, 50.08367273500005 ], [ 14.45598801400007, 50.083613282000044 ], [ 14.456020052000042, 50.083569235000027 ], [ 14.456057043000044, 50.08351413500003 ], [ 14.456086377000076, 50.08346881600005 ], [ 14.456104122000056, 50.083427709000034 ], [ 14.456124739000074, 50.083379151000031 ], [ 14.456092375000026, 50.083372439000073 ], [ 14.456050904000051, 50.083461275000047 ] ] ] ] } },
{ "type": "Feature", "properties": { "objectid": 68282, "zps_id": "4548", "id_poskyt": 38, "shape_area_1": 0.0, "globalid": "{2A370D91-E270-4DED-B063-F6772299E7BD}", "shape_Length": 0.00056956328072282664, "shape_Area": 6.7926227581984936e-09 }, "geometry": { "type": "MultiPolygon", "coordinates": [ [ [ [ 14.455291633000058, 50.084154377000061 ], [ 14.455315051000071, 50.084171037000033 ], [ 14.455373276000046, 50.084138729000074 ], [ 14.455426474000035, 50.084107913000025 ], [ 14.455481936000069, 50.084074546000068 ], [ 14.455534924000062, 50.084038753000073 ], [ 14.45550995900004, 50.084023329000047 ], [ 14.455458117000035, 50.084057850000079 ], [ 14.455390907000037, 50.084098167000036 ], [ 14.455291633000058, 50.084154377000061 ] ] ] ] } },
{ "type": "Feature", "properties": { "objectid": 68283, "zps_id": "4456", "id_poskyt": 38, "shape_area_1": 0.0, "globalid": "{5A4D45CC-805C-4015-AE0A-1CCEED6B175D}", "shape_Length": 0.00049019277325697253, "shape_Area": 5.8414844147166752e-09 }, "geometry": { "type": "MultiPolygon", "coordinates": [ [ [ [ 14.44773142300005, 50.08152894400007 ], [ 14.447704940000051, 50.081519398000069 ], [ 14.447692522000068, 50.081534900000065 ], [ 14.447671290000073, 50.081563301000074 ], [ 14.447667458000069, 50.081569823000052 ], [ 14.447655258000054, 50.08158972800004 ], [ 14.447642259000077, 50.081621979000033 ], [ 14.447640704000037, 50.081649239000058 ], [ 14.447640009000054, 50.081668501000081 ], [ 14.44764127600007, 50.081678232000058 ], [ 14.447661203000052, 50.081720623000081 ], [ 14.447689487000048, 50.081714445000046 ], [ 14.447681138000064, 50.081699104000052 ], [ 14.447672327000078, 50.08167719000005 ], [ 14.447669328000075, 50.081667578000065 ], [ 14.447669262000034, 50.081649775000074 ], [ 14.44766977200004, 50.081625035000059 ], [ 14.447679976000074, 50.081598818000032 ], [ 14.447691294000037, 50.081578818000025 ], [ 14.447713511000075, 50.081549832000064 ], [ 14.44773142300005, 50.08152894400007 ] ] ] ] } },
{ "type": "Feature", "properties": { "objectid": 68284, "zps_id": "4362", "id_poskyt": 38, "shape_area_1": 0.0, "globalid": "{513F5036-18E4-493F-8145-24A62BA4E6ED}", "shape_Length": 0.00035760749092434585, "shape_Area": 5.588574036987144e-09 }, "geometry": { "type": "MultiPolygon", "coordinates": [ [ [ [ 14.452385237000044, 50.079420480000067 ], [ 14.452250244000027, 50.079400759000066 ], [ 14.452235391000045, 50.079440068000054 ], [ 14.452372083000057, 50.07945942300006 ], [ 14.452385237000044, 50.079420480000067 ] ] ] ] } },
{ "type": "Feature", "properties": { "objectid": 68285, "zps_id": "4362", "id_poskyt": 38, "shape_area_1": 0.0, "globalid": "{D7B86E84-6F06-458E-A1F1-BDB1FC5DCC70}", "shape_Length": 0.00032628822588150913, "shape_Area": 4.9407287373886007e-09 }, "geometry": { "type": "MultiPolygon", "coordinates": [ [ [ [ 14.452552837000042, 50.07944621200005 ], [ 14.45243193500005, 50.079427207000037 ], [ 14.452419088000056, 50.079466695000065 ], [ 14.452539471000023, 50.079484619000027 ], [ 14.452552837000042, 50.07944621200005 ] ] ] ] } },
{ "type": "Feature", "properties": { "objectid": 68286, "zps_id": "4346", "id_poskyt": 38, "shape_area_1": 0.0, "globalid": "{3DE0B0B3-B551-409D-A373-F76C20B9EE54}", "shape_Length": 0.00038098061131515854, "shape_Area": 3.2423025929444975e-09 }, "geometry": { "type": "MultiPolygon", "coordinates": [ [ [ [ 14.451572345000045, 50.078630905000068 ], [ 14.451577065000038, 50.078612990000067 ], [ 14.451406748000068, 50.078597373000036 ], [ 14.451401453000074, 50.078616589000035 ], [ 14.451572345000045, 50.078630905000068 ] ] ] ] } },
{ "type": "Feature", "properties": { "objectid": 68287, "zps_id": "3033", "id_poskyt": 38, "shape_area_1": 0.0, "globalid": "{8B74577A-6B23-45DF-972A-FD308B466E7E}", "shape_Length": 0.00029520743945317949, "shape_Area": 3.4790310472271628e-09 }, "geometry": { "type": "MultiPolygon", "coordinates": [ [ [ [ 14.435072877000039, 50.071881141000063 ], [ 14.435103648000052, 50.071887338000067 ], [ 14.435153774000071, 50.071781757000053 ], [ 14.435124073000054, 50.071776234000026 ], [ 14.435072877000039, 50.071881141000063 ] ] ] ] } },
{ "type": "Feature", "properties": { "objectid": 68288, "zps_id": "3784", "id_poskyt": 38, "shape_area_1": 0.0, "globalid": "{02ABE331-BF50-4BA4-9576-A921B485716D}", "shape_Length": 0.0008387268201965148, "shape_Area": 1.1300309466589309e-08 }, "geometry": { "type": "MultiPolygon", "coordinates": [ [ [ [ 14.416492634000065, 50.081504361000043 ], [ 14.416521923000062, 50.081508807000034 ], [ 14.416649346000042, 50.081140147000042 ], [ 14.416620188000024, 50.081136212000047 ], [ 14.416492634000065, 50.081504361000043 ] ] ] ] } },
{ "type": "Feature", "properties": { "objectid": 68289, "zps_id": "3784", "id_poskyt": 38, "shape_area_1": 0.0, "globalid": "{1B374187-B4AF-4031-A0CD-541E90E99613}", "shape_Length": 0.00021765598484128611, "shape_Area": 2.2078546631822185e-09 }, "geometry": { "type": "MultiPolygon", "coordinates": [ [ [ [ 14.416668630000061, 50.080995760000064 ], [ 14.41669773600006, 50.08099994500003 ], [ 14.41671447300007, 50.080951836000054 ], [ 14.416727007000077, 50.080927343000042 ], [ 14.416697199000055, 50.080921626000077 ], [ 14.416668630000061, 50.080995760000064 ] ] ] ] } },
{ "type": "Feature", "properties": { "objectid": 68290, "zps_id": "3784", "id_poskyt": 38, "shape_area_1": 0.0, "globalid": "{8A5B19C5-4A0C-4A26-ACBA-7D838D2DB9B9}", "shape_Length": 0.00035384559728740512, "shape_Area": 4.305385607636026e-09 }, "geometry": { "type": "MultiPolygon", "coordinates": [ [ [ [ 14.416711710000072, 50.080889803000048 ], [ 14.416741957000056, 50.080895431000044 ], [ 14.416805327000077, 50.080763790000049 ], [ 14.416776034000065, 50.080757583000036 ], [ 14.416711710000072, 50.080889803000048 ] ] ] ] } },
{ "type": "Feature", "properties": { "objectid": 68291, "zps_id": "3670", "id_poskyt": 38, "shape_area_1": 0.0, "globalid": "{2F4952AF-4B40-4013-B21B-ACEC222C9809}", "shape_Length": 0.00038328960555267423, "shape_Area": 6.0025278629410803e-09 }, "geometry": { "type": "MultiPolygon", "coordinates": [ [ [ [ 14.419116019000057, 50.087829197000076 ], [ 14.419075598000063, 50.087795921000065 ], [ 14.418940079000038, 50.08783008100005 ], [ 14.418992963000051, 50.087864570000079 ], [ 14.419116019000057, 50.087829197000076 ] ] ] ] } },
{ "type": "Feature", "properties": { "objectid": 68292, "zps_id": "13509", "id_poskyt": 38, "shape_area_1": 0.0, "globalid": "{7B9405F7-A849-4659-8AA8-76353FDF4DB8}", "shape_Length": 0.0015370350121394838, "shape_Area": 2.942820590543876e-08 }, "geometry": { "type": "MultiPolygon", "coordinates": [ [ [ [ 14.427606629000024, 50.069781344000035 ], [ 14.428316603000042, 50.069849468000029 ], [ 14.428357625000046, 50.069814671000074 ], [ 14.427650947000075, 50.069741557000043 ], [ 14.427606629000024, 50.069781344000035 ] ] ] ] } },
{ "type": "Feature", "properties": { "objectid": 68293, "zps_id": "12131", "id_poskyt": 38, "shape_area_1": 0.0, "globalid": "{540EE33B-40C4-4D67-BEF6-AA947ECA794E}", "shape_Length": 0.0010638413341319856, "shape_Area": 1.501077970626658e-08 }, "geometry": { "type": "MultiPolygon", "coordinates": [ [ [ [ 14.44894679500004, 50.129616215000055 ], [ 14.449330076000024, 50.129934927000079 ], [ 14.44936141900007, 50.129918788000055 ], [ 14.448974462000024, 50.129603010000039 ], [ 14.44894679500004, 50.129616215000055 ] ] ] ] } },
{ "type": "Feature", "properties": { "objectid": 68294, "zps_id": "7278", "id_poskyt": 38, "shape_area_1": 0.0, "globalid": "{C893D319-7F2B-4E82-9D3D-89107BA6F04B}", "shape_Length": 0.00026948320701598432, "shape_Area": 3.1148191019272604e-09 }, "geometry": { "type": "MultiPolygon", "coordinates": [ [ [ [ 14.408516854000027, 50.064429960000041 ], [ 14.408547579000071, 50.064435680000031 ], [ 14.408553652000023, 50.064422332000049 ], [ 14.408589597000059, 50.064340487000038 ], [ 14.408559702000048, 50.064335367000069 ], [ 14.408516854000027, 50.064429960000041 ] ] ] ] } },
{ "type": "Feature", "properties": { "objectid": 68295, "zps_id": "4131", "id_poskyt": 38, "shape_area_1": 0.0, "globalid": "{8AC4133C-450E-49AE-A68F-ED1B8507B88B}", "shape_Length": 0.0010483970004305781, "shape_Area": 3.2366536403680503e-08 }, "geometry": { "type": "MultiPolygon", "coordinates": [ [ [ [ 14.435576258000026, 50.09361277000005 ], [ 14.435649362000049, 50.093617527000049 ], [ 14.435736578000046, 50.093174804000057 ], [ 14.435665807000078, 50.093168828000046 ], [ 14.435576258000026, 50.09361277000005 ] ] ] ] } },
{ "type": "Feature", "properties": { "objectid": 68296, "zps_id": "4513", "id_poskyt": 38, "shape_area_1": 0.0, "globalid": "{D239C54E-06BE-423E-907C-DB67AAC179E6}", "shape_Length": 0.00025249480683756873, "shape_Area": 3.7035913794708922e-09 }, "geometry": { "type": "MultiPolygon", "coordinates": [ [ [ [ 14.447652424000069, 50.084025429000064 ], [ 14.44771316200007, 50.084020121000037 ], [ 14.447732533000021, 50.083958467000059 ], [ 14.447669039000061, 50.083964539000078 ], [ 14.447652424000069, 50.084025429000064 ] ] ] ] } },
{ "type": "Feature", "properties": { "objectid": 68297, "zps_id": "3305", "id_poskyt": 38, "shape_area_1": 0.0, "globalid": "{1DB94351-D9EB-45DB-9E62-EAD19856CB0A}", "shape_Length": 0.00059426361993570112, "shape_Area": 9.1986614621685388e-09 }, "geometry": { "type": "MultiPolygon", "coordinates": [ [ [ [ 14.42946752000006, 50.071232139000074 ], [ 14.429503689000057, 50.071233388000053 ], [ 14.429507318000049, 50.071186969000053 ], [ 14.429525405000049, 50.070973792000075 ], [ 14.429491526000049, 50.070969794000064 ], [ 14.429491107000047, 50.070971754000027 ], [ 14.42946752000006, 50.071232139000074 ] ] ] ] } },
{ "type": "Feature", "properties": { "objectid": 68298, "zps_id": "14735", "id_poskyt": 38, "shape_area_1": 0.0, "globalid": "{B8BF5AD0-693A-45C1-9FCD-3066E402AEB6}", "shape_Length": 0.00071605192521782173, "shape_Area": 1.3765063754028087e-08 }, "geometry": { "type": "MultiPolygon", "coordinates": [ [ [ [ 14.395600651000052, 50.089344722000078 ], [ 14.395559576000039, 50.089341875000059 ], [ 14.395517799000061, 50.089652751000074 ], [ 14.395564120000074, 50.08965726200006 ], [ 14.395600651000052, 50.089344722000078 ] ] ] ] } },
{ "type": "Feature", "properties": { "objectid": 68299, "zps_id": "2929", "id_poskyt": 38, "shape_area_1": 0.0, "globalid": "{10206F6E-9F71-4E8D-B8D1-BE598D2A28D3}", "shape_Length": 0.00032088793537156986, "shape_Area": 4.6686818319117825e-09 }, "geometry": { "type": "MultiPolygon", "coordinates": [ [ [ [ 14.443404727000029, 50.078421049000042 ], [ 14.443442865000065, 50.078375555000036 ], [ 14.443341396000051, 50.078373768000063 ], [ 14.44330366500003, 50.078419070000052 ], [ 14.443404727000029, 50.078421049000042 ] ] ] ] } },
{ "type": "Feature", "properties": { "objectid": 68300, "zps_id": "14788", "id_poskyt": 38, "shape_area_1": 0.0, "globalid": "{D46D0B01-81DB-4B66-BB3A-F7896AAD6B06}", "shape_Length": 0.00040933936165772313, "shape_Area": 3.8294432212602736e-09 }, "geometry": { "type": "MultiPolygon", "coordinates": [ [ [ [ 14.368710833000023, 50.104342487000054 ], [ 14.368728823000026, 50.104329046000032 ], [ 14.368669914000066, 50.104297175000056 ], [ 14.368617992000054, 50.104271253000036 ], [ 14.368572752000034, 50.104239153000037 ], [ 14.368552605000048, 50.104251919000035 ], [ 14.368599379000045, 50.104283065000061 ], [ 14.368656247000047, 50.104315383000028 ], [ 14.368710833000023, 50.104342487000054 ] ] ] ] } },
{ "type": "Feature", "properties": { "objectid": 68301, "zps_id": "11686", "id_poskyt": 38, "shape_area_1": 0.0, "globalid": "{913AC53E-FBC3-42BB-B859-7EE0FEF289E1}", "shape_Length": 0.00022533455194136866, "shape_Area": 1.6890505007395069e-09 }, "geometry": { "type": "MultiPolygon", "coordinates": [ [ [ [ 14.453204855000024, 50.058418120000056 ], [ 14.453299643000037, 50.058417779000081 ], [ 14.453299255000047, 50.058400093000046 ], [ 14.453204332000041, 50.058400195000047 ], [ 14.453204855000024, 50.058418120000056 ] ] ] ] } },
{ "type": "Feature", "properties": { "objectid": 68302, "zps_id": "14929", "id_poskyt": 38, "shape_area_1": 0.0, "globalid": "{7D7D7F53-DC96-42A2-AA34-0806D9C87096}", "shape_Length": 0.00021084152491289361, "shape_Area": 1.684494889906622e-09 }, "geometry": { "type": "MultiPolygon", "coordinates": [ [ [ [ 14.383232007000061, 50.092146996000054 ], [ 14.383246480000025, 50.092130974000042 ], [ 14.383168334000061, 50.092102382000064 ], [ 14.383153113000049, 50.092118465000055 ], [ 14.383232007000061, 50.092146996000054 ] ] ] ] } },
{ "type": "Feature", "properties": { "objectid": 68303, "zps_id": "15202", "id_poskyt": 38, "shape_area_1": 0.0, "globalid": "{DB784336-70BA-48FE-BF34-B53C814584D0}", "shape_Length": 0.00025783771131309926, "shape_Area": 4.0063239356877797e-09 }, "geometry": { "type": "MultiPolygon", "coordinates": [ [ [ [ 14.308065254000041, 50.091709216000027 ], [ 14.308094377000032, 50.091655278000076 ], [ 14.308025323000038, 50.091640581000036 ], [ 14.307999980000034, 50.091693687000031 ], [ 14.308065254000041, 50.091709216000027 ] ] ] ] } },
{ "type": "Feature", "properties": { "objectid": 68304, "zps_id": "15200", "id_poskyt": 38, "shape_area_1": 0.0, "globalid": "{E5180472-053A-4CB9-9E8E-22CE38E71A91}", "shape_Length": 0.00034052312432667983, "shape_Area": 3.3712137899172138e-09 }, "geometry": { "type": "MultiPolygon", "coordinates": [ [ [ [ 14.389788617000022, 50.095398610000075 ], [ 14.38981123700006, 50.095410040000047 ], [ 14.389922893000062, 50.095317545000057 ], [ 14.389899912000033, 50.095306292000032 ], [ 14.389788617000022, 50.095398610000075 ] ] ] ] } },
{ "type": "Feature", "properties": { "objectid": 68305, "zps_id": "4586", "id_poskyt": 38, "shape_area_1": 0.0, "globalid": "{880BB8AA-8287-446C-BC38-B83FDF14F8ED}", "shape_Length": 0.0003082243518288445, "shape_Area": 2.7786563964884281e-09 }, "geometry": { "type": "MultiPolygon", "coordinates": [ [ [ [ 14.455933713000036, 50.085325002000047 ], [ 14.456059622000055, 50.085364128000037 ], [ 14.456072888000051, 50.08534562300008 ], [ 14.455946785000037, 50.085307479000051 ], [ 14.455933713000036, 50.085325002000047 ] ] ] ] } },
{ "type": "Feature", "properties": { "objectid": 68306, "zps_id": "8499", "id_poskyt": 38, "shape_area_1": 0.0, "globalid": "{DEE65D54-507E-4006-BCD1-5C90BA401146}", "shape_Length": 0.0004395756654589367, "shape_Area": 7.5181507366106334e-09 }, "geometry": { "type": "MultiPolygon", "coordinates": [ [ [ [ 14.40515352400007, 50.101070553000056 ], [ 14.405330215000049, 50.10106871000005 ], [ 14.405330922000076, 50.101027086000045 ], [ 14.405152820000069, 50.101027416000079 ], [ 14.40515352400007, 50.101070553000056 ] ] ] ] } },
{ "type": "Feature", "properties": { "objectid": 68307, "zps_id": "7501", "id_poskyt": 38, "shape_area_1": 0.0, "globalid": "{40CAF902-0654-47DF-9B44-21F156ACDE1F}", "shape_Length": 0.00022473239069361901, "shape_Area": 1.9177072333420511e-09 }, "geometry": { "type": "MultiPolygon", "coordinates": [ [ [ [ 14.406802516000027, 50.076105052000059 ], [ 14.406854027000065, 50.076110501000073 ], [ 14.406809021000072, 50.076068090000035 ], [ 14.406758491000062, 50.076063735000048 ], [ 14.406802516000027, 50.076105052000059 ] ] ] ] } },
{ "type": "Feature", "properties": { "objectid": 68308, "zps_id": "15340", "id_poskyt": 38, "shape_area_1": 0.0, "globalid": "{BC0E2BC5-5CE2-40C8-B429-6476A7AD9FC4}", "shape_Length": 0.00092545014603030013, "shape_Area": 8.2368011045501558e-09 }, "geometry": { "type": "MultiPolygon", "coordinates": [ [ [ [ 14.459389302000034, 50.049479643000041 ], [ 14.459422450000034, 50.049480771000049 ], [ 14.45959319800005, 50.049484618000065 ], [ 14.459593910000024, 50.04946697500003 ], [ 14.459150087000069, 50.049454868000055 ], [ 14.459149117000038, 50.049474449000058 ], [ 14.459389302000034, 50.049479643000041 ] ] ] ] } },
{ "type": "Feature", "properties": { "objectid": 68309, "zps_id": "2911", "id_poskyt": 38, "shape_area_1": 0.0, "globalid": "{1988441A-DC82-4744-97A7-3C40627C45C7}", "shape_Length": 0.00023948675360137145, "shape_Area": 3.1677233599866898e-09 }, "geometry": { "type": "MultiPolygon", "coordinates": [ [ [ [ 14.436132720000046, 50.079796094000073 ], [ 14.436200588000077, 50.079771520000065 ], [ 14.436173604000032, 50.079736063000041 ], [ 14.436101583000038, 50.079761930000075 ], [ 14.436132720000046, 50.079796094000073 ] ] ] ] } },
{ "type": "Feature", "properties": { "objectid": 68310, "zps_id": "2907", "id_poskyt": 38, "shape_area_1": 0.0, "globalid": "{AEB13BEB-071C-4BF0-8544-CB92779D57E3}", "shape_Length": 0.0003294815018955477, "shape_Area": 2.9722838593673502e-09 }, "geometry": { "type": "MultiPolygon", "coordinates": [ [ [ [ 14.436438424000073, 50.080849364000073 ], [ 14.436498504000042, 50.080829037000058 ], [ 14.436573421000048, 50.080803016000061 ], [ 14.436559316000057, 50.080785914000046 ], [ 14.436424499000054, 50.080832340000029 ], [ 14.436438424000073, 50.080849364000073 ] ] ] ] } },
{ "type": "Feature", "properties": { "objectid": 68311, "zps_id": "14094", "id_poskyt": 38, "shape_area_1": 0.0, "globalid": "{D052C98C-50BC-4861-81DA-219710BED9A2}", "shape_Length": 0.00038322852054301483, "shape_Area": 6.5311399176572213e-09 }, "geometry": { "type": "MultiPolygon", "coordinates": [ [ [ [ 14.409736561000045, 50.035015565000037 ], [ 14.409780540000042, 50.03502485000007 ], [ 14.409852963000048, 50.034899980000034 ], [ 14.409805184000049, 50.034888162000072 ], [ 14.409736561000045, 50.035015565000037 ] ] ] ] } },
{ "type": "Feature", "properties": { "objectid": 68312, "zps_id": "15439", "id_poskyt": 38, "shape_area_1": 0.0, "globalid": "{0BDE4F87-AD99-4859-8541-C61D5EEB7368}", "shape_Length": 0.00020451481099428455, "shape_Area": 1.561937871613352e-09 }, "geometry": { "type": "MultiPolygon", "coordinates": [ [ [ [ 14.430837118000056, 50.075977211000065 ], [ 14.430919390000042, 50.075990890000071 ], [ 14.430927274000055, 50.075974380000048 ], [ 14.430847333000031, 50.075958503000038 ], [ 14.430837118000056, 50.075977211000065 ] ] ] ] } },
{ "type": "Feature", "properties": { "objectid": 68313, "zps_id": "15456", "id_poskyt": 38, "shape_area_1": 0.0, "globalid": "{0A480E3A-6205-4C7A-965C-119070F07EFA}", "shape_Length": 0.00027348334159145096, "shape_Area": 4.2401008993349072e-09 }, "geometry": { "type": "MultiPolygon", "coordinates": [ [ [ [ 14.442952831000071, 50.109214908000069 ], [ 14.443007487000045, 50.109248548000039 ], [ 14.443067531000054, 50.109206268000037 ], [ 14.443012057000033, 50.10917427000004 ], [ 14.442952831000071, 50.109214908000069 ] ] ] ] } },
{ "type": "Feature", "properties": { "objectid": 68314, "zps_id": "15464", "id_poskyt": 38, "shape_area_1": 0.0, "globalid": "{CE9412DA-F57F-457F-B209-EC957ED3A38F}", "shape_Length": 0.00038025956678442439, "shape_Area": 8.4856122602786128e-09 }, "geometry": { "type": "MultiPolygon", "coordinates": [ [ [ [ 14.442258045000074, 50.108830255000044 ], [ 14.442330972000036, 50.108828627000037 ], [ 14.442321947000039, 50.108711418000041 ], [ 14.442251143000021, 50.108711501000073 ], [ 14.442258045000074, 50.108830255000044 ] ] ] ] } },
{ "type": "Feature", "properties": { "objectid": 68315, "zps_id": "15456", "id_poskyt": 38, "shape_area_1": 0.0, "globalid": "{BCE90CB9-E030-4F04-B65E-1934D88C17AC}", "shape_Length": 0.0002758079030978453, "shape_Area": 4.3299418521883388e-09 }, "geometry": { "type": "MultiPolygon", "coordinates": [ [ [ [ 14.443012597000063, 50.109173393000049 ], [ 14.443067925000037, 50.109206077000067 ], [ 14.443127808000042, 50.109163419000026 ], [ 14.443072529000062, 50.109130513000082 ], [ 14.443012597000063, 50.109173393000049 ] ] ] ] } },
{ "type": "Feature", "properties": { "objectid": 68316, "zps_id": "7188", "id_poskyt": 38, "shape_area_1": 0.0, "globalid": "{7FD2C225-F395-4314-B66F-44C6A04A7C0A}", "shape_Length": 0.00015088351754847997, "shape_Area": 1.388663668408792e-09 }, "geometry": { "type": "MultiPolygon", "coordinates": [ [ [ [ 14.402362519000064, 50.069496014000038 ], [ 14.402396530000033, 50.06950095600007 ], [ 14.40240878000003, 50.069461218000072 ], [ 14.40237539900005, 50.069456814000034 ], [ 14.402362519000064, 50.069496014000038 ] ] ] ] } },
{ "type": "Feature", "properties": { "objectid": 68317, "zps_id": "7503", "id_poskyt": 38, "shape_area_1": 0.0, "globalid": "{81BC968F-8FD5-42C5-9E98-D5AFD98465BE}", "shape_Length": 0.00020438536787840744, "shape_Area": 1.7183989267614191e-09 }, "geometry": { "type": "MultiPolygon", "coordinates": [ [ [ [ 14.405206134000025, 50.076076708000073 ], [ 14.40519458700004, 50.076057323000043 ], [ 14.40511736600007, 50.076077575000056 ], [ 14.40512912500003, 50.076096679000045 ], [ 14.405206134000025, 50.076076708000073 ] ] ] ] } },
{ "type": "Feature", "properties": { "objectid": 68318, "zps_id": "15535", "id_poskyt": 38, "shape_area_1": 0.0, "globalid": "{FAACB1D2-18C0-453F-9962-FBB74FF6516D}", "shape_Length": 0.00021454418388961897, "shape_Area": 1.8931578851761557e-09 }, "geometry": { "type": "MultiPolygon", "coordinates": [ [ [ [ 14.368142178000028, 50.094178971000076 ], [ 14.368139438000071, 50.094156798000029 ], [ 14.368054378000068, 50.094160447000036 ], [ 14.368057656000076, 50.09418266800003 ], [ 14.368142178000028, 50.094178971000076 ] ] ] ] } },
{ "type": "Feature", "properties": { "objectid": 68319, "zps_id": "15535", "id_poskyt": 38, "shape_area_1": 0.0, "globalid": "{359F98CD-B2E1-443B-8D20-4ADCF0E69222}", "shape_Length": 0.00060377615780022047, "shape_Area": 6.5600781385241443e-09 }, "geometry": { "type": "MultiPolygon", "coordinates": [ [ [ [ 14.36848324500005, 50.094165464000071 ], [ 14.368481010000039, 50.094142128000044 ], [ 14.368202394000036, 50.09415359500008 ], [ 14.368205892000049, 50.094177217000038 ], [ 14.36848324500005, 50.094165464000071 ] ] ] ] } },
{ "type": "Feature", "properties": { "objectid": 68320, "zps_id": "12760", "id_poskyt": 38, "shape_area_1": 0.0, "globalid": "{D982EA7A-C568-4DCC-98D8-5E5672E7F881}", "shape_Length": 0.00051780749272816514, "shape_Area": 5.3579695762785976e-09 }, "geometry": { "type": "MultiPolygon", "coordinates": [ [ [ [ 14.488198428000032, 50.107191268000065 ], [ 14.488419536000038, 50.107269068000051 ], [ 14.488435304000063, 50.107250770000064 ], [ 14.488214343000038, 50.107172286000036 ], [ 14.488198428000032, 50.107191268000065 ] ] ] ] } },
{ "type": "Feature", "properties": { "objectid": 68321, "zps_id": "9717", "id_poskyt": 38, "shape_area_1": 0.0, "globalid": "{29D11049-6A73-42B1-82B2-B7A3DDD35E98}", "shape_Length": 0.00017470037165119795, "shape_Area": 1.5843699304546059e-09 }, "geometry": { "type": "MultiPolygon", "coordinates": [ [ [ [ 14.468587957000068, 50.127939972000036 ], [ 14.468614990000049, 50.127946592000058 ], [ 14.468645968000033, 50.127895822000028 ], [ 14.468618485000036, 50.127889309000068 ], [ 14.468587957000068, 50.127939972000036 ] ] ] ] } },
{ "type": "Feature", "properties": { "objectid": 68322, "zps_id": "4340", "id_poskyt": 38, "shape_area_1": 0.0, "globalid": "{46770E5E-F63F-48CE-95CC-3A9018CA1E99}", "shape_Length": 0.00037087244753217723, "shape_Area": 5.6589782359204538e-09 }, "geometry": { "type": "MultiPolygon", "coordinates": [ [ [ [ 14.448624073000076, 50.078241477000063 ], [ 14.44866369600004, 50.078247645000033 ], [ 14.448720643000058, 50.078114274000029 ], [ 14.448681156000077, 50.078107447000036 ], [ 14.448624073000076, 50.078241477000063 ] ] ] ] } },
{ "type": "Feature", "properties": { "objectid": 68323, "zps_id": "21210", "id_poskyt": 38, "shape_area_1": 0.0, "globalid": "{3E0916BE-32F4-4947-9A39-CDAFC2EB8740}", "shape_Length": 0.00045011974635234171, "shape_Area": 5.588869214310525e-09 }, "geometry": { "type": "MultiPolygon", "coordinates": [ [ [ [ 14.358073190000027, 50.089820708000047 ], [ 14.358091136000041, 50.089624575000073 ], [ 14.358061945000031, 50.089624380000032 ], [ 14.358045386000072, 50.089819838000039 ], [ 14.358073190000027, 50.089820708000047 ] ] ] ] } },
{ "type": "Feature", "properties": { "objectid": 68324, "zps_id": "12550", "id_poskyt": 38, "shape_area_1": 0.0, "globalid": "{BC3794FB-35B4-4F38-8D1E-36FDDE702F70}", "shape_Length": 0.00041435562428112109, "shape_Area": 7.2557689073483414e-09 }, "geometry": { "type": "MultiPolygon", "coordinates": [ [ [ [ 14.495896106000032, 50.110070731000064 ], [ 14.496041091000052, 50.11013267800007 ], [ 14.496076593000055, 50.110098 ], [ 14.495933206000075, 50.110035976000063 ], [ 14.495896106000032, 50.110070731000064 ] ] ] ] } },
{ "type": "Feature", "properties": { "objectid": 68325, "zps_id": "15610", "id_poskyt": 38, "shape_area_1": 0.0, "globalid": "{C4968206-6DF6-45E9-9868-9ADB1F6E889C}", "shape_Length": 0.00017181557697832183, "shape_Area": 1.7824199492092947e-09 }, "geometry": { "type": "MultiPolygon", "coordinates": [ [ [ [ 14.428376239000045, 50.089434408000045 ], [ 14.428410697000061, 50.089437855000028 ], [ 14.428430853000066, 50.089396219000037 ], [ 14.428386698000054, 50.089389363000066 ], [ 14.428376239000045, 50.089434408000045 ] ] ] ] } },
{ "type": "Feature", "properties": { "objectid": 68326, "zps_id": "2465", "id_poskyt": 38, "shape_area_1": 0.0, "globalid": "{6E37DFFE-5EB3-4188-A96D-EAF34660848C}", "shape_Length": 0.00025198448032345307, "shape_Area": 3.8508704721102343e-09 }, "geometry": { "type": "MultiPolygon", "coordinates": [ [ [ [ 14.415367083000035, 50.069960133000052 ], [ 14.41542310400007, 50.06998546300008 ], [ 14.415435100000025, 50.069922595000037 ], [ 14.415378779000037, 50.069896693000032 ], [ 14.415367083000035, 50.069960133000052 ] ] ] ] } },
{ "type": "Feature", "properties": { "objectid": 68327, "zps_id": "15633", "id_poskyt": 38, "shape_area_1": 0.0, "globalid": "{3836F3DC-8D82-41D9-A3AC-03770F566BCA}", "shape_Length": 0.00027125515330785814, "shape_Area": 4.3769074978113144e-09 }, "geometry": { "type": "MultiPolygon", "coordinates": [ [ [ [ 14.427806531000044, 50.077750538000032 ], [ 14.427853975000062, 50.077719187000071 ], [ 14.427822528000036, 50.077646447000063 ], [ 14.427776590000065, 50.077675508000027 ], [ 14.427806531000044, 50.077750538000032 ] ] ] ] } },
{ "type": "Feature", "properties": { "objectid": 68328, "zps_id": "15633", "id_poskyt": 38, "shape_area_1": 0.0, "globalid": "{5A500F09-B7CB-473A-97D7-728B905F1BE5}", "shape_Length": 0.00047225561133793035, "shape_Area": 1.0315077156257458e-08 }, "geometry": { "type": "MultiPolygon", "coordinates": [ [ [ [ 14.427872631000071, 50.077912565000076 ], [ 14.427901941000073, 50.077981257000033 ], [ 14.427951728000039, 50.077945938000028 ], [ 14.427932155000065, 50.077901904000043 ], [ 14.427881607000074, 50.07778404700008 ], [ 14.427834089000044, 50.077819240000053 ], [ 14.427872631000071, 50.077912565000076 ] ] ] ] } },
{ "type": "Feature", "properties": { "objectid": 68329, "zps_id": "12378", "id_poskyt": 38, "shape_area_1": 0.0, "globalid": "{4653AC3C-1DD5-40E0-B6ED-EF23D70FE6C7}", "shape_Length": 0.00085140631864000921, "shape_Area": 1.1495008480436953e-08 }, "geometry": { "type": "MultiPolygon", "coordinates": [ [ [ [ 14.491570987000046, 50.107717788000059 ], [ 14.491589343000044, 50.107693230000052 ], [ 14.491216570000063, 50.107563387000027 ], [ 14.491197680000028, 50.107587470000055 ], [ 14.491570987000046, 50.107717788000059 ] ] ] ] } },
{ "type": "Feature", "properties": { "objectid": 68330, "zps_id": "8186", "id_poskyt": 38, "shape_area_1": 0.0, "globalid": "{65F5D453-A084-4350-A3CB-7F36FADABD65}", "shape_Length": 0.00038313766197225086, "shape_Area": 6.2652310486829707e-09 }, "geometry": { "type": "MultiPolygon", "coordinates": [ [ [ [ 14.405756380000071, 50.101070312000047 ], [ 14.405905757000028, 50.10107062000003 ], [ 14.405907530000036, 50.101028700000029 ], [ 14.405757528000038, 50.10102852700004 ], [ 14.405756380000071, 50.101070312000047 ] ] ] ] } },
{ "type": "Feature", "properties": { "objectid": 68331, "zps_id": "8584", "id_poskyt": 38, "shape_area_1": 0.0, "globalid": "{1410E7E2-B455-484A-96C8-67797A351508}", "shape_Length": 0.00025471385578511627, "shape_Area": 2.7954542428804585e-09 }, "geometry": { "type": "MultiPolygon", "coordinates": [ [ [ [ 14.410710490000042, 50.100046655000028 ], [ 14.410738972000047, 50.100050576000058 ], [ 14.410772909000059, 50.099958322000077 ], [ 14.41074375900007, 50.099954231000027 ], [ 14.410710490000042, 50.100046655000028 ] ] ] ] } },
{ "type": "Feature", "properties": { "objectid": 68332, "zps_id": "15689", "id_poskyt": 38, "shape_area_1": 0.0, "globalid": "{93F43FDB-233D-4512-B399-1E3C90F78278}", "shape_Length": 0.00020006905315471868, "shape_Area": 1.62647449856501e-09 }, "geometry": { "type": "MultiPolygon", "coordinates": [ [ [ [ 14.417790445000037, 50.086924146000058 ], [ 14.417867863000026, 50.086935079000057 ], [ 14.417875597000034, 50.086915416000068 ], [ 14.417796477000024, 50.086904196000035 ], [ 14.417790445000037, 50.086924146000058 ] ] ] ] } },
{ "type": "Feature", "properties": { "objectid": 68333, "zps_id": "4545", "id_poskyt": 38, "shape_area_1": 0.0, "globalid": "{3911FAC4-8151-4577-A83E-1CE14AE5F95B}", "shape_Length": 0.00019216659959399516, "shape_Area": 1.5532934279018668e-09 }, "geometry": { "type": "MultiPolygon", "coordinates": [ [ [ [ 14.454181068000025, 50.083885108000061 ], [ 14.454165841000076, 50.083867682000061 ], [ 14.454097028000035, 50.083891494000056 ], [ 14.454111037000075, 50.083908812000061 ], [ 14.454181068000025, 50.083885108000061 ] ] ] ] } },
{ "type": "Feature", "properties": { "objectid": 68334, "zps_id": "15485", "id_poskyt": 38, "shape_area_1": 0.0, "globalid": "{8052FBA5-3536-4545-BD45-918A955EB7A5}", "shape_Length": 0.00031790234127233765, "shape_Area": 3.2242545484627251e-09 }, "geometry": { "type": "MultiPolygon", "coordinates": [ [ [ [ 14.486331522000057, 50.104728080000029 ], [ 14.486355977000073, 50.104740068000069 ], [ 14.486455984000031, 50.104653531000054 ], [ 14.486432545000071, 50.104642395000042 ], [ 14.486331522000057, 50.104728080000029 ] ] ] ] } },
{ "type": "Feature", "properties": { "objectid": 68335, "zps_id": "5637", "id_poskyt": 38, "shape_area_1": 0.0, "globalid": "{58215A3A-C4F2-4D66-B4A0-7A47212E4CC0}", "shape_Length": 0.00038271039083009564, "shape_Area": 3.1227262736281471e-09 }, "geometry": { "type": "MultiPolygon", "coordinates": [ [ [ [ 14.451291363000053, 50.105066377000071 ], [ 14.45146436400006, 50.105068937000055 ], [ 14.451465752000047, 50.10505071800003 ], [ 14.451292154000043, 50.105048587000056 ], [ 14.451291363000053, 50.105066377000071 ] ] ] ] } },
{ "type": "Feature", "properties": { "objectid": 68336, "zps_id": "5628", "id_poskyt": 38, "shape_area_1": 0.0, "globalid": "{55C9D04B-6A77-411B-A10B-B969257FC21F}", "shape_Length": 0.00034615940157850891, "shape_Area": 4.2031605794496411e-09 }, "geometry": { "type": "MultiPolygon", "coordinates": [ [ [ [ 14.449800480000022, 50.105343109000046 ], [ 14.449828010000033, 50.10534369700008 ], [ 14.449836373000039, 50.105199882000079 ], [ 14.449805437000066, 50.105199567000057 ], [ 14.449800480000022, 50.105343109000046 ] ] ] ] } },
{ "type": "Feature", "properties": { "objectid": 68337, "zps_id": "15686", "id_poskyt": 38, "shape_area_1": 0.0, "globalid": "{BBA31027-BC68-4C58-A82F-BC1AE9EF50C1}", "shape_Length": 0.00034226878092097438, "shape_Area": 3.1848477163664913e-09 }, "geometry": { "type": "MultiPolygon", "coordinates": [ [ [ [ 14.425002680000034, 50.074147869000058 ], [ 14.425136543000065, 50.074210991000029 ], [ 14.425154019000047, 50.074196183000026 ], [ 14.425022163000051, 50.074132387000077 ], [ 14.425002680000034, 50.074147869000058 ] ] ] ] } },
{ "type": "Feature", "properties": { "objectid": 68338, "zps_id": "15699", "id_poskyt": 38, "shape_area_1": 0.0, "globalid": "{019DEAA5-E0E8-40F1-A9C1-1E7B4A9623F0}", "shape_Length": 0.00082106428996582114, "shape_Area": 1.1490559222182256e-08 }, "geometry": { "type": "MultiPolygon", "coordinates": [ [ [ [ 14.403555997000069, 50.089026521000051 ], [ 14.403584033000072, 50.089025912000068 ], [ 14.403574927000022, 50.088884977000077 ], [ 14.403565429000025, 50.088754237000046 ], [ 14.403559533000077, 50.088647368000068 ], [ 14.403526241000066, 50.088647302000027 ], [ 14.403545038000061, 50.088885803000039 ], [ 14.403555997000069, 50.089026521000051 ] ] ] ] } },
{ "type": "Feature", "properties": { "objectid": 68339, "zps_id": "13802", "id_poskyt": 38, "shape_area_1": 0.0, "globalid": "{AF0C3BA4-36E7-41DB-BCA4-4BF9AAD2B3FB}", "shape_Length": 0.00016633817091743714, "shape_Area": 1.4579264242861177e-09 }, "geometry": { "type": "MultiPolygon", "coordinates": [ [ [ [ 14.358856336000031, 50.066792675000045 ], [ 14.358882615000027, 50.066798812000059 ], [ 14.358909422000067, 50.066749253000069 ], [ 14.358883263000052, 50.066743355000028 ], [ 14.358856336000031, 50.066792675000045 ] ] ] ] } },
{ "type": "Feature", "properties": { "objectid": 68340, "zps_id": "8788", "id_poskyt": 38, "shape_area_1": 0.0, "globalid": "{2C7B9F39-DDF6-47D2-B198-172A1D1F6B02}", "shape_Length": 0.00020154637234374848, "shape_Area": 1.6279186966007338e-09 }, "geometry": { "type": "MultiPolygon", "coordinates": [ [ [ [ 14.386105909000037, 50.109758972000066 ], [ 14.386146593000035, 50.109786266000071 ], [ 14.386172240000064, 50.109796248000066 ], [ 14.386178524000059, 50.109797487000037 ], [ 14.386191260000032, 50.109782081000048 ], [ 14.386183727000059, 50.109779961000072 ], [ 14.386162324000054, 50.109771243000068 ], [ 14.386126837000063, 50.109746426000072 ], [ 14.386105909000037, 50.109758972000066 ] ] ] ] } },
{ "type": "Feature", "properties": { "objectid": 68341, "zps_id": "15726", "id_poskyt": 38, "shape_area_1": 0.0, "globalid": "{08EE28D3-DB32-4B2A-B111-B8DA8D1FB21D}", "shape_Length": 0.00022292262301577348, "shape_Area": 2.8269204770799946e-09 }, "geometry": { "type": "MultiPolygon", "coordinates": [ [ [ [ 14.418329426000071, 50.066602935000049 ], [ 14.418367900000021, 50.066635396000038 ], [ 14.418422613000075, 50.066607889000068 ], [ 14.418383268000071, 50.066575541000077 ], [ 14.418329426000071, 50.066602935000049 ] ] ] ] } },
{ "type": "Feature", "properties": { "objectid": 68342, "zps_id": "15765", "id_poskyt": 38, "shape_area_1": 0.0, "globalid": "{3719FEFE-3B9C-4755-A773-7015AC431415}", "shape_Length": 0.00056544322825722996, "shape_Area": 8.1039245452340542e-09 }, "geometry": { "type": "MultiPolygon", "coordinates": [ [ [ [ 14.397798987000044, 50.074198550000062 ], [ 14.397805384000037, 50.07425187900003 ], [ 14.397781305000024, 50.074303754000027 ], [ 14.397747293000066, 50.074352035000061 ], [ 14.397776276000059, 50.074360444000035 ], [ 14.397798679000061, 50.074333034000063 ], [ 14.397834928000066, 50.074275766000028 ], [ 14.397838264000029, 50.074211839000043 ], [ 14.397816560000024, 50.074163406000082 ], [ 14.397787092000044, 50.074131592000072 ], [ 14.397758099000043, 50.074139864000074 ], [ 14.397798987000044, 50.074198550000062 ] ] ] ] } },
{ "type": "Feature", "properties": { "objectid": 68343, "zps_id": "15767", "id_poskyt": 38, "shape_area_1": 0.0, "globalid": "{70278E02-620F-41C8-BAC4-5BBCCBDBA174}", "shape_Length": 0.00017119226859453021, "shape_Area": 1.3384401120058332e-09 }, "geometry": { "type": "MultiPolygon", "coordinates": [ [ [ [ 14.415115318000062, 50.035652778000042 ], [ 14.415136663000055, 50.03566485500005 ], [ 14.415185499000074, 50.035627237000028 ], [ 14.415165810000076, 50.035616105000031 ], [ 14.415115318000062, 50.035652778000042 ] ] ] ] } },
{ "type": "Feature", "properties": { "objectid": 68344, "zps_id": "15775", "id_poskyt": 38, "shape_area_1": 0.0, "globalid": "{36B059C3-1D60-4E3E-904A-A5C4C0C2B6D1}", "shape_Length": 0.00077763755075250238, "shape_Area": 1.31647809988763e-08 }, "geometry": { "type": "MultiPolygon", "coordinates": [ [ [ [ 14.367803328000036, 50.08696025200004 ], [ 14.367858599000044, 50.086926077000044 ], [ 14.367535513000064, 50.086886827000058 ], [ 14.367482044000042, 50.086921152000059 ], [ 14.367803328000036, 50.08696025200004 ] ] ] ] } },
{ "type": "Feature", "properties": { "objectid": 68345, "zps_id": "15942", "id_poskyt": 38, "shape_area_1": 0.0, "globalid": "{5BAF5C5E-1271-4D2A-9D5F-33B33D920E77}", "shape_Length": 0.00030045791582397206, "shape_Area": 3.6996913997529419e-09 }, "geometry": { "type": "MultiPolygon", "coordinates": [ [ [ [ 14.448638802000062, 50.067409183000052 ], [ 14.448636644000032, 50.067289822000077 ], [ 14.448605317000045, 50.067290268000079 ], [ 14.448608042000046, 50.067409224000073 ], [ 14.448638802000062, 50.067409183000052 ] ] ] ] } },
{ "type": "Feature", "properties": { "objectid": 68346, "zps_id": "16434", "id_poskyt": 38, "shape_area_1": 0.0, "globalid": "{F493873F-9506-495C-945C-900EA513DAA6}", "shape_Length": 0.00059169835568861342, "shape_Area": 1.0057022677414276e-08 }, "geometry": { "type": "MultiPolygon", "coordinates": [ [ [ [ 14.455661126000052, 50.075391661000026 ], [ 14.455662344000075, 50.075353054000061 ], [ 14.455405838000047, 50.075348465000047 ], [ 14.455404381000051, 50.075388195000073 ], [ 14.455661126000052, 50.075391661000026 ] ] ] ] } },
{ "type": "Feature", "properties": { "objectid": 68347, "zps_id": "16434", "id_poskyt": 38, "shape_area_1": 0.0, "globalid": "{43F5E865-5841-4BDE-BD73-1B1C83D3CC27}", "shape_Length": 0.0018278368120707967, "shape_Area": 3.5416949544688983e-08 }, "geometry": { "type": "MultiPolygon", "coordinates": [ [ [ [ 14.454482685000073, 50.075378555000043 ], [ 14.455355259000044, 50.075388415000077 ], [ 14.455357301000049, 50.075347140000076 ], [ 14.454483272000061, 50.075338747000046 ], [ 14.454482685000073, 50.075378555000043 ] ] ] ] } },
{ "type": "Feature", "properties": { "objectid": 68348, "zps_id": "16438", "id_poskyt": 38, "shape_area_1": 0.0, "globalid": "{AA58768E-1734-4528-A813-5626F9FD4EE3}", "shape_Length": 0.00026892571900825744, "shape_Area": 3.6933935485523327e-09 }, "geometry": { "type": "MultiPolygon", "coordinates": [ [ [ [ 14.454452016000062, 50.075076289000037 ], [ 14.454482408000047, 50.074986494000029 ], [ 14.454442798000059, 50.074981789000049 ], [ 14.454412503000071, 50.075071194000031 ], [ 14.454452016000062, 50.075076289000037 ] ] ] ] } },
{ "type": "Feature", "properties": { "objectid": 68349, "zps_id": "16438", "id_poskyt": 38, "shape_area_1": 0.0, "globalid": "{FBCEC387-3332-40F2-98FA-6CC01EDC3246}", "shape_Length": 0.00045042203581269137, "shape_Area": 7.093972926479069e-09 }, "geometry": { "type": "MultiPolygon", "coordinates": [ [ [ [ 14.454486245000055, 50.074854150000078 ], [ 14.454525066000031, 50.074859582000045 ], [ 14.45458454900006, 50.074683099000026 ], [ 14.454546811000057, 50.074677418000078 ], [ 14.454486245000055, 50.074854150000078 ] ] ] ] } },
{ "type": "Feature", "properties": { "objectid": 68350, "zps_id": "16450", "id_poskyt": 38, "shape_area_1": 0.0, "globalid": "{C7106F43-88DB-492F-BEBE-9BFA03BDB05F}", "shape_Length": 0.00016849128772931205, "shape_Area": 1.5608215849339024e-09 }, "geometry": { "type": "MultiPolygon", "coordinates": [ [ [ [ 14.470954685000038, 50.072359904000052 ], [ 14.470976955000026, 50.072310974000061 ], [ 14.470949554000072, 50.072305292000067 ], [ 14.470923880000043, 50.072354457000074 ], [ 14.470954685000038, 50.072359904000052 ] ] ] ] } },
{ "type": "Feature", "properties": { "objectid": 68351, "zps_id": "16462", "id_poskyt": 38, "shape_area_1": 0.0, "globalid": "{DE22E855-5049-4F84-AF98-6A92C51C123C}", "shape_Length": 0.00048138936127676933, "shape_Area": 7.93147693122355e-09 }, "geometry": { "type": "MultiPolygon", "coordinates": [ [ [ [ 14.458538333000035, 50.06901021200008 ], [ 14.458535927000071, 50.068971267000052 ], [ 14.458334180000065, 50.068978837000031 ], [ 14.458337895000057, 50.069018534000065 ], [ 14.458538333000035, 50.06901021200008 ] ] ] ] } },
{ "type": "Feature", "properties": { "objectid": 68352, "zps_id": "16471", "id_poskyt": 38, "shape_area_1": 0.0, "globalid": "{239D2A7D-D629-4DEF-B165-E8A92A77A2B9}", "shape_Length": 0.00047814192418989233, "shape_Area": 7.9293397312443754e-09 }, "geometry": { "type": "MultiPolygon", "coordinates": [ [ [ [ 14.460195995000049, 50.068927485000074 ], [ 14.460189849000074, 50.068887892000077 ], [ 14.459991433000027, 50.068899435000048 ], [ 14.459996904000036, 50.068938960000025 ], [ 14.460195995000049, 50.068927485000074 ] ] ] ] } },
{ "type": "Feature", "properties": { "objectid": 68353, "zps_id": "15994", "id_poskyt": 38, "shape_area_1": 0.0, "globalid": "{D69FE796-0A01-46DE-9806-1A72FE8482AF}", "shape_Length": 0.0005365062108421202, "shape_Area": 1.2604242111709838e-08 }, "geometry": { "type": "MultiPolygon", "coordinates": [ [ [ [ 14.456628305000038, 50.066081482000072 ], [ 14.456688401000065, 50.066088792000073 ], [ 14.456690435000041, 50.066083282000079 ], [ 14.456744789000027, 50.065889230000039 ], [ 14.456682654000076, 50.065882683000041 ], [ 14.456628305000038, 50.066081482000072 ] ] ] ] } },
{ "type": "Feature", "properties": { "objectid": 68354, "zps_id": "15994", "id_poskyt": 38, "shape_area_1": 0.0, "globalid": "{FB71D09F-17FD-4670-B6C2-85A33CBDE799}", "shape_Length": 0.00019296897998553897, "shape_Area": 1.8816352312628701e-09 }, "geometry": { "type": "MultiPolygon", "coordinates": [ [ [ [ 14.456769356000052, 50.065789728000027 ], [ 14.45677577400005, 50.06576244200005 ], [ 14.456708147000029, 50.065756663000059 ], [ 14.456700216000058, 50.065783108000062 ], [ 14.456769356000052, 50.065789728000027 ] ] ] ] } },
{ "type": "Feature", "properties": { "objectid": 68355, "zps_id": "16315", "id_poskyt": 38, "shape_area_1": 0.0, "globalid": "{E6299478-4ECE-481F-B876-5E174A1AB73E}", "shape_Length": 0.00018677711668079269, "shape_Area": 1.7487720026408899e-09 }, "geometry": { "type": "MultiPolygon", "coordinates": [ [ [ [ 14.477126682000062, 50.07131320700006 ], [ 14.477156691000062, 50.071253632000037 ], [ 14.477128802000038, 50.071248780000076 ], [ 14.477100633000077, 50.071307455000067 ], [ 14.477126682000062, 50.07131320700006 ] ] ] ] } },
{ "type": "Feature", "properties": { "objectid": 68356, "zps_id": "16355", "id_poskyt": 38, "shape_area_1": 0.0, "globalid": "{B89F7DB6-3669-4733-9FB0-09BE61D0FCFC}", "shape_Length": 0.00042700799390694175, "shape_Area": 3.8320913100795863e-09 }, "geometry": { "type": "MultiPolygon", "coordinates": [ [ [ [ 14.47867844700005, 50.071620909000046 ], [ 14.478688861000023, 50.071603567000068 ], [ 14.478498557000023, 50.071564212000055 ], [ 14.478490677000025, 50.071583709000038 ], [ 14.47867844700005, 50.071620909000046 ] ] ] ] } },
{ "type": "Feature", "properties": { "objectid": 68357, "zps_id": "16015", "id_poskyt": 38, "shape_area_1": 0.0, "globalid": "{06985710-911A-4A28-8853-B2089E7A4AA3}", "shape_Length": 0.00037078051989949257, "shape_Area": 4.6638426234148816e-09 }, "geometry": { "type": "MultiPolygon", "coordinates": [ [ [ [ 14.460395123000069, 50.065583884000034 ], [ 14.460365851000063, 50.06559210100005 ], [ 14.460388487000046, 50.065637279000043 ], [ 14.460425781000026, 50.065732738000065 ], [ 14.460455987000046, 50.065728207000063 ], [ 14.460418428000025, 50.065629957000056 ], [ 14.460395123000069, 50.065583884000034 ] ] ] ] } },
{ "type": "Feature", "properties": { "objectid": 68358, "zps_id": "12181", "id_poskyt": 38, "shape_area_1": 0.0, "globalid": "{E6DD3148-EA86-479F-8914-63573BAC208C}", "shape_Length": 0.00044176513383361666, "shape_Area": 8.8896636621897157e-09 }, "geometry": { "type": "MultiPolygon", "coordinates": [ [ [ [ 14.493110669000032, 50.105762821000042 ], [ 14.493263352000042, 50.105816283000081 ], [ 14.493301822000035, 50.105771741000069 ], [ 14.493148724000037, 50.105717923000043 ], [ 14.493110669000032, 50.105762821000042 ] ] ] ] } },
{ "type": "Feature", "properties": { "objectid": 68359, "zps_id": "16571", "id_poskyt": 38, "shape_area_1": 0.0, "globalid": "{63A39B23-F4DA-45DE-8D3F-84C0C6DBF941}", "shape_Length": 0.00068526245326076666, "shape_Area": 5.9618409892350265e-09 }, "geometry": { "type": "MultiPolygon", "coordinates": [ [ [ [ 14.449334443000055, 50.085472880000054 ], [ 14.449324045000026, 50.085456561000058 ], [ 14.449011958000028, 50.085543474000076 ], [ 14.449024165000026, 50.085559181000065 ], [ 14.449334443000055, 50.085472880000054 ] ] ] ] } },
{ "type": "Feature", "properties": { "objectid": 68360, "zps_id": "16642", "id_poskyt": 38, "shape_area_1": 0.0, "globalid": "{7C17AB28-B047-4797-B329-741DAB0D1436}", "shape_Length": 0.00034707669685890292, "shape_Area": 3.208766586167861e-09 }, "geometry": { "type": "MultiPolygon", "coordinates": [ [ [ [ 14.439925656000071, 50.071163426000055 ], [ 14.439909605000025, 50.071179695000069 ], [ 14.440046306000056, 50.071241506000035 ], [ 14.440063289000022, 50.071225962000028 ], [ 14.439925656000071, 50.071163426000055 ] ] ] ] } },
{ "type": "Feature", "properties": { "objectid": 68361, "zps_id": "3869", "id_poskyt": 38, "shape_area_1": 0.0, "globalid": "{05C17089-35B9-4C88-9495-6AD8734A2753}", "shape_Length": 0.00032227561142868753, "shape_Area": 3.2207283671240745e-09 }, "geometry": { "type": "MultiPolygon", "coordinates": [ [ [ [ 14.422428682000032, 50.079350048000038 ], [ 14.422545584000034, 50.07941813900004 ], [ 14.422566825000047, 50.079402967000078 ], [ 14.422451072000058, 50.079335305000029 ], [ 14.422428682000032, 50.079350048000038 ] ] ] ] } },
{ "type": "Feature", "properties": { "objectid": 68362, "zps_id": "3870", "id_poskyt": 38, "shape_area_1": 0.0, "globalid": "{5E98DD47-F6CF-47A0-8509-5FEAF6850953}", "shape_Length": 0.00043925594233676943, "shape_Area": 4.3942861785304525e-09 }, "geometry": { "type": "MultiPolygon", "coordinates": [ [ [ [ 14.422969608000074, 50.079652476000035 ], [ 14.422989197000049, 50.079636847000074 ], [ 14.42281808000007, 50.079544008000028 ], [ 14.422798526000065, 50.079558359000032 ], [ 14.422969608000074, 50.079652476000035 ] ] ] ] } },
{ "type": "Feature", "properties": { "objectid": 68363, "zps_id": "2644", "id_poskyt": 38, "shape_area_1": 0.0, "globalid": "{6E85FA17-E4BF-4098-A702-03AC800910EF}", "shape_Length": 0.00036886800972366762, "shape_Area": 4.3160022760121124e-09 }, "geometry": { "type": "MultiPolygon", "coordinates": [ [ [ [ 14.427446203000045, 50.075090052000064 ], [ 14.42753749700006, 50.075123599000051 ], [ 14.427623561000075, 50.075103553000076 ], [ 14.427537851000068, 50.075074956000037 ], [ 14.427446203000045, 50.075090052000064 ] ] ] ] } },
{ "type": "Feature", "properties": { "objectid": 68364, "zps_id": "10045", "id_poskyt": 38, "shape_area_1": 0.0, "globalid": "{08DF0C75-66D9-4D8A-916E-0C153E9B25DC}", "shape_Length": 0.00023750393589108638, "shape_Area": 3.3779787031462674e-09 }, "geometry": { "type": "MultiPolygon", "coordinates": [ [ [ [ 14.472704177000026, 50.129271688000074 ], [ 14.472761707000075, 50.129286397000044 ], [ 14.472792190000064, 50.129235339000047 ], [ 14.472733690000041, 50.129221207000057 ], [ 14.472704177000026, 50.129271688000074 ] ] ] ] } },
{ "type": "Feature", "properties": { "objectid": 68365, "zps_id": "16703", "id_poskyt": 38, "shape_area_1": 0.0, "globalid": "{01EF5BE8-472F-49C5-B12E-150147475046}", "shape_Length": 0.00017121499206115311, "shape_Area": 1.3634871801660822e-09 }, "geometry": { "type": "MultiPolygon", "coordinates": [ [ [ [ 14.404394732000071, 50.104139732000078 ], [ 14.404443850000064, 50.104175570000052 ], [ 14.404465672000072, 50.104163628000038 ], [ 14.404416510000033, 50.104127920000053 ], [ 14.404394732000071, 50.104139732000078 ] ] ] ] } },
{ "type": "Feature", "properties": { "objectid": 68366, "zps_id": "16805", "id_poskyt": 38, "shape_area_1": 0.0, "globalid": "{8844A621-1DD9-42E2-B737-1650C757B8AB}", "shape_Length": 0.00018505989624357066, "shape_Area": 1.3083182080305822e-09 }, "geometry": { "type": "MultiPolygon", "coordinates": [ [ [ [ 14.486409214000048, 50.073474171000043 ], [ 14.48640449800007, 50.073491199000046 ], [ 14.486478527000031, 50.073500471000045 ], [ 14.486483673000066, 50.073483490000058 ], [ 14.486409214000048, 50.073474171000043 ] ] ] ] } },
{ "type": "Feature", "properties": { "objectid": 68367, "zps_id": "8602", "id_poskyt": 38, "shape_area_1": 0.0, "globalid": "{AB4F42AD-49D8-4E68-865A-DF5ADCCFE96D}", "shape_Length": 0.00030823108843095999, "shape_Area": 2.9933866281646287e-09 }, "geometry": { "type": "MultiPolygon", "coordinates": [ [ [ [ 14.399918386000024, 50.101404307000053 ], [ 14.400022546000059, 50.101479494000046 ], [ 14.400045079000051, 50.101466534000053 ], [ 14.399940535000042, 50.101391959000068 ], [ 14.399918386000024, 50.101404307000053 ] ] ] ] } },
{ "type": "Feature", "properties": { "objectid": 68368, "zps_id": "17222", "id_poskyt": 38, "shape_area_1": 0.0, "globalid": "{54D11DD5-B606-4920-966B-B1CEBEC53B83}", "shape_Length": 0.00033832377400721939, "shape_Area": 4.6868708568989297e-09 }, "geometry": { "type": "MultiPolygon", "coordinates": [ [ [ [ 14.400896978000048, 50.100917705000029 ], [ 14.400978900000041, 50.100976506000052 ], [ 14.40104664200004, 50.100968427000055 ], [ 14.40096847500007, 50.100910341000031 ], [ 14.400896978000048, 50.100917705000029 ] ] ] ] } },
{ "type": "Feature", "properties": { "objectid": 68369, "zps_id": "17306", "id_poskyt": 38, "shape_area_1": 0.0, "globalid": "{854F9EAF-D072-446D-A6A0-16FA3EAD2BAF}", "shape_Length": 0.00046228513215822772, "shape_Area": 4.5734504332749832e-09 }, "geometry": { "type": "MultiPolygon", "coordinates": [ [ [ [ 14.382208366000043, 50.076505397000062 ], [ 14.382226642000035, 50.076520918000028 ], [ 14.382413948000021, 50.076433306000069 ], [ 14.382395820000056, 50.076417100000072 ], [ 14.382208366000043, 50.076505397000062 ] ] ] ] } },
{ "type": "Feature", "properties": { "objectid": 68370, "zps_id": "11922", "id_poskyt": 38, "shape_area_1": 0.0, "globalid": "{40A909BA-0D7E-43F7-AA5B-D8CBE1E0E489}", "shape_Length": 0.0006591345296806442, "shape_Area": 5.9611876907405335e-09 }, "geometry": { "type": "MultiPolygon", "coordinates": [ [ [ [ 14.398651402000041, 50.095218235000061 ], [ 14.39895841200007, 50.095262681000065 ], [ 14.39896458100003, 50.095244304000062 ], [ 14.398658062000038, 50.095199611000055 ], [ 14.398651402000041, 50.095218235000061 ] ] ] ] } },
{ "type": "Feature", "properties": { "objectid": 68371, "zps_id": "11922", "id_poskyt": 38, "shape_area_1": 0.0, "globalid": "{E66D3404-B9E1-4CB1-865C-7EE2BAB3E8B9}", "shape_Length": 0.00094825318345099054, "shape_Area": 8.7027832183832841e-09 }, "geometry": { "type": "MultiPolygon", "coordinates": [ [ [ [ 14.399407803000031, 50.095327219000069 ], [ 14.399536298000044, 50.095345497000039 ], [ 14.399543462000054, 50.095326629000056 ], [ 14.399410592000038, 50.095307962000049 ], [ 14.399092583000026, 50.09526283100007 ], [ 14.399086965000038, 50.095280685000034 ], [ 14.399407803000031, 50.095327219000069 ] ] ] ] } },
{ "type": "Feature", "properties": { "objectid": 68372, "zps_id": "11922", "id_poskyt": 38, "shape_area_1": 0.0, "globalid": "{E3036076-B6CD-4270-AA32-CDCE5EEEFDE7}", "shape_Length": 0.0020121573420587482, "shape_Area": 1.9187355659824083e-08 }, "geometry": { "type": "MultiPolygon", "coordinates": [ [ [ [ 14.399836157000038, 50.095388082000056 ], [ 14.399937593000061, 50.095402146000026 ], [ 14.400086733000023, 50.095423562000065 ], [ 14.400257991000046, 50.09544797500007 ], [ 14.400437609000051, 50.095473475000063 ], [ 14.400596775000054, 50.095495780000078 ], [ 14.400662984000064, 50.095505339000056 ], [ 14.400669248000042, 50.095486190000031 ], [ 14.400595491000047, 50.095475835000059 ], [ 14.400421255000026, 50.095451167000078 ], [ 14.400234974000057, 50.095424958000081 ], [ 14.400079828000059, 50.095403127000054 ], [ 14.399939380000035, 50.09538294400005 ], [ 14.399843316000045, 50.095369694000055 ], [ 14.399692453000057, 50.095348014000081 ], [ 14.39968669600006, 50.095366518000048 ], [ 14.399836157000038, 50.095388082000056 ] ] ] ] } },
{ "type": "Feature", "properties": { "objectid": 68373, "zps_id": "11922", "id_poskyt": 38, "shape_area_1": 0.0, "globalid": "{713F6BB4-FC79-4FFD-838B-DD0DD21D209F}", "shape_Length": 0.0017173554905400748, "shape_Area": 1.661407203135157e-08 }, "geometry": { "type": "MultiPolygon", "coordinates": [ [ [ [ 14.400809047000052, 50.095525982000026 ], [ 14.401111587000059, 50.095568838000077 ], [ 14.401401552000038, 50.095609615000058 ], [ 14.401639277000072, 50.09564455800006 ], [ 14.401644794000049, 50.095624017000034 ], [ 14.401401399000065, 50.095589524000047 ], [ 14.401118517000043, 50.095550328000058 ], [ 14.400815730000033, 50.095506980000039 ], [ 14.400809047000052, 50.095525982000026 ] ] ] ] } },
{ "type": "Feature", "properties": { "objectid": 68374, "zps_id": "2902", "id_poskyt": 38, "shape_area_1": 0.0, "globalid": "{FBEB3BA0-E2F5-4D77-82E3-4618B1AC65A6}", "shape_Length": 0.00064460712102229424, "shape_Area": 7.5588327078161368e-09 }, "geometry": { "type": "MultiPolygon", "coordinates": [ [ [ [ 14.438606779000054, 50.080816768000034 ], [ 14.438580094000031, 50.080826417000026 ], [ 14.438748776000068, 50.081029102000059 ], [ 14.438768583000069, 50.081053459000032 ], [ 14.438793561000068, 50.08104466900005 ], [ 14.438606779000054, 50.080816768000034 ] ] ] ] } },
{ "type": "Feature", "properties": { "objectid": 68375, "zps_id": "17402", "id_poskyt": 38, "shape_area_1": 0.0, "globalid": "{AD35CA60-F62E-41B7-BA74-12C84C3CAA08}", "shape_Length": 0.00028517628802922677, "shape_Area": 2.3691841918398239e-09 }, "geometry": { "type": "MultiPolygon", "coordinates": [ [ [ [ 14.375942922000036, 50.109813796000026 ], [ 14.375925830000028, 50.109801123000068 ], [ 14.375820279000038, 50.109860912000045 ], [ 14.375837717000024, 50.109873609000033 ], [ 14.375942922000036, 50.109813796000026 ] ] ] ] } },
{ "type": "Feature", "properties": { "objectid": 68376, "zps_id": "17405", "id_poskyt": 38, "shape_area_1": 0.0, "globalid": "{EF5BD767-B199-42A5-AAAA-7BD88D9E050A}", "shape_Length": 0.00031740476061296305, "shape_Area": 3.8749482887515456e-09 }, "geometry": { "type": "MultiPolygon", "coordinates": [ [ [ [ 14.378093807000027, 50.107016032000047 ], [ 14.378123523000056, 50.107019482000055 ], [ 14.378129624000053, 50.106996733000074 ], [ 14.378138867000075, 50.106946100000073 ], [ 14.378146183000069, 50.106892083000048 ], [ 14.378115965000063, 50.106890385000042 ], [ 14.378108543000053, 50.10694417600007 ], [ 14.378099246000033, 50.106994923000059 ], [ 14.378093807000027, 50.107016032000047 ] ] ] ] } },
{ "type": "Feature", "properties": { "objectid": 68377, "zps_id": "17418", "id_poskyt": 38, "shape_area_1": 0.0, "globalid": "{58E3E322-0A07-4606-B736-5682D876EB42}", "shape_Length": 0.00040951777601443151, "shape_Area": 4.3277641950760735e-09 }, "geometry": { "type": "MultiPolygon", "coordinates": [ [ [ [ 14.377044502000047, 50.108743656000058 ], [ 14.377088197000035, 50.108773209000049 ], [ 14.377111991000049, 50.108759621000047 ], [ 14.377067476000036, 50.108730015000049 ], [ 14.376966197000058, 50.108658039000034 ], [ 14.376942833000044, 50.108671266000044 ], [ 14.377044502000047, 50.108743656000058 ] ] ] ] } },
{ "type": "Feature", "properties": { "objectid": 68378, "zps_id": "18935", "id_poskyt": 38, "shape_area_1": 0.0, "globalid": "{B2841D55-1393-4E21-BBBE-36D719B1DE10}", "shape_Length": 0.00017532921355659374, "shape_Area": 1.7002773938623654e-09 }, "geometry": { "type": "MultiPolygon", "coordinates": [ [ [ [ 14.384487088000071, 50.109056157000055 ], [ 14.384517100000039, 50.109060728000031 ], [ 14.384536841000056, 50.10900685200005 ], [ 14.384507187000054, 50.109002203000045 ], [ 14.384487088000071, 50.109056157000055 ] ] ] ] } },
{ "type": "Feature", "properties": { "objectid": 68379, "zps_id": "17406", "id_poskyt": 38, "shape_area_1": 0.0, "globalid": "{0ADAEE6A-7A99-4606-9127-DD2668757D55}", "shape_Length": 0.0002050235799106619, "shape_Area": 1.7031324575937147e-09 }, "geometry": { "type": "MultiPolygon", "coordinates": [ [ [ [ 14.376458650000075, 50.105045883000059 ], [ 14.376526410000054, 50.105086497000059 ], [ 14.376545479000072, 50.105072563000078 ], [ 14.37647725000005, 50.105032162000043 ], [ 14.376458650000075, 50.105045883000059 ] ] ] ] } },
{ "type": "Feature", "properties": { "objectid": 68380, "zps_id": "7090", "id_poskyt": 38, "shape_area_1": 0.0, "globalid": "{D2CEE19D-F01F-4433-88B9-10D8E03D7BFA}", "shape_Length": 0.00020337250758603717, "shape_Area": 1.6101276143695861e-09 }, "geometry": { "type": "MultiPolygon", "coordinates": [ [ [ [ 14.367142895000029, 50.069199408000031 ], [ 14.36722469800003, 50.069198705000076 ], [ 14.367224564000026, 50.06917885200005 ], [ 14.367142252000065, 50.069180026000026 ], [ 14.367142895000029, 50.069199408000031 ] ] ] ] } },
{ "type": "Feature", "properties": { "objectid": 68381, "zps_id": "17771", "id_poskyt": 38, "shape_area_1": 0.0, "globalid": "{CDB81056-246A-4783-BA40-E1E8FDE38D78}", "shape_Length": 0.00026059967620115131, "shape_Area": 4.1458503583958582e-09 }, "geometry": { "type": "MultiPolygon", "coordinates": [ [ [ [ 14.501910507000048, 50.08017258700005 ], [ 14.501934133000077, 50.080109208000067 ], [ 14.501872867000031, 50.080099461000032 ], [ 14.501848641000038, 50.080163406000054 ], [ 14.501910507000048, 50.08017258700005 ] ] ] ] } },
{ "type": "Feature", "properties": { "objectid": 68382, "zps_id": "3973", "id_poskyt": 38, "shape_area_1": 0.0, "globalid": "{D8E28DDB-C0BA-4A56-8F3E-87FF8AF6FAA3}", "shape_Length": 0.00016958426890415572, "shape_Area": 1.4638804336787797e-09 }, "geometry": { "type": "MultiPolygon", "coordinates": [ [ [ [ 14.427216897000051, 50.081839034000041 ], [ 14.42724075600006, 50.081822168000031 ], [ 14.427191894000032, 50.081794682000066 ], [ 14.427168601000062, 50.081811271000049 ], [ 14.427216897000051, 50.081839034000041 ] ] ] ] } },
{ "type": "Feature", "properties": { "objectid": 68383, "zps_id": "9888", "id_poskyt": 38, "shape_area_1": 0.0, "globalid": "{624C06FA-4A90-4DF6-BABD-EA76347C436F}", "shape_Length": 0.0027231451959789524, "shape_Area": 2.7164699065142169e-08 }, "geometry": { "type": "MultiPolygon", "coordinates": [ [ [ [ 14.471171006000077, 50.103563675000032 ], [ 14.471470310000029, 50.103565941000056 ], [ 14.471577597000078, 50.103567077000037 ], [ 14.471633158000031, 50.10356616200005 ], [ 14.471635321000065, 50.103545390000079 ], [ 14.471397221000075, 50.103545129000054 ], [ 14.47091277100003, 50.103541875000076 ], [ 14.470563856000069, 50.103539950000027 ], [ 14.470293457000025, 50.103537242000073 ], [ 14.470293059000028, 50.103557461000037 ], [ 14.470332961000054, 50.103557791000071 ], [ 14.470731551000029, 50.103561135000064 ], [ 14.47107924200003, 50.103562989000068 ], [ 14.471171006000077, 50.103563675000032 ] ] ] ] } },
{ "type": "Feature", "properties": { "objectid": 68384, "zps_id": "17863", "id_poskyt": 38, "shape_area_1": 0.0, "globalid": "{79F429AA-BDBF-4148-9ABB-335BB9877976}", "shape_Length": 0.0005945610900854935, "shape_Area": 4.8486617871706527e-09 }, "geometry": { "type": "MultiPolygon", "coordinates": [ [ [ [ 14.375925192000068, 50.104603591000057 ], [ 14.376204124000026, 50.104630902000054 ], [ 14.376207706000059, 50.104614229000049 ], [ 14.375929819000078, 50.104586248000032 ], [ 14.375925192000068, 50.104603591000057 ] ] ] ] } },
{ "type": "Feature", "properties": { "objectid": 68385, "zps_id": "17863", "id_poskyt": 38, "shape_area_1": 0.0, "globalid": "{5BC1F02F-6D3A-4585-9F09-6CD537920E7E}", "shape_Length": 0.00022969810405687092, "shape_Area": 1.7634521301708876e-09 }, "geometry": { "type": "MultiPolygon", "coordinates": [ [ [ [ 14.37499314300004, 50.104511566000042 ], [ 14.375088684000048, 50.104520832000048 ], [ 14.375093107000055, 50.104503082000065 ], [ 14.374996747000068, 50.104493353000066 ], [ 14.37499314300004, 50.104511566000042 ] ] ] ] } },
{ "type": "Feature", "properties": { "objectid": 68386, "zps_id": "3366", "id_poskyt": 38, "shape_area_1": 0.0, "globalid": "{D29C6F8A-73AF-4ADD-8643-B02BD1113FB9}", "shape_Length": 0.00017914830227732422, "shape_Area": 1.8327725090490393e-09 }, "geometry": { "type": "MultiPolygon", "coordinates": [ [ [ [ 14.404609833000052, 50.087970293000069 ], [ 14.404641603000073, 50.087969226000041 ], [ 14.404635781000025, 50.08791173000003 ], [ 14.404604010000071, 50.087912806000077 ], [ 14.404609833000052, 50.087970293000069 ] ] ] ] } },
{ "type": "Feature", "properties": { "objectid": 68387, "zps_id": "8025", "id_poskyt": 38, "shape_area_1": 0.0, "globalid": "{0C769B26-0AEF-42EA-82A5-1560302A2CFA}", "shape_Length": 0.00018441607182190844, "shape_Area": 1.7388621379493613e-09 }, "geometry": { "type": "MultiPolygon", "coordinates": [ [ [ [ 14.399001274000057, 50.10493372600007 ], [ 14.399028659000066, 50.104940402000068 ], [ 14.399061049000068, 50.104885369000044 ], [ 14.399033084000052, 50.104878642000074 ], [ 14.399001274000057, 50.10493372600007 ] ] ] ] } },
{ "type": "Feature", "properties": { "objectid": 68388, "zps_id": "8025", "id_poskyt": 38, "shape_area_1": 0.0, "globalid": "{1475871F-83C7-4D50-A91E-30D52A7921DD}", "shape_Length": 0.00015840353653876757, "shape_Area": 1.3640539258200506e-09 }, "geometry": { "type": "MultiPolygon", "coordinates": [ [ [ [ 14.398951872000055, 50.105017165000049 ], [ 14.398978704000058, 50.105023593000055 ], [ 14.399005276000025, 50.104979434000029 ], [ 14.39897780900003, 50.104973141000073 ], [ 14.398951872000055, 50.105017165000049 ] ] ] ] } },
{ "type": "Feature", "properties": { "objectid": 68389, "zps_id": "18279", "id_poskyt": 38, "shape_area_1": 0.0, "globalid": "{3E53BE3A-2261-4B9A-8F67-072901D8CB46}", "shape_Length": 0.00051829312250420564, "shape_Area": 5.2326471485887865e-09 }, "geometry": { "type": "MultiPolygon", "coordinates": [ [ [ [ 14.492289294000045, 50.116784038000048 ], [ 14.492311246000043, 50.116773253000076 ], [ 14.492129269000031, 50.116623723000032 ], [ 14.492108251000047, 50.116635288000055 ], [ 14.492289294000045, 50.116784038000048 ] ] ] ] } },
{ "type": "Feature", "properties": { "objectid": 68390, "zps_id": "18664", "id_poskyt": 38, "shape_area_1": 0.0, "globalid": "{8030580D-EAA7-43E4-89B8-9A1FFA0F4661}", "shape_Length": 0.00046442616266696599, "shape_Area": 4.9745814900271032e-09 }, "geometry": { "type": "MultiPolygon", "coordinates": [ [ [ [ 14.500508697000043, 50.119338608000078 ], [ 14.500690363000047, 50.119435790000068 ], [ 14.50071117300007, 50.119419740000069 ], [ 14.500530631000061, 50.119322648000036 ], [ 14.500508697000043, 50.119338608000078 ] ] ] ] } },
{ "type": "Feature", "properties": { "objectid": 68391, "zps_id": "18279", "id_poskyt": 38, "shape_area_1": 0.0, "globalid": "{0BE098D9-BB72-455B-A120-39E5A5B87453}", "shape_Length": 0.00029453910272812551, "shape_Area": 2.7501244431361663e-09 }, "geometry": { "type": "MultiPolygon", "coordinates": [ [ [ [ 14.492426151000075, 50.116898116000073 ], [ 14.492448103000072, 50.116887331000044 ], [ 14.49235320300005, 50.116808056000082 ], [ 14.492332186000056, 50.116819622000037 ], [ 14.492426151000075, 50.116898116000073 ] ] ] ] } },
{ "type": "Feature", "properties": { "objectid": 68392, "zps_id": "18796", "id_poskyt": 38, "shape_area_1": 0.0, "globalid": "{4757A96B-CA18-46C2-8CEB-3F75D7630A36}", "shape_Length": 0.00065636821738381283, "shape_Area": 1.2999300328193415e-08 }, "geometry": { "type": "MultiPolygon", "coordinates": [ [ [ [ 14.485009623000053, 50.099211561000061 ], [ 14.484995714000036, 50.099257009000041 ], [ 14.485277341000028, 50.099285601000076 ], [ 14.485287741000036, 50.099240660000078 ], [ 14.485009623000053, 50.099211561000061 ] ] ] ] } },
{ "type": "Feature", "properties": { "objectid": 68393, "zps_id": "17991", "id_poskyt": 38, "shape_area_1": 0.0, "globalid": "{A87D03D2-238F-47D8-8158-9C166666E545}", "shape_Length": 0.00022766321663065308, "shape_Area": 1.8654026799100471e-09 }, "geometry": { "type": "MultiPolygon", "coordinates": [ [ [ [ 14.508924146000027, 50.138235234000035 ], [ 14.50892852000004, 50.138215364000075 ], [ 14.508835816000044, 50.138206646000071 ], [ 14.508830358000068, 50.138225831000057 ], [ 14.508924146000027, 50.138235234000035 ] ] ] ] } },
{ "type": "Feature", "properties": { "objectid": 68394, "zps_id": "18136", "id_poskyt": 38, "shape_area_1": 0.0, "globalid": "{F8B8A1D6-FCEE-43CD-A06B-F086A5CBA5A8}", "shape_Length": 0.00068103008126132081, "shape_Area": 1.349663658405926e-08 }, "geometry": { "type": "MultiPolygon", "coordinates": [ [ [ [ 14.51660492600007, 50.137475506000044 ], [ 14.516586474000064, 50.137432501000035 ], [ 14.516297735000023, 50.137487774000078 ], [ 14.516317727000057, 50.137531105000051 ], [ 14.51660492600007, 50.137475506000044 ] ] ] ] } },
{ "type": "Feature", "properties": { "objectid": 68395, "zps_id": "18090", "id_poskyt": 38, "shape_area_1": 0.0, "globalid": "{FEF2BC80-37E5-4513-A21B-E22CCBFDEFEB}", "shape_Length": 0.00056217992460302446, "shape_Area": 1.3332357768084978e-08 }, "geometry": { "type": "MultiPolygon", "coordinates": [ [ [ [ 14.51473310800003, 50.137182138000071 ], [ 14.514795083000024, 50.137172306000082 ], [ 14.514716370000031, 50.136968988000035 ], [ 14.514654688000064, 50.136977511000055 ], [ 14.51473310800003, 50.137182138000071 ] ] ] ] } },
{ "type": "Feature", "properties": { "objectid": 68396, "zps_id": "18275", "id_poskyt": 38, "shape_area_1": 0.0, "globalid": "{8FDB5409-6A73-455F-A386-70D025914869}", "shape_Length": 0.00051412664887879006, "shape_Area": 8.9233830012350679e-09 }, "geometry": { "type": "MultiPolygon", "coordinates": [ [ [ [ 14.492497014000037, 50.116591349000032 ], [ 14.492486799000062, 50.116550885000038 ], [ 14.492273782000041, 50.11657645300005 ], [ 14.492282342000067, 50.116617189000067 ], [ 14.492497014000037, 50.116591349000032 ] ] ] ] } },
{ "type": "Feature", "properties": { "objectid": 68397, "zps_id": "2647", "id_poskyt": 38, "shape_area_1": 0.0, "globalid": "{0B8FC771-0630-434E-B395-C44AB676468D}", "shape_Length": 0.00051094416561997243, "shape_Area": 6.6045974535399328e-09 }, "geometry": { "type": "MultiPolygon", "coordinates": [ [ [ [ 14.428414778000047, 50.074017584000046 ], [ 14.428560643000026, 50.074166050000031 ], [ 14.428573630000074, 50.074178325000048 ], [ 14.428600153000048, 50.074166333000051 ], [ 14.428479638000056, 50.074040269000079 ], [ 14.428445328000066, 50.074005749000037 ], [ 14.428414778000047, 50.074017584000046 ] ] ] ] } },
{ "type": "Feature", "properties": { "objectid": 68398, "zps_id": "3856", "id_poskyt": 38, "shape_area_1": 0.0, "globalid": "{D15F8650-B46C-4538-9ABF-C29016885FF4}", "shape_Length": 0.00034965220023467524, "shape_Area": 4.2917165066071683e-09 }, "geometry": { "type": "MultiPolygon", "coordinates": [ [ [ [ 14.422100014000023, 50.082827832000078 ], [ 14.422128831000066, 50.082835684000031 ], [ 14.422154182000043, 50.082791931000031 ], [ 14.422181945000034, 50.082699493000064 ], [ 14.422151082000028, 50.08269660600007 ], [ 14.422125099000027, 50.082784210000057 ], [ 14.42211128200006, 50.082809045000033 ], [ 14.422100014000023, 50.082827832000078 ] ] ] ] } },
{ "type": "Feature", "properties": { "objectid": 68399, "zps_id": "21131", "id_poskyt": 38, "shape_area_1": 0.0, "globalid": "{808076B3-A78C-4BD0-993C-97DC14975D74}", "shape_Length": 0.00038809584043201037, "shape_Area": 6.4292968149806854e-09 }, "geometry": { "type": "MultiPolygon", "coordinates": [ [ [ [ 14.430369793000068, 50.069274709000069 ], [ 14.430461980000075, 50.069277095000075 ], [ 14.430425335000052, 50.069227311000077 ], [ 14.430334988000027, 50.069225089000042 ], [ 14.43029294300004, 50.06922361900007 ], [ 14.430329089000054, 50.069272578000039 ], [ 14.430369793000068, 50.069274709000069 ] ] ] ] } },
{ "type": "Feature", "properties": { "objectid": 68400, "zps_id": "18868", "id_poskyt": 38, "shape_area_1": 0.0, "globalid": "{5DDF2802-0B2F-4D55-9051-7F2432FE2558}", "shape_Length": 0.000185948519638753, "shape_Area": 1.6619232943481824e-09 }, "geometry": { "type": "MultiPolygon", "coordinates": [ [ [ [ 14.405925954000054, 50.080658004000043 ], [ 14.405966549000027, 50.080660161000026 ], [ 14.405936102000055, 50.08061759800006 ], [ 14.405895519000069, 50.080615442000067 ], [ 14.405925954000054, 50.080658004000043 ] ] ] ] } },
{ "type": "Feature", "properties": { "objectid": 68401, "zps_id": "18885", "id_poskyt": 38, "shape_area_1": 0.0, "globalid": "{038F3CCD-7DAA-4370-AC68-CD1BE34BA662}", "shape_Length": 0.00036451558462001802, "shape_Area": 3.0610931858507216e-09 }, "geometry": { "type": "MultiPolygon", "coordinates": [ [ [ [ 14.402382897000052, 50.075592811000035 ], [ 14.402379309000025, 50.075574531000029 ], [ 14.402216642000042, 50.075587172000041 ], [ 14.402219715000058, 50.075605942000038 ], [ 14.402382897000052, 50.075592811000035 ] ] ] ] } },
{ "type": "Feature", "properties": { "objectid": 68402, "zps_id": "18885", "id_poskyt": 38, "shape_area_1": 0.0, "globalid": "{2A0F44FC-3026-41B2-9B93-8AD7D7605784}", "shape_Length": 0.00020913805373795936, "shape_Area": 1.5473806116249249e-09 }, "geometry": { "type": "MultiPolygon", "coordinates": [ [ [ [ 14.402541089000067, 50.075579653000034 ], [ 14.402537918000064, 50.075562065000042 ], [ 14.402451398000039, 50.075568901000054 ], [ 14.402454978000037, 50.075586627000064 ], [ 14.402541089000067, 50.075579653000034 ] ] ] ] } },
{ "type": "Feature", "properties": { "objectid": 68403, "zps_id": "18892", "id_poskyt": 38, "shape_area_1": 0.0, "globalid": "{4DAB9864-2F59-4E39-B5E6-913EFD88A1F9}", "shape_Length": 0.00019689222896563939, "shape_Area": 1.5570442479106854e-09 }, "geometry": { "type": "MultiPolygon", "coordinates": [ [ [ [ 14.401323962000049, 50.061052935000077 ], [ 14.401402914000073, 50.06105307200005 ], [ 14.401403042000027, 50.061033788000032 ], [ 14.401324718000069, 50.061032626000042 ], [ 14.401323962000049, 50.061052935000077 ] ] ] ] } },
{ "type": "Feature", "properties": { "objectid": 68404, "zps_id": "18898", "id_poskyt": 38, "shape_area_1": 0.0, "globalid": "{6F79AC01-6B76-4A37-8D02-81BB84C3A5B4}", "shape_Length": 0.00015456633618687432, "shape_Area": 1.3724128025500569e-09 }, "geometry": { "type": "MultiPolygon", "coordinates": [ [ [ [ 14.401283419000038, 50.060824291000074 ], [ 14.401255009000067, 50.060821659000055 ], [ 14.401243954000051, 50.060869264000075 ], [ 14.401271803000043, 50.060872072000052 ], [ 14.401283419000038, 50.060824291000074 ] ] ] ] } },
{ "type": "Feature", "properties": { "objectid": 68405, "zps_id": "8250", "id_poskyt": 38, "shape_area_1": 0.0, "globalid": "{5306E6FF-2CDA-4076-85D5-D90F0E901109}", "shape_Length": 0.00041496344495569595, "shape_Area": 3.5785766694919677e-09 }, "geometry": { "type": "MultiPolygon", "coordinates": [ [ [ [ 14.404067932000032, 50.097020145000045 ], [ 14.404252632000066, 50.097053477000031 ], [ 14.404260726000075, 50.097035852000033 ], [ 14.404075725000041, 50.09700194100003 ], [ 14.404067932000032, 50.097020145000045 ] ] ] ] } },
{ "type": "Feature", "properties": { "objectid": 68406, "zps_id": "12020", "id_poskyt": 38, "shape_area_1": 0.0, "globalid": "{0542F2FA-A2E4-4097-9302-9C565F6D9F55}", "shape_Length": 0.00038375855284739421, "shape_Area": 4.0635989820186325e-09 }, "geometry": { "type": "MultiPolygon", "coordinates": [ [ [ [ 14.427371292000032, 50.079579011000078 ], [ 14.427398164000067, 50.07962307400004 ], [ 14.427411311000071, 50.079641609000078 ], [ 14.427435590000073, 50.079666919000033 ], [ 14.427476517000059, 50.079708369000059 ], [ 14.427499002000047, 50.079698588000042 ], [ 14.427470922000055, 50.079671399000063 ], [ 14.427458630000046, 50.079657378000036 ], [ 14.427428725000027, 50.079623274000028 ], [ 14.427424509000048, 50.07961634000003 ], [ 14.427399559000037, 50.079571666000049 ], [ 14.427371292000032, 50.079579011000078 ] ] ] ] } },
{ "type": "Feature", "properties": { "objectid": 68407, "zps_id": "4107", "id_poskyt": 38, "shape_area_1": 0.0, "globalid": "{1332766D-EA72-4651-881D-D7F589399442}", "shape_Length": 0.00016143020945373981, "shape_Area": 1.1621435061549686e-09 }, "geometry": { "type": "MultiPolygon", "coordinates": [ [ [ [ 14.430547175000072, 50.092861630000073 ], [ 14.43060851000007, 50.092865485000061 ], [ 14.430612121000024, 50.092846936000058 ], [ 14.430550132000064, 50.092842905000055 ], [ 14.430547175000072, 50.092861630000073 ] ] ] ] } },
{ "type": "Feature", "properties": { "objectid": 68408, "zps_id": "4056", "id_poskyt": 38, "shape_area_1": 0.0, "globalid": "{E91B1ADD-EEEE-44BE-9B5E-E319D702B632}", "shape_Length": 0.0001450538958807335, "shape_Area": 1.2845176067495027e-09 }, "geometry": { "type": "MultiPolygon", "coordinates": [ [ [ [ 14.42588183600003, 50.090489026000057 ], [ 14.425912463000031, 50.090489876000049 ], [ 14.425914050000074, 50.090447951000044 ], [ 14.425883190000036, 50.090447452000035 ], [ 14.42588183600003, 50.090489026000057 ] ] ] ] } },
{ "type": "Feature", "properties": { "objectid": 68409, "zps_id": "17469", "id_poskyt": 38, "shape_area_1": 0.0, "globalid": "{533056DD-96A2-43C8-A009-D6B728475D2E}", "shape_Length": 0.00014209481462087038, "shape_Area": 1.1213711013666566e-09 }, "geometry": { "type": "MultiPolygon", "coordinates": [ [ [ [ 14.420474871000067, 50.082618576000073 ], [ 14.420519738000053, 50.082626034000043 ], [ 14.420530116000066, 50.082602829000052 ], [ 14.420484612000052, 50.082595450000042 ], [ 14.420474871000067, 50.082618576000073 ] ] ] ] } },
{ "type": "Feature", "properties": { "objectid": 68410, "zps_id": "3778", "id_poskyt": 38, "shape_area_1": 0.0, "globalid": "{EE4F32E8-CEF5-46B6-8C98-BFCB265A8BB2}", "shape_Length": 0.00013724151698312598, "shape_Area": 9.2396058246390167e-10 }, "geometry": { "type": "MultiPolygon", "coordinates": [ [ [ [ 14.420574939000062, 50.082715083000039 ], [ 14.420623790000036, 50.082723365000049 ], [ 14.420630782000046, 50.082705906000058 ], [ 14.420581904000073, 50.082697157000041 ], [ 14.420574939000062, 50.082715083000039 ] ] ] ] } },
{ "type": "Feature", "properties": { "objectid": 68411, "zps_id": "5716", "id_poskyt": 38, "shape_area_1": 0.0, "globalid": "{36C98A4C-9F1D-4FB9-A0C4-FF0CBD5A785B}", "shape_Length": 0.0002477302802736097, "shape_Area": 2.0598976411173871e-09 }, "geometry": { "type": "MultiPolygon", "coordinates": [ [ [ [ 14.451326077000033, 50.101850324000054 ], [ 14.451430415000061, 50.101852053000073 ], [ 14.451431202000038, 50.101832021000064 ], [ 14.45132746400003, 50.101830788000029 ], [ 14.451326077000033, 50.101850324000054 ] ] ] ] } },
{ "type": "Feature", "properties": { "objectid": 68412, "zps_id": "18961", "id_poskyt": 38, "shape_area_1": 0.0, "globalid": "{839AC593-5599-4D0D-A5F0-24C93BC60E9D}", "shape_Length": 0.00023052508790003467, "shape_Area": 3.1888979184609335e-09 }, "geometry": { "type": "MultiPolygon", "coordinates": [ [ [ [ 14.344646916000045, 50.084819731000039 ], [ 14.34465794700003, 50.08480893400008 ], [ 14.344684413000039, 50.084789101000069 ], [ 14.344687688000022, 50.084787850000055 ], [ 14.344688230000031, 50.084781136000061 ], [ 14.34468385100007, 50.084772258000044 ], [ 14.344679409000037, 50.08476780400008 ], [ 14.344670280000059, 50.08476138900005 ], [ 14.344599413000026, 50.08478537600007 ], [ 14.344618559000025, 50.084821831000056 ], [ 14.344646916000045, 50.084819731000039 ] ] ] ] } },
{ "type": "Feature", "properties": { "objectid": 68413, "zps_id": "18961", "id_poskyt": 38, "shape_area_1": 0.0, "globalid": "{D83FDF9E-2215-4D91-BD68-82BFFDC95D95}", "shape_Length": 0.00023362451567126869, "shape_Area": 2.4210035454715436e-09 }, "geometry": { "type": "MultiPolygon", "coordinates": [ [ [ [ 14.344646916000045, 50.084819731000039 ], [ 14.344618559000025, 50.084821831000056 ], [ 14.344613202000062, 50.08487038800007 ], [ 14.344610163000027, 50.084909493000055 ], [ 14.344636484000034, 50.084909909000032 ], [ 14.344640821000041, 50.084866089000059 ], [ 14.344646916000045, 50.084819731000039 ] ] ] ] } },
{ "type": "Feature", "properties": { "objectid": 68414, "zps_id": "18989", "id_poskyt": 38, "shape_area_1": 0.0, "globalid": "{AF60AD39-0219-4BE6-B430-A5636F879DCE}", "shape_Length": 0.00023517356106307911, "shape_Area": 3.3388288861407086e-09 }, "geometry": { "type": "MultiPolygon", "coordinates": [ [ [ [ 14.470799948000035, 50.064066579000041 ], [ 14.470804334000036, 50.064018197000053 ], [ 14.47073421500005, 50.064015917000063 ], [ 14.470731141000044, 50.064063373000067 ], [ 14.470799948000035, 50.064066579000041 ] ] ] ] } },
{ "type": "Feature", "properties": { "objectid": 68415, "zps_id": "18989", "id_poskyt": 38, "shape_area_1": 0.0, "globalid": "{F4A73A99-1F23-4437-BED7-D814680D58BC}", "shape_Length": 0.00030226749721642325, "shape_Area": 5.6651404965693477e-09 }, "geometry": { "type": "MultiPolygon", "coordinates": [ [ [ [ 14.470820881000066, 50.06380381300005 ], [ 14.470826690000024, 50.06372209500006 ], [ 14.470757057000071, 50.063720196000077 ], [ 14.470752219000076, 50.063802053000074 ], [ 14.470820881000066, 50.06380381300005 ] ] ] ] } },
{ "type": "Feature", "properties": { "objectid": 68416, "zps_id": "19440", "id_poskyt": 38, "shape_area_1": 0.0, "globalid": "{C9F776DC-CEC4-46C8-8BB2-3641054ADF7A}", "shape_Length": 0.00037099875354377343, "shape_Area": 4.7285175419995395e-09 }, "geometry": { "type": "MultiPolygon", "coordinates": [ [ [ [ 14.512739304000036, 50.055366355000046 ], [ 14.512770122000063, 50.055364251000071 ], [ 14.512738408000075, 50.055212410000081 ], [ 14.512707824000074, 50.055215333000035 ], [ 14.512739304000036, 50.055366355000046 ] ] ] ] } },
{ "type": "Feature", "properties": { "objectid": 68417, "zps_id": "13052", "id_poskyt": 38, "shape_area_1": 0.0, "globalid": "{93B03516-1493-41EE-AC6A-D9E81D7591D7}", "shape_Length": 0.00033594094984787761, "shape_Area": 2.9569382963937554e-09 }, "geometry": { "type": "MultiPolygon", "coordinates": [ [ [ [ 14.355521800000076, 50.088102814000081 ], [ 14.355674889000056, 50.088087337000047 ], [ 14.355669986000066, 50.088067122000041 ], [ 14.355534440000042, 50.088081257000056 ], [ 14.355521800000076, 50.088102814000081 ] ] ] ] } },
{ "type": "Feature", "properties": { "objectid": 68418, "zps_id": "8893", "id_poskyt": 38, "shape_area_1": 0.0, "globalid": "{64A85699-6818-4EF1-A91D-3BA34B43A067}", "shape_Length": 0.00029216325224739199, "shape_Area": 2.2830134555853218e-09 }, "geometry": { "type": "MultiPolygon", "coordinates": [ [ [ [ 14.346117531000061, 50.090664833000062 ], [ 14.346240372000068, 50.090696278000053 ], [ 14.346251144000064, 50.090680482000039 ], [ 14.346127827000032, 50.09064892300006 ], [ 14.346117531000061, 50.090664833000062 ] ] ] ] } },
{ "type": "Feature", "properties": { "objectid": 68419, "zps_id": "8809", "id_poskyt": 38, "shape_area_1": 0.0, "globalid": "{B8EC8397-3827-4450-B879-44A974C56D23}", "shape_Length": 0.0007039054195681902, "shape_Area": 6.0104320094236677e-09 }, "geometry": { "type": "MultiPolygon", "coordinates": [ [ [ [ 14.407999006000068, 50.102511999000058 ], [ 14.408030219000068, 50.102520366000078 ], [ 14.408055961000059, 50.102527666000071 ], [ 14.408078517000035, 50.102540085000044 ], [ 14.408091566000053, 50.102553403000059 ], [ 14.408107608000023, 50.102572387000066 ], [ 14.408133028000066, 50.102565764000076 ], [ 14.408113959000048, 50.102541292000069 ], [ 14.408110657000066, 50.102537142000074 ], [ 14.408103252000046, 50.102532438000026 ], [ 14.408086309000055, 50.102520509000044 ], [ 14.408049362000042, 50.102506624000057 ], [ 14.408018374000051, 50.102498659000048 ], [ 14.408002704000069, 50.102496119000079 ], [ 14.407815676000041, 50.102473767000049 ], [ 14.407815162000077, 50.102473705000079 ], [ 14.407810528000027, 50.102489911000077 ], [ 14.407810374000064, 50.102490454000076 ], [ 14.407999006000068, 50.102511999000058 ] ] ] ] } },
{ "type": "Feature", "properties": { "objectid": 68420, "zps_id": "8182", "id_poskyt": 38, "shape_area_1": 0.0, "globalid": "{6F6061DB-6C55-40DD-81CE-22B9A9195212}", "shape_Length": 0.0004602040220457813, "shape_Area": 5.3640483737502883e-09 }, "geometry": { "type": "MultiPolygon", "coordinates": [ [ [ [ 14.408103711000024, 50.102584974000081 ], [ 14.408102453000026, 50.102602045000026 ], [ 14.408096793000027, 50.102621419000059 ], [ 14.40807264700004, 50.102678148000052 ], [ 14.408039678000023, 50.102759187000061 ], [ 14.408066189000067, 50.102762890000065 ], [ 14.40810053000007, 50.102679656000078 ], [ 14.408128601000044, 50.10261304800008 ], [ 14.408130420000077, 50.102603171000055 ], [ 14.408131285000024, 50.10258510500006 ], [ 14.408126332000052, 50.102569027000072 ], [ 14.408098746000064, 50.102574497000035 ], [ 14.408103711000024, 50.102584974000081 ] ] ] ] } },
{ "type": "Feature", "properties": { "objectid": 68421, "zps_id": "18715", "id_poskyt": 38, "shape_area_1": 0.0, "globalid": "{8FF256B0-8368-4659-B218-2CAE64F14251}", "shape_Length": 0.00037216446319724659, "shape_Area": 3.1442529022190492e-09 }, "geometry": { "type": "MultiPolygon", "coordinates": [ [ [ [ 14.485935898000037, 50.10012878100008 ], [ 14.486102149000033, 50.100144637000028 ], [ 14.486106458000052, 50.100126031000059 ], [ 14.485939977000044, 50.100110382000025 ], [ 14.485935898000037, 50.10012878100008 ] ] ] ] } },
{ "type": "Feature", "properties": { "objectid": 68422, "zps_id": "13299", "id_poskyt": 38, "shape_area_1": 0.0, "globalid": "{B7D045B2-AAF4-4112-8DD7-8EE092DB296F}", "shape_Length": 0.00013026207019592765, "shape_Area": 8.8904624751108901e-10 }, "geometry": { "type": "MultiPolygon", "coordinates": [ [ [ [ 14.387698765000039, 50.064611297000056 ], [ 14.387738073000037, 50.064629005000029 ], [ 14.387753737000025, 50.064613234000035 ], [ 14.387714785000071, 50.064595839000049 ], [ 14.387698765000039, 50.064611297000056 ] ] ] ] } },
{ "type": "Feature", "properties": { "objectid": 68423, "zps_id": "4997", "id_poskyt": 38, "shape_area_1": 0.0, "globalid": "{71836DB0-8F87-4809-824D-799B94595710}", "shape_Length": 0.0001837547870792573, "shape_Area": 1.7162909452468442e-09 }, "geometry": { "type": "MultiPolygon", "coordinates": [ [ [ [ 14.478221704000077, 50.091753380000057 ], [ 14.478279452000038, 50.091784154000038 ], [ 14.478287019000049, 50.091758004000042 ], [ 14.478229848000069, 50.091728088000082 ], [ 14.478221704000077, 50.091753380000057 ] ] ] ] } },
{ "type": "Feature", "properties": { "objectid": 68424, "zps_id": "4086", "id_poskyt": 38, "shape_area_1": 0.0, "globalid": "{3A0BF3D0-1975-4DB1-8757-EC7C76E3DD47}", "shape_Length": 0.00017150408400069264, "shape_Area": 1.2361380463056183e-09 }, "geometry": { "type": "MultiPolygon", "coordinates": [ [ [ [ 14.426084532000061, 50.089693944000032 ], [ 14.426148652000052, 50.089710861000071 ], [ 14.426148761000036, 50.089710891000038 ], [ 14.426156211000034, 50.089698737000049 ], [ 14.426158987000065, 50.089694206000047 ], [ 14.426095284000041, 50.089677497000082 ], [ 14.426084532000061, 50.089693944000032 ] ] ] ] } },
{ "type": "Feature", "properties": { "objectid": 68425, "zps_id": "8497", "id_poskyt": 38, "shape_area_1": 0.0, "globalid": "{809A757A-4366-40ED-AB4A-16D4385E6808}", "shape_Length": 0.00043936980343585398, "shape_Area": 5.4656634704638356e-09 }, "geometry": { "type": "MultiPolygon", "coordinates": [ [ [ [ 14.410568101000024, 50.100749674000042 ], [ 14.410596367000039, 50.100754266000081 ], [ 14.41066266200005, 50.100575498000069 ], [ 14.410633131000054, 50.100570948000041 ], [ 14.410568101000024, 50.100749674000042 ] ] ] ] } },
{ "type": "Feature", "properties": { "objectid": 68426, "zps_id": "16717", "id_poskyt": 38, "shape_area_1": 0.0, "globalid": "{A99C7B70-AE94-4F37-AF3D-E601F69762BE}", "shape_Length": 0.00034983540459462392, "shape_Area": 3.1088683310445885e-09 }, "geometry": { "type": "MultiPolygon", "coordinates": [ [ [ [ 14.50380320000005, 50.073379457000044 ], [ 14.503957421000052, 50.073388649000037 ], [ 14.503960762000077, 50.073368842000036 ], [ 14.503806076000046, 50.073359383000081 ], [ 14.50380320000005, 50.073379457000044 ] ] ] ] } },
{ "type": "Feature", "properties": { "objectid": 68427, "zps_id": "4094", "id_poskyt": 38, "shape_area_1": 0.0, "globalid": "{786CA648-72AF-4DC0-9A5F-79838BE3C854}", "shape_Length": 0.00026962792642882573, "shape_Area": 3.1540042547485484e-09 }, "geometry": { "type": "MultiPolygon", "coordinates": [ [ [ [ 14.428362867000033, 50.091579241000034 ], [ 14.428399687000024, 50.091592111000068 ], [ 14.428441597000074, 50.091605647000051 ], [ 14.428479803000073, 50.091562931000055 ], [ 14.42844616900004, 50.091551851000077 ], [ 14.428428860000054, 50.091562673000055 ], [ 14.428422782000041, 50.091564449000032 ], [ 14.428411698000048, 50.091567134000059 ], [ 14.428405031000068, 50.091567507000036 ], [ 14.428390346000072, 50.091567370000064 ], [ 14.428374654000038, 50.091565010000068 ], [ 14.428362867000033, 50.091579241000034 ] ] ] ] } },
{ "type": "Feature", "properties": { "objectid": 68428, "zps_id": "4108", "id_poskyt": 38, "shape_area_1": 0.0, "globalid": "{70ABC799-4546-40ED-887A-A56786F35670}", "shape_Length": 0.00015251038571649023, "shape_Area": 1.4311100822346336e-09 }, "geometry": { "type": "MultiPolygon", "coordinates": [ [ [ [ 14.430806120000057, 50.092246038000042 ], [ 14.430839152000033, 50.092249241000047 ], [ 14.430847373000063, 50.092207339000026 ], [ 14.430812454000034, 50.092204904000027 ], [ 14.430806120000057, 50.092246038000042 ] ] ] ] } },
{ "type": "Feature", "properties": { "objectid": 68429, "zps_id": "4106", "id_poskyt": 38, "shape_area_1": 0.0, "globalid": "{2DAB68CF-6369-4C4D-BF3C-F19349837E65}", "shape_Length": 0.00021519691262689505, "shape_Area": 2.2817187072944536e-09 }, "geometry": { "type": "MultiPolygon", "coordinates": [ [ [ [ 14.428602242000068, 50.092684535000046 ], [ 14.428658784000049, 50.092686388000061 ], [ 14.428692581000064, 50.092650506000041 ], [ 14.428639303000068, 50.09264823500007 ], [ 14.428603463000059, 50.092671094000082 ], [ 14.428602242000068, 50.092684535000046 ] ] ] ] } },
{ "type": "Feature", "properties": { "objectid": 68430, "zps_id": "3496", "id_poskyt": 38, "shape_area_1": 0.0, "globalid": "{8F19DF42-3C19-4F2B-8412-B74A3D5D27DF}", "shape_Length": 0.0002689564160334986, "shape_Area": 4.186541496549952e-09 }, "geometry": { "type": "MultiPolygon", "coordinates": [ [ [ [ 14.411686164000059, 50.090363045000061 ], [ 14.411708430000033, 50.090393009000081 ], [ 14.411766933000024, 50.090373834000047 ], [ 14.411722083000029, 50.090316329000075 ], [ 14.411663478000037, 50.090335967000044 ], [ 14.411686164000059, 50.090363045000061 ] ] ] ] } },
{ "type": "Feature", "properties": { "objectid": 68431, "zps_id": "3842", "id_poskyt": 38, "shape_area_1": 0.0, "globalid": "{16F0BF8A-9095-4FB5-B116-08EBA31EBE4D}", "shape_Length": 0.00014670481843727783, "shape_Area": 1.0740362154483994e-09 }, "geometry": { "type": "MultiPolygon", "coordinates": [ [ [ [ 14.421710816000029, 50.079175441000075 ], [ 14.421763928000075, 50.079173936000075 ], [ 14.421763503000022, 50.079153967000082 ], [ 14.421710364000035, 50.079154997000046 ], [ 14.421710816000029, 50.079175441000075 ] ] ] ] } },
{ "type": "Feature", "properties": { "objectid": 68432, "zps_id": "12169", "id_poskyt": 38, "shape_area_1": 0.0, "globalid": "{8C6967B0-22BA-4AE7-869B-D0B7A81B2F5E}", "shape_Length": 0.0001521969844693218, "shape_Area": 1.0953572065261818e-09 }, "geometry": { "type": "MultiPolygon", "coordinates": [ [ [ [ 14.401914044000023, 50.088575778000063 ], [ 14.401971383000046, 50.088577515000054 ], [ 14.401972117000071, 50.088558547000048 ], [ 14.401915944000052, 50.088556241000049 ], [ 14.401914044000023, 50.088575778000063 ] ] ] ] } },
{ "type": "Feature", "properties": { "objectid": 68433, "zps_id": "3762", "id_poskyt": 38, "shape_area_1": 0.0, "globalid": "{2D030564-897A-4F30-AB0F-ED6D26E7E6E1}", "shape_Length": 0.00015195513765249648, "shape_Area": 1.0462752378570705e-09 }, "geometry": { "type": "MultiPolygon", "coordinates": [ [ [ [ 14.414093410000078, 50.082922727000039 ], [ 14.414151469000046, 50.08292553900003 ], [ 14.414153331000023, 50.082907479000028 ], [ 14.414095840000073, 50.082904773000053 ], [ 14.414093410000078, 50.082922727000039 ] ] ] ] } },
{ "type": "Feature", "properties": { "objectid": 68434, "zps_id": "4084", "id_poskyt": 38, "shape_area_1": 0.0, "globalid": "{03378248-0DB2-4652-9483-427AC21B2F98}", "shape_Length": 0.00013226433143124374, "shape_Area": 1.0725954666302607e-09 }, "geometry": { "type": "MultiPolygon", "coordinates": [ [ [ [ 14.425968319000049, 50.089607705000049 ], [ 14.425997653000024, 50.089609929000062 ], [ 14.426003192000053, 50.089573190000067 ], [ 14.42597470100003, 50.089571131000071 ], [ 14.425968319000049, 50.089607705000049 ] ] ] ] } },
{ "type": "Feature", "properties": { "objectid": 68435, "zps_id": "4017", "id_poskyt": 38, "shape_area_1": 0.0, "globalid": "{4283C5A8-5963-4EDE-9FC5-BBA2AD6BB9DE}", "shape_Length": 0.00016571062794147563, "shape_Area": 1.6502045456997946e-09 }, "geometry": { "type": "MultiPolygon", "coordinates": [ [ [ [ 14.42746352100005, 50.08748360800007 ], [ 14.427490932000069, 50.087488283000027 ], [ 14.427494155000034, 50.087482306000027 ], [ 14.427497670000037, 50.087466726000059 ], [ 14.427499763000071, 50.087433377000082 ], [ 14.427469836000057, 50.087432217000071 ], [ 14.42746352100005, 50.08748360800007 ] ] ] ] } },
{ "type": "Feature", "properties": { "objectid": 68436, "zps_id": "3596", "id_poskyt": 38, "shape_area_1": 0.0, "globalid": "{72CC6E11-95CD-46CC-9D37-2C66E45056F2}", "shape_Length": 0.00014193107395279688, "shape_Area": 1.0728228345919197e-09 }, "geometry": { "type": "MultiPolygon", "coordinates": [ [ [ [ 14.421732291000069, 50.088938518000077 ], [ 14.421754693000025, 50.088952617000075 ], [ 14.421791467000048, 50.088926577000052 ], [ 14.42176872400006, 50.088913527000045 ], [ 14.421732291000069, 50.088938518000077 ] ] ] ] } },
{ "type": "Feature", "properties": { "objectid": 68437, "zps_id": "3504", "id_poskyt": 38, "shape_area_1": 0.0, "globalid": "{5C995BB1-821A-46AE-95C8-BE046E97FCCF}", "shape_Length": 0.00015034299526360534, "shape_Area": 1.1181296044237853e-09 }, "geometry": { "type": "MultiPolygon", "coordinates": [ [ [ [ 14.420153920000075, 50.091067574000078 ], [ 14.420207762000075, 50.09107689700005 ], [ 14.420215304000067, 50.091057199000034 ], [ 14.420163112000068, 50.091048013000034 ], [ 14.420153920000075, 50.091067574000078 ] ] ] ] } },
{ "type": "Feature", "properties": { "objectid": 68438, "zps_id": "3850", "id_poskyt": 38, "shape_area_1": 0.0, "globalid": "{0B539CE0-9FAF-4BA7-8675-F3F9CFD026FD}", "shape_Length": 0.00016478493097304173, "shape_Area": 1.5227057066547206e-09 }, "geometry": { "type": "MultiPolygon", "coordinates": [ [ [ [ 14.421198471000025, 50.081329534000076 ], [ 14.421226028000035, 50.081328753000037 ], [ 14.421224374000076, 50.081274304000033 ], [ 14.421195973000067, 50.081275266000034 ], [ 14.421198471000025, 50.081329534000076 ] ] ] ] } },
{ "type": "Feature", "properties": { "objectid": 68439, "zps_id": "19632", "id_poskyt": 38, "shape_area_1": 0.0, "globalid": "{07495955-A625-40FC-8391-7FB5E98E6A8C}", "shape_Length": 0.00016913675956385291, "shape_Area": 1.4516183075910091e-09 }, "geometry": { "type": "MultiPolygon", "coordinates": [ [ [ [ 14.412702607000028, 50.036471172000063 ], [ 14.412754825000036, 50.036494384000036 ], [ 14.41277444800005, 50.036475567000082 ], [ 14.412722018000068, 50.036451965000026 ], [ 14.412702607000028, 50.036471172000063 ] ] ] ] } },
{ "type": "Feature", "properties": { "objectid": 68440, "zps_id": "19632", "id_poskyt": 38, "shape_area_1": 0.0, "globalid": "{E75909C3-3452-492D-B107-C3D383DF1ADB}", "shape_Length": 0.00017913721856343298, "shape_Area": 1.743013758141661e-09 }, "geometry": { "type": "MultiPolygon", "coordinates": [ [ [ [ 14.412913194000055, 50.036277735000056 ], [ 14.412962833000051, 50.03630161500007 ], [ 14.412988977000055, 50.036279393000029 ], [ 14.412939985000037, 50.036255115000074 ], [ 14.412913194000055, 50.036277735000056 ] ] ] ] } },
{ "type": "Feature", "properties": { "objectid": 68441, "zps_id": "19634", "id_poskyt": 38, "shape_area_1": 0.0, "globalid": "{99E31AA8-A7E8-4A9E-8AFD-C0129D44C2EF}", "shape_Length": 0.00027476969462258873, "shape_Area": 4.0118492802274962e-09 }, "geometry": { "type": "MultiPolygon", "coordinates": [ [ [ [ 14.413700053000071, 50.035793689000059 ], [ 14.413772453000036, 50.035748077000051 ], [ 14.41376527500006, 50.03569531800008 ], [ 14.413696702000038, 50.035739307000028 ], [ 14.413700053000071, 50.035793689000059 ] ] ] ] } },
{ "type": "Feature", "properties": { "objectid": 68442, "zps_id": "19640", "id_poskyt": 38, "shape_area_1": 0.0, "globalid": "{717D0514-96EE-47B1-ACCD-164ABF3CB674}", "shape_Length": 0.00015591504893680886, "shape_Area": 1.416741167768366e-09 }, "geometry": { "type": "MultiPolygon", "coordinates": [ [ [ [ 14.304757233000032, 50.088383186000044 ], [ 14.304789008000057, 50.088388928000029 ], [ 14.304809470000066, 50.088348612000061 ], [ 14.304778482000074, 50.088341652000054 ], [ 14.304757233000032, 50.088383186000044 ] ] ] ] } },
{ "type": "Feature", "properties": { "objectid": 68443, "zps_id": "18560", "id_poskyt": 38, "shape_area_1": 0.0, "globalid": "{AC733E75-F1EF-49C9-BCD1-3148AB370737}", "shape_Length": 0.0011507140201172448, "shape_Area": 1.2950441837736561e-08 }, "geometry": { "type": "MultiPolygon", "coordinates": [ [ [ [ 14.500922407000076, 50.121590649000041 ], [ 14.500944240000024, 50.121603754000034 ], [ 14.501210828000069, 50.121423950000064 ], [ 14.501399582000033, 50.121294437000074 ], [ 14.501379235000059, 50.121282370000074 ], [ 14.501188074000027, 50.121409603000075 ], [ 14.500922407000076, 50.121590649000041 ] ] ] ] } },
{ "type": "Feature", "properties": { "objectid": 68444, "zps_id": "3982", "id_poskyt": 38, "shape_area_1": 0.0, "globalid": "{DEE78CC4-4D6A-4507-B858-22150ECACE66}", "shape_Length": 0.00030600393138022837, "shape_Area": 3.1063788374431855e-09 }, "geometry": { "type": "MultiPolygon", "coordinates": [ [ [ [ 14.426879839000037, 50.084626868000043 ], [ 14.426904290000039, 50.084639968000033 ], [ 14.427004959000044, 50.084565397000063 ], [ 14.426981774000069, 50.084552246000044 ], [ 14.426879839000037, 50.084626868000043 ] ] ] ] } },
{ "type": "Feature", "properties": { "objectid": 68445, "zps_id": "4170", "id_poskyt": 38, "shape_area_1": 0.0, "globalid": "{95A6C023-1755-4E9F-8579-F27634E86AB0}", "shape_Length": 0.00013756885050719223, "shape_Area": 9.7152263581443564e-10 }, "geometry": { "type": "MultiPolygon", "coordinates": [ [ [ [ 14.431738971000073, 50.091154489000076 ], [ 14.431778824000048, 50.091175884000052 ], [ 14.431797309000046, 50.091161138000075 ], [ 14.431756395000036, 50.091140021000058 ], [ 14.431738971000073, 50.091154489000076 ] ] ] ] } },
{ "type": "Feature", "properties": { "objectid": 68446, "zps_id": "19651", "id_poskyt": 38, "shape_area_1": 0.0, "globalid": "{F2C95D45-A49E-41A7-BD52-9AE5A1AC969F}", "shape_Length": 0.00015850393117314176, "shape_Area": 1.1847750353105044e-09 }, "geometry": { "type": "MultiPolygon", "coordinates": [ [ [ [ 14.416109694000056, 50.09136854500008 ], [ 14.41612705600005, 50.091399617000036 ], [ 14.416148816000032, 50.091414278000059 ], [ 14.416171388000066, 50.091398524000056 ], [ 14.41614134100007, 50.091379071000063 ], [ 14.416109694000056, 50.09136854500008 ] ] ] ] } },
{ "type": "Feature", "properties": { "objectid": 68447, "zps_id": "19652", "id_poskyt": 38, "shape_area_1": 0.0, "globalid": "{B6D1C790-23E5-4438-957E-F87E2440AE90}", "shape_Length": 0.00021694003670334205, "shape_Area": 1.4851453793270407e-09 }, "geometry": { "type": "MultiPolygon", "coordinates": [ [ [ [ 14.416009054000028, 50.091406309000035 ], [ 14.416079608000075, 50.091456196000081 ], [ 14.416103819000057, 50.091441939000049 ], [ 14.416072615000076, 50.091422223000052 ], [ 14.416009054000028, 50.091406309000035 ] ] ] ] } },
{ "type": "Feature", "properties": { "objectid": 68448, "zps_id": "19670", "id_poskyt": 38, "shape_area_1": 0.0, "globalid": "{66F3490B-1E6B-4120-89A9-C94FA9036F7F}", "shape_Length": 0.00085674032060229638, "shape_Area": 1.5183662231770664e-08 }, "geometry": { "type": "MultiPolygon", "coordinates": [ [ [ [ 14.428579318000061, 50.087947677000045 ], [ 14.428617397000039, 50.087947043000042 ], [ 14.42858338800005, 50.087559031000069 ], [ 14.428543311000055, 50.087560287000031 ], [ 14.428579318000061, 50.087947677000045 ] ] ] ] } },
{ "type": "Feature", "properties": { "objectid": 68449, "zps_id": "5583", "id_poskyt": 38, "shape_area_1": 0.0, "globalid": "{4BECA28D-7B6E-4417-99AF-4EF060C7A021}", "shape_Length": 0.00018192419210296475, "shape_Area": 1.6789563366736152e-09 }, "geometry": { "type": "MultiPolygon", "coordinates": [ [ [ [ 14.450624432000041, 50.108528969000076 ], [ 14.450671026000066, 50.108568601000059 ], [ 14.450698511000041, 50.10855538900006 ], [ 14.450655161000043, 50.10851761400005 ], [ 14.450624432000041, 50.108528969000076 ] ] ] ] } },
{ "type": "Feature", "properties": { "objectid": 68450, "zps_id": "5415", "id_poskyt": 38, "shape_area_1": 0.0, "globalid": "{C03D45C7-AD5C-4991-A964-447A1DDCB472}", "shape_Length": 0.00016740287873353383, "shape_Area": 1.6601044949188357e-09 }, "geometry": { "type": "MultiPolygon", "coordinates": [ [ [ [ 14.434499841000047, 50.09914880000008 ], [ 14.434533290000047, 50.099145841000052 ], [ 14.43452209700007, 50.099096596000038 ], [ 14.434489621000068, 50.099099089000049 ], [ 14.434499841000047, 50.09914880000008 ] ] ] ] } },
{ "type": "Feature", "properties": { "objectid": 68451, "zps_id": "5619", "id_poskyt": 38, "shape_area_1": 0.0, "globalid": "{BBE31AB8-41FE-4A09-AD4B-F06EDFAE2EA7}", "shape_Length": 0.00036202867561481303, "shape_Area": 3.0176979841464742e-09 }, "geometry": { "type": "MultiPolygon", "coordinates": [ [ [ [ 14.449581787000056, 50.105131437000068 ], [ 14.449725865000062, 50.10513351700007 ], [ 14.449727237000047, 50.10511471600006 ], [ 14.449582367000062, 50.105113048000078 ], [ 14.44956430700006, 50.10511284200004 ], [ 14.449563979000061, 50.105131173000075 ], [ 14.449581787000056, 50.105131437000068 ] ] ] ] } },
{ "type": "Feature", "properties": { "objectid": 68452, "zps_id": "19731", "id_poskyt": 38, "shape_area_1": 0.0, "globalid": "{650B4957-72A5-416F-871F-1CB3D0F4E298}", "shape_Length": 0.00015565860641812744, "shape_Area": 1.3062106247104011e-09 }, "geometry": { "type": "MultiPolygon", "coordinates": [ [ [ [ 14.383486246000075, 50.115395442000079 ], [ 14.383512134000057, 50.115405428000031 ], [ 14.383545697000045, 50.115368119000038 ], [ 14.383518034000076, 50.115358774000072 ], [ 14.383486246000075, 50.115395442000079 ] ] ] ] } },
{ "type": "Feature", "properties": { "objectid": 68453, "zps_id": "19744", "id_poskyt": 38, "shape_area_1": 0.0, "globalid": "{DFC7ABCB-678A-444E-A537-9AB9FF2E1635}", "shape_Length": 0.00015888212379609786, "shape_Area": 1.4765036167852287e-09 }, "geometry": { "type": "MultiPolygon", "coordinates": [ [ [ [ 14.387026956000057, 50.116259553000077 ], [ 14.38700299900006, 50.116221375000066 ], [ 14.386969845000067, 50.116229831000055 ], [ 14.386993748000066, 50.116268267000066 ], [ 14.387026956000057, 50.116259553000077 ] ] ] ] } },
{ "type": "Feature", "properties": { "objectid": 68454, "zps_id": "19792", "id_poskyt": 38, "shape_area_1": 0.0, "globalid": "{E4AB3A21-0EE1-478D-BB2E-B0EC8996A039}", "shape_Length": 0.00020795013465837764, "shape_Area": 2.0935407043173398e-09 }, "geometry": { "type": "MultiPolygon", "coordinates": [ [ [ [ 14.327064566000047, 50.089280224000049 ], [ 14.327071076000038, 50.089253528000029 ], [ 14.326995550000049, 50.08924535400007 ], [ 14.326988472000039, 50.089272461000064 ], [ 14.327064566000047, 50.089280224000049 ] ] ] ] } },
{ "type": "Feature", "properties": { "objectid": 68455, "zps_id": "20549", "id_poskyt": 38, "shape_area_1": 0.0, "globalid": "{CB8FC08D-5D32-41B9-98FC-F3A839D863DF}", "shape_Length": 0.00014639175509052356, "shape_Area": 9.8857431007391003e-10 }, "geometry": { "type": "MultiPolygon", "coordinates": [ [ [ [ 14.433944810000071, 50.086215191000065 ], [ 14.433999701000062, 50.086219582000069 ], [ 14.434003110000049, 50.086201642000049 ], [ 14.433947970000077, 50.086197691000052 ], [ 14.433944810000071, 50.086215191000065 ] ] ] ] } },
{ "type": "Feature", "properties": { "objectid": 68456, "zps_id": "3622", "id_poskyt": 38, "shape_area_1": 0.0, "globalid": "{58719F60-1D3E-4D72-81EC-F59AFF074E05}", "shape_Length": 0.00019610039042032248, "shape_Area": 2.3297634597559744e-09 }, "geometry": { "type": "MultiPolygon", "coordinates": [ [ [ [ 14.419688199000063, 50.088797514000078 ], [ 14.41973906100003, 50.088823464000029 ], [ 14.419761179000034, 50.088789907000034 ], [ 14.419711492000033, 50.088762491000068 ], [ 14.419688199000063, 50.088797514000078 ] ] ] ] } },
{ "type": "Feature", "properties": { "objectid": 68457, "zps_id": "3619", "id_poskyt": 38, "shape_area_1": 0.0, "globalid": "{E7BADA2C-34BB-483D-AF87-2A3403A1A256}", "shape_Length": 0.00013616736726439896, "shape_Area": 1.1341334936224964e-09 }, "geometry": { "type": "MultiPolygon", "coordinates": [ [ [ [ 14.418417595000051, 50.089105855000071 ], [ 14.418447509000032, 50.089107269000067 ], [ 14.418455319000032, 50.089070769000045 ], [ 14.418424771000048, 50.089068289000068 ], [ 14.418417595000051, 50.089105855000071 ] ] ] ] } },
{ "type": "Feature", "properties": { "objectid": 68458, "zps_id": "12075", "id_poskyt": 38, "shape_area_1": 0.0, "globalid": "{207AE73F-67C5-4ED9-8F6F-2D58A280EE81}", "shape_Length": 0.00013161933208062014, "shape_Area": 1.0411122933286124e-09 }, "geometry": { "type": "MultiPolygon", "coordinates": [ [ [ [ 14.417888406000031, 50.087517568000067 ], [ 14.417916800000057, 50.087522325000066 ], [ 14.417930841000043, 50.087488280000059 ], [ 14.417902390000052, 50.087483202000044 ], [ 14.417888406000031, 50.087517568000067 ] ] ] ] } },
{ "type": "Feature", "properties": { "objectid": 68459, "zps_id": "3701", "id_poskyt": 38, "shape_area_1": 0.0, "globalid": "{4A0F533B-F103-46D8-9AD0-7D456AD0A21F}", "shape_Length": 0.00014518131977953635, "shape_Area": 1.0739329736634459e-09 }, "geometry": { "type": "MultiPolygon", "coordinates": [ [ [ [ 14.420596454000076, 50.083802176000063 ], [ 14.420636549000051, 50.083827925000037 ], [ 14.420657702000028, 50.083814551000046 ], [ 14.420617278000066, 50.083788963000075 ], [ 14.420596454000076, 50.083802176000063 ] ] ] ] } },
{ "type": "Feature", "properties": { "objectid": 68460, "zps_id": "17840", "id_poskyt": 38, "shape_area_1": 0.0, "globalid": "{4E8F89ED-D17E-460C-BF9F-AED7C0B986C0}", "shape_Length": 0.00013858441971391225, "shape_Area": 1.0008217187133639e-09 }, "geometry": { "type": "MultiPolygon", "coordinates": [ [ [ [ 14.420825900000068, 50.083836615000052 ], [ 14.42084710000006, 50.083848549000038 ], [ 14.420883287000038, 50.083822529000031 ], [ 14.420862668000041, 50.083809848000044 ], [ 14.420825900000068, 50.083836615000052 ] ] ] ] } },
{ "type": "Feature", "properties": { "objectid": 68461, "zps_id": "3414", "id_poskyt": 38, "shape_area_1": 0.0, "globalid": "{8B01AB1E-1786-43DE-A613-02D3EA3152BE}", "shape_Length": 0.00018397538694345071, "shape_Area": 1.7297887951463293e-09 }, "geometry": { "type": "MultiPolygon", "coordinates": [ [ [ [ 14.405725889000053, 50.084298650000051 ], [ 14.405751542000075, 50.084255217000077 ], [ 14.405708698000069, 50.084258924000039 ], [ 14.405684552000025, 50.084301656000036 ], [ 14.405725889000053, 50.084298650000051 ] ] ] ] } },
{ "type": "Feature", "properties": { "objectid": 68462, "zps_id": "19808", "id_poskyt": 38, "shape_area_1": 0.0, "globalid": "{ABC1EFFE-AE37-4E90-BE28-9A71F189EA64}", "shape_Length": 0.00079829051460817216, "shape_Area": 7.0921912656887464e-09 }, "geometry": { "type": "MultiPolygon", "coordinates": [ [ [ [ 14.366717148000077, 50.08814020300008 ], [ 14.367088844000023, 50.088216720000048 ], [ 14.367098026000065, 50.088199467000038 ], [ 14.366725815000052, 50.088122992000081 ], [ 14.366717148000077, 50.08814020300008 ] ] ] ] } },
{ "type": "Feature", "properties": { "objectid": 68463, "zps_id": "19917", "id_poskyt": 38, "shape_area_1": 0.0, "globalid": "{B62AB842-2785-43F3-BB12-7E15BF5E637C}", "shape_Length": 0.00030500642962639633, "shape_Area": 2.7173168257397945e-09 }, "geometry": { "type": "MultiPolygon", "coordinates": [ [ [ [ 14.369316021000031, 50.031278924000048 ], [ 14.369330747000049, 50.031262181000045 ], [ 14.369209525000031, 50.031217606000041 ], [ 14.36919345900003, 50.031234165000058 ], [ 14.369316021000031, 50.031278924000048 ] ] ] ] } },
{ "type": "Feature", "properties": { "objectid": 68464, "zps_id": "20975", "id_poskyt": 38, "shape_area_1": 0.0, "globalid": "{9BF854F5-158A-4A53-9BE6-04FAF2DBB3AE}", "shape_Length": 0.00028901159139710017, "shape_Area": 4.4295008139559261e-09 }, "geometry": { "type": "MultiPolygon", "coordinates": [ [ [ [ 14.369187017000058, 50.031343821000064 ], [ 14.36922080100004, 50.031305983000038 ], [ 14.369132273000048, 50.03127328100004 ], [ 14.369099249000044, 50.03131118400006 ], [ 14.369187017000058, 50.031343821000064 ] ] ] ] } },
{ "type": "Feature", "properties": { "objectid": 68465, "zps_id": "20009", "id_poskyt": 38, "shape_area_1": 0.0, "globalid": "{81CFE4EF-1A6F-4B3E-AE65-61086479D0EF}", "shape_Length": 0.00082375405846406725, "shape_Area": 1.8168385226258026e-08 }, "geometry": { "type": "MultiPolygon", "coordinates": [ [ [ [ 14.374282098000037, 50.03340376400007 ], [ 14.374588164000045, 50.033584735000034 ], [ 14.374634049000065, 50.033552666000048 ], [ 14.374327279000056, 50.033371117000058 ], [ 14.374282098000037, 50.03340376400007 ] ] ] ] } },
{ "type": "Feature", "properties": { "objectid": 68466, "zps_id": "20292", "id_poskyt": 38, "shape_area_1": 0.0, "globalid": "{2C3C48AC-DEB1-41BA-9018-DC6D6610C2DE}", "shape_Length": 0.00024199162402462602, "shape_Area": 3.3922923712151913e-09 }, "geometry": { "type": "MultiPolygon", "coordinates": [ [ [ [ 14.374670089000062, 50.033518299000036 ], [ 14.374713581000037, 50.033471986000052 ], [ 14.374659961000077, 50.033450991000052 ], [ 14.37461653500003, 50.033496928000034 ], [ 14.374670089000062, 50.033518299000036 ] ] ] ] } },
{ "type": "Feature", "properties": { "objectid": 68467, "zps_id": "12096", "id_poskyt": 38, "shape_area_1": 0.0, "globalid": "{0C178654-E641-435C-BD36-20EFFEF93FBE}", "shape_Length": 0.00059819806325930142, "shape_Area": 5.8467462023781967e-09 }, "geometry": { "type": "MultiPolygon", "coordinates": [ [ [ [ 14.444443441000033, 50.128208261000054 ], [ 14.44455074800004, 50.128155647000028 ], [ 14.444691974000023, 50.12809300300006 ], [ 14.444675227000062, 50.128076569000029 ], [ 14.444424837000042, 50.128191335000054 ], [ 14.444425293000052, 50.128192502000047 ], [ 14.444443441000033, 50.128208261000054 ] ] ] ] } },
{ "type": "Feature", "properties": { "objectid": 68468, "zps_id": "2609", "id_poskyt": 38, "shape_area_1": 0.0, "globalid": "{9ED35DF4-BB07-4A86-B41F-65F4453CA988}", "shape_Length": 0.00035822788242428059, "shape_Area": 4.1923242446046776e-09 }, "geometry": { "type": "MultiPolygon", "coordinates": [ [ [ [ 14.424226674000067, 50.076163874000031 ], [ 14.424255948000052, 50.076159069000028 ], [ 14.424226342000054, 50.076087126000061 ], [ 14.424199335000026, 50.076020560000075 ], [ 14.424171110000032, 50.07602401500003 ], [ 14.424200980000023, 50.076098232000049 ], [ 14.424226674000067, 50.076163874000031 ] ] ] ] } },
{ "type": "Feature", "properties": { "objectid": 68469, "zps_id": "9294", "id_poskyt": 38, "shape_area_1": 0.0, "globalid": "{625E365A-8502-4C81-9206-308C02821F4D}", "shape_Length": 0.00018274529442972943, "shape_Area": 1.3943960942558616e-09 }, "geometry": { "type": "MultiPolygon", "coordinates": [ [ [ [ 14.440412131000073, 50.090219119000039 ], [ 14.440482079000049, 50.090234421000048 ], [ 14.440482148000058, 50.090234275000057 ], [ 14.440490755000042, 50.090216109000039 ], [ 14.440490641000054, 50.090216085000066 ], [ 14.440421727000057, 50.090201261000061 ], [ 14.440412131000073, 50.090219119000039 ] ] ] ] } },
{ "type": "Feature", "properties": { "objectid": 68470, "zps_id": "9294", "id_poskyt": 38, "shape_area_1": 0.0, "globalid": "{B7085AD4-30A9-4817-BD2C-79CB916A730C}", "shape_Length": 0.000452195784094261, "shape_Area": 4.1580393906640534e-09 }, "geometry": { "type": "MultiPolygon", "coordinates": [ [ [ [ 14.44142051700004, 50.090441693000059 ], [ 14.441620822000061, 50.090485747000059 ], [ 14.441630584000052, 50.090466842000069 ], [ 14.441430165000043, 50.090423334000036 ], [ 14.44142051700004, 50.090441693000059 ] ] ] ] } },
{ "type": "Feature", "properties": { "objectid": 68471, "zps_id": "5670", "id_poskyt": 38, "shape_area_1": 0.0, "globalid": "{A835D7BE-10AA-4A63-BDF0-1AA7A722B84D}", "shape_Length": 0.00019503794469242694, "shape_Area": 2.1692090826076404e-09 }, "geometry": { "type": "MultiPolygon", "coordinates": [ [ [ [ 14.446557766000069, 50.103073743000039 ], [ 14.446616626000036, 50.103074248000041 ], [ 14.446618809000029, 50.103056217000074 ], [ 14.446625706000077, 50.103032693000046 ], [ 14.446579190000023, 50.103031936000036 ], [ 14.446557766000069, 50.103073743000039 ] ] ] ] } },
{ "type": "Feature", "properties": { "objectid": 68472, "zps_id": "15438", "id_poskyt": 38, "shape_area_1": 0.0, "globalid": "{F739F3C3-740F-4D4E-8872-C2A62BA4CC96}", "shape_Length": 0.00018539159617648931, "shape_Area": 1.6446007762095903e-09 }, "geometry": { "type": "MultiPolygon", "coordinates": [ [ [ [ 14.431349028000056, 50.076058995000039 ], [ 14.431390585000031, 50.076065540000059 ], [ 14.431428546000063, 50.07603229700004 ], [ 14.431387725000036, 50.076025136000055 ], [ 14.431349028000056, 50.076058995000039 ] ] ] ] } },
{ "type": "Feature", "properties": { "objectid": 68473, "zps_id": "15973", "id_poskyt": 38, "shape_area_1": 0.0, "globalid": "{610C12B7-B618-4411-852F-FAB904C9BCEB}", "shape_Length": 0.00048725004516540413, "shape_Area": 1.0909493124092e-08 }, "geometry": { "type": "MultiPolygon", "coordinates": [ [ [ [ 14.452805084000033, 50.063580219000073 ], [ 14.452859016000048, 50.063615784000035 ], [ 14.452919829000052, 50.063441895000039 ], [ 14.452870462000021, 50.063411834000078 ], [ 14.452805084000033, 50.063580219000073 ] ] ] ] } },
{ "type": "Feature", "properties": { "objectid": 68474, "zps_id": "5226", "id_poskyt": 38, "shape_area_1": 0.0, "globalid": "{97CB13CF-ACFA-4FDB-826F-19341369CE71}", "shape_Length": 0.00016293848069702478, "shape_Area": 1.3212016282932675e-09 }, "geometry": { "type": "MultiPolygon", "coordinates": [ [ [ [ 14.419537848000061, 50.102881872000069 ], [ 14.419578458000046, 50.102920653000069 ], [ 14.419601689000046, 50.102910149000081 ], [ 14.419561569000052, 50.102871782000079 ], [ 14.419537848000061, 50.102881872000069 ] ] ] ] } },
{ "type": "Feature", "properties": { "objectid": 68475, "zps_id": "5580", "id_poskyt": 38, "shape_area_1": 0.0, "globalid": "{57A0F54F-5927-42D2-B874-48EB78025E30}", "shape_Length": 0.00055689404940082029, "shape_Area": 9.1766696474133382e-09 }, "geometry": { "type": "MultiPolygon", "coordinates": [ [ [ [ 14.450378938000028, 50.108898208000028 ], [ 14.450577791000057, 50.108824240000047 ], [ 14.45051363500005, 50.108801371000027 ], [ 14.450316731000044, 50.108875666000074 ], [ 14.450378938000028, 50.108898208000028 ] ] ] ] } },
{ "type": "Feature", "properties": { "objectid": 68476, "zps_id": "5459", "id_poskyt": 38, "shape_area_1": 0.0, "globalid": "{2A3036D5-5185-413B-BD01-A66B8F728FE0}", "shape_Length": 0.00018869032899975928, "shape_Area": 1.9490271270158803e-09 }, "geometry": { "type": "MultiPolygon", "coordinates": [ [ [ [ 14.436334325000075, 50.101645481000048 ], [ 14.43639, 50.101675296000053 ], [ 14.436400751000065, 50.101646760000051 ], [ 14.436345629000073, 50.101615759000026 ], [ 14.436334325000075, 50.101645481000048 ] ] ] ] } },
{ "type": "Feature", "properties": { "objectid": 68477, "zps_id": "5479", "id_poskyt": 38, "shape_area_1": 0.0, "globalid": "{BB39DDA0-9DD7-4BDA-AF16-5A850B753DAD}", "shape_Length": 0.00015206384182944109, "shape_Area": 1.0824865878508145e-09 }, "geometry": { "type": "MultiPolygon", "coordinates": [ [ [ [ 14.434210346000043, 50.104598532000068 ], [ 14.434214394000037, 50.104579586000057 ], [ 14.434157636000066, 50.104575385000032 ], [ 14.434153802000026, 50.104594051000049 ], [ 14.434210346000043, 50.104598532000068 ] ] ] ] } },
{ "type": "Feature", "properties": { "objectid": 68478, "zps_id": "5590", "id_poskyt": 38, "shape_area_1": 0.0, "globalid": "{9D8496F9-648E-45F2-956E-6AB7C773E302}", "shape_Length": 0.00016870216875668697, "shape_Area": 1.639002170827625e-09 }, "geometry": { "type": "MultiPolygon", "coordinates": [ [ [ [ 14.454483922000065, 50.10748101400003 ], [ 14.454520492000029, 50.107520687000033 ], [ 14.454540640000062, 50.107497408000029 ], [ 14.45450446600006, 50.107458260000044 ], [ 14.454483922000065, 50.10748101400003 ] ] ] ] } },
{ "type": "Feature", "properties": { "objectid": 68479, "zps_id": "5501", "id_poskyt": 38, "shape_area_1": 0.0, "globalid": "{7DE30750-2C18-4591-B0DE-BAFE94E82234}", "shape_Length": 0.00026744895171426164, "shape_Area": 3.0087599593616694e-09 }, "geometry": { "type": "MultiPolygon", "coordinates": [ [ [ [ 14.433485525000037, 50.097635141000069 ], [ 14.433534807000058, 50.097603378000031 ], [ 14.433466854000073, 50.097588747000032 ], [ 14.433411178000028, 50.097618475000047 ], [ 14.433485525000037, 50.097635141000069 ] ] ] ] } },
{ "type": "Feature", "properties": { "objectid": 68480, "zps_id": "5349", "id_poskyt": 38, "shape_area_1": 0.0, "globalid": "{E956B56B-E409-4328-B66D-7290F45B463C}", "shape_Length": 0.00018121244734429709, "shape_Area": 1.6077720418952421e-09 }, "geometry": { "type": "MultiPolygon", "coordinates": [ [ [ [ 14.430752842000061, 50.096984855000073 ], [ 14.430748424000058, 50.097009031000027 ], [ 14.430807708000032, 50.097037219000072 ], [ 14.430811618000064, 50.097010736000072 ], [ 14.430752842000061, 50.096984855000073 ] ] ] ] } },
{ "type": "Feature", "properties": { "objectid": 68481, "zps_id": "15463", "id_poskyt": 38, "shape_area_1": 0.0, "globalid": "{0997870A-C5D4-4B01-8297-9738F58E65F9}", "shape_Length": 0.00089528970449494726, "shape_Area": 2.254308336703395e-08 }, "geometry": { "type": "MultiPolygon", "coordinates": [ [ [ [ 14.442329996000069, 50.108652767000081 ], [ 14.442424591000076, 50.10873431400006 ], [ 14.442513543000075, 50.108800372000076 ], [ 14.44264415300006, 50.108881188000055 ], [ 14.442693942000062, 50.108845290000033 ], [ 14.442565733000038, 50.108765793000032 ], [ 14.44247981500007, 50.108702308000034 ], [ 14.442391007000026, 50.108623006000073 ], [ 14.442329996000069, 50.108652767000081 ] ] ] ] } },
{ "type": "Feature", "properties": { "objectid": 68482, "zps_id": "15462", "id_poskyt": 38, "shape_area_1": 0.0, "globalid": "{866D1B1E-EE0B-4074-83C5-28D1FEC8CB0C}", "shape_Length": 0.00027406074444854633, "shape_Area": 4.6847090134023659e-09 }, "geometry": { "type": "MultiPolygon", "coordinates": [ [ [ [ 14.442414199000041, 50.108898108000062 ], [ 14.442484519000061, 50.108894798000051 ], [ 14.442477272000076, 50.108828215000074 ], [ 14.442407853000077, 50.108831205000058 ], [ 14.442414199000041, 50.108898108000062 ] ] ] ] } },
{ "type": "Feature", "properties": { "objectid": 68483, "zps_id": "5200", "id_poskyt": 38, "shape_area_1": 0.0, "globalid": "{D35C5B3C-394A-4AFE-A8D5-26C393A2D4A2}", "shape_Length": 0.00026058205719991612, "shape_Area": 3.5456501744837774e-09 }, "geometry": { "type": "MultiPolygon", "coordinates": [ [ [ [ 14.473580951000031, 50.082941088000041 ], [ 14.47367132100004, 50.082952387000034 ], [ 14.473682281000038, 50.082912996000061 ], [ 14.473592960000076, 50.082904129000042 ], [ 14.473580951000031, 50.082941088000041 ] ] ] ] } },
{ "type": "Feature", "properties": { "objectid": 68484, "zps_id": "20429", "id_poskyt": 38, "shape_area_1": 0.0, "globalid": "{3C5B2ED8-8B3A-4274-879E-6D813370CEF1}", "shape_Length": 0.00020018165825813849, "shape_Area": 2.2969946843085465e-09 }, "geometry": { "type": "MultiPolygon", "coordinates": [ [ [ [ 14.425117815000021, 50.092280540000047 ], [ 14.425159360000066, 50.092305626000041 ], [ 14.425201317000074, 50.092275269000027 ], [ 14.425158829000054, 50.092250643000057 ], [ 14.425117815000021, 50.092280540000047 ] ] ] ] } },
{ "type": "Feature", "properties": { "objectid": 68485, "zps_id": "20433", "id_poskyt": 38, "shape_area_1": 0.0, "globalid": "{719383E0-7733-44C7-B87D-C927860B6DA7}", "shape_Length": 0.00059420077997159862, "shape_Area": 1.5291095625889531e-08 }, "geometry": { "type": "MultiPolygon", "coordinates": [ [ [ [ 14.420996099000035, 50.076513409000029 ], [ 14.421021371000052, 50.076601252000046 ], [ 14.421088820000023, 50.07659277700003 ], [ 14.421065573000021, 50.076509560000034 ], [ 14.42103068800003, 50.076386678000063 ], [ 14.420955984000045, 50.076374145000045 ], [ 14.420996099000035, 50.076513409000029 ] ] ] ] } },
{ "type": "Feature", "properties": { "objectid": 68486, "zps_id": "8720", "id_poskyt": 38, "shape_area_1": 0.0, "globalid": "{7208D371-1920-477D-99F2-406AFAC95E4E}", "shape_Length": 0.00033269386382939648, "shape_Area": 2.8808205580693596e-09 }, "geometry": { "type": "MultiPolygon", "coordinates": [ [ [ [ 14.359723474000077, 50.095459900000037 ], [ 14.359713188000057, 50.095478326000034 ], [ 14.359854812000037, 50.095512025000062 ], [ 14.359865144000025, 50.095494765000069 ], [ 14.359723474000077, 50.095459900000037 ] ] ] ] } },
{ "type": "Feature", "properties": { "objectid": 68487, "zps_id": "8369", "id_poskyt": 38, "shape_area_1": 0.0, "globalid": "{649F245C-7F7F-4186-AF90-99F1EB6A59F6}", "shape_Length": 0.00033524653392665574, "shape_Area": 2.8717561535204849e-09 }, "geometry": { "type": "MultiPolygon", "coordinates": [ [ [ [ 14.358073231000049, 50.095063063000055 ], [ 14.358063350000066, 50.09508085300007 ], [ 14.358206559000052, 50.095115104000058 ], [ 14.358216595000044, 50.09509759000008 ], [ 14.358073231000049, 50.095063063000055 ] ] ] ] } },
{ "type": "Feature", "properties": { "objectid": 68488, "zps_id": "5117", "id_poskyt": 38, "shape_area_1": 0.0, "globalid": "{D4E8BBAB-501A-4F08-B79D-C2C23AFA74A5}", "shape_Length": 0.00026510093573438369, "shape_Area": 3.9437901533423256e-09 }, "geometry": { "type": "MultiPolygon", "coordinates": [ [ [ [ 14.492566107000073, 50.089305215000081 ], [ 14.492588297000054, 50.089303273000041 ], [ 14.492651460000047, 50.089300086000037 ], [ 14.49264745000005, 50.089255668000078 ], [ 14.49255985700006, 50.089258277000056 ], [ 14.492566107000073, 50.089305215000081 ] ] ] ] } },
{ "type": "Feature", "properties": { "objectid": 68489, "zps_id": "15772", "id_poskyt": 38, "shape_area_1": 0.0, "globalid": "{C6EF46F4-F41D-4FF5-97B3-5D96147D319F}", "shape_Length": 0.00026894095928487556, "shape_Area": 3.2821614345520061e-09 }, "geometry": { "type": "MultiPolygon", "coordinates": [ [ [ [ 14.434939256000064, 50.049283935000062 ], [ 14.43497142700005, 50.049285221000048 ], [ 14.434977638000078, 50.049216296000054 ], [ 14.434979064000061, 50.049182805000044 ], [ 14.434946883000066, 50.049182417000054 ], [ 14.43494559800007, 50.049215249000042 ], [ 14.434939256000064, 50.049283935000062 ] ] ] ] } },
{ "type": "Feature", "properties": { "objectid": 68490, "zps_id": "20472", "id_poskyt": 38, "shape_area_1": 0.0, "globalid": "{E696104A-15F4-49B3-BE94-81030F698F67}", "shape_Length": 0.0002389911031004104, "shape_Area": 2.1325214268890551e-09 }, "geometry": { "type": "MultiPolygon", "coordinates": [ [ [ [ 14.428022051000028, 50.086965328000076 ], [ 14.428054092000025, 50.086983973000031 ], [ 14.428075728000067, 50.086994872000048 ], [ 14.428108277000035, 50.087010214000031 ], [ 14.428125917000045, 50.086993949000032 ], [ 14.428086040000039, 50.086974875000067 ], [ 14.428042158000039, 50.086952096000061 ], [ 14.428022051000028, 50.086965328000076 ] ] ] ] } },
{ "type": "Feature", "properties": { "objectid": 68491, "zps_id": "20470", "id_poskyt": 38, "shape_area_1": 0.0, "globalid": "{1CC157F0-47DE-4627-AF39-7D6B4305D5FB}", "shape_Length": 0.00060535605580689246, "shape_Area": 8.8723777922464734e-09 }, "geometry": { "type": "MultiPolygon", "coordinates": [ [ [ [ 14.428144273000044, 50.087026005000041 ], [ 14.428225189000045, 50.087055809000049 ], [ 14.428281932000061, 50.087074905000065 ], [ 14.428398685000047, 50.087061783000081 ], [ 14.428329863000044, 50.087043624000046 ], [ 14.428261745000043, 50.08702218600007 ], [ 14.428201563000073, 50.086999709000054 ], [ 14.42819576900007, 50.086997316000065 ], [ 14.428148156000077, 50.087003415000027 ], [ 14.428131958000051, 50.087005022000028 ], [ 14.428107798000042, 50.087010616000043 ], [ 14.428144273000044, 50.087026005000041 ] ] ] ] } },
{ "type": "Feature", "properties": { "objectid": 68492, "zps_id": "20474", "id_poskyt": 38, "shape_area_1": 0.0, "globalid": "{38E46968-4868-41E6-9019-D00FC8CA62A4}", "shape_Length": 0.0001945255175764917, "shape_Area": 1.9648141779809063e-09 }, "geometry": { "type": "MultiPolygon", "coordinates": [ [ [ [ 14.432801721000033, 50.08410815600007 ], [ 14.432834176000028, 50.084158075000062 ], [ 14.432874698000035, 50.08414678400004 ], [ 14.432827098000075, 50.084100481000064 ], [ 14.432801721000033, 50.08410815600007 ] ] ] ] } },
{ "type": "Feature", "properties": { "objectid": 68493, "zps_id": "3930", "id_poskyt": 38, "shape_area_1": 0.0, "globalid": "{0A49AC8C-D527-47AD-AA88-F2B24B83AC21}", "shape_Length": 0.00040388027770632128, "shape_Area": 7.9648989439019688e-09 }, "geometry": { "type": "MultiPolygon", "coordinates": [ [ [ [ 14.433059081000067, 50.08417787500008 ], [ 14.43311673200003, 50.084158179000042 ], [ 14.433021917000076, 50.084043500000064 ], [ 14.432976304000022, 50.084057607000034 ], [ 14.43301746700007, 50.084127047000038 ], [ 14.433059081000067, 50.08417787500008 ] ] ] ] } },
{ "type": "Feature", "properties": { "objectid": 68494, "zps_id": "3929", "id_poskyt": 38, "shape_area_1": 0.0, "globalid": "{C58978B3-CD3B-4A78-8BA7-7E0520D2257C}", "shape_Length": 0.00016698456377640605, "shape_Area": 1.6074615597102317e-09 }, "geometry": { "type": "MultiPolygon", "coordinates": [ [ [ [ 14.432912865000048, 50.083970170000043 ], [ 14.432941134000032, 50.084005279000053 ], [ 14.432977971000071, 50.083993680000049 ], [ 14.432948990000057, 50.083958736000056 ], [ 14.432912865000048, 50.083970170000043 ] ] ] ] } },
{ "type": "Feature", "properties": { "objectid": 68495, "zps_id": "20478", "id_poskyt": 38, "shape_area_1": 0.0, "globalid": "{87FE334E-B95C-4FB0-AD54-40581B39ABF2}", "shape_Length": 0.00049631429801162653, "shape_Area": 4.6442374490432437e-09 }, "geometry": { "type": "MultiPolygon", "coordinates": [ [ [ [ 14.433369888000072, 50.087299074000043 ], [ 14.433597654000039, 50.087300074000041 ], [ 14.433598967000023, 50.087279924000029 ], [ 14.433371290000025, 50.087278450000042 ], [ 14.433369888000072, 50.087299074000043 ] ] ] ] } },
{ "type": "Feature", "properties": { "objectid": 68496, "zps_id": "20548", "id_poskyt": 38, "shape_area_1": 0.0, "globalid": "{919DFC35-E14B-4ED6-BF82-4EF94F651792}", "shape_Length": 0.00032466026801251452, "shape_Area": 4.7989897320132228e-09 }, "geometry": { "type": "MultiPolygon", "coordinates": [ [ [ [ 14.430277513000021, 50.081673938000051 ], [ 14.430361162000054, 50.081724974000053 ], [ 14.43042235300004, 50.081706129000054 ], [ 14.430386721000048, 50.081682854000064 ], [ 14.430340892000061, 50.08165462200003 ], [ 14.430277513000021, 50.081673938000051 ] ] ] ] } },
{ "type": "Feature", "properties": { "objectid": 68497, "zps_id": "20481", "id_poskyt": 38, "shape_area_1": 0.0, "globalid": "{CF3BF1FC-340F-4918-A75A-2B8A8BBA5445}", "shape_Length": 0.00019247078506613716, "shape_Area": 2.1047180588006371e-09 }, "geometry": { "type": "MultiPolygon", "coordinates": [ [ [ [ 14.428918828000064, 50.080814214000043 ], [ 14.428974136000022, 50.080792208000048 ], [ 14.428926448000027, 50.080761197000072 ], [ 14.42889617700007, 50.080782197000076 ], [ 14.428918828000064, 50.080814214000043 ] ] ] ] } },
{ "type": "Feature", "properties": { "objectid": 68498, "zps_id": "15785", "id_poskyt": 38, "shape_area_1": 0.0, "globalid": "{DD8216BA-BE0D-42AB-B44B-F71B0C16E556}", "shape_Length": 0.00021594549856570545, "shape_Area": 1.7979667396498117e-09 }, "geometry": { "type": "MultiPolygon", "coordinates": [ [ [ [ 14.449877945000026, 50.073362139000039 ], [ 14.449965034000058, 50.073361679000072 ], [ 14.449965663000057, 50.07334166000004 ], [ 14.449877966000031, 50.073341012000071 ], [ 14.449877945000026, 50.073362139000039 ] ] ] ] } },
{ "type": "Feature", "properties": { "objectid": 68499, "zps_id": "15785", "id_poskyt": 38, "shape_area_1": 0.0, "globalid": "{A8486481-80DC-46EF-981F-9E20B99B1877}", "shape_Length": 0.00071986505888282698, "shape_Area": 6.7337607675565106e-09 }, "geometry": { "type": "MultiPolygon", "coordinates": [ [ [ [ 14.450070412000059, 50.073362283000051 ], [ 14.450119113000028, 50.073362562000057 ], [ 14.450174167000057, 50.07336288700003 ], [ 14.450233510000032, 50.073363254000071 ], [ 14.450315249000028, 50.073363756000049 ], [ 14.450410052000052, 50.073364342000048 ], [ 14.450410819000069, 50.073344607000081 ], [ 14.450384757000052, 50.073344429000031 ], [ 14.450338654000063, 50.073344124000073 ], [ 14.450305674000049, 50.073343908000027 ], [ 14.450234053000031, 50.073343454000053 ], [ 14.450158829000031, 50.073343019000049 ], [ 14.450070290000042, 50.073342351000065 ], [ 14.450070412000059, 50.073362283000051 ] ] ] ] } },
{ "type": "Feature", "properties": { "objectid": 68500, "zps_id": "2598", "id_poskyt": 38, "shape_area_1": 0.0, "globalid": "{B3C70687-9DE4-4801-BAB8-BB9C9BFE9B23}", "shape_Length": 0.00027505974067374317, "shape_Area": 2.764150003558769e-09 }, "geometry": { "type": "MultiPolygon", "coordinates": [ [ [ [ 14.422480262000022, 50.062691978000032 ], [ 14.422504889000038, 50.062703209000063 ], [ 14.422586297000066, 50.062628799000038 ], [ 14.422561639000037, 50.062617259000035 ], [ 14.422480262000022, 50.062691978000032 ] ] ] ] } },
{ "type": "Feature", "properties": { "objectid": 68501, "zps_id": "2598", "id_poskyt": 38, "shape_area_1": 0.0, "globalid": "{5A83370D-0B7A-4714-9C02-F02EAA1622EB}", "shape_Length": 0.00019851273327948566, "shape_Area": 1.7913787874715949e-09 }, "geometry": { "type": "MultiPolygon", "coordinates": [ [ [ [ 14.422589205000065, 50.062592244000029 ], [ 14.422614008000039, 50.062603699000078 ], [ 14.422666737000043, 50.062554495000029 ], [ 14.422643477000065, 50.062543141000049 ], [ 14.422589205000065, 50.062592244000029 ] ] ] ] } },
{ "type": "Feature", "properties": { "objectid": 68502, "zps_id": "3683", "id_poskyt": 38, "shape_area_1": 0.0, "globalid": "{6075D119-8912-4458-9275-F99A0413660E}", "shape_Length": 0.00034016757966945474, "shape_Area": 2.7501156392297679e-09 }, "geometry": { "type": "MultiPolygon", "coordinates": [ [ [ [ 14.419022034000022, 50.087118807000081 ], [ 14.419029055000067, 50.087101749000055 ], [ 14.418879895000032, 50.087075452000079 ], [ 14.418872759000067, 50.087092772000062 ], [ 14.419022034000022, 50.087118807000081 ] ] ] ] } },
{ "type": "Feature", "properties": { "objectid": 68503, "zps_id": "20863", "id_poskyt": 38, "shape_area_1": 0.0, "globalid": "{FE80D82E-E082-4D5E-B08D-45A7993ED23B}", "shape_Length": 0.00039515667469429931, "shape_Area": 6.0724959491716041e-09 }, "geometry": { "type": "MultiPolygon", "coordinates": [ [ [ [ 14.447350459000063, 50.111783729000081 ], [ 14.447505209000042, 50.111849889000041 ], [ 14.447494731000063, 50.111812689000033 ], [ 14.447480144000053, 50.111760825000033 ], [ 14.447431517000041, 50.111763919000055 ], [ 14.447420211000065, 50.111773967000033 ], [ 14.447395474000075, 50.111778591000075 ], [ 14.447364352000022, 50.111782577000042 ], [ 14.447350459000063, 50.111783729000081 ] ] ] ] } },
{ "type": "Feature", "properties": { "objectid": 68504, "zps_id": "3673", "id_poskyt": 38, "shape_area_1": 0.0, "globalid": "{359960CA-204B-4E34-B371-C4BB9301C95D}", "shape_Length": 0.00032750862592286357, "shape_Area": 5.0361255167999595e-09 }, "geometry": { "type": "MultiPolygon", "coordinates": [ [ [ [ 14.418924919000062, 50.087598945000082 ], [ 14.419044952000036, 50.087620102000074 ], [ 14.419059773000072, 50.087579430000062 ], [ 14.418940663000058, 50.087560632000077 ], [ 14.418940239000051, 50.087560566000036 ], [ 14.418924919000062, 50.087598945000082 ] ] ] ] } },
{ "type": "Feature", "properties": { "objectid": 68505, "zps_id": "3602", "id_poskyt": 38, "shape_area_1": 0.0, "globalid": "{3F426CF9-F05A-4B83-9420-A8DBF9BF6B5D}", "shape_Length": 0.00029673603285409772, "shape_Area": 3.6561167590658004e-09 }, "geometry": { "type": "MultiPolygon", "coordinates": [ [ [ [ 14.420359251000036, 50.087997099000063 ], [ 14.420401921000064, 50.087996058000044 ], [ 14.420426224000039, 50.087961381000071 ], [ 14.420460666000054, 50.08791128200005 ], [ 14.420427494000023, 50.087902545000077 ], [ 14.420359251000036, 50.087997099000063 ] ] ] ] } },
{ "type": "Feature", "properties": { "objectid": 68506, "zps_id": "9134", "id_poskyt": 38, "shape_area_1": 0.0, "globalid": "{1F0D227F-FAA1-4460-B70B-570FA46D7372}", "shape_Length": 0.00018475827694996303, "shape_Area": 1.4797657376366182e-09 }, "geometry": { "type": "MultiPolygon", "coordinates": [ [ [ [ 14.47387601500003, 50.10890962700006 ], [ 14.473904761000028, 50.108902593000039 ], [ 14.473903552000024, 50.108900845000051 ], [ 14.47390275500004, 50.108879928000079 ], [ 14.47390094900004, 50.108832671000073 ], [ 14.473873559000026, 50.108877085000074 ], [ 14.473874942000066, 50.108895448000055 ], [ 14.47387601500003, 50.10890962700006 ] ] ] ] } },
{ "type": "Feature", "properties": { "objectid": 68507, "zps_id": "17828", "id_poskyt": 38, "shape_area_1": 0.0, "globalid": "{E064304C-53FB-450A-94F7-0904D97C873F}", "shape_Length": 0.00032304771932162378, "shape_Area": 5.2794447815625875e-09 }, "geometry": { "type": "MultiPolygon", "coordinates": [ [ [ [ 14.473003842000026, 50.105338347000043 ], [ 14.473005243000046, 50.105330840000079 ], [ 14.473010655000053, 50.105309327000043 ], [ 14.473014005000039, 50.105295909000063 ], [ 14.473017855000023, 50.105282265000028 ], [ 14.473023994000073, 50.105273576000059 ], [ 14.473027161000061, 50.105269171000032 ], [ 14.473030601000062, 50.105264483000042 ], [ 14.473036750000063, 50.105260242000043 ], [ 14.473047411000039, 50.105229056000042 ], [ 14.473006834000046, 50.105237725000052 ], [ 14.472989197000061, 50.105246345000069 ], [ 14.472976584000037, 50.105256070000053 ], [ 14.472959594000031, 50.10527636300003 ], [ 14.472951807000072, 50.105288890000054 ], [ 14.472947217000069, 50.105298786000048 ], [ 14.472945913000046, 50.105302265000034 ], [ 14.473002756000028, 50.105339868000044 ], [ 14.473003842000026, 50.105338347000043 ] ] ] ] } },
{ "type": "Feature", "properties": { "objectid": 68508, "zps_id": "10136", "id_poskyt": 38, "shape_area_1": 0.0, "globalid": "{17054840-FFCC-46D9-A783-59E1FDBE817B}", "shape_Length": 0.00019740373104006704, "shape_Area": 1.7314269369561454e-09 }, "geometry": { "type": "MultiPolygon", "coordinates": [ [ [ [ 14.474201641000036, 50.102898147000076 ], [ 14.474225927000077, 50.102907463000065 ], [ 14.474275341000066, 50.102853889000073 ], [ 14.474252293000063, 50.102844644000072 ], [ 14.474201641000036, 50.102898147000076 ] ] ] ] } },
{ "type": "Feature", "properties": { "objectid": 68509, "zps_id": "15538", "id_poskyt": 38, "shape_area_1": 0.0, "globalid": "{99DA9344-E5C9-4C45-BCB3-2830ED4883C3}", "shape_Length": 0.0001575832816911317, "shape_Area": 1.3609140565212904e-09 }, "geometry": { "type": "MultiPolygon", "coordinates": [ [ [ [ 14.47428271800004, 50.102928481000049 ], [ 14.47431049000005, 50.102939529000082 ], [ 14.474343438000062, 50.102902991000065 ], [ 14.474315931000035, 50.102892419000057 ], [ 14.47428271800004, 50.102928481000049 ] ] ] ] } },
{ "type": "Feature", "properties": { "objectid": 68510, "zps_id": "10074", "id_poskyt": 38, "shape_area_1": 0.0, "globalid": "{0225B4D2-DABE-4176-BA33-2428F977C5D9}", "shape_Length": 0.00015181562964187507, "shape_Area": 1.3600026451251917e-09 }, "geometry": { "type": "MultiPolygon", "coordinates": [ [ [ [ 14.475222862000066, 50.10671904600008 ], [ 14.475267939000048, 50.106729285000029 ], [ 14.475266777000058, 50.106693900000039 ], [ 14.475222, 50.106693652000047 ], [ 14.475222862000066, 50.10671904600008 ] ] ] ] } },
{ "type": "Feature", "properties": { "objectid": 68511, "zps_id": "20913", "id_poskyt": 38, "shape_area_1": 0.0, "globalid": "{E99AFEAA-2067-4EE8-8361-5E0955737A5E}", "shape_Length": 0.00047940108210341176, "shape_Area": 5.0956799032888555e-09 }, "geometry": { "type": "MultiPolygon", "coordinates": [ [ [ [ 14.367307740000058, 50.068539942000029 ], [ 14.367320114000051, 50.068525732000069 ], [ 14.367266532000031, 50.068502743000067 ], [ 14.367221661000031, 50.068482599000049 ], [ 14.367183583000042, 50.06846824400003 ], [ 14.367126013000075, 50.06845028400005 ], [ 14.367120459000034, 50.068461171000081 ], [ 14.367111349000027, 50.068466159000081 ], [ 14.367103606000057, 50.068467739000027 ], [ 14.367189135000046, 50.068496269000036 ], [ 14.367261337000059, 50.068526915000064 ], [ 14.367302998000071, 50.068545529000062 ], [ 14.367307740000058, 50.068539942000029 ] ] ] ] } },
{ "type": "Feature", "properties": { "objectid": 68512, "zps_id": "4946", "id_poskyt": 38, "shape_area_1": 0.0, "globalid": "{1F07CE43-492A-4BA0-935B-76B79A66B761}", "shape_Length": 0.00021690556808003886, "shape_Area": 2.0345291911595504e-09 }, "geometry": { "type": "MultiPolygon", "coordinates": [ [ [ [ 14.46976806300006, 50.084356760000048 ], [ 14.469776244000059, 50.084333369000035 ], [ 14.469693253000059, 50.084320392000052 ], [ 14.469685484000024, 50.084343639000053 ], [ 14.46976806300006, 50.084356760000048 ] ] ] ] } },
{ "type": "Feature", "properties": { "objectid": 68513, "zps_id": "8761", "id_poskyt": 38, "shape_area_1": 0.0, "globalid": "{485F541A-9234-4608-AF53-3FC8C3DF9E73}", "shape_Length": 0.00021681809786530895, "shape_Area": 2.3109680472107761e-09 }, "geometry": { "type": "MultiPolygon", "coordinates": [ [ [ [ 14.403449341000055, 50.10337277900004 ], [ 14.403490180000063, 50.10340444600007 ], [ 14.403544668000052, 50.103372954000065 ], [ 14.403476599000044, 50.103355936000071 ], [ 14.403449341000055, 50.10337277900004 ] ] ] ] } },
{ "type": "Feature", "properties": { "objectid": 68514, "zps_id": "3648", "id_poskyt": 38, "shape_area_1": 0.0, "globalid": "{6DD5CCF3-5C3A-42D9-B1B2-ACF06C2D80EF}", "shape_Length": 0.00016050876877353974, "shape_Area": 1.3375110724616499e-09 }, "geometry": { "type": "MultiPolygon", "coordinates": [ [ [ [ 14.417082179000033, 50.090961048000054 ], [ 14.417103882000049, 50.090978481000036 ], [ 14.417150251000066, 50.090954226000065 ], [ 14.417128938000076, 50.090936673000044 ], [ 14.417082179000033, 50.090961048000054 ] ] ] ] } },
{ "type": "Feature", "properties": { "objectid": 68515, "zps_id": "20959", "id_poskyt": 38, "shape_area_1": 0.0, "globalid": "{6CE2E382-E73D-454D-A531-E04C87A1487F}", "shape_Length": 0.00060451172083497218, "shape_Area": 6.6477267614663048e-09 }, "geometry": { "type": "MultiPolygon", "coordinates": [ [ [ [ 14.385681882000029, 50.10158085900008 ], [ 14.385706357000061, 50.101578005000079 ], [ 14.385688732000062, 50.101517142000034 ], [ 14.385680735000051, 50.101489257000026 ], [ 14.385676009000065, 50.101468742000066 ], [ 14.385640500000022, 50.101308719000031 ], [ 14.385615818000076, 50.101311156000065 ], [ 14.385640860000024, 50.10142436700005 ], [ 14.385652393000044, 50.101469431000055 ], [ 14.385674714000061, 50.101554363000048 ], [ 14.385681882000029, 50.10158085900008 ] ] ] ] } },
{ "type": "Feature", "properties": { "objectid": 68516, "zps_id": "10320", "id_poskyt": 38, "shape_area_1": 0.0, "globalid": "{54A10E66-C22C-4044-90B3-63AAA0C53F83}", "shape_Length": 0.00015258578420198612, "shape_Area": 1.2760612955624352e-09 }, "geometry": { "type": "MultiPolygon", "coordinates": [ [ [ [ 14.45598, 50.09464031400006 ], [ 14.455954018000057, 50.094634473000042 ], [ 14.455930505000026, 50.094678056000078 ], [ 14.455956489000073, 50.09468415200007 ], [ 14.45598, 50.09464031400006 ] ] ] ] } },
{ "type": "Feature", "properties": { "objectid": 68517, "zps_id": "9860", "id_poskyt": 38, "shape_area_1": 0.0, "globalid": "{50CD7FF1-B68B-4A17-BC01-2DC42BBC115C}", "shape_Length": 0.00025449895541055056, "shape_Area": 3.4873163341056381e-09 }, "geometry": { "type": "MultiPolygon", "coordinates": [ [ [ [ 14.456322005000061, 50.094005856000081 ], [ 14.456254426000044, 50.09400846300008 ], [ 14.456226376000075, 50.094060902000081 ], [ 14.456294095000032, 50.094058563000033 ], [ 14.456322005000061, 50.094005856000081 ] ] ] ] } },
{ "type": "Feature", "properties": { "objectid": 68518, "zps_id": "9218", "id_poskyt": 38, "shape_area_1": 0.0, "globalid": "{7C1DDF25-5B7E-4B0A-80A2-86BF9403ED64}", "shape_Length": 0.00024529991570626075, "shape_Area": 3.2252093511447539e-09 }, "geometry": { "type": "MultiPolygon", "coordinates": [ [ [ [ 14.456807032000029, 50.094543219000059 ], [ 14.456803679000075, 50.094501378000075 ], [ 14.45672505400006, 50.094483052000044 ], [ 14.456728582000039, 50.094524946000035 ], [ 14.456807032000029, 50.094543219000059 ] ] ] ] } },
{ "type": "Feature", "properties": { "objectid": 68519, "zps_id": "2939", "id_poskyt": 38, "shape_area_1": 0.0, "globalid": "{5013CD11-C5ED-4988-AACE-A463D9789E7B}", "shape_Length": 0.00029161245621025475, "shape_Area": 3.149584297919706e-09 }, "geometry": { "type": "MultiPolygon", "coordinates": [ [ [ [ 14.437839664000023, 50.078370423000081 ], [ 14.437905620000038, 50.078393825000035 ], [ 14.437978182000052, 50.078370300000074 ], [ 14.437908490000041, 50.078348347000031 ], [ 14.437839664000023, 50.078370423000081 ] ] ] ] } },
{ "type": "Feature", "properties": { "objectid": 68520, "zps_id": "20978", "id_poskyt": 38, "shape_area_1": 0.0, "globalid": "{170960DE-2133-4041-B588-7C332C2087F6}", "shape_Length": 0.00022836444646918451, "shape_Area": 1.9551164415778231e-09 }, "geometry": { "type": "MultiPolygon", "coordinates": [ [ [ [ 14.40409317600006, 50.097895255000026 ], [ 14.404186125000024, 50.097901537000041 ], [ 14.404189461000044, 50.097880513000064 ], [ 14.404096652000021, 50.097874625000031 ], [ 14.40409317600006, 50.097895255000026 ] ] ] ] } },
{ "type": "Feature", "properties": { "objectid": 68521, "zps_id": "20984", "id_poskyt": 38, "shape_area_1": 0.0, "globalid": "{2E730FBD-7862-44C2-8991-0FBF5149C22E}", "shape_Length": 0.0003290334684970162, "shape_Area": 4.102018069885087e-09 }, "geometry": { "type": "MultiPolygon", "coordinates": [ [ [ [ 14.440506625000069, 50.062727228000028 ], [ 14.440545535000069, 50.062687846000074 ], [ 14.44054568100006, 50.062687698000047 ], [ 14.440463965000049, 50.06268156200008 ], [ 14.440394158000061, 50.062717810000038 ], [ 14.440506625000069, 50.062727228000028 ] ] ] ] } },
{ "type": "Feature", "properties": { "objectid": 68522, "zps_id": "12587", "id_poskyt": 38, "shape_area_1": 0.0, "globalid": "{6DC674A9-1CE1-426E-9566-F28A2C2EB358}", "shape_Length": 0.00034674251409255117, "shape_Area": 3.1268236310785054e-09 }, "geometry": { "type": "MultiPolygon", "coordinates": [ [ [ [ 14.504398367000022, 50.109015083000031 ], [ 14.504414299000075, 50.108998722000081 ], [ 14.50433780000003, 50.108969031000072 ], [ 14.504272952000065, 50.108944283000028 ], [ 14.504272277000041, 50.108944343000076 ], [ 14.504258238000034, 50.108960424000031 ], [ 14.504329387000041, 50.108987930000069 ], [ 14.504398367000022, 50.109015083000031 ] ] ] ] } },
{ "type": "Feature", "properties": { "objectid": 68523, "zps_id": "12559", "id_poskyt": 38, "shape_area_1": 0.0, "globalid": "{DB6DA9BB-1F20-4D60-8127-0D22315F22D4}", "shape_Length": 0.00031645404549987522, "shape_Area": 2.9338041872620775e-09 }, "geometry": { "type": "MultiPolygon", "coordinates": [ [ [ [ 14.503715705000047, 50.109539068000061 ], [ 14.503813168000022, 50.109578757000065 ], [ 14.503840526000033, 50.109590143000048 ], [ 14.503856962000043, 50.109573727000054 ], [ 14.503829496000037, 50.109562259000029 ], [ 14.503776229000039, 50.109540053000046 ], [ 14.503746875000047, 50.109527838000076 ], [ 14.503732401000036, 50.109522367000068 ], [ 14.503715705000047, 50.109539068000061 ] ] ] ] } },
{ "type": "Feature", "properties": { "objectid": 68524, "zps_id": "13155", "id_poskyt": 38, "shape_area_1": 0.0, "globalid": "{EE80F26C-8DB3-4FCE-ACB5-7FCD88E9171B}", "shape_Length": 0.00022778656376183794, "shape_Area": 2.5923793118815779e-09 }, "geometry": { "type": "MultiPolygon", "coordinates": [ [ [ [ 14.365000766000037, 50.087517672000047 ], [ 14.36505850900005, 50.08753992100003 ], [ 14.36509718800005, 50.087495331000071 ], [ 14.365019931000063, 50.087495088000026 ], [ 14.365000766000037, 50.087517672000047 ] ] ] ] } },
{ "type": "Feature", "properties": { "objectid": 68525, "zps_id": "20999", "id_poskyt": 38, "shape_area_1": 0.0, "globalid": "{A0907860-E88E-484D-B105-FFEFD9C21068}", "shape_Length": 0.000209366961225324, "shape_Area": 2.3098866811091395e-09 }, "geometry": { "type": "MultiPolygon", "coordinates": [ [ [ [ 14.364983023000036, 50.087243669000031 ], [ 14.365042226000071, 50.087275454000064 ], [ 14.365072053000063, 50.087252339000031 ], [ 14.365014686000052, 50.087220882000054 ], [ 14.364983023000036, 50.087243669000031 ] ] ] ] } },
{ "type": "Feature", "properties": { "objectid": 68526, "zps_id": "21003", "id_poskyt": 38, "shape_area_1": 0.0, "globalid": "{E6E2CE57-439D-45CB-A4E9-E4462D3D9226}", "shape_Length": 0.00018774304763713827, "shape_Area": 1.5437932205978818e-09 }, "geometry": { "type": "MultiPolygon", "coordinates": [ [ [ [ 14.40088752500003, 50.088537294000048 ], [ 14.400960286000043, 50.08854020900003 ], [ 14.400962193000055, 50.088519194000071 ], [ 14.400889979000056, 50.088515901000051 ], [ 14.40088752500003, 50.088537294000048 ] ] ] ] } },
{ "type": "Feature", "properties": { "objectid": 68527, "zps_id": "13349", "id_poskyt": 38, "shape_area_1": 0.0, "globalid": "{BABA5BB2-AB6C-4F6F-8C8B-942C8F2556B8}", "shape_Length": 0.00024030579272604966, "shape_Area": 3.3302515524554615e-09 }, "geometry": { "type": "MultiPolygon", "coordinates": [ [ [ [ 14.484996439000042, 50.130879902000061 ], [ 14.485012758000039, 50.130837968000037 ], [ 14.484938893000049, 50.130825032000075 ], [ 14.484922982000057, 50.130868109000062 ], [ 14.484996439000042, 50.130879902000061 ] ] ] ] } },
{ "type": "Feature", "properties": { "objectid": 68528, "zps_id": "21026", "id_poskyt": 38, "shape_area_1": 0.0, "globalid": "{EF4BEBF4-1E9E-4CCA-83C7-22862F12AC10}", "shape_Length": 0.00020914097394067555, "shape_Area": 2.6739037484929654e-09 }, "geometry": { "type": "MultiPolygon", "coordinates": [ [ [ [ 14.435347771000067, 50.093743127000039 ], [ 14.435406780000051, 50.093747636000046 ], [ 14.435414937000075, 50.093703241000071 ], [ 14.435356203000026, 50.093698050000057 ], [ 14.435347771000067, 50.093743127000039 ] ] ] ] } },
{ "type": "Feature", "properties": { "objectid": 68529, "zps_id": "12200", "id_poskyt": 38, "shape_area_1": 0.0, "globalid": "{27A0EED1-C1C5-4557-B0E2-828093EF112B}", "shape_Length": 0.00050180228580597728, "shape_Area": 4.420342687219943e-09 }, "geometry": { "type": "MultiPolygon", "coordinates": [ [ [ [ 14.376610034000066, 50.067954652000026 ], [ 14.376786082000024, 50.067970069000069 ], [ 14.376839637000046, 50.067974807000041 ], [ 14.37684353700007, 50.067956056000071 ], [ 14.376791530000048, 50.067951257000061 ], [ 14.376613092000071, 50.067935617000046 ], [ 14.376613727000063, 50.067935674000069 ], [ 14.376614475000054, 50.067935741000042 ], [ 14.376610034000066, 50.067954652000026 ] ] ] ] } },
{ "type": "Feature", "properties": { "objectid": 68530, "zps_id": "18467", "id_poskyt": 38, "shape_area_1": 0.0, "globalid": "{471788CC-2D34-4CEA-8334-41824F39908B}", "shape_Length": 0.0003326374737721226, "shape_Area": 5.6008613863052471e-09 }, "geometry": { "type": "MultiPolygon", "coordinates": [ [ [ [ 14.490279327000053, 50.123386038000035 ], [ 14.490192380000053, 50.123452701000076 ], [ 14.490241709000031, 50.123478743000078 ], [ 14.490329795000036, 50.12341183400008 ], [ 14.490279327000053, 50.123386038000035 ] ] ] ] } },
{ "type": "Feature", "properties": { "objectid": 68531, "zps_id": "18467", "id_poskyt": 38, "shape_area_1": 0.0, "globalid": "{99EDFA79-7F90-420A-A419-54BF6356A85B}", "shape_Length": 0.00033263804490528913, "shape_Area": 5.6007793534020218e-09 }, "geometry": { "type": "MultiPolygon", "coordinates": [ [ [ [ 14.490146512000024, 50.123487538000063 ], [ 14.490059563000045, 50.123554201000047 ], [ 14.490108892000023, 50.12358024200006 ], [ 14.490196979000075, 50.123513333000062 ], [ 14.490146512000024, 50.123487538000063 ] ] ] ] } },
{ "type": "Feature", "properties": { "objectid": 68532, "zps_id": "3290", "id_poskyt": 38, "shape_area_1": 0.0, "globalid": "{CAD83769-4C54-4F18-A742-B654DCB31B79}", "shape_Length": 0.00015051212196753186, "shape_Area": 1.3561037509832206e-09 }, "geometry": { "type": "MultiPolygon", "coordinates": [ [ [ [ 14.44205185800007, 50.074276 ], [ 14.442081883000071, 50.074275858000078 ], [ 14.442082691000053, 50.07423063400006 ], [ 14.442052880000062, 50.074230567000029 ], [ 14.44205185800007, 50.074276 ] ] ] ] } },
{ "type": "Feature", "properties": { "objectid": 68533, "zps_id": "2870", "id_poskyt": 38, "shape_area_1": 0.0, "globalid": "{03934DB7-B0C9-4B64-B4F1-FB43449CBA07}", "shape_Length": 0.00013360646886290001, "shape_Area": 9.2250903295137543e-10 }, "geometry": { "type": "MultiPolygon", "coordinates": [ [ [ [ 14.435403088000044, 50.077186942000026 ], [ 14.435446032000073, 50.077172408000081 ], [ 14.435434902000054, 50.077154987000029 ], [ 14.435390774000041, 50.077169917000049 ], [ 14.435403088000044, 50.077186942000026 ] ] ] ] } },
{ "type": "Feature", "properties": { "objectid": 68534, "zps_id": "3997", "id_poskyt": 38, "shape_area_1": 0.0, "globalid": "{A83E3314-692F-48C4-B8DC-A9569B42B5B1}", "shape_Length": 0.00017030174014756293, "shape_Area": 1.4109446113720786e-09 }, "geometry": { "type": "MultiPolygon", "coordinates": [ [ [ [ 14.42958294400006, 50.085687581000059 ], [ 14.429642441000055, 50.085700904000078 ], [ 14.429653878000067, 50.085679735000042 ], [ 14.429593694000062, 50.085666514000081 ], [ 14.42958294400006, 50.085687581000059 ] ] ] ] } },
{ "type": "Feature", "properties": { "objectid": 68535, "zps_id": "21058", "id_poskyt": 38, "shape_area_1": 0.0, "globalid": "{995FE9CC-C211-4BEB-A8C8-E6524C07EEF7}", "shape_Length": 0.00014722040049220506, "shape_Area": 1.0872473072932129e-09 }, "geometry": { "type": "MultiPolygon", "coordinates": [ [ [ [ 14.429919236000046, 50.08530812500004 ], [ 14.429938521000054, 50.085323300000027 ], [ 14.42998128000005, 50.085297341000057 ], [ 14.429963205000035, 50.085283962000062 ], [ 14.429919236000046, 50.08530812500004 ] ] ] ] } },
{ "type": "Feature", "properties": { "objectid": 68536, "zps_id": "12390", "id_poskyt": 38, "shape_area_1": 0.0, "globalid": "{8DAC09AD-62FE-4A6C-ABA5-252233D52523}", "shape_Length": 0.00026980439387658674, "shape_Area": 3.0745576442779974e-09 }, "geometry": { "type": "MultiPolygon", "coordinates": [ [ [ [ 14.428399383000055, 50.070069740000065 ], [ 14.428369738000072, 50.070066853000071 ], [ 14.428347319000068, 50.070169939000039 ], [ 14.428376074000028, 50.070172766000042 ], [ 14.428399383000055, 50.070069740000065 ] ] ] ] } },
{ "type": "Feature", "properties": { "objectid": 68537, "zps_id": "14079", "id_poskyt": 38, "shape_area_1": 0.0, "globalid": "{844018F1-FFD4-4F6D-AC47-6324ADC73F3C}", "shape_Length": 0.00050733876765630644, "shape_Area": 5.7638694643474652e-09 }, "geometry": { "type": "MultiPolygon", "coordinates": [ [ [ [ 14.411610857000028, 50.033411448000038 ], [ 14.411585181000078, 50.033420496000076 ], [ 14.411732402000041, 50.03359239100007 ], [ 14.411758246000034, 50.033583293000049 ], [ 14.411610857000028, 50.033411448000038 ] ] ] ] } },
{ "type": "Feature", "properties": { "objectid": 68538, "zps_id": "2637", "id_poskyt": 38, "shape_area_1": 0.0, "globalid": "{EA11F798-F673-49DC-B9FE-BFEEE3C026F2}", "shape_Length": 0.00071644716908661281, "shape_Area": 1.0065369416019327e-08 }, "geometry": { "type": "MultiPolygon", "coordinates": [ [ [ [ 14.429094473000077, 50.076741140000081 ], [ 14.429126230000065, 50.076740302000076 ], [ 14.429100281000046, 50.076414309000029 ], [ 14.429070431000071, 50.076414218000082 ], [ 14.429094473000077, 50.076741140000081 ] ] ] ] } },
{ "type": "Feature", "properties": { "objectid": 68539, "zps_id": "3207", "id_poskyt": 38, "shape_area_1": 0.0, "globalid": "{7AC9C342-D652-4E20-9A61-CFEBFBC936BB}", "shape_Length": 0.00037458959537921136, "shape_Area": 3.3194226957002574e-09 }, "geometry": { "type": "MultiPolygon", "coordinates": [ [ [ [ 14.446888256000022, 50.080010077000054 ], [ 14.446896296000034, 50.079991302000053 ], [ 14.446730940000066, 50.079964627000038 ], [ 14.446724004000032, 50.07998372600008 ], [ 14.446888256000022, 50.080010077000054 ] ] ] ] } },
{ "type": "Feature", "properties": { "objectid": 68540, "zps_id": "13237", "id_poskyt": 38, "shape_area_1": 0.0, "globalid": "{B3153007-12D1-4C8A-A224-A4D98216BF18}", "shape_Length": 0.00044534937960152555, "shape_Area": 3.9614242191531283e-09 }, "geometry": { "type": "MultiPolygon", "coordinates": [ [ [ [ 14.360091717000046, 50.082192186000043 ], [ 14.360081927000067, 50.082173905000047 ], [ 14.359884726000075, 50.082219967000071 ], [ 14.359894735000069, 50.082237305000035 ], [ 14.360091717000046, 50.082192186000043 ] ] ] ] } },
{ "type": "Feature", "properties": { "objectid": 68541, "zps_id": "17470", "id_poskyt": 38, "shape_area_1": 0.0, "globalid": "{81685EB6-EC87-4296-9A7D-94AEF44BF9A5}", "shape_Length": 0.00051443208348441534, "shape_Area": 5.2451932590539653e-09 }, "geometry": { "type": "MultiPolygon", "coordinates": [ [ [ [ 14.421270794000066, 50.082791095000061 ], [ 14.421490141000049, 50.082863167000028 ], [ 14.421504302000073, 50.082844308000062 ], [ 14.421283208000034, 50.082771365000042 ], [ 14.421268011000052, 50.082790249000027 ], [ 14.421270794000066, 50.082791095000061 ] ] ] ] } },
{ "type": "Feature", "properties": { "objectid": 68542, "zps_id": "9749", "id_poskyt": 38, "shape_area_1": 0.0, "globalid": "{BE920778-DE40-4E92-978A-E8B2FB31372A}", "shape_Length": 0.00012277880663147815, "shape_Area": 8.675088947691257e-10 }, "geometry": { "type": "MultiPolygon", "coordinates": [ [ [ [ 14.455769864000047, 50.123891387000072 ], [ 14.455797262000033, 50.12388861200003 ], [ 14.455791285000032, 50.123864089000051 ], [ 14.455759537000063, 50.123855691000074 ], [ 14.455769864000047, 50.123891387000072 ] ] ] ] } },
{ "type": "Feature", "properties": { "objectid": 68543, "zps_id": "10007", "id_poskyt": 38, "shape_area_1": 0.0, "globalid": "{F0985AF3-F3C5-43A0-A6D6-AB1769EA1A9F}", "shape_Length": 0.00013803039114752407, "shape_Area": 1.0595514437951509e-09 }, "geometry": { "type": "MultiPolygon", "coordinates": [ [ [ [ 14.477413605000038, 50.132123497000066 ], [ 14.477444963000039, 50.132122898000034 ], [ 14.477462239000033, 50.132092410000041 ], [ 14.477435549000063, 50.132085343000028 ], [ 14.477413605000038, 50.132123497000066 ] ] ] ] } },
{ "type": "Feature", "properties": { "objectid": 68544, "zps_id": "9158", "id_poskyt": 38, "shape_area_1": 0.0, "globalid": "{BF5E241F-5EA1-45D7-A7DE-D8A35F9CCAD9}", "shape_Length": 0.0001600711143856738, "shape_Area": 1.3567380007289192e-09 }, "geometry": { "type": "MultiPolygon", "coordinates": [ [ [ [ 14.477495928000053, 50.132122833000039 ], [ 14.477529186000027, 50.132122982000055 ], [ 14.477552481000032, 50.132084639000027 ], [ 14.477525188000072, 50.132077701000071 ], [ 14.477495928000053, 50.132122833000039 ] ] ] ] } },
{ "type": "Feature", "properties": { "objectid": 68545, "zps_id": "9625", "id_poskyt": 38, "shape_area_1": 0.0, "globalid": "{92FBC338-E673-427A-931B-80680672E675}", "shape_Length": 0.00020534362176784308, "shape_Area": 2.2755712642852204e-09 }, "geometry": { "type": "MultiPolygon", "coordinates": [ [ [ [ 14.475752722000038, 50.130866260000062 ], [ 14.475785177000034, 50.130874360000064 ], [ 14.475832539000066, 50.13083126600003 ], [ 14.475780568000062, 50.130819361000079 ], [ 14.475752722000038, 50.130866260000062 ] ] ] ] } },
{ "type": "Feature", "properties": { "objectid": 68546, "zps_id": "10050", "id_poskyt": 38, "shape_area_1": 0.0, "globalid": "{6F0DE884-8936-49E6-912E-F6B2298E2725}", "shape_Length": 0.00015949909643091649, "shape_Area": 1.1793729921468322e-09 }, "geometry": { "type": "MultiPolygon", "coordinates": [ [ [ [ 14.475799683000048, 50.130776130000072 ], [ 14.475856393000072, 50.130790178000041 ], [ 14.475867349000055, 50.130771947000028 ], [ 14.475809681000044, 50.130758207000042 ], [ 14.475799683000048, 50.130776130000072 ] ] ] ] } },
{ "type": "Feature", "properties": { "objectid": 68547, "zps_id": "9642", "id_poskyt": 38, "shape_area_1": 0.0, "globalid": "{63CAE0FB-2216-4CB3-AF31-47793254BCCD}", "shape_Length": 0.00018703854732440967, "shape_Area": 1.4504247398081407e-09 }, "geometry": { "type": "MultiPolygon", "coordinates": [ [ [ [ 14.476936344000023, 50.129024058000027 ], [ 14.477007220000075, 50.129041846000064 ], [ 14.477017873000023, 50.129023508000046 ], [ 14.476948136000033, 50.12900666400003 ], [ 14.476936344000023, 50.129024058000027 ] ] ] ] } },
{ "type": "Feature", "properties": { "objectid": 68548, "zps_id": "9641", "id_poskyt": 38, "shape_area_1": 0.0, "globalid": "{5F97EEF8-DE30-4E24-B3E2-92E585FD9BFB}", "shape_Length": 0.00018282650884155781, "shape_Area": 1.3468895111110837e-09 }, "geometry": { "type": "MultiPolygon", "coordinates": [ [ [ [ 14.476961395000046, 50.128981840000051 ], [ 14.477031296000064, 50.128999178000072 ], [ 14.477041255000074, 50.128982440000073 ], [ 14.476971969000033, 50.12896500100004 ], [ 14.476961395000046, 50.128981840000051 ] ] ] ] } },
{ "type": "Feature", "properties": { "objectid": 68549, "zps_id": "10200", "id_poskyt": 38, "shape_area_1": 0.0, "globalid": "{67068F97-3C6C-482A-8D0A-6E775A0D437C}", "shape_Length": 0.00015195189965387827, "shape_Area": 1.2671648339173888e-09 }, "geometry": { "type": "MultiPolygon", "coordinates": [ [ [ [ 14.475494157000071, 50.127885651000042 ], [ 14.475520139000025, 50.12789243900005 ], [ 14.475545280000063, 50.127850347000049 ], [ 14.475519490000067, 50.127843314000074 ], [ 14.475494157000071, 50.127885651000042 ] ] ] ] } },
{ "type": "Feature", "properties": { "objectid": 68550, "zps_id": "9319", "id_poskyt": 38, "shape_area_1": 0.0, "globalid": "{70DF9A6C-6282-4E9C-8E68-944C227F4C31}", "shape_Length": 0.00015575777522262963, "shape_Area": 1.323601489105799e-09 }, "geometry": { "type": "MultiPolygon", "coordinates": [ [ [ [ 14.473179360000074, 50.128273059000037 ], [ 14.47320548700003, 50.128279705000068 ], [ 14.473232549000045, 50.128237020000029 ], [ 14.473205021000069, 50.128230251000048 ], [ 14.473179360000074, 50.128273059000037 ] ] ] ] } },
{ "type": "Feature", "properties": { "objectid": 68551, "zps_id": "9619", "id_poskyt": 38, "shape_area_1": 0.0, "globalid": "{AA33B9EE-6C50-4B99-823F-794A86D72B18}", "shape_Length": 0.00015219203530546162, "shape_Area": 1.2230373335439164e-09 }, "geometry": { "type": "MultiPolygon", "coordinates": [ [ [ [ 14.473246289000031, 50.128286580000065 ], [ 14.473272676000022, 50.128293196000072 ], [ 14.473280532000047, 50.128278977000036 ], [ 14.473287667000022, 50.128270067000074 ], [ 14.473294708000026, 50.128261603000055 ], [ 14.473300988000062, 50.128256229000044 ], [ 14.473269349000077, 50.128247628000054 ], [ 14.473246289000031, 50.128286580000065 ] ] ] ] } },
{ "type": "Feature", "properties": { "objectid": 68552, "zps_id": "9596", "id_poskyt": 38, "shape_area_1": 0.0, "globalid": "{84347028-E044-4EBE-9942-0D59104EDD49}", "shape_Length": 0.00017493153877991589, "shape_Area": 1.2631711590965654e-09 }, "geometry": { "type": "MultiPolygon", "coordinates": [ [ [ [ 14.470875732000025, 50.127919573000042 ], [ 14.470942243000025, 50.127934121000067 ], [ 14.470951532000072, 50.127916962000029 ], [ 14.470884760000047, 50.127902772000027 ], [ 14.470875732000025, 50.127919573000042 ] ] ] ] } },
{ "type": "Feature", "properties": { "objectid": 68553, "zps_id": "9200", "id_poskyt": 38, "shape_area_1": 0.0, "globalid": "{D51A4BDB-5347-4BE2-9658-A304E05A5E05}", "shape_Length": 0.000181536927032926, "shape_Area": 1.4006298329266701e-09 }, "geometry": { "type": "MultiPolygon", "coordinates": [ [ [ [ 14.460985129000051, 50.126437349000071 ], [ 14.461056829000029, 50.126435346000051 ], [ 14.461052988000063, 50.126414433000036 ], [ 14.461022298000046, 50.126417147000041 ], [ 14.461013169000069, 50.126417005000064 ], [ 14.460986601000059, 50.126415408000071 ], [ 14.460985129000051, 50.126437349000071 ] ] ] ] } },
{ "type": "Feature", "properties": { "objectid": 68554, "zps_id": "21124", "id_poskyt": 38, "shape_area_1": 0.0, "globalid": "{57C291DF-28DF-454E-83C9-6CB863B4021E}", "shape_Length": 0.00026826313601277356, "shape_Area": 2.1088719892747917e-09 }, "geometry": { "type": "MultiPolygon", "coordinates": [ [ [ [ 14.422769826000035, 50.090600926000036 ], [ 14.422884631000045, 50.090590640000073 ], [ 14.42288106500007, 50.090572554000062 ], [ 14.422765319000064, 50.090583155000047 ], [ 14.422769826000035, 50.090600926000036 ] ] ] ] } },
{ "type": "Feature", "properties": { "objectid": 68555, "zps_id": "3968", "id_poskyt": 38, "shape_area_1": 0.0, "globalid": "{2FBD9DAF-06C3-47D3-8E2F-2C5BB677B129}", "shape_Length": 0.00017571782338811074, "shape_Area": 1.4849562419279988e-09 }, "geometry": { "type": "MultiPolygon", "coordinates": [ [ [ [ 14.427902255000049, 50.083580955000059 ], [ 14.427953851000041, 50.08361381800006 ], [ 14.427976489000059, 50.08359910300004 ], [ 14.427925289000029, 50.083566828000073 ], [ 14.427902255000049, 50.083580955000059 ] ] ] ] } },
{ "type": "Feature", "properties": { "objectid": 68556, "zps_id": "3564", "id_poskyt": 38, "shape_area_1": 0.0, "globalid": "{5D9E521E-36C8-4165-BE27-C0DAC4B873D5}", "shape_Length": 0.00018626461356665685, "shape_Area": 1.703584093904812e-09 }, "geometry": { "type": "MultiPolygon", "coordinates": [ [ [ [ 14.424769186000049, 50.091309795000029 ], [ 14.424822508000034, 50.091319842000075 ], [ 14.424842768000076, 50.091278587000033 ], [ 14.424776707000035, 50.091292963000058 ], [ 14.424769186000049, 50.091309795000029 ] ] ] ] } },
{ "type": "Feature", "properties": { "objectid": 68557, "zps_id": "9046", "id_poskyt": 38, "shape_area_1": 0.0, "globalid": "{8D476FFB-9B91-427B-818C-8B38B2E08356}", "shape_Length": 0.00038150033772892989, "shape_Area": 3.2090067935656086e-09 }, "geometry": { "type": "MultiPolygon", "coordinates": [ [ [ [ 14.345781849000048, 50.09610058800007 ], [ 14.345953812000062, 50.09609458400007 ], [ 14.345953326000028, 50.096075688000042 ], [ 14.345781310000064, 50.096082205000073 ], [ 14.345781849000048, 50.09610058800007 ] ] ] ] } },
{ "type": "Feature", "properties": { "objectid": 68558, "zps_id": "8178", "id_poskyt": 38, "shape_area_1": 0.0, "globalid": "{2314733B-8437-4829-9108-562DCE3018FE}", "shape_Length": 0.0001907757165414906, "shape_Area": 1.9928522333451974e-09 }, "geometry": { "type": "MultiPolygon", "coordinates": [ [ [ [ 14.405635722000056, 50.104121035000048 ], [ 14.405697589000056, 50.10411128100003 ], [ 14.405686555000045, 50.104081449000034 ], [ 14.405623768000055, 50.104090361000033 ], [ 14.405635722000056, 50.104121035000048 ] ] ] ] } },
{ "type": "Feature", "properties": { "objectid": 68559, "zps_id": "4060", "id_poskyt": 38, "shape_area_1": 0.0, "globalid": "{9DFABA97-897D-48AA-B3BB-306A6463403C}", "shape_Length": 0.00029359010079474049, "shape_Area": 2.1403389847159755e-09 }, "geometry": { "type": "MultiPolygon", "coordinates": [ [ [ [ 14.425787781000054, 50.089714007000055 ], [ 14.425658181000074, 50.08970267400008 ], [ 14.425653888000056, 50.089718522000055 ], [ 14.425783441000021, 50.08973042100007 ], [ 14.425787781000054, 50.089714007000055 ] ] ] ] } },
{ "type": "Feature", "properties": { "objectid": 68560, "zps_id": "21129", "id_poskyt": 38, "shape_area_1": 0.0, "globalid": "{9FFDDA61-1224-4850-9996-EB0D7204529A}", "shape_Length": 0.00027506869625094774, "shape_Area": 3.3911078240063427e-09 }, "geometry": { "type": "MultiPolygon", "coordinates": [ [ [ [ 14.433098148000056, 50.091959409000026 ], [ 14.433131483000068, 50.091965144000028 ], [ 14.433168708000039, 50.091867577000073 ], [ 14.433136479000041, 50.091862522000042 ], [ 14.433098148000056, 50.091959409000026 ] ] ] ] } },
{ "type": "Feature", "properties": { "objectid": 68561, "zps_id": "3012", "id_poskyt": 38, "shape_area_1": 0.0, "globalid": "{D3A4AA2B-740F-46F8-9BAA-04A87BFD8251}", "shape_Length": 0.00012991088131929652, "shape_Area": 8.7254460891814416e-10 }, "geometry": { "type": "MultiPolygon", "coordinates": [ [ [ [ 14.442272732000049, 50.074452791000056 ], [ 14.44231873800004, 50.074453154000025 ], [ 14.442319103000045, 50.074434010000061 ], [ 14.442273164000028, 50.074433979000048 ], [ 14.442272732000049, 50.074452791000056 ] ] ] ] } },
{ "type": "Feature", "properties": { "objectid": 68562, "zps_id": "8185", "id_poskyt": 38, "shape_area_1": 0.0, "globalid": "{13797F87-1283-4520-A846-C2C4DF4BE13E}", "shape_Length": 0.00030576009985823114, "shape_Area": 3.9139050900566164e-09 }, "geometry": { "type": "MultiPolygon", "coordinates": [ [ [ [ 14.413004516000058, 50.102095764000069 ], [ 14.412907609000058, 50.102084275000038 ], [ 14.412938398000051, 50.102127764000045 ], [ 14.413037534000068, 50.102139785000077 ], [ 14.413004516000058, 50.102095764000069 ] ] ] ] } },
{ "type": "Feature", "properties": { "objectid": 68563, "zps_id": "10259", "id_poskyt": 38, "shape_area_1": 0.0, "globalid": "{88EE5A14-99E8-44AE-BC65-726547220D9E}", "shape_Length": 0.00034861348744924953, "shape_Area": 3.4430586431282114e-09 }, "geometry": { "type": "MultiPolygon", "coordinates": [ [ [ [ 14.453664238000044, 50.093033654000067 ], [ 14.453675898000029, 50.093012840000029 ], [ 14.453528999000071, 50.092980500000067 ], [ 14.453517353000052, 50.093001444000038 ], [ 14.453664238000044, 50.093033654000067 ] ] ] ] } },
{ "type": "Feature", "properties": { "objectid": 68564, "zps_id": "21168", "id_poskyt": 38, "shape_area_1": 0.0, "globalid": "{A77D2718-0AC7-44E5-8F15-3A8F722ED1AE}", "shape_Length": 0.00038706672841070245, "shape_Area": 8.2993927086563292e-09 }, "geometry": { "type": "MultiPolygon", "coordinates": [ [ [ [ 14.36373966900004, 50.089663682000037 ], [ 14.36374956700007, 50.089530970000055 ], [ 14.363697181000077, 50.089528748000077 ], [ 14.363692962000073, 50.089533926000058 ], [ 14.36368727100006, 50.089544312000044 ], [ 14.363675341000032, 50.089662401000055 ], [ 14.36373966900004, 50.089663682000037 ] ] ] ] } },
{ "type": "Feature", "properties": { "objectid": 68565, "zps_id": "15036", "id_poskyt": 38, "shape_area_1": 0.0, "globalid": "{38C8C711-CB14-479C-B85A-8CD6EE420949}", "shape_Length": 0.0011489988382329174, "shape_Area": 2.5130073770610367e-08 }, "geometry": { "type": "MultiPolygon", "coordinates": [ [ [ [ 14.362084780000032, 50.087696934000064 ], [ 14.361815437000075, 50.087645180000038 ], [ 14.36155446600003, 50.087600553000073 ], [ 14.361544646000027, 50.087646198000073 ], [ 14.362040130000025, 50.087736472000074 ], [ 14.362084780000032, 50.087696934000064 ] ] ] ] } },
{ "type": "Feature", "properties": { "objectid": 68566, "zps_id": "15037", "id_poskyt": 38, "shape_area_1": 0.0, "globalid": "{1008D8B1-AA16-4EEB-BDCA-F772759FF079}", "shape_Length": 0.00073186423126151594, "shape_Area": 6.4988169641858691e-09 }, "geometry": { "type": "MultiPolygon", "coordinates": [ [ [ [ 14.36113103100007, 50.087551713000039 ], [ 14.360788078000041, 50.087606101000063 ], [ 14.360797267000066, 50.087623593000046 ], [ 14.361138519000065, 50.087569572000064 ], [ 14.36113103100007, 50.087551713000039 ] ] ] ] } },
{ "type": "Feature", "properties": { "objectid": 68567, "zps_id": "15038", "id_poskyt": 38, "shape_area_1": 0.0, "globalid": "{4C32B946-B936-46CC-8737-D03DC1D71905}", "shape_Length": 0.00048805367448393367, "shape_Area": 1.2209808404388216e-08 }, "geometry": { "type": "MultiPolygon", "coordinates": [ [ [ [ 14.360656302000052, 50.087488327000074 ], [ 14.360642425000037, 50.08749255500004 ], [ 14.360625159000051, 50.087497535000068 ], [ 14.360618673000033, 50.087503211000069 ], [ 14.360608423000031, 50.087515059000054 ], [ 14.360603526000034, 50.087528439000039 ], [ 14.360605776000057, 50.087542445000054 ], [ 14.360614211000041, 50.087555958000053 ], [ 14.360642484000039, 50.087584537000055 ], [ 14.360668075000035, 50.087602963000052 ], [ 14.360691248000023, 50.087615712000058 ], [ 14.360715777000053, 50.087627799000074 ], [ 14.360734138000055, 50.087632820000067 ], [ 14.360752793000074, 50.087630833000048 ], [ 14.360786790000077, 50.087625265000042 ], [ 14.360656302000052, 50.087488327000074 ] ] ] ] } },
{ "type": "Feature", "properties": { "objectid": 68568, "zps_id": "15461", "id_poskyt": 38, "shape_area_1": 0.0, "globalid": "{6404C25B-A66A-4438-A05A-622A6EF09BCF}", "shape_Length": 0.00057801284978678492, "shape_Area": 8.1898140244996069e-09 }, "geometry": { "type": "MultiPolygon", "coordinates": [ [ [ [ 14.442593442000032, 50.10912085800004 ], [ 14.442562056000043, 50.109122125000056 ], [ 14.44257036700003, 50.109378751000065 ], [ 14.442602653000051, 50.109378244000027 ], [ 14.442593442000032, 50.10912085800004 ] ] ] ] } },
{ "type": "Feature", "properties": { "objectid": 68569, "zps_id": "20892", "id_poskyt": 38, "shape_area_1": 0.0, "globalid": "{7AE49D15-2D54-4404-8A4D-D2681A21AD8D}", "shape_Length": 0.00047567815230942109, "shape_Area": 6.4801491530863419e-09 }, "geometry": { "type": "MultiPolygon", "coordinates": [ [ [ [ 14.442562056000043, 50.109122125000056 ], [ 14.442593442000032, 50.10912085800004 ], [ 14.442586089000031, 50.108914459000061 ], [ 14.442554754000071, 50.108915885000044 ], [ 14.442562056000043, 50.109122125000056 ] ] ] ] } },
{ "type": "Feature", "properties": { "objectid": 68570, "zps_id": "3942", "id_poskyt": 38, "shape_area_1": 0.0, "globalid": "{298FBECF-0A78-4FF2-A2F2-EF7EC968F191}", "shape_Length": 0.00034533046859000981, "shape_Area": 3.2456545892588985e-09 }, "geometry": { "type": "MultiPolygon", "coordinates": [ [ [ [ 14.434119656000064, 50.087213294000037 ], [ 14.434119759000055, 50.087191676000032 ], [ 14.433968216000039, 50.087191498000038 ], [ 14.433968813000035, 50.087212815000044 ], [ 14.434119656000064, 50.087213294000037 ] ] ] ] } },
{ "type": "Feature", "properties": { "objectid": 68571, "zps_id": "4004", "id_poskyt": 38, "shape_area_1": 0.0, "globalid": "{EB583282-3175-45EA-B469-DA7A2DD59188}", "shape_Length": 0.0003509154119020571, "shape_Area": 3.2605250640783433e-09 }, "geometry": { "type": "MultiPolygon", "coordinates": [ [ [ [ 14.430404667000062, 50.087193659000036 ], [ 14.43040460900005, 50.087172744000043 ], [ 14.430250995000051, 50.087171688000069 ], [ 14.430249665000076, 50.087193026000079 ], [ 14.430404667000062, 50.087193659000036 ] ] ] ] } },
{ "type": "Feature", "properties": { "objectid": 68572, "zps_id": "5666", "id_poskyt": 38, "shape_area_1": 0.0, "globalid": "{0DB0834C-7AE1-491E-AD2E-9FB7A76AC268}", "shape_Length": 0.00015872087771908071, "shape_Area": 1.2457444057612344e-09 }, "geometry": { "type": "MultiPolygon", "coordinates": [ [ [ [ 14.449271858000031, 50.103287520000038 ], [ 14.449272804000032, 50.10326589400006 ], [ 14.449215483000046, 50.103265192000038 ], [ 14.449213667000038, 50.103286667000077 ], [ 14.449271858000031, 50.103287520000038 ] ] ] ] } },
{ "type": "Feature", "properties": { "objectid": 68573, "zps_id": "5519", "id_poskyt": 38, "shape_area_1": 0.0, "globalid": "{01B17552-FEB9-449D-8657-98D2FEC845CA}", "shape_Length": 0.00022969938421173443, "shape_Area": 2.4782147887843591e-09 }, "geometry": { "type": "MultiPolygon", "coordinates": [ [ [ [ 14.417984318000038, 50.110681800000066 ], [ 14.417988222000076, 50.110656435000067 ], [ 14.417903841000054, 50.110649972000033 ], [ 14.417897752000044, 50.110682243000042 ], [ 14.417984318000038, 50.110681800000066 ] ] ] ] } },
{ "type": "Feature", "properties": { "objectid": 68574, "zps_id": "21205", "id_poskyt": 38, "shape_area_1": 0.0, "globalid": "{B5DB1CCC-F80F-4D43-937E-A357B29AFA33}", "shape_Length": 0.0001447578689026938, "shape_Area": 1.303767345524119e-09 }, "geometry": { "type": "MultiPolygon", "coordinates": [ [ [ [ 14.446957875000066, 50.104049771000064 ], [ 14.44695904200006, 50.104011711000055 ], [ 14.446926326000039, 50.104009758000075 ], [ 14.44692284000007, 50.104048447000082 ], [ 14.446957875000066, 50.104049771000064 ] ] ] ] } },
{ "type": "Feature", "properties": { "objectid": 68575, "zps_id": "5578", "id_poskyt": 38, "shape_area_1": 0.0, "globalid": "{D34F878D-D2A5-4CB1-8481-B17706D08A1B}", "shape_Length": 0.00019101756710053773, "shape_Area": 2.0523283660911792e-09 }, "geometry": { "type": "MultiPolygon", "coordinates": [ [ [ [ 14.451211683000054, 50.109242951000056 ], [ 14.451259626000024, 50.109218195000039 ], [ 14.451227861000064, 50.109192123000071 ], [ 14.451179410000066, 50.10921649900007 ], [ 14.451211683000054, 50.109242951000056 ] ] ] ] } },
{ "type": "Feature", "properties": { "objectid": 68576, "zps_id": "2952", "id_poskyt": 38, "shape_area_1": 0.0, "globalid": "{139A2A02-E707-487F-AFE7-E7B8719AD09C}", "shape_Length": 0.00012740104977920893, "shape_Area": 1.0092829942727869e-09 }, "geometry": { "type": "MultiPolygon", "coordinates": [ [ [ [ 14.442046835000042, 50.077663833000031 ], [ 14.442077252000047, 50.077661403000036 ], [ 14.442072104000033, 50.077628748000052 ], [ 14.442041714000027, 50.077630863000081 ], [ 14.442046835000042, 50.077663833000031 ] ] ] ] } },
{ "type": "Feature", "properties": { "objectid": 68577, "zps_id": "2953", "id_poskyt": 38, "shape_area_1": 0.0, "globalid": "{6E87835A-F5A6-4619-8931-3E3095A271BE}", "shape_Length": 0.00018398884607778319, "shape_Area": 1.8644178898715186e-09 }, "geometry": { "type": "MultiPolygon", "coordinates": [ [ [ [ 14.441938372000038, 50.077667 ], [ 14.441996625000058, 50.077648986000042 ], [ 14.441991279000035, 50.077617140000029 ], [ 14.441933735000077, 50.077637775000028 ], [ 14.441938372000038, 50.077667 ] ] ] ] } },
{ "type": "Feature", "properties": { "objectid": 68578, "zps_id": "12425", "id_poskyt": 38, "shape_area_1": 0.0, "globalid": "{115A4D4D-33DE-4D9B-93D1-B6164010C81D}", "shape_Length": 0.00012364996943220848, "shape_Area": 8.0722005564538096e-10 }, "geometry": { "type": "MultiPolygon", "coordinates": [ [ [ [ 14.438542829000028, 50.071649281000077 ], [ 14.438578904000053, 50.071665711000037 ], [ 14.438595458000066, 50.071650585000043 ], [ 14.438559647000034, 50.071634558000028 ], [ 14.438542829000028, 50.071649281000077 ] ] ] ] } },
{ "type": "Feature", "properties": { "objectid": 68579, "zps_id": "7519", "id_poskyt": 38, "shape_area_1": 0.0, "globalid": "{DE0278F3-FE7F-4409-B35E-1D74E619E4EC}", "shape_Length": 0.00019812444092556929, "shape_Area": 1.507949673500225e-09 }, "geometry": { "type": "MultiPolygon", "coordinates": [ [ [ [ 14.375477810000064, 50.071260671000061 ], [ 14.37555195300007, 50.071284795000054 ], [ 14.375565161000054, 50.071268751000048 ], [ 14.37548958800005, 50.071244500000034 ], [ 14.375477810000064, 50.071260671000061 ] ] ] ] } },
{ "type": "Feature", "properties": { "objectid": 68580, "zps_id": "7519", "id_poskyt": 38, "shape_area_1": 0.0, "globalid": "{9E20CDDA-2B94-4081-A341-04A4F2655339}", "shape_Length": 0.00018580795665723481, "shape_Area": 1.3971935199626575e-09 }, "geometry": { "type": "MultiPolygon", "coordinates": [ [ [ [ 14.375392461000047, 50.071213321000073 ], [ 14.375323897000044, 50.071190984000054 ], [ 14.375310973000069, 50.071207297000058 ], [ 14.375380089000032, 50.071229430000074 ], [ 14.375392461000047, 50.071213321000073 ] ] ] ] } },
{ "type": "Feature", "properties": { "objectid": 68581, "zps_id": "7519", "id_poskyt": 38, "shape_area_1": 0.0, "globalid": "{6FEB6AEB-DC5F-41C3-B7AC-5E8AAA22FC9C}", "shape_Length": 0.00046589888776532248, "shape_Area": 4.0393009312020366e-09 }, "geometry": { "type": "MultiPolygon", "coordinates": [ [ [ [ 14.375030031000051, 50.07109517400005 ], [ 14.375017384000046, 50.071111303000066 ], [ 14.375218863000043, 50.071178171000042 ], [ 14.375231794000058, 50.071162284000081 ], [ 14.37514014900006, 50.071132247000037 ], [ 14.375030031000051, 50.07109517400005 ] ] ] ] } },
{ "type": "Feature", "properties": { "objectid": 68582, "zps_id": "5327", "id_poskyt": 38, "shape_area_1": 0.0, "globalid": "{CE7631D4-5C12-4C4D-8EF4-EFD5D00F1A23}", "shape_Length": 0.00016775821327613322, "shape_Area": 1.708810080908724e-09 }, "geometry": { "type": "MultiPolygon", "coordinates": [ [ [ [ 14.425395470000069, 50.098057534000077 ], [ 14.425410511000052, 50.098012932000074 ], [ 14.425373453000077, 50.098008083000082 ], [ 14.425358635000066, 50.098051643000076 ], [ 14.425395470000069, 50.098057534000077 ] ] ] ] } },
{ "type": "Feature", "properties": { "objectid": 68583, "zps_id": "3109", "id_poskyt": 38, "shape_area_1": 0.0, "globalid": "{85D88C8A-4FC2-48DC-9911-9C88CC1104E4}", "shape_Length": 0.0001312950719342947, "shape_Area": 9.4708674418705016e-10 }, "geometry": { "type": "MultiPolygon", "coordinates": [ [ [ [ 14.438614725000036, 50.071631206000063 ], [ 14.438633346000074, 50.071613921000051 ], [ 14.438597239000046, 50.07159745000007 ], [ 14.438578086000064, 50.071615569000073 ], [ 14.438614725000036, 50.071631206000063 ] ] ] ] } },
{ "type": "Feature", "properties": { "objectid": 68584, "zps_id": "3104", "id_poskyt": 38, "shape_area_1": 0.0, "globalid": "{9DF1BDEF-0872-45D5-96B7-50CB1359B041}", "shape_Length": 0.00011393355988977759, "shape_Area": 7.1182755918114858e-10 }, "geometry": { "type": "MultiPolygon", "coordinates": [ [ [ [ 14.435440733000064, 50.070249269000044 ], [ 14.435456609000028, 50.070234410000069 ], [ 14.435424189000059, 50.07021943500007 ], [ 14.435408953000035, 50.070234524000057 ], [ 14.435440733000064, 50.070249269000044 ] ] ] ] } },
{ "type": "Feature", "properties": { "objectid": 68585, "zps_id": "3070", "id_poskyt": 38, "shape_area_1": 0.0, "globalid": "{C910E94A-B832-40B6-88A6-8163461B0ED5}", "shape_Length": 0.0001062716543246822, "shape_Area": 6.4708655251702863e-10 }, "geometry": { "type": "MultiPolygon", "coordinates": [ [ [ [ 14.439688448000027, 50.072265715000071 ], [ 14.439712249000024, 50.072275896000065 ], [ 14.439732162000041, 50.072257981000064 ], [ 14.439709539000035, 50.072246770000049 ], [ 14.439688448000027, 50.072265715000071 ] ] ] ] } },
{ "type": "Feature", "properties": { "objectid": 68586, "zps_id": "3071", "id_poskyt": 38, "shape_area_1": 0.0, "globalid": "{4ED68560-3AAC-4719-994A-D8488AAABB8B}", "shape_Length": 0.00011861712789621614, "shape_Area": 7.8826576914572466e-10 }, "geometry": { "type": "MultiPolygon", "coordinates": [ [ [ [ 14.439736573000062, 50.072291750000034 ], [ 14.439760247000038, 50.072302076000028 ], [ 14.439785089000054, 50.072279695000077 ], [ 14.439761450000049, 50.072269282000036 ], [ 14.439736573000062, 50.072291750000034 ] ] ] ] } },
{ "type": "Feature", "properties": { "objectid": 68587, "zps_id": "3075", "id_poskyt": 38, "shape_area_1": 0.0, "globalid": "{B0A79B88-B3E2-41FA-8BF1-9AF33D45BACC}", "shape_Length": 0.00013306007011308223, "shape_Area": 9.6325419123634572e-10 }, "geometry": { "type": "MultiPolygon", "coordinates": [ [ [ [ 14.439859077000051, 50.072112202000028 ], [ 14.439881909000064, 50.072123223000062 ], [ 14.439912713000069, 50.072095706000027 ], [ 14.439889481000023, 50.072084976000042 ], [ 14.439859077000051, 50.072112202000028 ] ] ] ] } },
{ "type": "Feature", "properties": { "objectid": 68588, "zps_id": "3076", "id_poskyt": 38, "shape_area_1": 0.0, "globalid": "{65FF8BA3-6DB6-4E11-9F1E-1C7008297132}", "shape_Length": 0.0001379039888335607, "shape_Area": 1.029752127184878e-09 }, "geometry": { "type": "MultiPolygon", "coordinates": [ [ [ [ 14.439910184000041, 50.072135569000068 ], [ 14.439933690000032, 50.072146815000053 ], [ 14.439965791000077, 50.072118042000056 ], [ 14.439941543000032, 50.072107303000053 ], [ 14.439910184000041, 50.072135569000068 ] ] ] ] } },
{ "type": "Feature", "properties": { "objectid": 68589, "zps_id": "2672", "id_poskyt": 38, "shape_area_1": 0.0, "globalid": "{BB83C2ED-612F-449E-A720-647559DD964A}", "shape_Length": 0.00011050442067900267, "shape_Area": 7.2595179967933694e-10 }, "geometry": { "type": "MultiPolygon", "coordinates": [ [ [ [ 14.427068752000025, 50.073100090000025 ], [ 14.427094785000065, 50.073106949000078 ], [ 14.427110158000062, 50.073083315000076 ], [ 14.427083907000053, 50.073076291000064 ], [ 14.427068752000025, 50.073100090000025 ] ] ] ] } },
{ "type": "Feature", "properties": { "objectid": 68590, "zps_id": "2923", "id_poskyt": 38, "shape_area_1": 0.0, "globalid": "{5703A946-01AB-4CD1-82F2-55F7D9186A26}", "shape_Length": 0.00019699042773670318, "shape_Area": 2.24724974813882e-09 }, "geometry": { "type": "MultiPolygon", "coordinates": [ [ [ [ 14.435485705000076, 50.079225600000029 ], [ 14.435453654000071, 50.079190638000057 ], [ 14.435421682000026, 50.079202658000042 ], [ 14.435420863000047, 50.079249089000029 ], [ 14.435485705000076, 50.079225600000029 ] ] ] ] } },
{ "type": "Feature", "properties": { "objectid": 68591, "zps_id": "2922", "id_poskyt": 38, "shape_area_1": 0.0, "globalid": "{5AED4A54-CACF-4FF8-8BF0-B35A86E5B797}", "shape_Length": 0.00021578395656564168, "shape_Area": 2.2542686344037353e-09 }, "geometry": { "type": "MultiPolygon", "coordinates": [ [ [ [ 14.435442130000069, 50.079268050000053 ], [ 14.435505351000074, 50.079294225000069 ], [ 14.435536155000023, 50.079283181000051 ], [ 14.43550263800006, 50.079245838000077 ], [ 14.435442130000069, 50.079268050000053 ] ] ] ] } },
{ "type": "Feature", "properties": { "objectid": 68592, "zps_id": "2916", "id_poskyt": 38, "shape_area_1": 0.0, "globalid": "{FF074B2D-2315-4AFC-BAA5-B0BF2C9E962B}", "shape_Length": 0.00012916531732132735, "shape_Area": 9.3459254524715727e-10 }, "geometry": { "type": "MultiPolygon", "coordinates": [ [ [ [ 14.435493447000056, 50.079144504000055 ], [ 14.435519157000044, 50.079136449000032 ], [ 14.435494432000041, 50.07910752600003 ], [ 14.435469157000057, 50.079115855000055 ], [ 14.435493447000056, 50.079144504000055 ] ] ] ] } },
{ "type": "Feature", "properties": { "objectid": 68593, "zps_id": "2938", "id_poskyt": 38, "shape_area_1": 0.0, "globalid": "{FD265333-72D3-4292-869B-FC83573BDCD3}", "shape_Length": 0.00017502548182344341, "shape_Area": 1.7755493606559044e-09 }, "geometry": { "type": "MultiPolygon", "coordinates": [ [ [ [ 14.437016562000053, 50.078757777000078 ], [ 14.43702040900007, 50.078715715000044 ], [ 14.436962256000072, 50.078734633000067 ], [ 14.436987574000057, 50.078767112000037 ], [ 14.437016562000053, 50.078757777000078 ] ] ] ] } },
{ "type": "Feature", "properties": { "objectid": 68594, "zps_id": "3226", "id_poskyt": 38, "shape_area_1": 0.0, "globalid": "{CE4358A3-EC27-4AE8-893F-0B8A22EDB3FF}", "shape_Length": 0.00020268484590725834, "shape_Area": 2.1341146406181473e-09 }, "geometry": { "type": "MultiPolygon", "coordinates": [ [ [ [ 14.44588654000006, 50.077839295000047 ], [ 14.44585859700004, 50.07779561600006 ], [ 14.445809927000028, 50.07779331100005 ], [ 14.445834223000077, 50.077836698000056 ], [ 14.44588654000006, 50.077839295000047 ] ] ] ] } },
{ "type": "Feature", "properties": { "objectid": 68595, "zps_id": "3227", "id_poskyt": 38, "shape_area_1": 0.0, "globalid": "{6BEFA4B2-817D-4504-BF5A-7D1E6B4438D7}", "shape_Length": 0.00025638633393036388, "shape_Area": 2.8746140641773288e-09 }, "geometry": { "type": "MultiPolygon", "coordinates": [ [ [ [ 14.445860911000068, 50.077771161000044 ], [ 14.445908119000023, 50.077727485000025 ], [ 14.445847529000048, 50.077724475000082 ], [ 14.445796586000029, 50.077768002000028 ], [ 14.445860911000068, 50.077771161000044 ] ] ] ] } },
{ "type": "Feature", "properties": { "objectid": 68596, "zps_id": "2573", "id_poskyt": 38, "shape_area_1": 0.0, "globalid": "{C96D8BEA-7E11-4F95-8786-2DC749B31B6B}", "shape_Length": 0.0002288287455209828, "shape_Area": 1.9341855876652524e-09 }, "geometry": { "type": "MultiPolygon", "coordinates": [ [ [ [ 14.42125188600005, 50.06643508500008 ], [ 14.421284437000054, 50.066423837000059 ], [ 14.421296423000058, 50.066419344000053 ], [ 14.421274242000038, 50.066404846000069 ], [ 14.42123798800003, 50.066416529000037 ], [ 14.421192903000076, 50.066431930000078 ], [ 14.421207110000068, 50.066449243000079 ], [ 14.42125188600005, 50.06643508500008 ] ] ] ] } },
{ "type": "Feature", "properties": { "objectid": 68597, "zps_id": "15465", "id_poskyt": 38, "shape_area_1": 0.0, "globalid": "{056BAE0D-14B3-4E23-855C-EB5AD86B3B4E}", "shape_Length": 0.00022513402172422289, "shape_Area": 3.0147883906393156e-09 }, "geometry": { "type": "MultiPolygon", "coordinates": [ [ [ [ 14.422873476000063, 50.072827180000047 ], [ 14.422937863000072, 50.072838727000033 ], [ 14.422949717000051, 50.072807493000028 ], [ 14.422895652000022, 50.072770541000068 ], [ 14.422873476000063, 50.072827180000047 ] ] ] ] } },
{ "type": "Feature", "properties": { "objectid": 68598, "zps_id": "2469", "id_poskyt": 38, "shape_area_1": 0.0, "globalid": "{7583461E-46F0-4745-9EAE-7C9E248FF9BA}", "shape_Length": 0.00019758420183786077, "shape_Area": 1.9560542789736762e-09 }, "geometry": { "type": "MultiPolygon", "coordinates": [ [ [ [ 14.41692149000005, 50.070808309000029 ], [ 14.416954542000042, 50.07076803700005 ], [ 14.416908564000039, 50.070765378000033 ], [ 14.416874763000067, 50.070805722000046 ], [ 14.41692149000005, 50.070808309000029 ] ] ] ] } },
{ "type": "Feature", "properties": { "objectid": 68599, "zps_id": "2930", "id_poskyt": 38, "shape_area_1": 0.0, "globalid": "{C74EBE08-E9E5-4F10-98AE-0493B51633D8}", "shape_Length": 0.00013873639788012542, "shape_Area": 1.0200484850505804e-09 }, "geometry": { "type": "MultiPolygon", "coordinates": [ [ [ [ 14.443497733000072, 50.078465814000026 ], [ 14.443499250000059, 50.078444420000039 ], [ 14.443450683000037, 50.078444140000045 ], [ 14.443449968000039, 50.078465078000079 ], [ 14.443497733000072, 50.078465814000026 ] ] ] ] } },
{ "type": "Feature", "properties": { "objectid": 68600, "zps_id": "12536", "id_poskyt": 38, "shape_area_1": 0.0, "globalid": "{0ED25FA6-F322-43DA-9851-26C67E810401}", "shape_Length": 0.00016851761776367618, "shape_Area": 1.5884539546480598e-09 }, "geometry": { "type": "MultiPolygon", "coordinates": [ [ [ [ 14.446125540000025, 50.078622794000069 ], [ 14.446120606000022, 50.078600768000058 ], [ 14.446126941000045, 50.078578548000053 ], [ 14.446095711000055, 50.078573348000077 ], [ 14.446079949000023, 50.078615509000031 ], [ 14.446125540000025, 50.078622794000069 ] ] ] ] } },
{ "type": "Feature", "properties": { "objectid": 68601, "zps_id": "2755", "id_poskyt": 38, "shape_area_1": 0.0, "globalid": "{4E9E7446-3EEC-4BA9-8A67-52B6EDCF1281}", "shape_Length": 0.00012616442668471909, "shape_Area": 8.2201655488064878e-10 }, "geometry": { "type": "MultiPolygon", "coordinates": [ [ [ [ 14.424320096000031, 50.064375088000077 ], [ 14.42430352100007, 50.064360407000038 ], [ 14.424266284000055, 50.064378164000061 ], [ 14.424282238000046, 50.06439217500008 ], [ 14.424320096000031, 50.064375088000077 ] ] ] ] } },
{ "type": "Feature", "properties": { "objectid": 68602, "zps_id": "2828", "id_poskyt": 38, "shape_area_1": 0.0, "globalid": "{FD835B2D-1AAE-4A66-9143-06A580EC1E4B}", "shape_Length": 0.00015007185063019852, "shape_Area": 1.0250919547929864e-09 }, "geometry": { "type": "MultiPolygon", "coordinates": [ [ [ [ 14.429776582000045, 50.06940757700005 ], [ 14.429828988000054, 50.069410173000051 ], [ 14.429821360000062, 50.06939017600007 ], [ 14.429766597000025, 50.069388633000074 ], [ 14.429776582000045, 50.06940757700005 ] ] ] ] } },
{ "type": "Feature", "properties": { "objectid": 68603, "zps_id": "2462", "id_poskyt": 38, "shape_area_1": 0.0, "globalid": "{5366AC59-28B7-4003-8572-1D6ACBD31201}", "shape_Length": 0.00013923226559988476, "shape_Area": 8.5740891995103689e-10 }, "geometry": { "type": "MultiPolygon", "coordinates": [ [ [ [ 14.41460120000005, 50.070587161000049 ], [ 14.414647479000052, 50.070590139000046 ], [ 14.414631017000033, 50.070569265000074 ], [ 14.414587771000072, 50.070568464000075 ], [ 14.41460120000005, 50.070587161000049 ] ] ] ] } },
{ "type": "Feature", "properties": { "objectid": 68604, "zps_id": "2559", "id_poskyt": 38, "shape_area_1": 0.0, "globalid": "{A221E146-1B32-425B-8CC4-BB0BFB74F458}", "shape_Length": 0.00014181265602927404, "shape_Area": 1.1101930705080776e-09 }, "geometry": { "type": "MultiPolygon", "coordinates": [ [ [ [ 14.415387953000049, 50.067096538000044 ], [ 14.415433550000046, 50.067103410000072 ], [ 14.415439616000072, 50.067080913000041 ], [ 14.415391488000068, 50.067073153000081 ], [ 14.415387953000049, 50.067096538000044 ] ] ] ] } },
{ "type": "Feature", "properties": { "objectid": 68605, "zps_id": "15725", "id_poskyt": 38, "shape_area_1": 0.0, "globalid": "{3A5B0B84-D7D9-4C7D-AE0D-E7C94998F405}", "shape_Length": 0.000130855865787932, "shape_Area": 8.8684253790321663e-10 }, "geometry": { "type": "MultiPolygon", "coordinates": [ [ [ [ 14.417437569000072, 50.067080433000058 ], [ 14.417451975000063, 50.067096666000054 ], [ 14.417492546000062, 50.067079504000048 ], [ 14.417478587000062, 50.067063954000048 ], [ 14.417437569000072, 50.067080433000058 ] ] ] ] } },
{ "type": "Feature", "properties": { "objectid": 68606, "zps_id": "3119", "id_poskyt": 38, "shape_area_1": 0.0, "globalid": "{2960C5EB-D1BF-4D48-BF57-F4092507FDA7}", "shape_Length": 0.00014025967984181129, "shape_Area": 1.0148454608618851e-09 }, "geometry": { "type": "MultiPolygon", "coordinates": [ [ [ [ 14.436692428000072, 50.071845237000048 ], [ 14.436736142000029, 50.071860955000034 ], [ 14.436751774000072, 50.071843615000034 ], [ 14.436707092000063, 50.071827548000044 ], [ 14.436692428000072, 50.071845237000048 ] ] ] ] } },
{ "type": "Feature", "properties": { "objectid": 68607, "zps_id": "3127", "id_poskyt": 38, "shape_area_1": 0.0, "globalid": "{0DE564E7-529B-4BDA-B728-5642205069A1}", "shape_Length": 0.00012132698860085229, "shape_Area": 7.9044219891525922e-10 }, "geometry": { "type": "MultiPolygon", "coordinates": [ [ [ [ 14.436690075000058, 50.071893512000031 ], [ 14.436726587000067, 50.07190670500006 ], [ 14.43674087100004, 50.071889790000057 ], [ 14.436704011000074, 50.071877237000081 ], [ 14.436690075000058, 50.071893512000031 ] ] ] ] } },
{ "type": "Feature", "properties": { "objectid": 68608, "zps_id": "3125", "id_poskyt": 38, "shape_area_1": 0.0, "globalid": "{E915A709-C948-4A1C-8E35-B6B893861578}", "shape_Length": 0.00010125256445178154, "shape_Area": 6.2629893922947106e-10 }, "geometry": { "type": "MultiPolygon", "coordinates": [ [ [ [ 14.440183024000078, 50.073507380000081 ], [ 14.440195269000071, 50.073490310000068 ], [ 14.440173206000054, 50.073472305000053 ], [ 14.440159344000051, 50.073489549000044 ], [ 14.440183024000078, 50.073507380000081 ] ] ] ] } },
{ "type": "Feature", "properties": { "objectid": 68609, "zps_id": "3126", "id_poskyt": 38, "shape_area_1": 0.0, "globalid": "{FAC66248-D7E6-461A-A701-631D786234B8}", "shape_Length": 0.00012520197418562081, "shape_Area": 6.7771810169602469e-10 }, "geometry": { "type": "MultiPolygon", "coordinates": [ [ [ [ 14.440221258000065, 50.073477488000037 ], [ 14.440256121000061, 50.073474099000066 ], [ 14.440232023000021, 50.073455996000064 ], [ 14.440199576000055, 50.073461078000037 ], [ 14.440221258000065, 50.073477488000037 ] ] ] ] } },
{ "type": "Feature", "properties": { "objectid": 68610, "zps_id": "21245", "id_poskyt": 38, "shape_area_1": 0.0, "globalid": "{5BD840BB-BE3D-4DAA-864B-84CBC0F4ED6A}", "shape_Length": 0.00025542981389955669, "shape_Area": 3.7322304282800269e-09 }, "geometry": { "type": "MultiPolygon", "coordinates": [ [ [ [ 14.42284498600003, 50.097727870000028 ], [ 14.422815398000068, 50.097699648000059 ], [ 14.422791350000068, 50.097700069000041 ], [ 14.422759909000035, 50.097696080000048 ], [ 14.422739807000028, 50.097738399000036 ], [ 14.422809374000053, 50.097749250000049 ], [ 14.42284498600003, 50.097727870000028 ] ] ] ] } },
{ "type": "Feature", "properties": { "objectid": 68611, "zps_id": "20428", "id_poskyt": 38, "shape_area_1": 0.0, "globalid": "{20D12872-E45B-48D9-A0A6-59B89B9194C6}", "shape_Length": 0.00030442047843226425, "shape_Area": 5.6546170513538593e-09 }, "geometry": { "type": "MultiPolygon", "coordinates": [ [ [ [ 14.425311258000022, 50.092274860000032 ], [ 14.425317267000025, 50.092187120000062 ], [ 14.425252146000048, 50.092185796000081 ], [ 14.425247295000077, 50.092273012000078 ], [ 14.425311258000022, 50.092274860000032 ] ] ] ] } },
{ "type": "Feature", "properties": { "objectid": 68612, "zps_id": "12460", "id_poskyt": 38, "shape_area_1": 0.0, "globalid": "{E03D170C-2629-428E-9BA7-185FE027DCFB}", "shape_Length": 0.00024038756213547435, "shape_Area": 3.3275763856105277e-09 }, "geometry": { "type": "MultiPolygon", "coordinates": [ [ [ [ 14.485736515000042, 50.108068058000072 ], [ 14.485660485000039, 50.108074711000029 ], [ 14.485669451000035, 50.108117888000038 ], [ 14.485745376000068, 50.108110871000065 ], [ 14.485736515000042, 50.108068058000072 ] ] ] ] } },
{ "type": "Feature", "properties": { "objectid": 68613, "zps_id": "7716", "id_poskyt": 38, "shape_area_1": 0.0, "globalid": "{7FBCBCBF-06F9-4FB3-970A-74422D709ACA}", "shape_Length": 0.00021117001333536862, "shape_Area": 2.6145802759409001e-09 }, "geometry": { "type": "MultiPolygon", "coordinates": [ [ [ [ 14.342214624000064, 50.084618070000033 ], [ 14.34223731000003, 50.084657010000058 ], [ 14.342295954000065, 50.08464293600008 ], [ 14.342274003000057, 50.084603933000039 ], [ 14.342214624000064, 50.084618070000033 ] ] ] ] } },
{ "type": "Feature", "properties": { "objectid": 68614, "zps_id": "13484", "id_poskyt": 38, "shape_area_1": 0.0, "globalid": "{AC642D28-2731-4AC9-9284-A11A333BE429}", "shape_Length": 0.0002357481951236546, "shape_Area": 3.1758966240122822e-09 }, "geometry": { "type": "MultiPolygon", "coordinates": [ [ [ [ 14.389482202000067, 50.105878369000038 ], [ 14.389527567000073, 50.105913048000048 ], [ 14.389580779000028, 50.105884543000059 ], [ 14.389534446000027, 50.105849044000081 ], [ 14.389482202000067, 50.105878369000038 ] ] ] ] } },
{ "type": "Feature", "properties": { "objectid": 68615, "zps_id": "7843", "id_poskyt": 38, "shape_area_1": 0.0, "globalid": "{0342EE0D-B825-46AF-8E91-9CCB4A6F43FA}", "shape_Length": 0.00022577437042055044, "shape_Area": 3.024793288041866e-09 }, "geometry": { "type": "MultiPolygon", "coordinates": [ [ [ [ 14.386372956000059, 50.087670649000074 ], [ 14.386440784000058, 50.087676421000026 ], [ 14.386450171000035, 50.087632689000031 ], [ 14.386382148000052, 50.087626900000032 ], [ 14.386372956000059, 50.087670649000074 ] ] ] ] } },
{ "type": "Feature", "properties": { "objectid": 68616, "zps_id": "8013", "id_poskyt": 38, "shape_area_1": 0.0, "globalid": "{8185B418-6E6B-479D-AF2F-A213E07B2A31}", "shape_Length": 0.00017144937936544672, "shape_Area": 1.1184735145092526e-09 }, "geometry": { "type": "MultiPolygon", "coordinates": [ [ [ [ 14.39694312000006, 50.103056520000052 ], [ 14.396932718000073, 50.103039423000041 ], [ 14.396870530000058, 50.103036320000058 ], [ 14.396870696000065, 50.103052980000029 ], [ 14.39694312000006, 50.103056520000052 ] ] ] ] } },
{ "type": "Feature", "properties": { "objectid": 68617, "zps_id": "3042", "id_poskyt": 38, "shape_area_1": 0.0, "globalid": "{5586BBA5-5A7A-4A1C-AB3C-567E58E84E3E}", "shape_Length": 0.00016725027708959554, "shape_Area": 1.5869993193767819e-09 }, "geometry": { "type": "MultiPolygon", "coordinates": [ [ [ [ 14.435353895000048, 50.074942907000036 ], [ 14.435313002000044, 50.074910929000055 ], [ 14.435302647000071, 50.074943576000067 ], [ 14.435342885000068, 50.074972473000059 ], [ 14.435353895000048, 50.074942907000036 ] ] ] ] } },
{ "type": "Feature", "properties": { "objectid": 68618, "zps_id": "16628", "id_poskyt": 38, "shape_area_1": 0.0, "globalid": "{EAD72A67-CFF6-4F61-87D2-77FEE30647C6}", "shape_Length": 0.00034166681158205939, "shape_Area": 2.7526587475729746e-09 }, "geometry": { "type": "MultiPolygon", "coordinates": [ [ [ [ 14.488909027000034, 50.095006811000076 ], [ 14.489061873000026, 50.09500973300004 ], [ 14.48906254700006, 50.09499162600008 ], [ 14.488909813000078, 50.094988913000066 ], [ 14.488909027000034, 50.095006811000076 ] ] ] ] } },
{ "type": "Feature", "properties": { "objectid": 68619, "zps_id": "16577", "id_poskyt": 38, "shape_area_1": 0.0, "globalid": "{2108C290-C1B1-485C-AFD9-1D2594CBD52C}", "shape_Length": 0.00024876686264056167, "shape_Area": 3.83706237815202e-09 }, "geometry": { "type": "MultiPolygon", "coordinates": [ [ [ [ 14.449725580000063, 50.081236607000051 ], [ 14.449785447000068, 50.081266515000038 ], [ 14.449811877000059, 50.081216120000079 ], [ 14.449750456000061, 50.081185895000033 ], [ 14.449725580000063, 50.081236607000051 ] ] ] ] } },
{ "type": "Feature", "properties": { "objectid": 68620, "zps_id": "3006", "id_poskyt": 38, "shape_area_1": 0.0, "globalid": "{99239EE2-ECE5-4035-BC88-03FEEF579C61}", "shape_Length": 0.00026596909914564196, "shape_Area": 4.1543856201262589e-09 }, "geometry": { "type": "MultiPolygon", "coordinates": [ [ [ [ 14.440551096000036, 50.074054466000064 ], [ 14.440619932000061, 50.074033105000069 ], [ 14.440621075000024, 50.073971774000029 ], [ 14.440552307000075, 50.073994283000047 ], [ 14.440551096000036, 50.074054466000064 ] ] ] ] } },
{ "type": "Feature", "properties": { "objectid": 68621, "zps_id": "21024", "id_poskyt": 38, "shape_area_1": 0.0, "globalid": "{FF7AEDEB-5EEF-4996-907F-1B815B61A665}", "shape_Length": 0.00017084654351809018, "shape_Area": 1.7983573248421803e-09 }, "geometry": { "type": "MultiPolygon", "coordinates": [ [ [ [ 14.43520581000007, 50.093798518000028 ], [ 14.435167028000023, 50.093795552000074 ], [ 14.43515874600007, 50.09384145000007 ], [ 14.435197146000064, 50.093844500000046 ], [ 14.43520581000007, 50.093798518000028 ] ] ] ] } },
{ "type": "Feature", "properties": { "objectid": 68622, "zps_id": "21024", "id_poskyt": 38, "shape_area_1": 0.0, "globalid": "{272D4CB0-F951-4633-A54E-2DAA9F0D17D4}", "shape_Length": 0.00024526101871812664, "shape_Area": 3.520236836636882e-09 }, "geometry": { "type": "MultiPolygon", "coordinates": [ [ [ [ 14.435143925000034, 50.093793936000054 ], [ 14.435067660000072, 50.093787729000042 ], [ 14.435059731000024, 50.093833495000069 ], [ 14.435135432000038, 50.09383950800003 ], [ 14.435143925000034, 50.093793936000054 ] ] ] ] } },
{ "type": "Feature", "properties": { "objectid": 68623, "zps_id": "21024", "id_poskyt": 38, "shape_area_1": 0.0, "globalid": "{7589911D-D9DE-4CEC-82E2-4EE507C4C7FA}", "shape_Length": 0.00024597509147410352, "shape_Area": 3.5301768151749287e-09 }, "geometry": { "type": "MultiPolygon", "coordinates": [ [ [ [ 14.435044911000034, 50.093785981000053 ], [ 14.434968082000069, 50.093780159000062 ], [ 14.434960301000046, 50.093825504000051 ], [ 14.43503662300003, 50.093831588000057 ], [ 14.435044911000034, 50.093785981000053 ] ] ] ] } },
{ "type": "Feature", "properties": { "objectid": 68624, "zps_id": "21024", "id_poskyt": 38, "shape_area_1": 0.0, "globalid": "{EC15765A-D13E-4611-BB01-35A68D886AD1}", "shape_Length": 0.00017228189329482956, "shape_Area": 1.8334772834749527e-09 }, "geometry": { "type": "MultiPolygon", "coordinates": [ [ [ [ 14.434897057000057, 50.09382073900008 ], [ 14.434937154000067, 50.093823630000031 ], [ 14.434945407000043, 50.093778265000026 ], [ 14.434905918000027, 50.093775228000027 ], [ 14.434897057000057, 50.09382073900008 ] ] ] ] } },
{ "type": "Feature", "properties": { "objectid": 68625, "zps_id": "10711", "id_poskyt": 38, "shape_area_1": 0.0, "globalid": "{13AF3369-FFD1-47A9-A387-36E5CE617EFA}", "shape_Length": 0.00016644776847551837, "shape_Area": 1.7102707290027931e-09 }, "geometry": { "type": "MultiPolygon", "coordinates": [ [ [ [ 14.460851795000053, 50.042649558000051 ], [ 14.460814021000033, 50.042647275000036 ], [ 14.460807532000047, 50.042692334000037 ], [ 14.460845137000035, 50.042694482000059 ], [ 14.460851795000053, 50.042649558000051 ] ] ] ] } },
{ "type": "Feature", "properties": { "objectid": 68626, "zps_id": "10712", "id_poskyt": 38, "shape_area_1": 0.0, "globalid": "{35E0770F-1D7C-439C-9C29-052C3C8D1A13}", "shape_Length": 0.00016685516332086854, "shape_Area": 1.7227189230029706e-09 }, "geometry": { "type": "MultiPolygon", "coordinates": [ [ [ [ 14.460838136000064, 50.042751338000073 ], [ 14.460843822000072, 50.042706681000027 ], [ 14.460805930000049, 50.042704162000064 ], [ 14.460799940000072, 50.042749383000057 ], [ 14.460838136000064, 50.042751338000073 ] ] ] ] } },
{ "type": "Feature", "properties": { "objectid": 68627, "zps_id": "9077", "id_poskyt": 38, "shape_area_1": 0.0, "globalid": "{93AE6BB0-5E16-40D6-B168-40F7049FF4D3}", "shape_Length": 0.0004621356660518805, "shape_Area": 4.2537497786924702e-09 }, "geometry": { "type": "MultiPolygon", "coordinates": [ [ [ [ 14.403653855000073, 50.105519395000044 ], [ 14.403863883000042, 50.105502810000075 ], [ 14.40386058200005, 50.10548272300008 ], [ 14.403650322000033, 50.105499541000029 ], [ 14.403653855000073, 50.105519395000044 ] ] ] ] } },
{ "type": "Feature", "properties": { "objectid": 68628, "zps_id": "12399", "id_poskyt": 38, "shape_area_1": 0.0, "globalid": "{13F67DB0-61C8-4533-AC75-2B0FC390DF1D}", "shape_Length": 0.00037501120969429054, "shape_Area": 4.705183701528483e-09 }, "geometry": { "type": "MultiPolygon", "coordinates": [ [ [ [ 14.490479502000028, 50.107518252000034 ], [ 14.490500517000044, 50.107492530000059 ], [ 14.490353706000064, 50.107443163000028 ], [ 14.490333017000069, 50.10746735400005 ], [ 14.490479502000028, 50.107518252000034 ] ] ] ] } },
{ "type": "Feature", "properties": { "objectid": 68629, "zps_id": "3681", "id_poskyt": 38, "shape_area_1": 0.0, "globalid": "{7543EA43-C877-470D-BD09-3FEC4F5DD60B}", "shape_Length": 0.00054185057980404275, "shape_Area": 9.7016693667605944e-09 }, "geometry": { "type": "MultiPolygon", "coordinates": [ [ [ [ 14.417643328000054, 50.086789344000067 ], [ 14.417855099000064, 50.086862875000065 ], [ 14.417885771000044, 50.086827836000055 ], [ 14.417673705000027, 50.086754043000042 ], [ 14.417643328000054, 50.086789344000067 ] ] ] ] } },
{ "type": "Feature", "properties": { "objectid": 68630, "zps_id": "0", "id_poskyt": 38, "shape_area_1": 0.0, "globalid": "{224A4897-091E-406A-B745-A620917BA2FC}", "shape_Length": 0.0001783049363066834, "shape_Area": 1.3321586199312327e-09 }, "geometry": { "type": "MultiPolygon", "coordinates": [ [ [ [ 14.434244401000058, 50.091598039000075 ], [ 14.434257307000053, 50.091581338000026 ], [ 14.434191480000038, 50.091562141000054 ], [ 14.434179196000059, 50.091578698000035 ], [ 14.434244401000058, 50.091598039000075 ] ] ] ] } },
{ "type": "Feature", "properties": { "objectid": 68631, "zps_id": "5330", "id_poskyt": 38, "shape_area_1": 0.0, "globalid": "{4608EE73-DEEF-48CB-8A15-D78C405A6D84}", "shape_Length": 0.00017228287278687421, "shape_Area": 1.8010275716206975e-09 }, "geometry": { "type": "MultiPolygon", "coordinates": [ [ [ [ 14.426873076000049, 50.097292406000065 ], [ 14.426835063000055, 50.097286810000071 ], [ 14.426819813000066, 50.097332210000047 ], [ 14.426857384000073, 50.097337757000048 ], [ 14.426873076000049, 50.097292406000065 ] ] ] ] } },
{ "type": "Feature", "properties": { "objectid": 68632, "zps_id": "10131", "id_poskyt": 38, "shape_area_1": 0.0, "globalid": "{985E8FCE-18FB-41A4-A8E6-48512FE5BCD3}", "shape_Length": 0.00061783201900744115, "shape_Area": 6.0727298563600229e-09 }, "geometry": { "type": "MultiPolygon", "coordinates": [ [ [ [ 14.466954045000023, 50.094198187000075 ], [ 14.46722316000006, 50.094296318000033 ], [ 14.467237976000035, 50.094279002000064 ], [ 14.46696941600004, 50.094181319000029 ], [ 14.466954045000023, 50.094198187000075 ] ] ] ] } },
{ "type": "Feature", "properties": { "objectid": 68633, "zps_id": "0", "id_poskyt": 38, "shape_area_1": 0.0, "globalid": "{51BDC2D8-3802-4EE0-BBFD-69C9F40FF221}", "shape_Length": 0.00048130729575796374, "shape_Area": 4.774639257878412e-09 }, "geometry": { "type": "MultiPolygon", "coordinates": [ [ [ [ 14.420219060000022, 50.078571307000061 ], [ 14.420428128000026, 50.078630148000059 ], [ 14.420440829000029, 50.078611459000058 ], [ 14.420230924000066, 50.078551384000036 ], [ 14.420219060000022, 50.078571307000061 ] ] ] ] } },
{ "type": "Feature", "properties": { "objectid": 68634, "zps_id": "5001", "id_poskyt": 38, "shape_area_1": 0.0, "globalid": "{93CD9395-12ED-4D23-918E-451FD78DD749}", "shape_Length": 0.00021750284913710794, "shape_Area": 2.2686181585007885e-09 }, "geometry": { "type": "MultiPolygon", "coordinates": [ [ [ [ 14.477467263000051, 50.093724193000071 ], [ 14.477495995000027, 50.09365066600003 ], [ 14.477468669000075, 50.093645630000026 ], [ 14.477437015000078, 50.093719236000027 ], [ 14.477467263000051, 50.093724193000071 ] ] ] ] } },
{ "type": "Feature", "properties": { "objectid": 68635, "zps_id": "8537", "id_poskyt": 38, "shape_area_1": 0.0, "globalid": "{38AB2A0D-A908-45B5-82E8-78CD2F903A88}", "shape_Length": 0.00038126190120572385, "shape_Area": 3.1641886017689158e-09 }, "geometry": { "type": "MultiPolygon", "coordinates": [ [ [ [ 14.394282175000058, 50.098184205000052 ], [ 14.394454406000023, 50.098175439000045 ], [ 14.394452240000021, 50.098157385000036 ], [ 14.394280438000067, 50.098165663000032 ], [ 14.394282175000058, 50.098184205000052 ] ] ] ] } },
{ "type": "Feature", "properties": { "objectid": 68636, "zps_id": "16368", "id_poskyt": 38, "shape_area_1": 0.0, "globalid": "{92AA9205-90A3-4A77-9E48-7D02ED715756}", "shape_Length": 0.00022386731672002154, "shape_Area": 2.930839477913314e-09 }, "geometry": { "type": "MultiPolygon", "coordinates": [ [ [ [ 14.480362043000071, 50.069673488000035 ], [ 14.480294034000053, 50.069664968000041 ], [ 14.480281253000044, 50.069706331000077 ], [ 14.48034911700006, 50.069715130000077 ], [ 14.480362043000071, 50.069673488000035 ] ] ] ] } },
{ "type": "Feature", "properties": { "objectid": 68637, "zps_id": "16368", "id_poskyt": 38, "shape_area_1": 0.0, "globalid": "{B8FE7A39-1F86-465E-8852-DFBE7D09EBFC}", "shape_Length": 0.0002282732424636678, "shape_Area": 3.0526843205146834e-09 }, "geometry": { "type": "MultiPolygon", "coordinates": [ [ [ [ 14.481082321000031, 50.069806060000076 ], [ 14.481095804000063, 50.069763389000059 ], [ 14.481026706000023, 50.069754945000057 ], [ 14.481013533000066, 50.069797554000047 ], [ 14.481082321000031, 50.069806060000076 ] ] ] ] } },
{ "type": "Feature", "properties": { "objectid": 68638, "zps_id": "3328", "id_poskyt": 38, "shape_area_1": 0.0, "globalid": "{48B8B6E8-086F-4160-A671-D7408FCFC74D}", "shape_Length": 0.00027185249094806914, "shape_Area": 4.1733371775643359e-09 }, "geometry": { "type": "MultiPolygon", "coordinates": [ [ [ [ 14.393984436000039, 50.088727308000045 ], [ 14.39393255300007, 50.088709923000067 ], [ 14.393881619000069, 50.088773046000028 ], [ 14.393933969000045, 50.088790473000074 ], [ 14.393984436000039, 50.088727308000045 ] ] ] ] } },
{ "type": "Feature", "properties": { "objectid": 68639, "zps_id": "8319", "id_poskyt": 38, "shape_area_1": 0.0, "globalid": "{7C2A7B69-C2A8-464C-B0CC-399BA6A480F5}", "shape_Length": 0.00012455222351097361, "shape_Area": 9.679460181134953e-10 }, "geometry": { "type": "MultiPolygon", "coordinates": [ [ [ [ 14.391116995000061, 50.107290793000061 ], [ 14.391117259000055, 50.107258849000061 ], [ 14.391087276000064, 50.107257440000069 ], [ 14.391086944000051, 50.107289967000042 ], [ 14.391116995000061, 50.107290793000061 ] ] ] ] } },
{ "type": "Feature", "properties": { "objectid": 68640, "zps_id": "21354", "id_poskyt": 38, "shape_area_1": 0.0, "globalid": "{45A0A713-9B43-4A84-9511-B93BB3EAAB5B}", "shape_Length": 0.00040879271942899852, "shape_Area": 9.8149198274773846e-09 }, "geometry": { "type": "MultiPolygon", "coordinates": [ [ [ [ 14.397323448000066, 50.040151398000035 ], [ 14.397387601000048, 50.040155337000044 ], [ 14.397407817000044, 50.040020216000073 ], [ 14.397337886000059, 50.040016481000066 ], [ 14.397326208000038, 50.040070211000057 ], [ 14.397316885000066, 50.040129533000027 ], [ 14.397323448000066, 50.040151398000035 ] ] ] ] } },
{ "type": "Feature", "properties": { "objectid": 68641, "zps_id": "3468", "id_poskyt": 38, "shape_area_1": 0.0, "globalid": "{399C9EE4-7738-42F0-88AB-4E62A3AF8B23}", "shape_Length": 0.00014552400785159216, "shape_Area": 1.2173203828194612e-09 }, "geometry": { "type": "MultiPolygon", "coordinates": [ [ [ [ 14.40926335100005, 50.088222818000077 ], [ 14.409237402000031, 50.088189842000077 ], [ 14.409207698000046, 50.088200560000075 ], [ 14.409233957000026, 50.088232211000047 ], [ 14.40926335100005, 50.088222818000077 ] ] ] ] } },
{ "type": "Feature", "properties": { "objectid": 68642, "zps_id": "3697", "id_poskyt": 38, "shape_area_1": 0.0, "globalid": "{54F36817-EDFE-492F-88BD-7B2C17CE9FB3}", "shape_Length": 0.00028688827072534487, "shape_Area": 4.3806464644695514e-09 }, "geometry": { "type": "MultiPolygon", "coordinates": [ [ [ [ 14.421951763000038, 50.084767182000064 ], [ 14.421876897000061, 50.084716761000038 ], [ 14.421831773000065, 50.084744604000036 ], [ 14.421906308000075, 50.08479531200004 ], [ 14.421951763000038, 50.084767182000064 ] ] ] ] } },
{ "type": "Feature", "properties": { "objectid": 68643, "zps_id": "14885", "id_poskyt": 38, "shape_area_1": 0.0, "globalid": "{26A4F1C3-CE68-4054-A690-8C4A462088AA}", "shape_Length": 0.00014526334824040873, "shape_Area": 1.2544812829483553e-09 }, "geometry": { "type": "MultiPolygon", "coordinates": [ [ [ [ 14.38027857000003, 50.094885384000065 ], [ 14.380279003000055, 50.094841056000064 ], [ 14.380250626000077, 50.094840938000061 ], [ 14.380250359000058, 50.094885282000064 ], [ 14.38027857000003, 50.094885384000065 ] ] ] ] } },
{ "type": "Feature", "properties": { "objectid": 68644, "zps_id": "12038", "id_poskyt": 38, "shape_area_1": 0.0, "globalid": "{3541104A-13D5-4D25-BF3E-5A2AF85F794F}", "shape_Length": 0.00018578072909977483, "shape_Area": 1.2115091797635458e-09 }, "geometry": { "type": "MultiPolygon", "coordinates": [ [ [ [ 14.431992408000042, 50.087202563000062 ], [ 14.431966190000026, 50.087180696000075 ], [ 14.431906751000042, 50.087180284000056 ], [ 14.431940713000074, 50.087202357000081 ], [ 14.431992408000042, 50.087202563000062 ] ] ] ] } },
{ "type": "Feature", "properties": { "objectid": 68645, "zps_id": "8703", "id_poskyt": 38, "shape_area_1": 0.0, "globalid": "{D86E9C77-FF6C-4AF1-AA90-8D74B62465C6}", "shape_Length": 0.00022460856962073906, "shape_Area": 1.7689723733373664e-09 }, "geometry": { "type": "MultiPolygon", "coordinates": [ [ [ [ 14.39885477100006, 50.097912707000035 ], [ 14.398937271000023, 50.097874482000066 ], [ 14.398921565000023, 50.097860926000067 ], [ 14.398838457000068, 50.097898118000046 ], [ 14.39885477100006, 50.097912707000035 ] ] ] ] } },
{ "type": "Feature", "properties": { "objectid": 68646, "zps_id": "8229", "id_poskyt": 38, "shape_area_1": 0.0, "globalid": "{73BEEDDF-BE5A-4764-B63D-89E3F1FBA14A}", "shape_Length": 0.00016411590300097515, "shape_Area": 1.3736554785124893e-09 }, "geometry": { "type": "MultiPolygon", "coordinates": [ [ [ [ 14.399762042000077, 50.098200148000046 ], [ 14.399736996000058, 50.098208446000058 ], [ 14.399772080000048, 50.098252783000078 ], [ 14.399796046000063, 50.098244388000069 ], [ 14.399762042000077, 50.098200148000046 ] ] ] ] } },
{ "type": "Feature", "properties": { "objectid": 68647, "zps_id": "2666", "id_poskyt": 38, "shape_area_1": 0.0, "globalid": "{BD1F422D-621E-4B6A-8342-B503C1493C12}", "shape_Length": 0.00019196685773635082, "shape_Area": 2.2858819438865614e-09 }, "geometry": { "type": "MultiPolygon", "coordinates": [ [ [ [ 14.420705403000056, 50.073455982000041 ], [ 14.420654292000052, 50.073452707000058 ], [ 14.420648251000046, 50.073498105000056 ], [ 14.420698404000063, 50.073500188000025 ], [ 14.420705403000056, 50.073455982000041 ] ] ] ] } },
{ "type": "Feature", "properties": { "objectid": 68648, "zps_id": "12051", "id_poskyt": 38, "shape_area_1": 0.0, "globalid": "{8EA3A929-8611-40C2-A046-36559F27D76B}", "shape_Length": 0.00019179835745018289, "shape_Area": 1.7032185288392877e-09 }, "geometry": { "type": "MultiPolygon", "coordinates": [ [ [ [ 14.422073241000078, 50.084770867000032 ], [ 14.422129902000052, 50.084809709000069 ], [ 14.422153175000062, 50.084795278000058 ], [ 14.422096062000037, 50.084756759000072 ], [ 14.422073241000078, 50.084770867000032 ] ] ] ] } },
{ "type": "Feature", "properties": { "objectid": 68649, "zps_id": "21438", "id_poskyt": 38, "shape_area_1": 0.0, "globalid": "{557EC823-FD67-42B1-BC74-E699DDBC2850}", "shape_Length": 0.00017825518189553495, "shape_Area": 1.8346016569343162e-09 }, "geometry": { "type": "MultiPolygon", "coordinates": [ [ [ [ 14.522656940000047, 50.141435007000041 ], [ 14.522689870000022, 50.141402085000038 ], [ 14.522650877000046, 50.141385478000075 ], [ 14.522617880000041, 50.141419174000077 ], [ 14.522656940000047, 50.141435007000041 ] ] ] ] } },
{ "type": "Feature", "properties": { "objectid": 68650, "zps_id": "21443", "id_poskyt": 38, "shape_area_1": 0.0, "globalid": "{5B960155-A062-4C6A-B37C-7579A5A0318A}", "shape_Length": 0.00013946272719662166, "shape_Area": 1.1709408361146759e-09 }, "geometry": { "type": "MultiPolygon", "coordinates": [ [ [ [ 14.522054465000053, 50.141381996000064 ], [ 14.522066025000072, 50.141420839000034 ], [ 14.522095820000061, 50.141415843000061 ], [ 14.522082694000062, 50.141377853000051 ], [ 14.522054465000053, 50.141381996000064 ] ] ] ] } },
{ "type": "Feature", "properties": { "objectid": 68651, "zps_id": "21020", "id_poskyt": 38, "shape_area_1": 0.0, "globalid": "{7F664656-3FC4-4A84-BC8E-392896160DCF}", "shape_Length": 0.00019465838554091777, "shape_Area": 1.4555469920858309e-09 }, "geometry": { "type": "MultiPolygon", "coordinates": [ [ [ [ 14.443702005000034, 50.105045089000043 ], [ 14.443703794000044, 50.105026596000073 ], [ 14.443624310000075, 50.105025666000074 ], [ 14.443623838000065, 50.10504407600007 ], [ 14.443702005000034, 50.105045089000043 ] ] ] ] } },
{ "type": "Feature", "properties": { "objectid": 68652, "zps_id": "5486", "id_poskyt": 38, "shape_area_1": 0.0, "globalid": "{045F61F7-271B-4A2D-8632-133FC3598802}", "shape_Length": 0.00014959042286043317, "shape_Area": 1.2669187300282982e-09 }, "geometry": { "type": "MultiPolygon", "coordinates": [ [ [ [ 14.434706258000062, 50.103452351000044 ], [ 14.434723870000028, 50.103419711000072 ], [ 14.434690485000033, 50.10341449200007 ], [ 14.434670832000052, 50.103453051000031 ], [ 14.434706258000062, 50.103452351000044 ] ] ] ] } },
{ "type": "Feature", "properties": { "objectid": 68653, "zps_id": "3979", "id_poskyt": 38, "shape_area_1": 0.0, "globalid": "{EFE55874-0A28-4D1E-8AC7-9E68DC6CF20A}", "shape_Length": 0.00016798403681686806, "shape_Area": 1.3526849447295923e-09 }, "geometry": { "type": "MultiPolygon", "coordinates": [ [ [ [ 14.426141437000069, 50.085202219000053 ], [ 14.426092511000036, 50.085236307000059 ], [ 14.426114569000049, 50.085249195000074 ], [ 14.426162085000044, 50.085215355000059 ], [ 14.426141437000069, 50.085202219000053 ] ] ] ] } },
{ "type": "Feature", "properties": { "objectid": 68654, "zps_id": "3719", "id_poskyt": 38, "shape_area_1": 0.0, "globalid": "{03D0290D-1F18-4319-8C52-BBF471A64C2B}", "shape_Length": 0.00016902043046485409, "shape_Area": 1.2917703215820244e-09 }, "geometry": { "type": "MultiPolygon", "coordinates": [ [ [ [ 14.417443117000062, 50.084069056000033 ], [ 14.417507216000047, 50.084072265000032 ], [ 14.417510543000049, 50.084052493000058 ], [ 14.417446207000069, 50.084048935000055 ], [ 14.417443117000062, 50.084069056000033 ] ] ] ] } },
{ "type": "Feature", "properties": { "objectid": 68655, "zps_id": "3881", "id_poskyt": 38, "shape_area_1": 0.0, "globalid": "{A413C37F-731C-46D1-99C9-AED303F181A6}", "shape_Length": 0.00013238040130740387, "shape_Area": 1.0631612156329623e-09 }, "geometry": { "type": "MultiPolygon", "coordinates": [ [ [ [ 14.423973542000056, 50.077492214000074 ], [ 14.423961846000054, 50.077457335000076 ], [ 14.423932838000042, 50.07746121100007 ], [ 14.42394420100004, 50.077496134000057 ], [ 14.423973542000056, 50.077492214000074 ] ] ] ] } },
{ "type": "Feature", "properties": { "objectid": 68656, "zps_id": "3925", "id_poskyt": 38, "shape_area_1": 0.0, "globalid": "{5FB21D1D-7E7F-4442-8930-EC509A945E87}", "shape_Length": 0.00015247090257489962, "shape_Area": 1.240276933254814e-09 }, "geometry": { "type": "MultiPolygon", "coordinates": [ [ [ [ 14.431845882000061, 50.081384597000067 ], [ 14.431891720000067, 50.081367296000053 ], [ 14.431874545000028, 50.081346282000027 ], [ 14.431828030000077, 50.081365891000075 ], [ 14.431845882000061, 50.081384597000067 ] ] ] ] } },
{ "type": "Feature", "properties": { "objectid": 68657, "zps_id": "4238", "id_poskyt": 38, "shape_area_1": 0.0, "globalid": "{38CB1FE2-320C-4CC8-BCCB-4115867B4F39}", "shape_Length": 0.00017802432429764729, "shape_Area": 1.327096053710065e-09 }, "geometry": { "type": "MultiPolygon", "coordinates": [ [ [ [ 14.419949622000047, 50.07921198300005 ], [ 14.419879450000053, 50.079214382000032 ], [ 14.419880859000045, 50.079233176000059 ], [ 14.41995072800006, 50.079231013000026 ], [ 14.419949622000047, 50.07921198300005 ] ] ] ] } },
{ "type": "Feature", "properties": { "objectid": 68658, "zps_id": "3717", "id_poskyt": 38, "shape_area_1": 0.0, "globalid": "{6AD21004-F251-44B7-9BCA-EC4E7A9183E2}", "shape_Length": 0.00016170012435111564, "shape_Area": 1.5919827543508554e-09 }, "geometry": { "type": "MultiPolygon", "coordinates": [ [ [ [ 14.418324021000046, 50.083939678000036 ], [ 14.41835562600005, 50.083939636000082 ], [ 14.418365522000045, 50.083895024000071 ], [ 14.418325534000076, 50.083895294000058 ], [ 14.418324021000046, 50.083939678000036 ] ] ] ] } },
{ "type": "Feature", "properties": { "objectid": 68659, "zps_id": "21929", "id_poskyt": 38, "shape_area_1": 0.0, "globalid": "{0BEF8A8F-9406-4FCC-95B4-D6BBC53134A2}", "shape_Length": 0.00015747825498001655, "shape_Area": 1.1319083436536143e-09 }, "geometry": { "type": "MultiPolygon", "coordinates": [ [ [ [ 14.419327386000077, 50.082458080000038 ], [ 14.41931836200007, 50.082475541000065 ], [ 14.419375597000055, 50.082488424000076 ], [ 14.419384996000076, 50.08247052400003 ], [ 14.419327386000077, 50.082458080000038 ] ] ] ] } },
{ "type": "Feature", "properties": { "objectid": 68660, "zps_id": "5623", "id_poskyt": 38, "shape_area_1": 0.0, "globalid": "{430B55D7-9367-4349-999B-251D367008D4}", "shape_Length": 0.00021575760760798683, "shape_Area": 2.7989577769942089e-09 }, "geometry": { "type": "MultiPolygon", "coordinates": [ [ [ [ 14.446949071000063, 50.104235821000032 ], [ 14.446951438000042, 50.104195380000078 ], [ 14.446951366000064, 50.104186725000034 ], [ 14.44695241200003, 50.10418181700004 ], [ 14.44695648000004, 50.104176449000079 ], [ 14.446947287000057, 50.10417555600003 ], [ 14.446913418000065, 50.104171866000058 ], [ 14.446909525000024, 50.104176025000072 ], [ 14.446906739000042, 50.104184718000056 ], [ 14.446903062000047, 50.104235279000079 ], [ 14.446920093000074, 50.10423533900007 ], [ 14.446949071000063, 50.104235821000032 ] ] ] ] } },
{ "type": "Feature", "properties": { "objectid": 68661, "zps_id": "7321", "id_poskyt": 38, "shape_area_1": 0.0, "globalid": "{C7222660-B6F2-49A1-A816-2FA1BBAB3D16}", "shape_Length": 0.00027324445654238448, "shape_Area": 3.3579068677811574e-09 }, "geometry": { "type": "MultiPolygon", "coordinates": [ [ [ [ 14.403928505000067, 50.073444621000078 ], [ 14.403934122000067, 50.073340380000047 ], [ 14.403903039000056, 50.073339655000041 ], [ 14.403895246000047, 50.073443857000029 ], [ 14.403895755000065, 50.073443869000073 ], [ 14.403928505000067, 50.073444621000078 ] ] ] ] } },
{ "type": "Feature", "properties": { "objectid": 68662, "zps_id": "7321", "id_poskyt": 38, "shape_area_1": 0.0, "globalid": "{B3321D88-D593-4B29-A77D-2E8D3D8A9D6D}", "shape_Length": 0.00037297980211473841, "shape_Area": 5.0708418541390856e-09 }, "geometry": { "type": "MultiPolygon", "coordinates": [ [ [ [ 14.403928505000067, 50.073444621000078 ], [ 14.403895764000026, 50.073443749000035 ], [ 14.403895755000065, 50.073443869000073 ], [ 14.403884106000078, 50.073596547000079 ], [ 14.403917500000034, 50.073597794000079 ], [ 14.403928505000067, 50.073444621000078 ] ] ] ] } },
{ "type": "Feature", "properties": { "objectid": 68663, "zps_id": "21728", "id_poskyt": 38, "shape_area_1": 0.0, "globalid": "{65943101-A4EE-424B-A03D-96DF3EB7CA38}", "shape_Length": 0.0008236944482529554, "shape_Area": 1.3944879109304066e-08 }, "geometry": { "type": "MultiPolygon", "coordinates": [ [ [ [ 14.437112651000064, 50.08920181600007 ], [ 14.43715067200003, 50.089190447000078 ], [ 14.436932684000055, 50.088888790000055 ], [ 14.436894681000069, 50.088900160000037 ], [ 14.437112651000064, 50.08920181600007 ] ] ] ] } },
{ "type": "Feature", "properties": { "objectid": 68664, "zps_id": "3266", "id_poskyt": 38, "shape_area_1": 0.0, "globalid": "{E12BB42F-E69D-47CF-9127-39505A938CB2}", "shape_Length": 0.00027188506258808909, "shape_Area": 4.6807727321885823e-09 }, "geometry": { "type": "MultiPolygon", "coordinates": [ [ [ [ 14.445862957000031, 50.074907125000038 ], [ 14.445927212000072, 50.074926670000082 ], [ 14.44593922100006, 50.07490269200008 ], [ 14.445940027000063, 50.074865599000077 ], [ 14.445927414000039, 50.074861924000061 ], [ 14.445864566000068, 50.074844656000039 ], [ 14.445862957000031, 50.074907125000038 ] ] ] ] } },
{ "type": "Feature", "properties": { "objectid": 68665, "zps_id": "3276", "id_poskyt": 38, "shape_area_1": 0.0, "globalid": "{A45B7B69-C792-490E-8251-4C5D3D836B6B}", "shape_Length": 0.00038074327329493763, "shape_Area": 3.1248036025093348e-09 }, "geometry": { "type": "MultiPolygon", "coordinates": [ [ [ [ 14.446703290000073, 50.074400387000026 ], [ 14.446702781000056, 50.074418519000062 ], [ 14.446875098000078, 50.074419865000038 ], [ 14.446875414000033, 50.074401715000079 ], [ 14.446703290000073, 50.074400387000026 ] ] ] ] } },
{ "type": "Feature", "properties": { "objectid": 68666, "zps_id": "3256", "id_poskyt": 38, "shape_area_1": 0.0, "globalid": "{682DBE0E-6070-4698-A887-6FFD0BDAFAA0}", "shape_Length": 0.00028579142260870219, "shape_Area": 5.2095897438123258e-09 }, "geometry": { "type": "MultiPolygon", "coordinates": [ [ [ [ 14.445849258000067, 50.075852953000037 ], [ 14.445910476000051, 50.075869007000051 ], [ 14.445921630000043, 50.075845216000062 ], [ 14.44592310400003, 50.075798443000053 ], [ 14.445849693000071, 50.075779371000067 ], [ 14.445849258000067, 50.075852953000037 ] ] ] ] } },
{ "type": "Feature", "properties": { "objectid": 68667, "zps_id": "15735", "id_poskyt": 38, "shape_area_1": 0.0, "globalid": "{5A74AB80-CD02-4860-93E3-3DF0DD9BFC2D}", "shape_Length": 0.00025783793598210575, "shape_Area": 2.7873046425828806e-09 }, "geometry": { "type": "MultiPolygon", "coordinates": [ [ [ [ 14.447705579000058, 50.074222658000053 ], [ 14.447733238000069, 50.074222969000061 ], [ 14.447737053000026, 50.074121697000066 ], [ 14.44770974000005, 50.074121227000035 ], [ 14.447705579000058, 50.074222658000053 ] ] ] ] } },
{ "type": "Feature", "properties": { "objectid": 68668, "zps_id": "15735", "id_poskyt": 38, "shape_area_1": 0.0, "globalid": "{A07C3849-45EF-4624-B0F7-77C39A82C201}", "shape_Length": 0.00016130483141255686, "shape_Area": 1.479684847168851e-09 }, "geometry": { "type": "MultiPolygon", "coordinates": [ [ [ [ 14.447715634000076, 50.073925627000051 ], [ 14.447743855000056, 50.073926149000044 ], [ 14.447746031000065, 50.073873695000032 ], [ 14.447717774000068, 50.073873350000042 ], [ 14.447715634000076, 50.073925627000051 ] ] ] ] } },
{ "type": "Feature", "properties": { "objectid": 68669, "zps_id": "3298", "id_poskyt": 38, "shape_area_1": 0.0, "globalid": "{F9943862-3671-4B18-B625-8BD0C012970B}", "shape_Length": 0.0003340150091737978, "shape_Area": 2.8009088634382774e-09 }, "geometry": { "type": "MultiPolygon", "coordinates": [ [ [ [ 14.446688098000038, 50.072685874000058 ], [ 14.446688824000034, 50.072667189000072 ], [ 14.446540928000047, 50.072666084000048 ], [ 14.446539850000022, 50.072685220000039 ], [ 14.446688098000038, 50.072685874000058 ] ] ] ] } },
{ "type": "Feature", "properties": { "objectid": 68670, "zps_id": "21735", "id_poskyt": 38, "shape_area_1": 0.0, "globalid": "{8A1F2C6D-7463-4B0A-9186-E46E27F4A9A0}", "shape_Length": 0.00021742881563623846, "shape_Area": 2.883790055332721e-09 }, "geometry": { "type": "MultiPolygon", "coordinates": [ [ [ [ 14.424600011000052, 50.065316421000034 ], [ 14.424536848000059, 50.065315811000062 ], [ 14.424536114000034, 50.065361796000047 ], [ 14.424598445000072, 50.065362333000053 ], [ 14.424600011000052, 50.065316421000034 ] ] ] ] } },
{ "type": "Feature", "properties": { "objectid": 68671, "zps_id": "4051", "id_poskyt": 38, "shape_area_1": 0.0, "globalid": "{13BAEB34-74E5-4E83-A849-7618CE2864A2}", "shape_Length": 0.00013977906714994029, "shape_Area": 1.0951912769229213e-09 }, "geometry": { "type": "MultiPolygon", "coordinates": [ [ [ [ 14.423825718000046, 50.089276161000043 ], [ 14.423799847000055, 50.089267573000029 ], [ 14.423781623000025, 50.089289938000036 ], [ 14.423773213000061, 50.089301228000068 ], [ 14.423799326000051, 50.089309203000028 ], [ 14.423825718000046, 50.089276161000043 ] ] ] ] } },
{ "type": "Feature", "properties": { "objectid": 68672, "zps_id": "21741", "id_poskyt": 38, "shape_area_1": 0.0, "globalid": "{38947AB3-5055-444C-8C34-EC0725CB2782}", "shape_Length": 0.00013809940357937351, "shape_Area": 1.1544850571632872e-09 }, "geometry": { "type": "MultiPolygon", "coordinates": [ [ [ [ 14.41822901300003, 50.085510149000072 ], [ 14.41825910600005, 50.085514603000036 ], [ 14.418271615000037, 50.085477964000063 ], [ 14.418241658000056, 50.085473586000035 ], [ 14.41822901300003, 50.085510149000072 ] ] ] ] } },
{ "type": "Feature", "properties": { "objectid": 68673, "zps_id": "3591", "id_poskyt": 38, "shape_area_1": 0.0, "globalid": "{F2B63FC7-C35A-4E6F-88F0-A647EF270776}", "shape_Length": 0.00015671270675215128, "shape_Area": 1.3925877431854447e-09 }, "geometry": { "type": "MultiPolygon", "coordinates": [ [ [ [ 14.420832832000031, 50.089743075000058 ], [ 14.42080280700003, 50.089736378000055 ], [ 14.420780410000077, 50.089779159000045 ], [ 14.420809032000022, 50.089785223000035 ], [ 14.420832832000031, 50.089743075000058 ] ] ] ] } },
{ "type": "Feature", "properties": { "objectid": 68674, "zps_id": "21743", "id_poskyt": 38, "shape_area_1": 0.0, "globalid": "{D5EF6F6D-75CF-497E-9044-B9AC64DE1BBB}", "shape_Length": 0.00016133329827414743, "shape_Area": 1.2957884401642009e-09 }, "geometry": { "type": "MultiPolygon", "coordinates": [ [ [ [ 14.43000236000006, 50.08486599400004 ], [ 14.430027916000029, 50.084876368000039 ], [ 14.430066772000032, 50.084839628000054 ], [ 14.430044139000074, 50.084829493000029 ], [ 14.43000236000006, 50.08486599400004 ] ] ] ] } },
{ "type": "Feature", "properties": { "objectid": 68675, "zps_id": "9850", "id_poskyt": 38, "shape_area_1": 0.0, "globalid": "{71E2B8B1-F301-4D07-88A9-8756063C2B95}", "shape_Length": 0.00038991460798030515, "shape_Area": 3.6902499768109508e-09 }, "geometry": { "type": "MultiPolygon", "coordinates": [ [ [ [ 14.451437404000046, 50.090642967000065 ], [ 14.451268311000035, 50.09060697700005 ], [ 14.451258231000054, 50.090626598000028 ], [ 14.451427190000061, 50.090662684000051 ], [ 14.451437404000046, 50.090642967000065 ] ] ] ] } },
{ "type": "Feature", "properties": { "objectid": 68676, "zps_id": "21744", "id_poskyt": 38, "shape_area_1": 0.0, "globalid": "{82F57DA4-0E8C-4AB8-9641-E177CD9F61F4}", "shape_Length": 0.00029618288709505592, "shape_Area": 3.7850592158050817e-09 }, "geometry": { "type": "MultiPolygon", "coordinates": [ [ [ [ 14.455467412000075, 50.081493369000043 ], [ 14.455434331000049, 50.081488179000075 ], [ 14.455389547000038, 50.081592823000051 ], [ 14.455423861000043, 50.081598773000053 ], [ 14.455467412000075, 50.081493369000043 ] ] ] ] } },
{ "type": "Feature", "properties": { "objectid": 68677, "zps_id": "17813", "id_poskyt": 38, "shape_area_1": 0.0, "globalid": "{BEB8ECF4-C21E-4BBF-8632-E2E64244C829}", "shape_Length": 0.00028480902721987427, "shape_Area": 2.8859864062058952e-09 }, "geometry": { "type": "MultiPolygon", "coordinates": [ [ [ [ 14.480418790000044, 50.081891870000049 ], [ 14.480393806000052, 50.081883945000072 ], [ 14.480325617000062, 50.081978147000029 ], [ 14.480350611000063, 50.081985892000034 ], [ 14.480418790000044, 50.081891870000049 ] ] ] ] } },
{ "type": "Feature", "properties": { "objectid": 68678, "zps_id": "4277", "id_poskyt": 38, "shape_area_1": 0.0, "globalid": "{53779722-86EA-4E25-9846-4BAE24222D5F}", "shape_Length": 0.00025949175232115989, "shape_Area": 2.0097956762470493e-09 }, "geometry": { "type": "MultiPolygon", "coordinates": [ [ [ [ 14.455574096000078, 50.075475941000036 ], [ 14.455462342000033, 50.075474662000033 ], [ 14.455461839000066, 50.075492641000039 ], [ 14.455573591000075, 50.075493919000053 ], [ 14.455574096000078, 50.075475941000036 ] ] ] ] } },
{ "type": "Feature", "properties": { "objectid": 68679, "zps_id": "3965", "id_poskyt": 38, "shape_area_1": 0.0, "globalid": "{224AD294-3038-4D08-9D85-3143CBB4FBDE}", "shape_Length": 0.00015566532833627547, "shape_Area": 1.2360948508040871e-09 }, "geometry": { "type": "MultiPolygon", "coordinates": [ [ [ [ 14.429686375000074, 50.082535258000064 ], [ 14.429710071000045, 50.082548536000047 ], [ 14.429751411000041, 50.082519366000042 ], [ 14.429729012000053, 50.082505895000054 ], [ 14.429686375000074, 50.082535258000064 ] ] ] ] } },
{ "type": "Feature", "properties": { "objectid": 68680, "zps_id": "11205", "id_poskyt": 38, "shape_area_1": 0.0, "globalid": "{6BB17E34-A281-4D2C-BF40-DA4D87090FD6}", "shape_Length": 0.00014034888761210994, "shape_Area": 1.0702175640366996e-09 }, "geometry": { "type": "MultiPolygon", "coordinates": [ [ [ [ 14.433612722000078, 50.057763885000043 ], [ 14.433591866000029, 50.057745895000039 ], [ 14.433553146000065, 50.057764685000052 ], [ 14.433575096000027, 50.057782048000036 ], [ 14.433612722000078, 50.057763885000043 ] ] ] ] } },
{ "type": "Feature", "properties": { "objectid": 68681, "zps_id": "21752", "id_poskyt": 38, "shape_area_1": 0.0, "globalid": "{C0E71BE1-52D5-4BC6-A3FC-3C8625DC8E5E}", "shape_Length": 0.00026143820771505779, "shape_Area": 3.6880584148355704e-09 }, "geometry": { "type": "MultiPolygon", "coordinates": [ [ [ [ 14.496816457000023, 50.088613923000025 ], [ 14.496835954000062, 50.088574910000034 ], [ 14.496751561000053, 50.088556795000045 ], [ 14.496731238000052, 50.088596389000031 ], [ 14.496816457000023, 50.088613923000025 ] ] ] ] } },
{ "type": "Feature", "properties": { "objectid": 68682, "zps_id": "18088", "id_poskyt": 38, "shape_area_1": 0.0, "globalid": "{57F90FE1-337E-4289-B076-2464A6FD01EF}", "shape_Length": 0.00026884312886297568, "shape_Area": 4.0172986243644806e-09 }, "geometry": { "type": "MultiPolygon", "coordinates": [ [ [ [ 14.514819893000038, 50.13741882000005 ], [ 14.514893524000058, 50.137423458000058 ], [ 14.514872140000023, 50.137368982000055 ], [ 14.514798183000039, 50.137360622000074 ], [ 14.514819893000038, 50.13741882000005 ] ] ] ] } },
{ "type": "Feature", "properties": { "objectid": 68683, "zps_id": "3465", "id_poskyt": 38, "shape_area_1": 0.0, "globalid": "{8990BCFC-4416-47C7-B10F-FB4CB4494EBD}", "shape_Length": 0.00027832839670015623, "shape_Area": 3.7039762222325741e-09 }, "geometry": { "type": "MultiPolygon", "coordinates": [ [ [ [ 14.408015034000073, 50.087215204000074 ], [ 14.407908443000053, 50.087195190000045 ], [ 14.40790929700006, 50.087237515000027 ], [ 14.407919025000069, 50.087237468000069 ], [ 14.40794599700007, 50.08723931600008 ], [ 14.407986139000059, 50.087247503000071 ], [ 14.407996023000067, 50.087249968000037 ], [ 14.408015034000073, 50.087215204000074 ] ] ] ] } },
{ "type": "Feature", "properties": { "objectid": 68684, "zps_id": "3901", "id_poskyt": 38, "shape_area_1": 0.0, "globalid": "{F9135043-E07F-4C5D-B14B-3A9AC597F062}", "shape_Length": 0.000223511744595067, "shape_Area": 2.7917492389955355e-09 }, "geometry": { "type": "MultiPolygon", "coordinates": [ [ [ [ 14.427194346000022, 50.081366268000068 ], [ 14.427142509000078, 50.081335597000077 ], [ 14.427099665000071, 50.081364152000049 ], [ 14.427153575000034, 50.081394816000056 ], [ 14.427194346000022, 50.081366268000068 ] ] ] ] } },
{ "type": "Feature", "properties": { "objectid": 68685, "zps_id": "3852", "id_poskyt": 38, "shape_area_1": 0.0, "globalid": "{8B8FA5D1-EB36-4D71-B95D-399DD623CDA9}", "shape_Length": 0.00018964320887390203, "shape_Area": 1.3930929901490994e-09 }, "geometry": { "type": "MultiPolygon", "coordinates": [ [ [ [ 14.421199086000058, 50.081805411000062 ], [ 14.421190477000039, 50.081789283000035 ], [ 14.421116040000072, 50.081806071000074 ], [ 14.421126294000032, 50.081823343000053 ], [ 14.421199086000058, 50.081805411000062 ] ] ] ] } },
{ "type": "Feature", "properties": { "objectid": 68686, "zps_id": "3428", "id_poskyt": 38, "shape_area_1": 0.0, "globalid": "{4D90992C-8B4F-4A39-8254-9E7BDFAF8350}", "shape_Length": 0.00014773015385919456, "shape_Area": 1.1927139194783125e-09 }, "geometry": { "type": "MultiPolygon", "coordinates": [ [ [ [ 14.405404902000043, 50.085666597000056 ], [ 14.405439604000037, 50.085668703000067 ], [ 14.405449937000071, 50.085657793000053 ], [ 14.405418686000075, 50.085619824000048 ], [ 14.405404902000043, 50.085666597000056 ] ] ] ] } },
{ "type": "Feature", "properties": { "objectid": 68687, "zps_id": "15729", "id_poskyt": 38, "shape_area_1": 0.0, "globalid": "{7C5B18F4-5E4C-40AE-AD78-73B3EF7890D2}", "shape_Length": 0.00010682309434807284, "shape_Area": 6.6241729810739364e-10 }, "geometry": { "type": "MultiPolygon", "coordinates": [ [ [ [ 14.44390575400007, 50.073666524000032 ], [ 14.443906294000044, 50.073641516000066 ], [ 14.443879982000055, 50.07363067600005 ], [ 14.443880297000021, 50.073656761000052 ], [ 14.44390575400007, 50.073666524000032 ] ] ] ] } },
{ "type": "Feature", "properties": { "objectid": 68688, "zps_id": "15730", "id_poskyt": 38, "shape_area_1": 0.0, "globalid": "{C54F4993-1B48-48E6-8A86-9223CC2C4D55}", "shape_Length": 0.00010823918576604176, "shape_Area": 6.8212614549861588e-10 }, "geometry": { "type": "MultiPolygon", "coordinates": [ [ [ [ 14.444007125000041, 50.07365584300004 ], [ 14.444007198000065, 50.073631635000027 ], [ 14.443977866000068, 50.073641758000065 ], [ 14.443977308000058, 50.073663873000044 ], [ 14.444007125000041, 50.07365584300004 ] ] ] ] } },
{ "type": "Feature", "properties": { "objectid": 68689, "zps_id": "20479", "id_poskyt": 38, "shape_area_1": 0.0, "globalid": "{029C967D-1FFD-4FEF-B494-24BD9481CE90}", "shape_Length": 0.00019212947907248286, "shape_Area": 1.5925406889579995e-09 }, "geometry": { "type": "MultiPolygon", "coordinates": [ [ [ [ 14.433225684000035, 50.087276493000047 ], [ 14.433225287000027, 50.087297903000035 ], [ 14.43329972600003, 50.087298214000043 ], [ 14.433300741000039, 50.087277021000034 ], [ 14.433225684000035, 50.087276493000047 ] ] ] ] } },
{ "type": "Feature", "properties": { "objectid": 68690, "zps_id": "20932", "id_poskyt": 38, "shape_area_1": 0.0, "globalid": "{2FBFDECF-0C93-42F3-A415-37D5B84278CB}", "shape_Length": 0.00060866454747607606, "shape_Area": 7.7562662829625152e-09 }, "geometry": { "type": "MultiPolygon", "coordinates": [ [ [ [ 14.397840457000029, 50.093229639000072 ], [ 14.397828125000046, 50.093203323000068 ], [ 14.397557972000072, 50.09325670700008 ], [ 14.397570494000036, 50.09328292400005 ], [ 14.397840457000029, 50.093229639000072 ] ] ] ] } },
{ "type": "Feature", "properties": { "objectid": 68691, "zps_id": "16704", "id_poskyt": 38, "shape_area_1": 0.0, "globalid": "{4286D27E-60E7-414B-86F2-7DDE65283577}", "shape_Length": 0.00028131196524557603, "shape_Area": 3.0089905109318169e-09 }, "geometry": { "type": "MultiPolygon", "coordinates": [ [ [ [ 14.40496409900004, 50.104457598000067 ], [ 14.404990156000054, 50.104443218000029 ], [ 14.404901109000036, 50.104376519000027 ], [ 14.404875470000036, 50.104391136000061 ], [ 14.40496409900004, 50.104457598000067 ] ] ] ] } },
{ "type": "Feature", "properties": { "objectid": 68692, "zps_id": "16704", "id_poskyt": 38, "shape_area_1": 0.0, "globalid": "{2074894F-FC55-4FAC-9A38-B85F71157D69}", "shape_Length": 0.00029837615799128731, "shape_Area": 3.2364730336013076e-09 }, "geometry": { "type": "MultiPolygon", "coordinates": [ [ [ [ 14.405091452000022, 50.104550473000074 ], [ 14.405117070000074, 50.104535954000028 ], [ 14.405020895000064, 50.104465257000072 ], [ 14.404994811000051, 50.104480035000051 ], [ 14.405091452000022, 50.104550473000074 ] ] ] ] } },
{ "type": "Feature", "properties": { "objectid": 68693, "zps_id": "8178", "id_poskyt": 38, "shape_area_1": 0.0, "globalid": "{1D75AE86-05CC-4624-BDB0-89E699BCCB16}", "shape_Length": 0.00025506558364693787, "shape_Area": 3.9758107746523054e-09 }, "geometry": { "type": "MultiPolygon", "coordinates": [ [ [ [ 14.405678790000024, 50.104231670000047 ], [ 14.40573822600004, 50.104221019000079 ], [ 14.405715576000034, 50.104159836000065 ], [ 14.405654302000073, 50.104168743000059 ], [ 14.405678790000024, 50.104231670000047 ] ] ] ] } },
{ "type": "Feature", "properties": { "objectid": 68694, "zps_id": "8821", "id_poskyt": 38, "shape_area_1": 0.0, "globalid": "{CAE43637-B7FC-4D3A-ADAF-8BDB41BF5FD0}", "shape_Length": 0.00032491609025640095, "shape_Area": 3.3147904594671016e-09 }, "geometry": { "type": "MultiPolygon", "coordinates": [ [ [ [ 14.412949734000051, 50.10088236100006 ], [ 14.412925123000036, 50.100872811000045 ], [ 14.412833782000064, 50.100974121000036 ], [ 14.412857953000071, 50.100983142000075 ], [ 14.412949734000051, 50.10088236100006 ] ] ] ] } },
{ "type": "Feature", "properties": { "objectid": 68695, "zps_id": "21726", "id_poskyt": 38, "shape_area_1": 0.0, "globalid": "{5279B142-37CD-47E5-AD52-1020CA114024}", "shape_Length": 0.00055116016641877706, "shape_Area": 5.1657812655276809e-09 }, "geometry": { "type": "MultiPolygon", "coordinates": [ [ [ [ 14.433597906000045, 50.088582036000048 ], [ 14.433853133000071, 50.088585056000056 ], [ 14.433853914000053, 50.088564832000031 ], [ 14.43359848800003, 50.08856181200008 ], [ 14.433597906000045, 50.088582036000048 ] ] ] ] } },
{ "type": "Feature", "properties": { "objectid": 68696, "zps_id": "3921", "id_poskyt": 38, "shape_area_1": 0.0, "globalid": "{40A10B28-8B8D-4A9B-B0DC-E5D275DF5406}", "shape_Length": 0.00021415756512368217, "shape_Area": 2.5575542175055081e-09 }, "geometry": { "type": "MultiPolygon", "coordinates": [ [ [ [ 14.42937472400007, 50.080301957000074 ], [ 14.429417450000074, 50.080273282000064 ], [ 14.429365964000056, 50.080245856000033 ], [ 14.429326420000052, 50.080274222000071 ], [ 14.42937472400007, 50.080301957000074 ] ] ] ] } },
{ "type": "Feature", "properties": { "objectid": 68697, "zps_id": "3921", "id_poskyt": 38, "shape_area_1": 0.0, "globalid": "{C65D3AE8-5885-4F7D-B285-AA47085596DC}", "shape_Length": 0.000233532345594185, "shape_Area": 3.106606484310831e-09 }, "geometry": { "type": "MultiPolygon", "coordinates": [ [ [ [ 14.429225609000071, 50.080408128000045 ], [ 14.429275578000045, 50.080372762000081 ], [ 14.429227371000025, 50.080344444000048 ], [ 14.429177825000068, 50.080379623000056 ], [ 14.429225609000071, 50.080408128000045 ] ] ] ] } },
{ "type": "Feature", "properties": { "objectid": 68698, "zps_id": "21808", "id_poskyt": 38, "shape_area_1": 0.0, "globalid": "{0F184FF6-44DE-42A2-B5A6-0B721566F6FE}", "shape_Length": 0.00018821656584460102, "shape_Area": 1.8192647335473574e-09 }, "geometry": { "type": "MultiPolygon", "coordinates": [ [ [ [ 14.395413226000073, 50.101796559000036 ], [ 14.395440316000077, 50.101796320000062 ], [ 14.395439133000025, 50.101748602000043 ], [ 14.395439489000069, 50.101729782000064 ], [ 14.395411210000077, 50.101730304000057 ], [ 14.395411736000028, 50.101747785000043 ], [ 14.395413226000073, 50.101796559000036 ] ] ] ] } },
{ "type": "Feature", "properties": { "objectid": 68699, "zps_id": "21811", "id_poskyt": 38, "shape_area_1": 0.0, "globalid": "{58AD9263-9F4B-41F8-AE9C-B3460447E939}", "shape_Length": 0.00070110410469631816, "shape_Area": 1.7131027195353407e-08 }, "geometry": { "type": "MultiPolygon", "coordinates": [ [ [ [ 14.450701815000059, 50.127938337000046 ], [ 14.450749755000061, 50.12797365800003 ], [ 14.450885296000024, 50.127715297000066 ], [ 14.450836783000057, 50.127681133000067 ], [ 14.450701815000059, 50.127938337000046 ] ] ] ] } },
{ "type": "Feature", "properties": { "objectid": 68700, "zps_id": "21812", "id_poskyt": 38, "shape_area_1": 0.0, "globalid": "{C5CF6C75-B265-4CCC-AB49-B60555CBE30C}", "shape_Length": 0.00046163266517178008, "shape_Area": 4.8282419606074131e-09 }, "geometry": { "type": "MultiPolygon", "coordinates": [ [ [ [ 14.450691205000055, 50.127841739000075 ], [ 14.450714300000072, 50.127846835000071 ], [ 14.450810562000072, 50.127664026000048 ], [ 14.450786565000044, 50.127658334000046 ], [ 14.450691205000055, 50.127841739000075 ] ] ] ] } },
{ "type": "Feature", "properties": { "objectid": 68701, "zps_id": "21813", "id_poskyt": 38, "shape_area_1": 0.0, "globalid": "{42B9C946-244B-4AF4-944D-6159094FFAE1}", "shape_Length": 0.00020843262775951959, "shape_Area": 2.2825830475805421e-09 }, "geometry": { "type": "MultiPolygon", "coordinates": [ [ [ [ 14.423162644000058, 50.087605861000043 ], [ 14.423195574000033, 50.087620666000078 ], [ 14.423245727000051, 50.08757539700008 ], [ 14.423211921000075, 50.087559725000062 ], [ 14.423162644000058, 50.087605861000043 ] ] ] ] } },
{ "type": "Feature", "properties": { "objectid": 68702, "zps_id": "4063", "id_poskyt": 38, "shape_area_1": 0.0, "globalid": "{3928B080-EDE4-4CBD-81FA-A40FD782307D}", "shape_Length": 0.0001349865953405117, "shape_Area": 1.1196581242939603e-09 }, "geometry": { "type": "MultiPolygon", "coordinates": [ [ [ [ 14.424489756000071, 50.088126180000074 ], [ 14.42451920700006, 50.088127243000031 ], [ 14.424521555000069, 50.088088951000032 ], [ 14.424492099000076, 50.088088559000028 ], [ 14.424489756000071, 50.088126180000074 ] ] ] ] } },
{ "type": "Feature", "properties": { "objectid": 68703, "zps_id": "3598", "id_poskyt": 38, "shape_area_1": 0.0, "globalid": "{14B5577F-7078-498C-849D-080439064732}", "shape_Length": 0.00016442058428236238, "shape_Area": 1.4420835533624794e-09 }, "geometry": { "type": "MultiPolygon", "coordinates": [ [ [ [ 14.422280737000051, 50.089380456000072 ], [ 14.422308891000057, 50.089370451000036 ], [ 14.422272821000035, 50.089330010000026 ], [ 14.422246965000056, 50.089340164000077 ], [ 14.422280737000051, 50.089380456000072 ] ] ] ] } },
{ "type": "Feature", "properties": { "objectid": 68704, "zps_id": "12105", "id_poskyt": 38, "shape_area_1": 0.0, "globalid": "{7BE53D42-7294-4F38-B0F7-D1EB2030206C}", "shape_Length": 0.00016593913108899717, "shape_Area": 1.6377911091540229e-09 }, "geometry": { "type": "MultiPolygon", "coordinates": [ [ [ [ 14.421032065000077, 50.090073688000075 ], [ 14.42107948000006, 50.090093469000067 ], [ 14.421088540000028, 50.090051696000046 ], [ 14.421063498000024, 50.090041692000057 ], [ 14.421032065000077, 50.090073688000075 ] ] ] ] } },
{ "type": "Feature", "properties": { "objectid": 68705, "zps_id": "3611", "id_poskyt": 38, "shape_area_1": 0.0, "globalid": "{2307B373-DB04-474C-B074-E7EA97B87792}", "shape_Length": 0.0001662696560683212, "shape_Area": 1.1976592745108364e-09 }, "geometry": { "type": "MultiPolygon", "coordinates": [ [ [ [ 14.416716845000053, 50.089211982000052 ], [ 14.416779713000039, 50.089200997000034 ], [ 14.416772549000029, 50.089182854000057 ], [ 14.416709479000076, 50.089194722000059 ], [ 14.416716845000053, 50.089211982000052 ] ] ] ] } },
{ "type": "Feature", "properties": { "objectid": 68706, "zps_id": "3887", "id_poskyt": 38, "shape_area_1": 0.0, "globalid": "{7649A298-D939-452B-9B46-A8A94FF6E8EF}", "shape_Length": 0.00015325535356596501, "shape_Area": 1.2283748552704419e-09 }, "geometry": { "type": "MultiPolygon", "coordinates": [ [ [ [ 14.42489914500004, 50.077853775000051 ], [ 14.424900889000071, 50.077857886000061 ], [ 14.424903523000069, 50.077869917000044 ], [ 14.424905563000038, 50.077875217000042 ], [ 14.424954223000043, 50.077853876000063 ], [ 14.42494737800007, 50.07783068100008 ], [ 14.42489914500004, 50.077853775000051 ] ] ] ] } },
{ "type": "Feature", "properties": { "objectid": 68707, "zps_id": "12013", "id_poskyt": 38, "shape_area_1": 0.0, "globalid": "{B0A6BBA6-52BE-497C-9759-8E5394AE0484}", "shape_Length": 0.00020763248249376409, "shape_Area": 2.5739512959098828e-09 }, "geometry": { "type": "MultiPolygon", "coordinates": [ [ [ [ 14.425965510000026, 50.079818168000031 ], [ 14.426016987000025, 50.079807151000068 ], [ 14.425993080000069, 50.079762814000048 ], [ 14.425939924000033, 50.07977515400006 ], [ 14.425965510000026, 50.079818168000031 ] ] ] ] } },
{ "type": "Feature", "properties": { "objectid": 68708, "zps_id": "3964", "id_poskyt": 38, "shape_area_1": 0.0, "globalid": "{59FE7FB7-F881-4712-BB79-954E21ABF375}", "shape_Length": 0.00020825279832113272, "shape_Area": 2.5899492718536658e-09 }, "geometry": { "type": "MultiPolygon", "coordinates": [ [ [ [ 14.430455789000064, 50.08199707700004 ], [ 14.430483651000031, 50.082034148000048 ], [ 14.430536901000039, 50.081998464000037 ], [ 14.430494532000068, 50.081970473000069 ], [ 14.430455789000064, 50.08199707700004 ] ] ] ] } },
{ "type": "Feature", "properties": { "objectid": 68709, "zps_id": "3963", "id_poskyt": 38, "shape_area_1": 0.0, "globalid": "{431F9A5D-0F23-40D1-9D8A-60C94D891C85}", "shape_Length": 0.00015959687972447712, "shape_Area": 1.3182303303026744e-09 }, "geometry": { "type": "MultiPolygon", "coordinates": [ [ [ [ 14.430534471000044, 50.082053547000044 ], [ 14.43055838600003, 50.082068359000061 ], [ 14.430601515000035, 50.082039855000062 ], [ 14.430577672000027, 50.082025096000052 ], [ 14.430534471000044, 50.082053547000044 ] ] ] ] } },
{ "type": "Feature", "properties": { "objectid": 68710, "zps_id": "21817", "id_poskyt": 38, "shape_area_1": 0.0, "globalid": "{510A2B05-AFAD-4C6B-BAC8-8BBA31E6DD4F}", "shape_Length": 0.00018707341684515998, "shape_Area": 1.4867328237358161e-09 }, "geometry": { "type": "MultiPolygon", "coordinates": [ [ [ [ 14.436377511000046, 50.085702158000061 ], [ 14.436382938000065, 50.085721995000029 ], [ 14.436455014000046, 50.085714074000066 ], [ 14.436450495000031, 50.085694016000048 ], [ 14.436377511000046, 50.085702158000061 ] ] ] ] } },
{ "type": "Feature", "properties": { "objectid": 68711, "zps_id": "21818", "id_poskyt": 38, "shape_area_1": 0.0, "globalid": "{E13D4EB8-4332-4693-BD4C-C9E515E75A44}", "shape_Length": 0.00020862281938484697, "shape_Area": 2.0350467092184148e-09 }, "geometry": { "type": "MultiPolygon", "coordinates": [ [ [ [ 14.420267166000031, 50.084277609000026 ], [ 14.420320412000024, 50.084329111000045 ], [ 14.420348359000059, 50.084316628000067 ], [ 14.420291943000052, 50.084265301000073 ], [ 14.420267166000031, 50.084277609000026 ] ] ] ] } },
{ "type": "Feature", "properties": { "objectid": 68712, "zps_id": "3696", "id_poskyt": 38, "shape_area_1": 0.0, "globalid": "{8A17A3EC-03D4-4A98-90D2-5788DCDDF9A7}", "shape_Length": 0.00014785737625188573, "shape_Area": 1.0994241967028142e-09 }, "geometry": { "type": "MultiPolygon", "coordinates": [ [ [ [ 14.420744573000036, 50.084015388000068 ], [ 14.42078538800007, 50.084042917000033 ], [ 14.42080618500006, 50.084030219000056 ], [ 14.420763992000047, 50.084002078000026 ], [ 14.420744573000036, 50.084015388000068 ] ] ] ] } },
{ "type": "Feature", "properties": { "objectid": 68713, "zps_id": "21819", "id_poskyt": 38, "shape_area_1": 0.0, "globalid": "{EF1AE929-1968-4F4E-A219-8D71BD94DC7F}", "shape_Length": 0.00018581471445521241, "shape_Area": 2.0022340272387499e-09 }, "geometry": { "type": "MultiPolygon", "coordinates": [ [ [ [ 14.423054364000052, 50.085543526000038 ], [ 14.423099309000065, 50.085574777000033 ], [ 14.423128762000033, 50.085556174000033 ], [ 14.423093250000022, 50.08551992200006 ], [ 14.423054364000052, 50.085543526000038 ] ] ] ] } },
{ "type": "Feature", "properties": { "objectid": 68714, "zps_id": "3927", "id_poskyt": 38, "shape_area_1": 0.0, "globalid": "{EF9BC2A2-FBB1-4E2F-A72F-7B356FB897A7}", "shape_Length": 0.00023669648207633558, "shape_Area": 3.1054053129382278e-09 }, "geometry": { "type": "MultiPolygon", "coordinates": [ [ [ [ 14.432424355000023, 50.082422684000051 ], [ 14.432422756000051, 50.08246931900004 ], [ 14.432506860000046, 50.082440074000033 ], [ 14.43247539500004, 50.082405136000034 ], [ 14.432424355000023, 50.082422684000051 ] ] ] ] } },
{ "type": "Feature", "properties": { "objectid": 68715, "zps_id": "3778", "id_poskyt": 38, "shape_area_1": 0.0, "globalid": "{AA824D6A-E853-408E-BA25-3BCB27B72F74}", "shape_Length": 0.00018273873073950802, "shape_Area": 1.5049930094613834e-09 }, "geometry": { "type": "MultiPolygon", "coordinates": [ [ [ [ 14.421550178000075, 50.082972483000049 ], [ 14.421613921000073, 50.082993774000045 ], [ 14.421629280000047, 50.082975384000065 ], [ 14.421564839000041, 50.082953922000058 ], [ 14.421550178000075, 50.082972483000049 ] ] ] ] } },
{ "type": "Feature", "properties": { "objectid": 68716, "zps_id": "21110", "id_poskyt": 38, "shape_area_1": 0.0, "globalid": "{A21D7A13-65E3-4EC5-AB62-69264D066115}", "shape_Length": 0.00018262140894840706, "shape_Area": 1.5064973509390499e-09 }, "geometry": { "type": "MultiPolygon", "coordinates": [ [ [ [ 14.421598500000073, 50.082899417000078 ], [ 14.421663329000069, 50.082920042000069 ], [ 14.421677435000049, 50.082901704000051 ], [ 14.421613855000032, 50.082880438000075 ], [ 14.421598500000073, 50.082899417000078 ] ] ] ] } },
{ "type": "Feature", "properties": { "objectid": 68717, "zps_id": "9400", "id_poskyt": 38, "shape_area_1": 0.0, "globalid": "{7E0AFFD0-82CD-458B-AA4D-34E3A8EFBCDB}", "shape_Length": 0.0002050772309348779, "shape_Area": 2.3570876709854934e-09 }, "geometry": { "type": "MultiPolygon", "coordinates": [ [ [ [ 14.473026447000052, 50.10506351500004 ], [ 14.473086900000055, 50.105070590000025 ], [ 14.473099098000034, 50.105021370000031 ], [ 14.473064554000075, 50.105018665000046 ], [ 14.473026447000052, 50.10506351500004 ] ] ] ] } },
{ "type": "Feature", "properties": { "objectid": 68718, "zps_id": "20929", "id_poskyt": 38, "shape_area_1": 0.0, "globalid": "{3723B9A6-F716-4B7A-A2E9-F6A5A7D1FDE0}", "shape_Length": 0.00075507688261793548, "shape_Area": 1.095500869361765e-08 }, "geometry": { "type": "MultiPolygon", "coordinates": [ [ [ [ 14.417130709000048, 50.093919847000052 ], [ 14.417472113000031, 50.093968171000029 ], [ 14.417483152000045, 50.093938018000074 ], [ 14.417141105000042, 50.093888939000067 ], [ 14.417130709000048, 50.093919847000052 ] ] ] ] } },
{ "type": "Feature", "properties": { "objectid": 68719, "zps_id": "15555", "id_poskyt": 38, "shape_area_1": 0.0, "globalid": "{FDE8D591-CDCF-4B2B-8123-B7C9B27EB2E6}", "shape_Length": 0.00015916200561810501, "shape_Area": 1.427417890529191e-09 }, "geometry": { "type": "MultiPolygon", "coordinates": [ [ [ [ 14.42235630600004, 50.081371655000055 ], [ 14.422383684000067, 50.081371510000054 ], [ 14.422383719000038, 50.081319244000042 ], [ 14.422356483000044, 50.081319374000032 ], [ 14.42235630600004, 50.081371655000055 ] ] ] ] } },
{ "type": "Feature", "properties": { "objectid": 68720, "zps_id": "20482", "id_poskyt": 38, "shape_area_1": 0.0, "globalid": "{A6C2F856-32E1-41C6-909B-26572D747226}", "shape_Length": 0.00015212304069827341, "shape_Area": 1.2106913866333206e-09 }, "geometry": { "type": "MultiPolygon", "coordinates": [ [ [ [ 14.430598564000036, 50.081847769000035 ], [ 14.430622245000052, 50.081833047000032 ], [ 14.430581049000068, 50.081806959000062 ], [ 14.430558060000067, 50.081821742000045 ], [ 14.430598564000036, 50.081847769000035 ] ] ] ] } },
{ "type": "Feature", "properties": { "objectid": 68721, "zps_id": "21824", "id_poskyt": 38, "shape_area_1": 0.0, "globalid": "{C52FEF39-59E0-4775-97A2-09AFA9F22191}", "shape_Length": 0.00022675915497532482, "shape_Area": 2.8740211704672669e-09 }, "geometry": { "type": "MultiPolygon", "coordinates": [ [ [ [ 14.414637291000076, 50.089229619000037 ], [ 14.414677849000043, 50.089222492000033 ], [ 14.414649821000069, 50.089154854000071 ], [ 14.414611256000057, 50.089161102000048 ], [ 14.414637291000076, 50.089229619000037 ] ] ] ] } },
{ "type": "Feature", "properties": { "objectid": 68722, "zps_id": "21825", "id_poskyt": 38, "shape_area_1": 0.0, "globalid": "{7E7B8123-0133-48CE-8462-F6BF767C8967}", "shape_Length": 0.0002394159842543566, "shape_Area": 3.4280694697473816e-09 }, "geometry": { "type": "MultiPolygon", "coordinates": [ [ [ [ 14.414124107000077, 50.088112168000066 ], [ 14.414143584000044, 50.088105398000039 ], [ 14.414161852000063, 50.088095046000035 ], [ 14.414172953000048, 50.08808424800003 ], [ 14.414177880000068, 50.088075464000042 ], [ 14.414183414000036, 50.088059291000036 ], [ 14.414179575000048, 50.088044873000058 ], [ 14.414097585000036, 50.088062414000035 ], [ 14.414124107000077, 50.088112168000066 ] ] ] ] } },
{ "type": "Feature", "properties": { "objectid": 68723, "zps_id": "7004", "id_poskyt": 38, "shape_area_1": 0.0, "globalid": "{D2F999A8-AFC2-4B36-AF52-7B658511C292}", "shape_Length": 0.00015979706135635274, "shape_Area": 1.2573907420008439e-09 }, "geometry": { "type": "MultiPolygon", "coordinates": [ [ [ [ 14.416772850000029, 50.088404400000059 ], [ 14.416827890000036, 50.08839004400005 ], [ 14.416815753000037, 50.08837021800008 ], [ 14.416760943000043, 50.088384767000036 ], [ 14.416772850000029, 50.088404400000059 ] ] ] ] } },
{ "type": "Feature", "properties": { "objectid": 68724, "zps_id": "21831", "id_poskyt": 38, "shape_area_1": 0.0, "globalid": "{BEC4DDC2-8570-4C66-9003-282668645A33}", "shape_Length": 0.00022136226217080369, "shape_Area": 2.4215054471215108e-09 }, "geometry": { "type": "MultiPolygon", "coordinates": [ [ [ [ 14.420436265000035, 50.091789692000077 ], [ 14.420425203000036, 50.091789040000037 ], [ 14.420418838000046, 50.091789056000039 ], [ 14.420410368000034, 50.091789478000067 ], [ 14.420399201000066, 50.091790241000069 ], [ 14.420387720000065, 50.091792927000029 ], [ 14.420378708000044, 50.091796349000049 ], [ 14.420371513000077, 50.091801231000034 ], [ 14.420363683000062, 50.091807162000066 ], [ 14.420359641000061, 50.091810962000068 ], [ 14.420358046000047, 50.091812744000038 ], [ 14.420354992000057, 50.091816141000038 ], [ 14.420349786000031, 50.091824448000068 ], [ 14.420348587000035, 50.091829596000082 ], [ 14.420375211000078, 50.091833595000026 ], [ 14.420375866000029, 50.091832855000064 ], [ 14.420376069000042, 50.091832619000058 ], [ 14.420384056000046, 50.091827210000076 ], [ 14.420384115000047, 50.091827196000054 ], [ 14.420391148000022, 50.091824324000072 ], [ 14.420393374000071, 50.091823415000079 ], [ 14.420396553000046, 50.091822597000032 ], [ 14.420403832000034, 50.091821082000081 ], [ 14.42040755000005, 50.091820649000056 ], [ 14.420415797000032, 50.09182035300006 ], [ 14.420418470000072, 50.091820254000027 ], [ 14.420418540000071, 50.091820261000066 ], [ 14.420429881000075, 50.091820992000066 ], [ 14.420436265000035, 50.091789692000077 ] ] ] ] } },
{ "type": "Feature", "properties": { "objectid": 68725, "zps_id": "21832", "id_poskyt": 38, "shape_area_1": 0.0, "globalid": "{DF3DB439-254B-47C9-9802-816D099D7CB3}", "shape_Length": 0.00021263043069026847, "shape_Area": 2.6385696009578567e-09 }, "geometry": { "type": "MultiPolygon", "coordinates": [ [ [ [ 14.43608421700003, 50.091734204000034 ], [ 14.436033495000061, 50.091718184000058 ], [ 14.436000485000022, 50.091759927000055 ], [ 14.436052154000038, 50.091775476000066 ], [ 14.43608421700003, 50.091734204000034 ] ] ] ] } },
{ "type": "Feature", "properties": { "objectid": 68726, "zps_id": "21833", "id_poskyt": 38, "shape_area_1": 0.0, "globalid": "{300A11B8-08A0-4AB4-AECF-DED04D4C1CB1}", "shape_Length": 0.00029148194249499368, "shape_Area": 2.8150310734631678e-09 }, "geometry": { "type": "MultiPolygon", "coordinates": [ [ [ [ 14.439403474000073, 50.090512410000031 ], [ 14.439407157000062, 50.090499513000054 ], [ 14.439414937000038, 50.090487395000082 ], [ 14.43928850900005, 50.090495870000041 ], [ 14.439302378000036, 50.090498566000065 ], [ 14.439315419000025, 50.090503893000061 ], [ 14.439325732000043, 50.090511284000058 ], [ 14.43933256400004, 50.090520193000032 ], [ 14.439404075000027, 50.090525514000035 ], [ 14.439403474000073, 50.090512410000031 ] ] ] ] } },
{ "type": "Feature", "properties": { "objectid": 68727, "zps_id": "4713", "id_poskyt": 38, "shape_area_1": 0.0, "globalid": "{B8B58664-A078-4961-9305-56BFB5B43EF6}", "shape_Length": 0.00027109911046329434, "shape_Area": 3.5901917719296968e-09 }, "geometry": { "type": "MultiPolygon", "coordinates": [ [ [ [ 14.477205625000067, 50.077267325000037 ], [ 14.477268607000042, 50.077236544000073 ], [ 14.477266648000068, 50.077221153000039 ], [ 14.477249530000051, 50.077211932000068 ], [ 14.477243936000036, 50.077208917000064 ], [ 14.477232382000068, 50.077201991000038 ], [ 14.477224703000047, 50.07719712200003 ], [ 14.477218392000054, 50.077192837000041 ], [ 14.477212101000077, 50.077188 ], [ 14.477207123000028, 50.07718415800008 ], [ 14.477202147000071, 50.077179699000055 ], [ 14.477197929000056, 50.077175662000059 ], [ 14.477196315000072, 50.077174239000044 ], [ 14.477194439000073, 50.077171986000053 ], [ 14.477192069000068, 50.077173385000037 ], [ 14.477205625000067, 50.077267325000037 ] ] ] ] } },
{ "type": "Feature", "properties": { "objectid": 68728, "zps_id": "4712", "id_poskyt": 38, "shape_area_1": 0.0, "globalid": "{517E2E8E-C211-41BD-BC0B-DD503D66BBAE}", "shape_Length": 0.00022738312791143161, "shape_Area": 3.0672174293622851e-09 }, "geometry": { "type": "MultiPolygon", "coordinates": [ [ [ [ 14.477073135000069, 50.077218476000041 ], [ 14.477137571000071, 50.077229533000036 ], [ 14.477126436000049, 50.077172005000079 ], [ 14.477064662000032, 50.077178009000079 ], [ 14.477073135000069, 50.077218476000041 ] ] ] ] } },
{ "type": "Feature", "properties": { "objectid": 68729, "zps_id": "18573", "id_poskyt": 38, "shape_area_1": 0.0, "globalid": "{F259D1D9-18DF-48D2-B111-230C529E81C5}", "shape_Length": 0.00023109872706056556, "shape_Area": 1.4173073720169939e-09 }, "geometry": { "type": "MultiPolygon", "coordinates": [ [ [ [ 14.49429331500005, 50.128669880000075 ], [ 14.494235633000073, 50.12864165600007 ], [ 14.494195373000025, 50.128635088000067 ], [ 14.494188160000022, 50.128653358000065 ], [ 14.494238751000069, 50.128661657000066 ], [ 14.49429331500005, 50.128669880000075 ] ] ] ] } },
{ "type": "Feature", "properties": { "objectid": 68730, "zps_id": "3402", "id_poskyt": 38, "shape_area_1": 0.0, "globalid": "{A5FB288A-0C9F-47A0-B00E-BB5583D891DA}", "shape_Length": 0.00020297854388808434, "shape_Area": 2.3687046905753789e-09 }, "geometry": { "type": "MultiPolygon", "coordinates": [ [ [ [ 14.407951017000073, 50.081452966000029 ], [ 14.408007841000028, 50.081475911000041 ], [ 14.408003189000055, 50.081450204000078 ], [ 14.407998994000025, 50.08141749400005 ], [ 14.407951386000036, 50.081417984000041 ], [ 14.407951017000073, 50.081452966000029 ] ] ] ] } },
{ "type": "Feature", "properties": { "objectid": 68731, "zps_id": "3413", "id_poskyt": 38, "shape_area_1": 0.0, "globalid": "{ADF90DDE-AAEE-4890-A34B-8FFF757467E1}", "shape_Length": 0.00023023723362401109, "shape_Area": 2.7945159899468567e-09 }, "geometry": { "type": "MultiPolygon", "coordinates": [ [ [ [ 14.404842796000025, 50.084387716000037 ], [ 14.404865493000045, 50.084347607000041 ], [ 14.404797005000034, 50.084346252000046 ], [ 14.404773702000057, 50.084386545000029 ], [ 14.404842796000025, 50.084387716000037 ] ] ] ] } },
{ "type": "Feature", "properties": { "objectid": 68732, "zps_id": "21840", "id_poskyt": 38, "shape_area_1": 0.0, "globalid": "{2F5FDDD1-C701-4AE2-A4CB-231354E937C2}", "shape_Length": 0.00015854001286270746, "shape_Area": 1.1435136010651559e-09 }, "geometry": { "type": "MultiPolygon", "coordinates": [ [ [ [ 14.432681441000057, 50.097250965000057 ], [ 14.432746587000054, 50.097261834000051 ], [ 14.432727596000063, 50.097233700000061 ], [ 14.432710468000039, 50.097234435000075 ], [ 14.432695390000049, 50.097233819000053 ], [ 14.432688368000072, 50.097233008000046 ], [ 14.432681441000057, 50.097250965000057 ] ] ] ] } },
{ "type": "Feature", "properties": { "objectid": 68733, "zps_id": "3447", "id_poskyt": 38, "shape_area_1": 0.0, "globalid": "{DD22B0A6-F839-4320-857E-44BAC896A19D}", "shape_Length": 0.00015937383801078385, "shape_Area": 1.2135332302983576e-09 }, "geometry": { "type": "MultiPolygon", "coordinates": [ [ [ [ 14.407203568000057, 50.086160362000044 ], [ 14.407261985000048, 50.086164760000031 ], [ 14.407266592000042, 50.086144367000031 ], [ 14.407207546000052, 50.086140066000041 ], [ 14.407203568000057, 50.086160362000044 ] ] ] ] } },
{ "type": "Feature", "properties": { "objectid": 68734, "zps_id": "20428", "id_poskyt": 38, "shape_area_1": 0.0, "globalid": "{1E2B623D-BAF0-41F2-9208-3BF7FE656D84}", "shape_Length": 0.00030479032276767764, "shape_Area": 5.6383208823424239e-09 }, "geometry": { "type": "MultiPolygon", "coordinates": [ [ [ [ 14.425311258000022, 50.092274860000032 ], [ 14.425247280000065, 50.092273355000032 ], [ 14.425242369000046, 50.092362227000081 ], [ 14.425305193000042, 50.092363601000045 ], [ 14.425311258000022, 50.092274860000032 ] ] ] ] } },
{ "type": "Feature", "properties": { "objectid": 68735, "zps_id": "21845", "id_poskyt": 38, "shape_area_1": 0.0, "globalid": "{8556F483-3D15-4333-B0D1-1347A016C8D0}", "shape_Length": 0.00028069166193939762, "shape_Area": 2.4625123386857441e-09 }, "geometry": { "type": "MultiPolygon", "coordinates": [ [ [ [ 14.435854480000046, 50.10250730100006 ], [ 14.435972323000044, 50.102526284000078 ], [ 14.435979888000077, 50.102506995000056 ], [ 14.435862483000051, 50.102487280000048 ], [ 14.435854480000046, 50.10250730100006 ] ] ] ] } },
{ "type": "Feature", "properties": { "objectid": 68736, "zps_id": "19986", "id_poskyt": 38, "shape_area_1": 0.0, "globalid": "{70B8D441-EDBE-4A92-ABEA-A06E23B8ED39}", "shape_Length": 0.00026093579016731679, "shape_Area": 3.7633351005488356e-09 }, "geometry": { "type": "MultiPolygon", "coordinates": [ [ [ [ 14.376569783000036, 50.037174655000058 ], [ 14.37665236600003, 50.037158434000048 ], [ 14.376633320000053, 50.037116901000047 ], [ 14.376549839000063, 50.037133168000025 ], [ 14.376569783000036, 50.037174655000058 ] ] ] ] } },
{ "type": "Feature", "properties": { "objectid": 68737, "zps_id": "15608", "id_poskyt": 38, "shape_area_1": 0.0, "globalid": "{AF77C2F0-727C-4278-A7B9-50EFF0BE6AA0}", "shape_Length": 0.00018542293659423817, "shape_Area": 2.0709198007755406e-09 }, "geometry": { "type": "MultiPolygon", "coordinates": [ [ [ [ 14.388519999000039, 50.087384085000053 ], [ 14.388482460000034, 50.087383891000059 ], [ 14.388481359000025, 50.087439051000047 ], [ 14.388518900000065, 50.087439245000041 ], [ 14.388519999000039, 50.087384085000053 ] ] ] ] } },
{ "type": "Feature", "properties": { "objectid": 68738, "zps_id": "9377", "id_poskyt": 38, "shape_area_1": 0.0, "globalid": "{53A95232-16D9-499A-B73F-F6F9800AB21E}", "shape_Length": 0.00021147962716071034, "shape_Area": 2.0502648837117924e-09 }, "geometry": { "type": "MultiPolygon", "coordinates": [ [ [ [ 14.471281841000064, 50.109857097000031 ], [ 14.471202101000074, 50.109850920000042 ], [ 14.471197812000071, 50.109876033000035 ], [ 14.471277601000054, 50.109882705000075 ], [ 14.471281841000064, 50.109857097000031 ] ] ] ] } },
{ "type": "Feature", "properties": { "objectid": 68739, "zps_id": "5288", "id_poskyt": 38, "shape_area_1": 0.0, "globalid": "{4BD64130-3771-465B-AE64-68881367C2D7}", "shape_Length": 0.00016835405020134005, "shape_Area": 1.7077420824433239e-09 }, "geometry": { "type": "MultiPolygon", "coordinates": [ [ [ [ 14.424717236000049, 50.10077926200006 ], [ 14.424759595000069, 50.100801826000065 ], [ 14.424773893000065, 50.100754952000045 ], [ 14.424738602000048, 50.100750550000043 ], [ 14.424717236000049, 50.10077926200006 ] ] ] ] } },
{ "type": "Feature", "properties": { "objectid": 68740, "zps_id": "21853", "id_poskyt": 38, "shape_area_1": 0.0, "globalid": "{20D74017-0FCA-4878-BE69-799365FA1324}", "shape_Length": 0.00020395787587332976, "shape_Area": 2.5760969041150619e-09 }, "geometry": { "type": "MultiPolygon", "coordinates": [ [ [ [ 14.404112404000045, 50.084394949000057 ], [ 14.404160971000067, 50.084400008000046 ], [ 14.404172574000029, 50.084347697000055 ], [ 14.404123146000074, 50.084344085000055 ], [ 14.404112404000045, 50.084394949000057 ] ] ] ] } },
{ "type": "Feature", "properties": { "objectid": 68741, "zps_id": "4179", "id_poskyt": 38, "shape_area_1": 0.0, "globalid": "{0D11B723-6A2D-4008-993A-A01E73E18AA7}", "shape_Length": 0.00015095873740680399, "shape_Area": 1.1007215820156147e-09 }, "geometry": { "type": "MultiPolygon", "coordinates": [ [ [ [ 14.432024754000054, 50.089500216000033 ], [ 14.432035, 50.08948170900004 ], [ 14.431982468000058, 50.089468759000056 ], [ 14.431971662000024, 50.089486652000062 ], [ 14.432024754000054, 50.089500216000033 ] ] ] ] } },
{ "type": "Feature", "properties": { "objectid": 68742, "zps_id": "8678", "id_poskyt": 38, "shape_area_1": 0.0, "globalid": "{0827C57C-0210-4B44-AFD0-5BDD052EF6C3}", "shape_Length": 0.00029441402148072454, "shape_Area": 4.6148215166421051e-09 }, "geometry": { "type": "MultiPolygon", "coordinates": [ [ [ [ 14.387822631000063, 50.110232761000077 ], [ 14.387924301000055, 50.110236796000038 ], [ 14.387930272000062, 50.110192152000081 ], [ 14.387828952000064, 50.110187023000037 ], [ 14.387822631000063, 50.110232761000077 ] ] ] ] } },
{ "type": "Feature", "properties": { "objectid": 68743, "zps_id": "13185", "id_poskyt": 38, "shape_area_1": 0.0, "globalid": "{C2463306-B713-476A-8F89-CF1BDD607423}", "shape_Length": 0.00025264038354958168, "shape_Area": 3.5963993344014105e-09 }, "geometry": { "type": "MultiPolygon", "coordinates": [ [ [ [ 14.36303599300004, 50.085409946000027 ], [ 14.363107796000065, 50.085431990000075 ], [ 14.363138850000041, 50.085391375000029 ], [ 14.36306544200005, 50.085369707000041 ], [ 14.36303599300004, 50.085409946000027 ] ] ] ] } },
{ "type": "Feature", "properties": { "objectid": 68744, "zps_id": "12937", "id_poskyt": 38, "shape_area_1": 0.0, "globalid": "{70209B11-AFF7-42B9-B403-B1A08953502A}", "shape_Length": 0.00027501389199847612, "shape_Area": 3.3593170797667079e-09 }, "geometry": { "type": "MultiPolygon", "coordinates": [ [ [ [ 14.42808563400007, 50.097472726000035 ], [ 14.428076406000059, 50.09753773500006 ], [ 14.428141673000027, 50.097518341000068 ], [ 14.428109881000069, 50.097470442000031 ], [ 14.428113867000036, 50.097442959000034 ], [ 14.428090438000027, 50.097440623000068 ], [ 14.42808563400007, 50.097472726000035 ] ] ] ] } },
{ "type": "Feature", "properties": { "objectid": 68745, "zps_id": "21373", "id_poskyt": 38, "shape_area_1": 0.0, "globalid": "{A18530A7-6CBD-4DA2-9D05-2136B87822F7}", "shape_Length": 0.00017467387976058383, "shape_Area": 1.3309830516353522e-09 }, "geometry": { "type": "MultiPolygon", "coordinates": [ [ [ [ 14.317834230000074, 50.091512484000077 ], [ 14.317898816000024, 50.091528536000055 ], [ 14.317909499000052, 50.091510701000061 ], [ 14.317845455000054, 50.091494434000026 ], [ 14.317834230000074, 50.091512484000077 ] ] ] ] } },
{ "type": "Feature", "properties": { "objectid": 68746, "zps_id": "21874", "id_poskyt": 38, "shape_area_1": 0.0, "globalid": "{BC475F51-B52B-4D1A-9D03-D122F2FE5199}", "shape_Length": 0.00029125973597852474, "shape_Area": 2.4893811887410721e-09 }, "geometry": { "type": "MultiPolygon", "coordinates": [ [ [ [ 14.378456646000075, 50.073075292000055 ], [ 14.378468661000056, 50.073058026000069 ], [ 14.378347900000051, 50.073023133000049 ], [ 14.37833756200007, 50.073040929000058 ], [ 14.378456646000075, 50.073075292000055 ] ] ] ] } },
{ "type": "Feature", "properties": { "objectid": 68747, "zps_id": "21879", "id_poskyt": 38, "shape_area_1": 0.0, "globalid": "{E38BA4A1-50E4-49FC-A2C8-F2F59B52374C}", "shape_Length": 0.00018287255979455933, "shape_Area": 1.7659196381571769e-09 }, "geometry": { "type": "MultiPolygon", "coordinates": [ [ [ [ 14.519819549000033, 50.105877485000065 ], [ 14.51984753000005, 50.105879936000065 ], [ 14.519860787000027, 50.105818032000059 ], [ 14.519832825000037, 50.105815491000044 ], [ 14.519819549000033, 50.105877485000065 ] ] ] ] } },
{ "type": "Feature", "properties": { "objectid": 68748, "zps_id": "21879", "id_poskyt": 38, "shape_area_1": 0.0, "globalid": "{C79AE3A4-0A58-414C-8676-A8D6438DB7DB}", "shape_Length": 0.00018362966083509995, "shape_Area": 1.7805342112493153e-09 }, "geometry": { "type": "MultiPolygon", "coordinates": [ [ [ [ 14.519710328000031, 50.106530147000058 ], [ 14.519722773000069, 50.10646808100006 ], [ 14.519694813000058, 50.106465541000034 ], [ 14.519682095000064, 50.106528218000051 ], [ 14.519710328000031, 50.106530147000058 ] ] ] ] } },
{ "type": "Feature", "properties": { "objectid": 68749, "zps_id": "21881", "id_poskyt": 38, "shape_area_1": 0.0, "globalid": "{DD6AF35B-D4F6-44AD-AE27-3901CF8CAF4E}", "shape_Length": 0.00041194708465274913, "shape_Area": 3.4023358206282305e-09 }, "geometry": { "type": "MultiPolygon", "coordinates": [ [ [ [ 14.51849693500003, 50.106585410000037 ], [ 14.518310192000058, 50.106569132000061 ], [ 14.518306159000076, 50.106586837000066 ], [ 14.518493399000022, 50.106603430000064 ], [ 14.51849693500003, 50.106585410000037 ] ] ] ] } },
{ "type": "Feature", "properties": { "objectid": 68750, "zps_id": "8745", "id_poskyt": 38, "shape_area_1": 0.0, "globalid": "{A949BB19-B307-486F-8FE5-4344495F071A}", "shape_Length": 0.00017233794383469527, "shape_Area": 1.631516921576931e-09 }, "geometry": { "type": "MultiPolygon", "coordinates": [ [ [ [ 14.402706726000076, 50.100611684000057 ], [ 14.402650381000058, 50.100620056000082 ], [ 14.402660129000026, 50.100647524000067 ], [ 14.402716533000046, 50.100639202000082 ], [ 14.402706726000076, 50.100611684000057 ] ] ] ] } },
{ "type": "Feature", "properties": { "objectid": 68751, "zps_id": "21890", "id_poskyt": 38, "shape_area_1": 0.0, "globalid": "{0D48DE8F-F8BA-4045-99D6-F5B7DA2C89E8}", "shape_Length": 0.00031438132230637611, "shape_Area": 4.1757796895470796e-09 }, "geometry": { "type": "MultiPolygon", "coordinates": [ [ [ [ 14.393787650000036, 50.109126657000047 ], [ 14.393797390000032, 50.109158217000072 ], [ 14.393845902000066, 50.109179186000063 ], [ 14.393885767000029, 50.109181897000042 ], [ 14.393913345000044, 50.109138545000064 ], [ 14.393902494000031, 50.109142820000045 ], [ 14.393893553000055, 50.109146338000073 ], [ 14.393884832000026, 50.109147188000065 ], [ 14.393874968000034, 50.109147120000046 ], [ 14.393867378000039, 50.109146176000081 ], [ 14.393854024000063, 50.109141659000045 ], [ 14.393835209000031, 50.109128109000039 ], [ 14.393831379000062, 50.109120835000056 ], [ 14.393787650000036, 50.109126657000047 ] ] ] ] } },
{ "type": "Feature", "properties": { "objectid": 68752, "zps_id": "8695", "id_poskyt": 38, "shape_area_1": 0.0, "globalid": "{D5B2B346-1F0E-46F2-AB89-D86DD39AA9E6}", "shape_Length": 0.00022078153233669198, "shape_Area": 2.4427091285629823e-09 }, "geometry": { "type": "MultiPolygon", "coordinates": [ [ [ [ 14.399337897000066, 50.101528806000033 ], [ 14.399413689000028, 50.101547028000027 ], [ 14.399429736000059, 50.101518654000074 ], [ 14.399354838000022, 50.101500338000051 ], [ 14.399337897000066, 50.101528806000033 ] ] ] ] } },
{ "type": "Feature", "properties": { "objectid": 68753, "zps_id": "8695", "id_poskyt": 38, "shape_area_1": 0.0, "globalid": "{84BA31C2-0707-4178-91A2-3B983E7A382F}", "shape_Length": 0.0002114503327921068, "shape_Area": 2.26266030164374e-09 }, "geometry": { "type": "MultiPolygon", "coordinates": [ [ [ [ 14.399193609000065, 50.101776413000039 ], [ 14.399264911000046, 50.101793865000047 ], [ 14.39928145600004, 50.101766388000044 ], [ 14.399209796000036, 50.101748641000029 ], [ 14.399193609000065, 50.101776413000039 ] ] ] ] } },
{ "type": "Feature", "properties": { "objectid": 68754, "zps_id": "4840", "id_poskyt": 38, "shape_area_1": 0.0, "globalid": "{B9591A39-CD89-4991-9D4E-6FAC1A0B10BD}", "shape_Length": 0.00013013733977725237, "shape_Area": 1.0225880864890218e-09 }, "geometry": { "type": "MultiPolygon", "coordinates": [ [ [ [ 14.455737108000051, 50.080763091000051 ], [ 14.455770627000049, 50.080768536000051 ], [ 14.455783355000051, 50.080740646000038 ], [ 14.455749081000022, 50.080734770000049 ], [ 14.455737108000051, 50.080763091000051 ] ] ] ] } },
{ "type": "Feature", "properties": { "objectid": 68755, "zps_id": "5202", "id_poskyt": 38, "shape_area_1": 0.0, "globalid": "{048B7D46-792D-4509-9B8A-93A49B23CA1B}", "shape_Length": 0.00016613837059907584, "shape_Area": 1.3163598458597391e-09 }, "geometry": { "type": "MultiPolygon", "coordinates": [ [ [ [ 14.481379813000046, 50.084884094000074 ], [ 14.481441600000039, 50.084889669000063 ], [ 14.48144571000006, 50.084868950000043 ], [ 14.481385080000052, 50.084862706000081 ], [ 14.481379813000046, 50.084884094000074 ] ] ] ] } },
{ "type": "Feature", "properties": { "objectid": 68756, "zps_id": "12653", "id_poskyt": 38, "shape_area_1": 0.0, "globalid": "{F05D7ACB-7BC0-46FB-8245-5719E093E96E}", "shape_Length": 8.6341766460245971e-05, "shape_Area": 4.2912952619427949e-10 }, "geometry": { "type": "MultiPolygon", "coordinates": [ [ [ [ 14.479298499000038, 50.090257880000081 ], [ 14.479324779000024, 50.090262453000037 ], [ 14.479331433000027, 50.090247139000041 ], [ 14.479305876000069, 50.090242558000057 ], [ 14.479298499000038, 50.090257880000081 ] ] ] ] } },
{ "type": "Feature", "properties": { "objectid": 68757, "zps_id": "16661", "id_poskyt": 38, "shape_area_1": 0.0, "globalid": "{49A7F01D-3F95-4CAA-8C99-B0099BB25CA9}", "shape_Length": 0.00018821156018773157, "shape_Area": 1.5580362547982898e-09 }, "geometry": { "type": "MultiPolygon", "coordinates": [ [ [ [ 14.472387981000054, 50.090991885000051 ], [ 14.47241540300007, 50.090996724000036 ], [ 14.472463180000034, 50.090951246000031 ], [ 14.472404327000049, 50.090961272000072 ], [ 14.472387981000054, 50.090991885000051 ] ] ] ] } },
{ "type": "Feature", "properties": { "objectid": 68758, "zps_id": "16581", "id_poskyt": 38, "shape_area_1": 0.0, "globalid": "{FEC0B727-D60C-4FDB-94D2-F6C06A91102F}", "shape_Length": 0.00012867434439760436, "shape_Area": 8.5929552821635423e-10 }, "geometry": { "type": "MultiPolygon", "coordinates": [ [ [ [ 14.482759568000063, 50.092266143000074 ], [ 14.482789463000074, 50.092243753000048 ], [ 14.482792123000024, 50.092223551000075 ], [ 14.482765635000021, 50.092222137000078 ], [ 14.482759568000063, 50.092266143000074 ] ] ] ] } },
{ "type": "Feature", "properties": { "objectid": 68759, "zps_id": "4760", "id_poskyt": 38, "shape_area_1": 0.0, "globalid": "{521F31DA-8A33-481B-858D-CB954E3A2B2D}", "shape_Length": 0.00016206116055141398, "shape_Area": 1.0470170653976332e-09 }, "geometry": { "type": "MultiPolygon", "coordinates": [ [ [ [ 14.482540843000038, 50.090885089000039 ], [ 14.482516264000026, 50.090861173000064 ], [ 14.482480028000055, 50.090854464000074 ], [ 14.482471427000064, 50.090873027000043 ], [ 14.482540843000038, 50.090885089000039 ] ] ] ] } },
{ "type": "Feature", "properties": { "objectid": 68760, "zps_id": "5610", "id_poskyt": 38, "shape_area_1": 0.0, "globalid": "{C8E8F64D-4C64-4DC6-AA50-EF31BC825189}", "shape_Length": 0.00029985115784933816, "shape_Area": 5.3839001907644309e-09 }, "geometry": { "type": "MultiPolygon", "coordinates": [ [ [ [ 14.446658108000065, 50.106725611000059 ], [ 14.446719496000071, 50.106736830000045 ], [ 14.446722302000069, 50.10664797700008 ], [ 14.446662966000076, 50.106637457000033 ], [ 14.446658108000065, 50.106725611000059 ] ] ] ] } },
{ "type": "Feature", "properties": { "objectid": 68761, "zps_id": "5615", "id_poskyt": 38, "shape_area_1": 0.0, "globalid": "{0BC37403-3818-40A6-9464-7665485B2067}", "shape_Length": 0.0002044663463877257, "shape_Area": 2.5347564990889922e-09 }, "geometry": { "type": "MultiPolygon", "coordinates": [ [ [ [ 14.446778904000041, 50.105149349000044 ], [ 14.446720183000025, 50.105147722000027 ], [ 14.446718191000059, 50.105186217000039 ], [ 14.446777121000025, 50.105196646000081 ], [ 14.446778904000041, 50.105149349000044 ] ] ] ] } },
{ "type": "Feature", "properties": { "objectid": 68762, "zps_id": "21899", "id_poskyt": 38, "shape_area_1": 0.0, "globalid": "{111C59A6-6716-4A08-BEEF-F334DC3172BF}", "shape_Length": 0.00021197193884320777, "shape_Area": 2.702730875273947e-09 }, "geometry": { "type": "MultiPolygon", "coordinates": [ [ [ [ 14.446916718000068, 50.105151821000049 ], [ 14.446854668000071, 50.105149266000069 ], [ 14.446853206000071, 50.105187981000029 ], [ 14.446914752000055, 50.105200167000078 ], [ 14.446916718000068, 50.105151821000049 ] ] ] ] } },
{ "type": "Feature", "properties": { "objectid": 68763, "zps_id": "21904", "id_poskyt": 38, "shape_area_1": 0.0, "globalid": "{3F8519AA-64F6-49FA-BE2E-F39BDAB2E59F}", "shape_Length": 0.00016764667360936173, "shape_Area": 1.0025335123257064e-09 }, "geometry": { "type": "MultiPolygon", "coordinates": [ [ [ [ 14.394067245000031, 50.109867351000048 ], [ 14.394079569000041, 50.10985871500003 ], [ 14.394125100000053, 50.10983423700003 ], [ 14.394112495000059, 50.109823852000034 ], [ 14.394053719000055, 50.10985652200003 ], [ 14.394067245000031, 50.109867351000048 ] ] ] ] } },
{ "type": "Feature", "properties": { "objectid": 68764, "zps_id": "20626", "id_poskyt": 38, "shape_area_1": 0.0, "globalid": "{01482310-2175-4FFB-8920-3627F7177C01}", "shape_Length": 0.00022268467035762985, "shape_Area": 1.3017028450748846e-09 }, "geometry": { "type": "MultiPolygon", "coordinates": [ [ [ [ 14.394132539000054, 50.109547896000038 ], [ 14.394217938000054, 50.109503630000063 ], [ 14.394160421000038, 50.109500886000035 ], [ 14.394156793000036, 50.109528391000026 ], [ 14.394136168000045, 50.109527687000082 ], [ 14.394132539000054, 50.109547896000038 ] ] ] ] } },
{ "type": "Feature", "properties": { "objectid": 68765, "zps_id": "5436", "id_poskyt": 38, "shape_area_1": 0.0, "globalid": "{DF34A5E7-A3A6-4A78-93E8-7605E02C7CD2}", "shape_Length": 0.00016562762464306438, "shape_Area": 1.6317133875105436e-09 }, "geometry": { "type": "MultiPolygon", "coordinates": [ [ [ [ 14.434534141000029, 50.099837506000028 ], [ 14.434571389000041, 50.099849403000064 ], [ 14.434569256000032, 50.099802584000031 ], [ 14.434529434000069, 50.099798192000037 ], [ 14.434534141000029, 50.099837506000028 ] ] ] ] } },
{ "type": "Feature", "properties": { "objectid": 68766, "zps_id": "5414", "id_poskyt": 38, "shape_area_1": 0.0, "globalid": "{F29A4B81-2A4B-4A61-BC1D-B4B1933C2127}", "shape_Length": 0.00014262114803016145, "shape_Area": 1.2280637439457021e-09 }, "geometry": { "type": "MultiPolygon", "coordinates": [ [ [ [ 14.434507013000029, 50.099617111000043 ], [ 14.434546935000071, 50.099618798000051 ], [ 14.434538430000032, 50.099578903000065 ], [ 14.434503183000061, 50.099593829000071 ], [ 14.434507013000029, 50.099617111000043 ] ] ] ] } },
{ "type": "Feature", "properties": { "objectid": 68767, "zps_id": "12931", "id_poskyt": 38, "shape_area_1": 0.0, "globalid": "{E7CAE267-5519-4F3A-A6A4-45BFE3C2FB12}", "shape_Length": 9.6636568475887282e-05, "shape_Area": 5.6088673573176755e-10 }, "geometry": { "type": "MultiPolygon", "coordinates": [ [ [ [ 14.427097600000025, 50.100367080000069 ], [ 14.427111272000047, 50.100369909000051 ], [ 14.427123839000046, 50.100372510000057 ], [ 14.42712386900007, 50.10037251600005 ], [ 14.427133162000075, 50.100353463000033 ], [ 14.427107162000027, 50.100347369000076 ], [ 14.427097600000025, 50.100367080000069 ] ] ] ] } },
{ "type": "Feature", "properties": { "objectid": 68768, "zps_id": "5360", "id_poskyt": 38, "shape_area_1": 0.0, "globalid": "{8CD05A65-5389-490E-9363-4FEC6F7AD703}", "shape_Length": 0.00013336280800209556, "shape_Area": 1.0320480021887749e-09 }, "geometry": { "type": "MultiPolygon", "coordinates": [ [ [ [ 14.427080308000029, 50.100403215000028 ], [ 14.427106060000028, 50.100408360000074 ], [ 14.427123839000046, 50.100372510000057 ], [ 14.427123919000053, 50.100372348000064 ], [ 14.427111272000047, 50.100369909000051 ], [ 14.427097318000051, 50.100367218000031 ], [ 14.427080308000029, 50.100403215000028 ] ] ] ] } },
{ "type": "Feature", "properties": { "objectid": 68769, "zps_id": "12875", "id_poskyt": 38, "shape_area_1": 0.0, "globalid": "{77EDAE82-170E-4E27-BD7F-C5779D5C0C21}", "shape_Length": 0.00014810797007355661, "shape_Area": 1.0182817217032262e-09 }, "geometry": { "type": "MultiPolygon", "coordinates": [ [ [ [ 14.445732009000039, 50.109028096000031 ], [ 14.44567919800005, 50.109026855000081 ], [ 14.445703378000076, 50.109054066000056 ], [ 14.445743460000074, 50.109039697000071 ], [ 14.445732009000039, 50.109028096000031 ] ] ] ] } },
{ "type": "Feature", "properties": { "objectid": 68770, "zps_id": "5197", "id_poskyt": 38, "shape_area_1": 0.0, "globalid": "{018007B0-E1E5-437B-9D06-35C474DCEC7E}", "shape_Length": 0.00016532031235433093, "shape_Area": 1.589366237982775e-09 }, "geometry": { "type": "MultiPolygon", "coordinates": [ [ [ [ 14.482028207000042, 50.087024198000051 ], [ 14.481996206000076, 50.08701787900003 ], [ 14.481973443000072, 50.08706159500008 ], [ 14.482007097000064, 50.087068486000078 ], [ 14.482028207000042, 50.087024198000051 ] ] ] ] } },
{ "type": "Feature", "properties": { "objectid": 68771, "zps_id": "15734", "id_poskyt": 38, "shape_area_1": 0.0, "globalid": "{A7ACEFB3-028B-4D0E-AB4C-CDC63657B483}", "shape_Length": 0.00025034941918708475, "shape_Area": 2.833817888935356e-09 }, "geometry": { "type": "MultiPolygon", "coordinates": [ [ [ [ 14.44772282200006, 50.074938466000049 ], [ 14.447724277000077, 50.074842966000062 ], [ 14.447694630000058, 50.07484306200007 ], [ 14.447693109000056, 50.074938528000075 ], [ 14.44772282200006, 50.074938466000049 ] ] ] ] } },
{ "type": "Feature", "properties": { "objectid": 68772, "zps_id": "3253", "id_poskyt": 38, "shape_area_1": 0.0, "globalid": "{4972B8E1-FB3D-48F2-8DB4-4C96E6A90CB8}", "shape_Length": 0.00032554859741549668, "shape_Area": 2.9374165745929342e-09 }, "geometry": { "type": "MultiPolygon", "coordinates": [ [ [ [ 14.447137944000076, 50.076251091000074 ], [ 14.447138137000024, 50.076230426000052 ], [ 14.446996028000058, 50.076229898000065 ], [ 14.446995849000075, 50.076250574000028 ], [ 14.447137944000076, 50.076251091000074 ] ] ] ] } },
{ "type": "Feature", "properties": { "objectid": 68773, "zps_id": "3253", "id_poskyt": 38, "shape_area_1": 0.0, "globalid": "{79A7C334-25B7-4912-A8F4-72E79856BA23}", "shape_Length": 0.00032562570801476093, "shape_Area": 3.0729190532287852e-09 }, "geometry": { "type": "MultiPolygon", "coordinates": [ [ [ [ 14.446392359000072, 50.076225044000068 ], [ 14.446392079000077, 50.076247055000067 ], [ 14.446532800000057, 50.07624740600005 ], [ 14.446533663000025, 50.076225838000028 ], [ 14.446392359000072, 50.076225044000068 ] ] ] ] } },
{ "type": "Feature", "properties": { "objectid": 68774, "zps_id": "3262", "id_poskyt": 38, "shape_area_1": 0.0, "globalid": "{97D33014-BBAF-4D5E-836E-4ADF06E91AD2}", "shape_Length": 0.00031582946232749047, "shape_Area": 2.5704879480302237e-09 }, "geometry": { "type": "MultiPolygon", "coordinates": [ [ [ [ 14.446632345000069, 50.075299906000055 ], [ 14.446632135000073, 50.075318339000034 ], [ 14.44677162000005, 50.075318989000039 ], [ 14.446771829000056, 50.075300567000056 ], [ 14.446632345000069, 50.075299906000055 ] ] ] ] } },
{ "type": "Feature", "properties": { "objectid": 68775, "zps_id": "3249", "id_poskyt": 38, "shape_area_1": 0.0, "globalid": "{3B060D13-6CA1-4454-B757-313410CC1506}", "shape_Length": 0.00023891184223553716, "shape_Area": 2.6819701586096503e-09 }, "geometry": { "type": "MultiPolygon", "coordinates": [ [ [ [ 14.447709252000038, 50.075895228000036 ], [ 14.447710720000032, 50.075805747000061 ], [ 14.447680697000067, 50.075805555000045 ], [ 14.447679330000028, 50.07589501700005 ], [ 14.447709252000038, 50.075895228000036 ] ] ] ] } },
{ "type": "Feature", "properties": { "objectid": 68776, "zps_id": "5594", "id_poskyt": 38, "shape_area_1": 0.0, "globalid": "{28692D0F-6184-44E5-91FB-A47C0C061B62}", "shape_Length": 0.00022654985382867442, "shape_Area": 2.3947095326384515e-09 }, "geometry": { "type": "MultiPolygon", "coordinates": [ [ [ [ 14.453565283000046, 50.106399553000074 ], [ 14.453633265000065, 50.106425579000074 ], [ 14.453663759000051, 50.106417825000051 ], [ 14.453630470000064, 50.106376425000065 ], [ 14.453565283000046, 50.106399553000074 ] ] ] ] } },
{ "type": "Feature", "properties": { "objectid": 68777, "zps_id": "5595", "id_poskyt": 38, "shape_area_1": 0.0, "globalid": "{FCA136B9-C459-4E21-BF38-D392887312CB}", "shape_Length": 0.0002259493106376862, "shape_Area": 2.7090686976866939e-09 }, "geometry": { "type": "MultiPolygon", "coordinates": [ [ [ [ 14.453751490000059, 50.106383472000061 ], [ 14.453766964000067, 50.106380190000039 ], [ 14.453792557000043, 50.106370423000044 ], [ 14.453788753000026, 50.106365632000063 ], [ 14.453785784000047, 50.106358382000053 ], [ 14.453794517000063, 50.106318822000048 ], [ 14.453719948000071, 50.106346176000045 ], [ 14.453751490000059, 50.106383472000061 ] ] ] ] } },
{ "type": "Feature", "properties": { "objectid": 68778, "zps_id": "4470", "id_poskyt": 38, "shape_area_1": 0.0, "globalid": "{68ED07D8-5958-40B6-B270-E8FC838690DF}", "shape_Length": 0.00017860949915913924, "shape_Area": 1.4329343365919828e-09 }, "geometry": { "type": "MultiPolygon", "coordinates": [ [ [ [ 14.454021838000074, 50.081332599000064 ], [ 14.453997010000023, 50.081322693000061 ], [ 14.453987334000033, 50.08134558900008 ], [ 14.454036691000056, 50.081390813000041 ], [ 14.454021838000074, 50.081332599000064 ] ] ] ] } },
{ "type": "Feature", "properties": { "objectid": 68779, "zps_id": "4606", "id_poskyt": 38, "shape_area_1": 0.0, "globalid": "{18DE5E23-44EF-49D4-A113-07DEE9E835C3}", "shape_Length": 0.00016744294498207782, "shape_Area": 1.4947045887239901e-09 }, "geometry": { "type": "MultiPolygon", "coordinates": [ [ [ [ 14.465333869000062, 50.085955598000055 ], [ 14.46529034200006, 50.085936396000079 ], [ 14.465282567000031, 50.085944487000063 ], [ 14.465293755000062, 50.085995406000052 ], [ 14.465333869000062, 50.085955598000055 ] ] ] ] } },
{ "type": "Feature", "properties": { "objectid": 68780, "zps_id": "21907", "id_poskyt": 38, "shape_area_1": 0.0, "globalid": "{0EF62ADD-21F3-4F0B-93F3-E2760E0C3CE9}", "shape_Length": 0.00025101476257493715, "shape_Area": 3.3519335739325788e-09 }, "geometry": { "type": "MultiPolygon", "coordinates": [ [ [ [ 14.485975147000033, 50.092728535000049 ], [ 14.485991802000058, 50.092667421000044 ], [ 14.485939798000061, 50.092665479000061 ], [ 14.485933200000034, 50.092752534000056 ], [ 14.485975147000033, 50.092728535000049 ] ] ] ] } },
{ "type": "Feature", "properties": { "objectid": 68781, "zps_id": "21908", "id_poskyt": 38, "shape_area_1": 0.0, "globalid": "{D24D537C-839C-4F1E-8082-AE6195C73B66}", "shape_Length": 0.0001474736134880875, "shape_Area": 1.0341216918737337e-09 }, "geometry": { "type": "MultiPolygon", "coordinates": [ [ [ [ 14.451010095000072, 50.079985011000076 ], [ 14.450962584000024, 50.079964553000082 ], [ 14.450946374000068, 50.079979593000076 ], [ 14.450994588000071, 50.079999732000033 ], [ 14.451010095000072, 50.079985011000076 ] ] ] ] } },
{ "type": "Feature", "properties": { "objectid": 68782, "zps_id": "5705", "id_poskyt": 38, "shape_area_1": 0.0, "globalid": "{A2FCA556-D23F-4360-AAC9-A8348F56CDF6}", "shape_Length": 0.00014044270632452668, "shape_Area": 1.1163349459554246e-09 }, "geometry": { "type": "MultiPolygon", "coordinates": [ [ [ [ 14.449819723000076, 50.101542172000052 ], [ 14.449858379000034, 50.101542724000069 ], [ 14.449859349000064, 50.101517409000053 ], [ 14.449810335000052, 50.101516404000051 ], [ 14.449819723000076, 50.101542172000052 ] ] ] ] } },
{ "type": "Feature", "properties": { "objectid": 68783, "zps_id": "5813", "id_poskyt": 38, "shape_area_1": 0.0, "globalid": "{69E614C1-B2BA-460B-B347-BCE5EF23C282}", "shape_Length": 0.00013191751966385939, "shape_Area": 9.6974490981677097e-10 }, "geometry": { "type": "MultiPolygon", "coordinates": [ [ [ [ 14.449813726000059, 50.101462605000052 ], [ 14.44985975000003, 50.10146334500007 ], [ 14.449860795000063, 50.101438072000064 ], [ 14.44983011100004, 50.101437588000067 ], [ 14.449813726000059, 50.101462605000052 ] ] ] ] } },
{ "type": "Feature", "properties": { "objectid": 68784, "zps_id": "5683", "id_poskyt": 38, "shape_area_1": 0.0, "globalid": "{201FE1DE-9C0E-4B4E-8DDF-E9B196A950D8}", "shape_Length": 0.000237462399862618, "shape_Area": 2.6429604110991044e-09 }, "geometry": { "type": "MultiPolygon", "coordinates": [ [ [ [ 14.445973252000044, 50.101788611000075 ], [ 14.446039468000038, 50.101788949000081 ], [ 14.446001398000021, 50.101747427000078 ], [ 14.44593999500006, 50.101746697000067 ], [ 14.445973252000044, 50.101788611000075 ] ] ] ] } },
{ "type": "Feature", "properties": { "objectid": 68785, "zps_id": "5697", "id_poskyt": 38, "shape_area_1": 0.0, "globalid": "{48E6EFD0-BD03-477A-9FC8-891BFD58138A}", "shape_Length": 0.00020191997169773741, "shape_Area": 1.5708086464766848e-09 }, "geometry": { "type": "MultiPolygon", "coordinates": [ [ [ [ 14.444914009000058, 50.100838385000031 ], [ 14.444942825000055, 50.10083783400006 ], [ 14.444978461000062, 50.100835146000065 ], [ 14.444998639000062, 50.100833751000039 ], [ 14.444997256000022, 50.100815651000062 ], [ 14.444946418000029, 50.100817705000054 ], [ 14.444924609000054, 50.100819989000058 ], [ 14.444914105000066, 50.100823192000064 ], [ 14.444914009000058, 50.100838385000031 ] ] ] ] } },
{ "type": "Feature", "properties": { "objectid": 68786, "zps_id": "16593", "id_poskyt": 38, "shape_area_1": 0.0, "globalid": "{D3D68B70-7EF3-407E-96CA-B5730329D466}", "shape_Length": 0.00018083380708779675, "shape_Area": 1.53897517978725e-09 }, "geometry": { "type": "MultiPolygon", "coordinates": [ [ [ [ 14.457485097000074, 50.076449069000034 ], [ 14.457429748000038, 50.076464677000047 ], [ 14.45741724800007, 50.076493830000061 ], [ 14.45747222500006, 50.076482019000082 ], [ 14.457485097000074, 50.076449069000034 ] ] ] ] } },
{ "type": "Feature", "properties": { "objectid": 68787, "zps_id": "4858", "id_poskyt": 38, "shape_area_1": 0.0, "globalid": "{922A93F7-0C23-440C-B2E5-44A0DEC8395C}", "shape_Length": 0.00025574241900900392, "shape_Area": 3.1482210396038498e-09 }, "geometry": { "type": "MultiPolygon", "coordinates": [ [ [ [ 14.454777862000071, 50.082625121000035 ], [ 14.454856540000037, 50.082630713000071 ], [ 14.454834133000077, 50.082589602000041 ], [ 14.454752130000031, 50.082584723000082 ], [ 14.454777862000071, 50.082625121000035 ] ] ] ] } },
{ "type": "Feature", "properties": { "objectid": 68788, "zps_id": "4462", "id_poskyt": 38, "shape_area_1": 0.0, "globalid": "{64493563-ED91-453B-8E80-EE0D6A43AB53}", "shape_Length": 0.00019143724712459057, "shape_Area": 1.7832732537837342e-09 }, "geometry": { "type": "MultiPolygon", "coordinates": [ [ [ [ 14.450290935000055, 50.08222263600004 ], [ 14.450239722000049, 50.082219268000074 ], [ 14.450209432000065, 50.082250391000059 ], [ 14.450264288000028, 50.082254662000025 ], [ 14.450290935000055, 50.08222263600004 ] ] ] ] } },
{ "type": "Feature", "properties": { "objectid": 68789, "zps_id": "4996", "id_poskyt": 38, "shape_area_1": 0.0, "globalid": "{FA9AF32E-935E-48FB-B5DB-F7828C8E8A21}", "shape_Length": 0.00016906713025442, "shape_Area": 1.2668731136690185e-09 }, "geometry": { "type": "MultiPolygon", "coordinates": [ [ [ [ 14.478098949000071, 50.09176898100003 ], [ 14.478133678000063, 50.091772438000078 ], [ 14.47817132800003, 50.091750678000039 ], [ 14.478107125000065, 50.091744146000053 ], [ 14.478098949000071, 50.09176898100003 ] ] ] ] } },
{ "type": "Feature", "properties": { "objectid": 68790, "zps_id": "4936", "id_poskyt": 38, "shape_area_1": 0.0, "globalid": "{65B9389B-A358-4698-86F0-93A5B56D4F52}", "shape_Length": 0.00033038797109417021, "shape_Area": 2.2698239554795074e-09 }, "geometry": { "type": "MultiPolygon", "coordinates": [ [ [ [ 14.45664834300004, 50.083297719000029 ], [ 14.456694590000041, 50.083273438000049 ], [ 14.456535744000064, 50.083260358000075 ], [ 14.45653700400004, 50.083261467000057 ], [ 14.45664834300004, 50.083297719000029 ] ] ] ] } },
{ "type": "Feature", "properties": { "objectid": 68791, "zps_id": "2941", "id_poskyt": 38, "shape_area_1": 0.0, "globalid": "{8377BE25-41C4-4758-8A72-868B9AC29E80}", "shape_Length": 0.00013123946323799935, "shape_Area": 8.7145582518703962e-10 }, "geometry": { "type": "MultiPolygon", "coordinates": [ [ [ [ 14.442206340000041, 50.077726730000052 ], [ 14.442188448000024, 50.077706698000043 ], [ 14.442154681000034, 50.077707906000057 ], [ 14.442156996000051, 50.07772897600006 ], [ 14.442206340000041, 50.077726730000052 ] ] ] ] } },
{ "type": "Feature", "properties": { "objectid": 68792, "zps_id": "21928", "id_poskyt": 38, "shape_area_1": 0.0, "globalid": "{0EE18827-5DD7-43CF-89A2-DEDD174917D1}", "shape_Length": 0.00033565871385698759, "shape_Area": 3.1789225052268376e-09 }, "geometry": { "type": "MultiPolygon", "coordinates": [ [ [ [ 14.461504532000049, 50.097269744000073 ], [ 14.461351019000062, 50.09723480100007 ], [ 14.461360897000077, 50.097261410000044 ], [ 14.461468545000059, 50.09728588400003 ], [ 14.461504532000049, 50.097269744000073 ] ] ] ] } },
{ "type": "Feature", "properties": { "objectid": 68793, "zps_id": "18281", "id_poskyt": 38, "shape_area_1": 0.0, "globalid": "{2B26F443-24BD-4CFD-B424-AD5390FF7D0D}", "shape_Length": 0.0001882454420086303, "shape_Area": 1.981795196453682e-09 }, "geometry": { "type": "MultiPolygon", "coordinates": [ [ [ [ 14.491517320000071, 50.118051987000058 ], [ 14.491502815000047, 50.117992145000073 ], [ 14.491470377000041, 50.117995356000051 ], [ 14.49148520600005, 50.118055336000054 ], [ 14.491517320000071, 50.118051987000058 ] ] ] ] } },
{ "type": "Feature", "properties": { "objectid": 68794, "zps_id": "0", "id_poskyt": 38, "shape_area_1": 0.0, "globalid": "{9985E20C-3B50-472A-A1BA-D9DC487DCFF3}", "shape_Length": 0.00062723633343018557, "shape_Area": 8.3464074416130296e-09 }, "geometry": { "type": "MultiPolygon", "coordinates": [ [ [ [ 14.450667937000048, 50.118944406000026 ], [ 14.450637855000025, 50.11894045400004 ], [ 14.450547090000043, 50.119208963000062 ], [ 14.450576413000022, 50.119213094000031 ], [ 14.450667937000048, 50.118944406000026 ] ] ] ] } },
{ "type": "Feature", "properties": { "objectid": 68795, "zps_id": "5797", "id_poskyt": 38, "shape_area_1": 0.0, "globalid": "{8FFA2316-416B-46B4-AC8D-0534CEA6957F}", "shape_Length": 0.00022898990045699244, "shape_Area": 2.9669629898945197e-09 }, "geometry": { "type": "MultiPolygon", "coordinates": [ [ [ [ 14.446572334000052, 50.105016598000077 ], [ 14.446647319000022, 50.105017519000057 ], [ 14.44664866100004, 50.104978051000046 ], [ 14.446573983000064, 50.104976812000075 ], [ 14.446572334000052, 50.105016598000077 ] ] ] ] } },
{ "type": "Feature", "properties": { "objectid": 68796, "zps_id": "12897", "id_poskyt": 38, "shape_area_1": 0.0, "globalid": "{F8578398-0CDE-4A9C-BAA5-7EE4287F357E}", "shape_Length": 0.00020798085319791656, "shape_Area": 2.3532475786163877e-09 }, "geometry": { "type": "MultiPolygon", "coordinates": [ [ [ [ 14.446879830000057, 50.100841271000036 ], [ 14.446945044000074, 50.100866921000033 ], [ 14.44694862700004, 50.100818857000036 ], [ 14.446880761000045, 50.100819453000042 ], [ 14.446879830000057, 50.100841271000036 ] ] ] ] } },
{ "type": "Feature", "properties": { "objectid": 68797, "zps_id": "5802", "id_poskyt": 38, "shape_area_1": 0.0, "globalid": "{C1FD1A4B-7542-4997-8449-315E889E4185}", "shape_Length": 0.00017539137459843439, "shape_Area": 1.921511204234294e-09 }, "geometry": { "type": "MultiPolygon", "coordinates": [ [ [ [ 14.446879661000025, 50.104931195000063 ], [ 14.446924446000025, 50.104931735000036 ], [ 14.446925498000041, 50.104889183000068 ], [ 14.446880539000063, 50.104888137000046 ], [ 14.446879661000025, 50.104931195000063 ] ] ] ] } },
{ "type": "Feature", "properties": { "objectid": 68798, "zps_id": "5314", "id_poskyt": 38, "shape_area_1": 0.0, "globalid": "{D49455DA-9DD3-4D51-BD5D-4608AECAA958}", "shape_Length": 0.00022798839460451994, "shape_Area": 2.7579755976511729e-09 }, "geometry": { "type": "MultiPolygon", "coordinates": [ [ [ [ 14.42255252700005, 50.098672201000056 ], [ 14.422605344000033, 50.098679626000035 ], [ 14.422645732000035, 50.098641733000079 ], [ 14.422574218000022, 50.098630620000051 ], [ 14.42255252700005, 50.098672201000056 ] ] ] ] } },
{ "type": "Feature", "properties": { "objectid": 68799, "zps_id": "5315", "id_poskyt": 38, "shape_area_1": 0.0, "globalid": "{C6D881AD-547E-40B2-8DE0-8A37690DA577}", "shape_Length": 0.00020799583374636886, "shape_Area": 2.5054428155974997e-09 }, "geometry": { "type": "MultiPolygon", "coordinates": [ [ [ [ 14.422581692000051, 50.098607822000076 ], [ 14.422654847000047, 50.098618189000035 ], [ 14.422646387000043, 50.098574231000043 ], [ 14.422602457000039, 50.098567937000041 ], [ 14.422581692000051, 50.098607822000076 ] ] ] ] } },
{ "type": "Feature", "properties": { "objectid": 68800, "zps_id": "5768", "id_poskyt": 38, "shape_area_1": 0.0, "globalid": "{A521F290-0AEE-4292-A5C4-BFE8230A8744}", "shape_Length": 0.00021187056532157584, "shape_Area": 2.3756609324886559e-09 }, "geometry": { "type": "MultiPolygon", "coordinates": [ [ [ [ 14.428282390000049, 50.100463878000028 ], [ 14.428332377000061, 50.10046462400004 ], [ 14.428364001000034, 50.100426599000059 ], [ 14.428291349000062, 50.100425146000077 ], [ 14.428282390000049, 50.100463878000028 ] ] ] ] } },
{ "type": "Feature", "properties": { "objectid": 68801, "zps_id": "12337", "id_poskyt": 38, "shape_area_1": 0.0, "globalid": "{96B5ED1E-7D04-448B-ABFE-68C7A9618F79}", "shape_Length": 0.00021360979483205431, "shape_Area": 2.5922340491325943e-09 }, "geometry": { "type": "MultiPolygon", "coordinates": [ [ [ [ 14.486218916000041, 50.104518588000076 ], [ 14.486276875000044, 50.104538848000061 ], [ 14.486306548000073, 50.104504796000072 ], [ 14.48624819500003, 50.104484200000059 ], [ 14.486218916000041, 50.104518588000076 ] ] ] ] } },
{ "type": "Feature", "properties": { "objectid": 68802, "zps_id": "7718", "id_poskyt": 38, "shape_area_1": 0.0, "globalid": "{6792ABA9-98B4-4AD6-9D84-FEB12A3092EA}", "shape_Length": 0.00024364719412119903, "shape_Area": 3.4912057480642301e-09 }, "geometry": { "type": "MultiPolygon", "coordinates": [ [ [ [ 14.344984190000048, 50.086968388000059 ], [ 14.344917499000076, 50.086951510000063 ], [ 14.344890154000041, 50.086997215000054 ], [ 14.34495658700007, 50.087013780000063 ], [ 14.344984190000048, 50.086968388000059 ] ] ] ] } },
{ "type": "Feature", "properties": { "objectid": 68803, "zps_id": "13483", "id_poskyt": 38, "shape_area_1": 0.0, "globalid": "{9861ADB7-DB09-487E-BDE0-E17F508AC57A}", "shape_Length": 0.00016775780430306313, "shape_Area": 1.5415349303529462e-09 }, "geometry": { "type": "MultiPolygon", "coordinates": [ [ [ [ 14.388853798000071, 50.106137837000063 ], [ 14.388883773000032, 50.106121790000032 ], [ 14.388843543000064, 50.106091335000031 ], [ 14.388814269000022, 50.106107260000044 ], [ 14.388853798000071, 50.106137837000063 ] ] ] ] } },
{ "type": "Feature", "properties": { "objectid": 68804, "zps_id": "7061", "id_poskyt": 38, "shape_area_1": 0.0, "globalid": "{5806DBFA-59DF-4FA6-9843-383DF6D645D7}", "shape_Length": 0.00017919964714008103, "shape_Area": 1.2976196010613093e-09 }, "geometry": { "type": "MultiPolygon", "coordinates": [ [ [ [ 14.395813343000043, 50.073297760000059 ], [ 14.395883897000033, 50.073308962000056 ], [ 14.395889759000056, 50.073291349000044 ], [ 14.395820092000065, 50.07328035300003 ], [ 14.395813343000043, 50.073297760000059 ] ] ] ] } },
{ "type": "Feature", "properties": { "objectid": 68805, "zps_id": "21958", "id_poskyt": 38, "shape_area_1": 0.0, "globalid": "{B3900B16-0459-4BAD-8674-7AA6180913C0}", "shape_Length": 0.00018566991873765124, "shape_Area": 1.3867821336586354e-09 }, "geometry": { "type": "MultiPolygon", "coordinates": [ [ [ [ 14.393143929000075, 50.072855729000025 ], [ 14.393217452000044, 50.072865226000033 ], [ 14.393222670000057, 50.072846747000028 ], [ 14.393149863000076, 50.07283771200008 ], [ 14.393143929000075, 50.072855729000025 ] ] ] ] } },
{ "type": "Feature", "properties": { "objectid": 68806, "zps_id": "21960", "id_poskyt": 38, "shape_area_1": 0.0, "globalid": "{C9ADC9E5-61C5-4D92-ADF5-11614EE370A6}", "shape_Length": 0.00018839503606745081, "shape_Area": 1.5407260249607276e-09 }, "geometry": { "type": "MultiPolygon", "coordinates": [ [ [ [ 14.394522475000031, 50.073038799000074 ], [ 14.394594611000059, 50.073049971000046 ], [ 14.394601123000029, 50.073029791000067 ], [ 14.394529633000047, 50.073018233000028 ], [ 14.394522475000031, 50.073038799000074 ] ] ] ] } },
{ "type": "Feature", "properties": { "objectid": 68807, "zps_id": "13475", "id_poskyt": 38, "shape_area_1": 0.0, "globalid": "{3C5D95EB-6E5D-419B-9778-492F9A6C85AD}", "shape_Length": 0.00034593694015595518, "shape_Area": 3.3570075356787001e-09 }, "geometry": { "type": "MultiPolygon", "coordinates": [ [ [ [ 14.417780587000038, 50.082082934000027 ], [ 14.417925285000024, 50.082120918000044 ], [ 14.417937448000032, 50.082101375000036 ], [ 14.417793188000076, 50.082062586000063 ], [ 14.417780587000038, 50.082082934000027 ] ] ] ] } },
{ "type": "Feature", "properties": { "objectid": 68808, "zps_id": "3085", "id_poskyt": 38, "shape_area_1": 0.0, "globalid": "{ACBA6230-8262-46E9-8C58-7085E9CFE016}", "shape_Length": 0.00012794627880727654, "shape_Area": 8.672290380302506e-10 }, "geometry": { "type": "MultiPolygon", "coordinates": [ [ [ [ 14.43493372000006, 50.072545543000047 ], [ 14.434973809000041, 50.072557248000066 ], [ 14.434986730000048, 50.07253978500006 ], [ 14.434945477000042, 50.072527606000051 ], [ 14.43493372000006, 50.072545543000047 ] ] ] ] } },
{ "type": "Feature", "properties": { "objectid": 68809, "zps_id": "2857", "id_poskyt": 38, "shape_area_1": 0.0, "globalid": "{2E9013C9-E630-4ADD-B86A-411DE59A94C3}", "shape_Length": 0.00029555398060509945, "shape_Area": 2.5328434776700083e-09 }, "geometry": { "type": "MultiPolygon", "coordinates": [ [ [ [ 14.437533792000067, 50.077825916000052 ], [ 14.437543450000021, 50.077844232000075 ], [ 14.437667377000025, 50.077816336000069 ], [ 14.437658042000066, 50.077798093000069 ], [ 14.437533792000067, 50.077825916000052 ] ] ] ] } },
{ "type": "Feature", "properties": { "objectid": 68810, "zps_id": "12480", "id_poskyt": 38, "shape_area_1": 0.0, "globalid": "{9E9397D3-59BB-4B3A-81F3-43F364167612}", "shape_Length": 0.00022083335112022565, "shape_Area": 2.7701690034651682e-09 }, "geometry": { "type": "MultiPolygon", "coordinates": [ [ [ [ 14.49813277800007, 50.111481892000029 ], [ 14.498154085000067, 50.111445088000039 ], [ 14.498088127000074, 50.111429141000031 ], [ 14.498066845000039, 50.111466103000055 ], [ 14.49813277800007, 50.111481892000029 ] ] ] ] } },
{ "type": "Feature", "properties": { "objectid": 68811, "zps_id": "21990", "id_poskyt": 38, "shape_area_1": 0.0, "globalid": "{B81A3F13-54D4-48E0-A73A-9CBFBA3ED2E8}", "shape_Length": 0.00025894929670455141, "shape_Area": 2.0797413834501571e-09 }, "geometry": { "type": "MultiPolygon", "coordinates": [ [ [ [ 14.433065463000048, 50.100489118000041 ], [ 14.433067024000025, 50.100470398000027 ], [ 14.432964647000063, 50.100468461000048 ], [ 14.432951312000057, 50.100487947000033 ], [ 14.433065463000048, 50.100489118000041 ] ] ] ] } },
{ "type": "Feature", "properties": { "objectid": 68812, "zps_id": "5497", "id_poskyt": 38, "shape_area_1": 0.0, "globalid": "{1B3E64E6-1C1D-4846-860A-2D7E79728399}", "shape_Length": 0.00023759483470190605, "shape_Area": 1.7433696598602483e-09 }, "geometry": { "type": "MultiPolygon", "coordinates": [ [ [ [ 14.433234664000054, 50.099958912000034 ], [ 14.433266310000022, 50.099956999000028 ], [ 14.43322284900006, 50.099862527000028 ], [ 14.43321856700004, 50.099862630000075 ], [ 14.433234664000054, 50.099958912000034 ] ] ] ] } },
{ "type": "Feature", "properties": { "objectid": 68813, "zps_id": "8136", "id_poskyt": 38, "shape_area_1": 0.0, "globalid": "{C202118B-68B2-4FE4-AF72-FD5FD8B2AE8A}", "shape_Length": 0.00035253923328391944, "shape_Area": 3.1600908360615371e-09 }, "geometry": { "type": "MultiPolygon", "coordinates": [ [ [ [ 14.395259685000042, 50.095628185000066 ], [ 14.395103974000051, 50.095619639000063 ], [ 14.395101303000047, 50.095639787000039 ], [ 14.395257014000038, 50.095648333000042 ], [ 14.395258821000027, 50.095634702000041 ], [ 14.395259682000074, 50.095628207000061 ], [ 14.395259685000042, 50.095628185000066 ] ] ] ] } },
{ "type": "Feature", "properties": { "objectid": 68814, "zps_id": "0", "id_poskyt": 38, "shape_area_1": 0.0, "globalid": "{ADA129CA-B6F5-490E-8BAD-B047DFDD7A2A}", "shape_Length": 0.00023049337722380782, "shape_Area": 3.0909637433628916e-09 }, "geometry": { "type": "MultiPolygon", "coordinates": [ [ [ [ 14.447219475000054, 50.091780597000081 ], [ 14.447153117000028, 50.091765527000064 ], [ 14.447131963000061, 50.091805831000045 ], [ 14.447202099000037, 50.091822044000025 ], [ 14.447219475000054, 50.091780597000081 ] ] ] ] } },
{ "type": "Feature", "properties": { "objectid": 68815, "zps_id": "9713", "id_poskyt": 38, "shape_area_1": 0.0, "globalid": "{9C9CC7A9-5C8A-4ADF-B5A0-A0C3A676295E}", "shape_Length": 0.00024049944901409471, "shape_Area": 3.6119578794938131e-09 }, "geometry": { "type": "MultiPolygon", "coordinates": [ [ [ [ 14.457862184000021, 50.122741027000075 ], [ 14.457910167000023, 50.122704536000072 ], [ 14.457873433000032, 50.122655250000037 ], [ 14.457827498000029, 50.12269272900005 ], [ 14.457862184000021, 50.122741027000075 ] ] ] ] } },
{ "type": "Feature", "properties": { "objectid": 68816, "zps_id": "15750", "id_poskyt": 38, "shape_area_1": 0.0, "globalid": "{C86DFB9A-6E8E-48FA-A351-B91FD42CD72D}", "shape_Length": 0.00025747526079861416, "shape_Area": 4.0206401640912893e-09 }, "geometry": { "type": "MultiPolygon", "coordinates": [ [ [ [ 14.414702546000058, 50.075840588000062 ], [ 14.414759967000066, 50.07586797600004 ], [ 14.414772932000062, 50.075803949000033 ], [ 14.414716185000032, 50.07577652100008 ], [ 14.414702546000058, 50.075840588000062 ] ] ] ] } },
{ "type": "Feature", "properties": { "objectid": 68817, "zps_id": "2419", "id_poskyt": 38, "shape_area_1": 0.0, "globalid": "{F4CF6FDA-912A-40A6-A115-21A76E1E466B}", "shape_Length": 0.00028454243210416911, "shape_Area": 4.7221614915668368e-09 }, "geometry": { "type": "MultiPolygon", "coordinates": [ [ [ [ 14.414841342000045, 50.075433148000059 ], [ 14.414787564000051, 50.075404358000071 ], [ 14.414772339000024, 50.07548481200007 ], [ 14.414824669000041, 50.07551344500007 ], [ 14.414841342000045, 50.075433148000059 ] ] ] ] } },
{ "type": "Feature", "properties": { "objectid": 68818, "zps_id": "14939", "id_poskyt": 38, "shape_area_1": 0.0, "globalid": "{B3904987-BCEB-4241-AD8F-8EA7B0457E2F}", "shape_Length": 0.00020686238064261829, "shape_Area": 2.1130815196264887e-09 }, "geometry": { "type": "MultiPolygon", "coordinates": [ [ [ [ 14.375167134000037, 50.09107029900008 ], [ 14.37510618400006, 50.091069452000056 ], [ 14.375081144000035, 50.091103187000044 ], [ 14.375144358000057, 50.09110399900004 ], [ 14.375167134000037, 50.09107029900008 ] ] ] ] } },
{ "type": "Feature", "properties": { "objectid": 68819, "zps_id": "22099", "id_poskyt": 38, "shape_area_1": 0.0, "globalid": "{C432B356-1320-4979-B323-6BA81DC972F5}", "shape_Length": 0.00054396769608034399, "shape_Area": 5.0913728700175918e-09 }, "geometry": { "type": "MultiPolygon", "coordinates": [ [ [ [ 14.432854851000059, 50.087207657000079 ], [ 14.433106609000049, 50.087208658000065 ], [ 14.433106796000061, 50.08718843500003 ], [ 14.432855037000024, 50.087187435000033 ], [ 14.432854851000059, 50.087207657000079 ] ] ] ] } },
{ "type": "Feature", "properties": { "objectid": 68820, "zps_id": "21399", "id_poskyt": 38, "shape_area_1": 0.0, "globalid": "{EB76AA21-3E15-419E-A1C9-AF11B8D92D09}", "shape_Length": 0.0001469809058737721, "shape_Area": 1.2745442296487928e-09 }, "geometry": { "type": "MultiPolygon", "coordinates": [ [ [ [ 14.473021226000071, 50.11292226300003 ], [ 14.472993450000047, 50.112921350000079 ], [ 14.472990350000032, 50.112966807000078 ], [ 14.473018737000075, 50.112967428000047 ], [ 14.473021226000071, 50.11292226300003 ] ] ] ] } },
{ "type": "Feature", "properties": { "objectid": 68821, "zps_id": "0", "id_poskyt": 38, "shape_area_1": 0.0, "globalid": "{86C2355E-764E-4221-9E5D-49AE02726425}", "shape_Length": 0.00033144631712980885, "shape_Area": 2.8767701343990798e-09 }, "geometry": { "type": "MultiPolygon", "coordinates": [ [ [ [ 14.461455917000023, 50.113987988000076 ], [ 14.461598026000047, 50.114017811000053 ], [ 14.461607318000063, 50.113999517000082 ], [ 14.46146520700006, 50.113969695000037 ], [ 14.461455917000023, 50.113987988000076 ] ] ] ] } },
{ "type": "Feature", "properties": { "objectid": 68822, "zps_id": "21537", "id_poskyt": 38, "shape_area_1": 0.0, "globalid": "{A2EEA6D6-D4AF-4946-AB0B-C94A092C1042}", "shape_Length": 0.0010198732725687403, "shape_Area": 1.0053981271855159e-08 }, "geometry": { "type": "MultiPolygon", "coordinates": [ [ [ [ 14.465977313000053, 50.11501561700004 ], [ 14.465966393000031, 50.115034149000053 ], [ 14.466204357000038, 50.115090233000046 ], [ 14.466441969000073, 50.115146067000069 ], [ 14.466452675000028, 50.115127481000059 ], [ 14.465977313000053, 50.11501561700004 ] ] ] ] } },
{ "type": "Feature", "properties": { "objectid": 68823, "zps_id": "8792", "id_poskyt": 38, "shape_area_1": 0.0, "globalid": "{CE8C0E36-635A-4552-86C5-5FD432F48732}", "shape_Length": 0.00023740116926600959, "shape_Area": 3.0054993663681369e-09 }, "geometry": { "type": "MultiPolygon", "coordinates": [ [ [ [ 14.397933493000039, 50.103903774000059 ], [ 14.39800959300004, 50.103922751000027 ], [ 14.398030617000074, 50.103888148000067 ], [ 14.39795392700006, 50.103869817000032 ], [ 14.397933493000039, 50.103903774000059 ] ] ] ] } },
{ "type": "Feature", "properties": { "objectid": 68824, "zps_id": "18647", "id_poskyt": 38, "shape_area_1": 0.0, "globalid": "{98B6DD61-983C-47A9-A825-A1DA89B49C0C}", "shape_Length": 0.00019653749687778354, "shape_Area": 2.2408698337633444e-09 }, "geometry": { "type": "MultiPolygon", "coordinates": [ [ [ [ 14.500574374000053, 50.125277243000028 ], [ 14.500595520000047, 50.125268927000036 ], [ 14.50063510800004, 50.125250940000058 ], [ 14.500597520000042, 50.125214320000055 ], [ 14.50057423100003, 50.125225016000059 ], [ 14.500574374000053, 50.125277243000028 ] ] ] ] } },
{ "type": "Feature", "properties": { "objectid": 68825, "zps_id": "5737", "id_poskyt": 38, "shape_area_1": 0.0, "globalid": "{760CE964-7A8D-47D9-AD29-2CCA3151A3DF}", "shape_Length": 0.00024500210555295101, "shape_Area": 2.587773208123332e-09 }, "geometry": { "type": "MultiPolygon", "coordinates": [ [ [ [ 14.408916737000027, 50.096775835000074 ], [ 14.408907751000072, 50.096802112000034 ], [ 14.40900119500003, 50.096816084000068 ], [ 14.409010571000067, 50.09678983200007 ], [ 14.408916737000027, 50.096775835000074 ] ] ] ] } },
{ "type": "Feature", "properties": { "objectid": 68826, "zps_id": "22069", "id_poskyt": 38, "shape_area_1": 0.0, "globalid": "{88BC6FD6-B221-4C5A-BCC6-2501C4A5C16E}", "shape_Length": 0.00037853711401692445, "shape_Area": 4.8696722137115275e-09 }, "geometry": { "type": "MultiPolygon", "coordinates": [ [ [ [ 14.388180654000053, 50.110068862000048 ], [ 14.38817356900006, 50.11011357700005 ], [ 14.388171083000032, 50.11012923100003 ], [ 14.388169449000031, 50.110140786000045 ], [ 14.388169356000049, 50.110167516000047 ], [ 14.388169250000033, 50.110183255000038 ], [ 14.388168934000078, 50.110227528000053 ], [ 14.38819968200005, 50.110227626000039 ], [ 14.388200067000071, 50.110174809000057 ], [ 14.388200600000062, 50.110139785000058 ], [ 14.388203029000067, 50.110122755000077 ], [ 14.388211259000059, 50.110070871000062 ], [ 14.388180654000053, 50.110068862000048 ] ] ] ] } },
{ "type": "Feature", "properties": { "objectid": 68827, "zps_id": "5574", "id_poskyt": 38, "shape_area_1": 0.0, "globalid": "{3189ACED-C632-44D5-84C5-E1AEAA704D56}", "shape_Length": 0.00042158232077571322, "shape_Area": 6.6722490324331613e-09 }, "geometry": { "type": "MultiPolygon", "coordinates": [ [ [ [ 14.448530825000034, 50.110672822000026 ], [ 14.448360986000068, 50.110692927000059 ], [ 14.448370087000058, 50.110730622000062 ], [ 14.448541052000053, 50.110711197000057 ], [ 14.448530825000034, 50.110672822000026 ] ] ] ] } },
{ "type": "Feature", "properties": { "objectid": 68828, "zps_id": "5559", "id_poskyt": 38, "shape_area_1": 0.0, "globalid": "{11EF79D6-AD7F-433A-A820-7C754F313379}", "shape_Length": 0.0001932218827349763, "shape_Area": 1.8944695790588792e-09 }, "geometry": { "type": "MultiPolygon", "coordinates": [ [ [ [ 14.448131644000057, 50.109707591000074 ], [ 14.448148634000063, 50.109726443000056 ], [ 14.448212345000059, 50.10970345100003 ], [ 14.448190167000064, 50.10967736200007 ], [ 14.448131644000057, 50.109707591000074 ] ] ] ] } },
{ "type": "Feature", "properties": { "objectid": 68829, "zps_id": "10979", "id_poskyt": 38, "shape_area_1": 0.0, "globalid": "{78B05DE4-DB4E-479E-AFF3-3153CDF4E783}", "shape_Length": 0.00016589340463329998, "shape_Area": 1.5295251655263787e-09 }, "geometry": { "type": "MultiPolygon", "coordinates": [ [ [ [ 14.418784878000054, 50.053889832000038 ], [ 14.418751416000077, 50.053851515000076 ], [ 14.418721532000063, 50.05386244400006 ], [ 14.418754249000074, 50.053901031000066 ], [ 14.418784878000054, 50.053889832000038 ] ] ] ] } },
{ "type": "Feature", "properties": { "objectid": 68830, "zps_id": "10939", "id_poskyt": 38, "shape_area_1": 0.0, "globalid": "{F6C06951-A02F-4385-A020-53A5BCE31CBB}", "shape_Length": 0.00021734452357049985, "shape_Area": 1.624252768284636e-09 }, "geometry": { "type": "MultiPolygon", "coordinates": [ [ [ [ 14.429069324000068, 50.054242067000075 ], [ 14.42915976300003, 50.054248087000076 ], [ 14.429162688000076, 50.054230293000046 ], [ 14.429072164000047, 50.054224340000076 ], [ 14.429069324000068, 50.054242067000075 ] ] ] ] } },
{ "type": "Feature", "properties": { "objectid": 68831, "zps_id": "22079", "id_poskyt": 38, "shape_area_1": 0.0, "globalid": "{4485BBB5-F087-447B-B9D7-5264B89BB307}", "shape_Length": 0.00025936034086672507, "shape_Area": 3.3607684727547176e-09 }, "geometry": { "type": "MultiPolygon", "coordinates": [ [ [ [ 14.433249474000036, 50.058036489000074 ], [ 14.433327638000037, 50.057999206000034 ], [ 14.433318086000043, 50.057991908000076 ], [ 14.43330704300007, 50.057987246000039 ], [ 14.433295419000046, 50.057985247000033 ], [ 14.433280681000042, 50.057983751000052 ], [ 14.433267168000043, 50.057983527000033 ], [ 14.433254703000046, 50.057985519000056 ], [ 14.433243336000032, 50.05798936900004 ], [ 14.433212039000068, 50.058004496000081 ], [ 14.433249474000036, 50.058036489000074 ] ] ] ] } },
{ "type": "Feature", "properties": { "objectid": 68832, "zps_id": "11119", "id_poskyt": 38, "shape_area_1": 0.0, "globalid": "{DEA2EFB7-9FF8-4BFD-8167-54C0C1714C30}", "shape_Length": 0.00031073133513999883, "shape_Area": 3.0771995468287202e-09 }, "geometry": { "type": "MultiPolygon", "coordinates": [ [ [ [ 14.426622200000054, 50.056036058000075 ], [ 14.426597897000022, 50.056027344000029 ], [ 14.426588760000072, 50.056020037000053 ], [ 14.426584308000031, 50.056009260000053 ], [ 14.426584668000032, 50.056000978000043 ], [ 14.42658749800006, 50.055991027000061 ], [ 14.42649324000007, 50.055981828000029 ], [ 14.426542766000068, 50.056029115000058 ], [ 14.426622200000054, 50.056036058000075 ] ] ] ] } },
{ "type": "Feature", "properties": { "objectid": 68833, "zps_id": "22032", "id_poskyt": 38, "shape_area_1": 0.0, "globalid": "{AFD3CECF-0BA3-4FC7-B3EF-14D114F0458C}", "shape_Length": 0.00056496083818729798, "shape_Area": 1.4829537313929233e-08 }, "geometry": { "type": "MultiPolygon", "coordinates": [ [ [ [ 14.519865262000053, 50.102679124000076 ], [ 14.519934888000023, 50.102676580000036 ], [ 14.519931023000026, 50.102628165000056 ], [ 14.519917995000071, 50.102465112000061 ], [ 14.519848030000048, 50.102466657000036 ], [ 14.519865262000053, 50.102679124000076 ] ] ] ] } },
{ "type": "Feature", "properties": { "objectid": 68834, "zps_id": "22031", "id_poskyt": 38, "shape_area_1": 0.0, "globalid": "{8EE3A851-3347-4E72-8EE0-B2B6A3045F2B}", "shape_Length": 0.00057933186623795256, "shape_Area": 1.5903849820627088e-08 }, "geometry": { "type": "MultiPolygon", "coordinates": [ [ [ [ 14.519846766000057, 50.102072753000073 ], [ 14.51984864800005, 50.102071194000075 ], [ 14.519850969000061, 50.102069891000042 ], [ 14.519853622000028, 50.102068889000066 ], [ 14.519856526000069, 50.102068237000026 ], [ 14.519859565000047, 50.10206794000004 ], [ 14.519928631000028, 50.102071426000066 ], [ 14.519954367000025, 50.101865719000045 ], [ 14.519897195000055, 50.101862886000049 ], [ 14.519894305000037, 50.101862542000049 ], [ 14.519891594000057, 50.101861814000074 ], [ 14.519889172000035, 50.101860740000063 ], [ 14.519887163000021, 50.101859356000034 ], [ 14.519885646000034, 50.101857736000056 ], [ 14.519876519000036, 50.101892824000061 ], [ 14.519846766000057, 50.102072753000073 ] ] ] ] } },
{ "type": "Feature", "properties": { "objectid": 68835, "zps_id": "22095", "id_poskyt": 38, "shape_area_1": 0.0, "globalid": "{FA8B48DD-7D4A-401A-99CB-0110F864CE3F}", "shape_Length": 0.000357432171501383, "shape_Area": 3.6071981372499228e-09 }, "geometry": { "type": "MultiPolygon", "coordinates": [ [ [ [ 14.440177323000057, 50.109383256000058 ], [ 14.44018202500007, 50.109360447000029 ], [ 14.44002733700006, 50.109347791000062 ], [ 14.440022420000048, 50.109370808000051 ], [ 14.440177323000057, 50.109383256000058 ] ] ] ] } },
{ "type": "Feature", "properties": { "objectid": 68836, "zps_id": "22097", "id_poskyt": 38, "shape_area_1": 0.0, "globalid": "{7ECC7A28-F324-408B-9563-49301C1FB6FB}", "shape_Length": 0.00035187104277358363, "shape_Area": 3.3168664796189162e-09 }, "geometry": { "type": "MultiPolygon", "coordinates": [ [ [ [ 14.440015243000062, 50.109258127000032 ], [ 14.440096591000042, 50.109264505000056 ], [ 14.440168210000024, 50.109270196000068 ], [ 14.440173110000046, 50.109248367000077 ], [ 14.440018413000075, 50.109237397000072 ], [ 14.440015243000062, 50.109258127000032 ] ] ] ] } },
{ "type": "Feature", "properties": { "objectid": 68837, "zps_id": "22082", "id_poskyt": 38, "shape_area_1": 0.0, "globalid": "{6723A040-356D-425F-84EA-5F56B73BAE20}", "shape_Length": 0.00046878314152729706, "shape_Area": 4.2873049257512386e-09 }, "geometry": { "type": "MultiPolygon", "coordinates": [ [ [ [ 14.433996699000033, 50.082823971000039 ], [ 14.433983925000064, 50.082806985000047 ], [ 14.433779903000072, 50.082867666000027 ], [ 14.433792510000046, 50.082885116000057 ], [ 14.433996699000033, 50.082823971000039 ] ] ] ] } },
{ "type": "Feature", "properties": { "objectid": 68838, "zps_id": "22082", "id_poskyt": 38, "shape_area_1": 0.0, "globalid": "{3DADC4ED-FF1A-4F52-BCBF-0DE445D5DB62}", "shape_Length": 0.00096105510561394656, "shape_Area": 8.8105498578111028e-09 }, "geometry": { "type": "MultiPolygon", "coordinates": [ [ [ [ 14.433983925000064, 50.082806985000047 ], [ 14.433996699000033, 50.082823971000039 ], [ 14.434437266000032, 50.082691311000076 ], [ 14.434424615000069, 50.082675915000038 ], [ 14.433983925000064, 50.082806985000047 ] ] ] ] } },
{ "type": "Feature", "properties": { "objectid": 68839, "zps_id": "3646", "id_poskyt": 38, "shape_area_1": 0.0, "globalid": "{D64C43E5-7F1C-49E7-8D8B-85482119AAB6}", "shape_Length": 0.00017303601974909497, "shape_Area": 1.7189230432786666e-09 }, "geometry": { "type": "MultiPolygon", "coordinates": [ [ [ [ 14.418495978000067, 50.090895398000043 ], [ 14.418528715000036, 50.090904915000067 ], [ 14.418556650000028, 50.090860465000048 ], [ 14.418523590000063, 50.090851203000057 ], [ 14.418495978000067, 50.090895398000043 ] ] ] ] } },
{ "type": "Feature", "properties": { "objectid": 68840, "zps_id": "3427", "id_poskyt": 38, "shape_area_1": 0.0, "globalid": "{90581887-651E-48F5-ABE3-B94A269C224D}", "shape_Length": 0.00017457770129568022, "shape_Area": 1.2507847734791074e-09 }, "geometry": { "type": "MultiPolygon", "coordinates": [ [ [ [ 14.405220284000052, 50.08641708600004 ], [ 14.405288735000056, 50.086407964000045 ], [ 14.405282862000035, 50.086390144000063 ], [ 14.405214910000041, 50.086399773000039 ], [ 14.405220284000052, 50.08641708600004 ] ] ] ] } },
{ "type": "Feature", "properties": { "objectid": 68841, "zps_id": "10524", "id_poskyt": 38, "shape_area_1": 0.0, "globalid": "{99F80E7F-A192-48CA-B4CC-CD65499FB646}", "shape_Length": 0.00015079852748236302, "shape_Area": 7.1116306345257282e-10 }, "geometry": { "type": "MultiPolygon", "coordinates": [ [ [ [ 14.446399434000057, 50.044450229000063 ], [ 14.44635534400004, 50.044407088000071 ], [ 14.446339065000075, 50.044423419000054 ], [ 14.446399434000057, 50.044450229000063 ] ] ] ] } },
{ "type": "Feature", "properties": { "objectid": 68842, "zps_id": "11372", "id_poskyt": 38, "shape_area_1": 0.0, "globalid": "{507C0378-14A4-448A-B179-17690CF60EA6}", "shape_Length": 0.00028669727225812266, "shape_Area": 3.9405071526117587e-09 }, "geometry": { "type": "MultiPolygon", "coordinates": [ [ [ [ 14.441676390000055, 50.064048246000027 ], [ 14.441676446000031, 50.064037079000059 ], [ 14.441681567000046, 50.06401175700006 ], [ 14.441687682000065, 50.063999682000031 ], [ 14.441688423000073, 50.063994883000078 ], [ 14.441610614000069, 50.064033265000035 ], [ 14.441596487000027, 50.064045430000078 ], [ 14.441590420000068, 50.064052852000032 ], [ 14.441589372000067, 50.064063242000032 ], [ 14.44166651300003, 50.064069363000044 ], [ 14.441679607000026, 50.064060519000066 ], [ 14.441676390000055, 50.064048246000027 ] ] ] ] } },
{ "type": "Feature", "properties": { "objectid": 68843, "zps_id": "5329", "id_poskyt": 38, "shape_area_1": 0.0, "globalid": "{553FDA10-44D9-420E-89C3-6935FD73F66E}", "shape_Length": 0.00025034953250735399, "shape_Area": 2.9715861433801861e-09 }, "geometry": { "type": "MultiPolygon", "coordinates": [ [ [ [ 14.427797598000041, 50.098447557000043 ], [ 14.427892489000044, 50.098460598000031 ], [ 14.427903294000032, 50.098424243000068 ], [ 14.427845399000034, 50.098414756000068 ], [ 14.427797598000041, 50.098447557000043 ] ] ] ] } },
{ "type": "Feature", "properties": { "objectid": 68844, "zps_id": "12936", "id_poskyt": 38, "shape_area_1": 0.0, "globalid": "{C2BCA138-CA6D-4864-B859-BADCD48C54A1}", "shape_Length": 0.00019136258395659655, "shape_Area": 2.0634592470601066e-09 }, "geometry": { "type": "MultiPolygon", "coordinates": [ [ [ [ 14.427960602000041, 50.098392973000045 ], [ 14.428018603000055, 50.098397405000071 ], [ 14.428024936000043, 50.09835359300007 ], [ 14.427963765000072, 50.098366824000038 ], [ 14.427960602000041, 50.098392973000045 ] ] ] ] } },
{ "type": "Feature", "properties": { "objectid": 68845, "zps_id": "5458", "id_poskyt": 38, "shape_area_1": 0.0, "globalid": "{EC746E49-3D7E-458E-B047-97F66757D943}", "shape_Length": 0.0002054195588510719, "shape_Area": 2.3996242562267701e-09 }, "geometry": { "type": "MultiPolygon", "coordinates": [ [ [ [ 14.436433541000042, 50.101664732000074 ], [ 14.436494467000045, 50.101661694000029 ], [ 14.436508826000022, 50.101625526000078 ], [ 14.436451095000052, 50.101620533000073 ], [ 14.436433541000042, 50.101664732000074 ] ] ] ] } },
{ "type": "Feature", "properties": { "objectid": 68846, "zps_id": "11273", "id_poskyt": 38, "shape_area_1": 0.0, "globalid": "{A45C3FE4-5CE5-4602-803D-1A7B93C972BA}", "shape_Length": 0.00022829018543098816, "shape_Area": 3.0519869769113602e-09 }, "geometry": { "type": "MultiPolygon", "coordinates": [ [ [ [ 14.435301204000041, 50.061131868000075 ], [ 14.435304583000061, 50.061089494000043 ], [ 14.43523374800003, 50.061086476000071 ], [ 14.43522961900004, 50.061129538000046 ], [ 14.435301204000041, 50.061131868000075 ] ] ] ] } },
{ "type": "Feature", "properties": { "objectid": 68847, "zps_id": "11352", "id_poskyt": 38, "shape_area_1": 0.0, "globalid": "{0D622C5B-E003-4EAB-A2B6-C71C399E70FB}", "shape_Length": 0.00020584210296860836, "shape_Area": 1.3066358160110259e-09 }, "geometry": { "type": "MultiPolygon", "coordinates": [ [ [ [ 14.444193971000061, 50.064261722000026 ], [ 14.444126788000062, 50.064328424000053 ], [ 14.444192461000057, 50.064302119000047 ], [ 14.444193971000061, 50.064261722000026 ] ] ] ] } },
{ "type": "Feature", "properties": { "objectid": 68848, "zps_id": "15194", "id_poskyt": 38, "shape_area_1": 0.0, "globalid": "{16B00ADD-F1C2-46B8-8559-E8121E778061}", "shape_Length": 0.00022856543176190915, "shape_Area": 2.9477279933064341e-09 }, "geometry": { "type": "MultiPolygon", "coordinates": [ [ [ [ 14.307816996000042, 50.090121980000049 ], [ 14.30786170500005, 50.090093039000067 ], [ 14.307808908000027, 50.090060344000051 ], [ 14.307765474000064, 50.09008860800003 ], [ 14.307816996000042, 50.090121980000049 ] ] ] ] } },
{ "type": "Feature", "properties": { "objectid": 68849, "zps_id": "15193", "id_poskyt": 38, "shape_area_1": 0.0, "globalid": "{6764A09A-59D6-4254-ACD9-44CDF44747D0}", "shape_Length": 0.00022256288772994586, "shape_Area": 2.8162743490018519e-09 }, "geometry": { "type": "MultiPolygon", "coordinates": [ [ [ [ 14.307865724000067, 50.089968970000029 ], [ 14.307815599000037, 50.089936713000043 ], [ 14.307772346000036, 50.089966292000042 ], [ 14.30782212400004, 50.089997220000043 ], [ 14.307865724000067, 50.089968970000029 ] ] ] ] } },
{ "type": "Feature", "properties": { "objectid": 68850, "zps_id": "22141", "id_poskyt": 38, "shape_area_1": 0.0, "globalid": "{91F39F7E-D1D6-4E69-8847-A9318D19BDBF}", "shape_Length": 0.0001616090339412263, "shape_Area": 1.517068202066363e-09 }, "geometry": { "type": "MultiPolygon", "coordinates": [ [ [ [ 14.385204096000052, 50.100759867000079 ], [ 14.385174279000069, 50.100758299000063 ], [ 14.385167873000057, 50.10080884000007 ], [ 14.38519769100003, 50.100810409000076 ], [ 14.385204096000052, 50.100759867000079 ] ] ] ] } },
{ "type": "Feature", "properties": { "objectid": 68851, "zps_id": "5344", "id_poskyt": 38, "shape_area_1": 0.0, "globalid": "{E76931D6-0AF4-49E8-BD7D-E1E792324726}", "shape_Length": 0.00016288635778946217, "shape_Area": 1.5385305322975954e-09 }, "geometry": { "type": "MultiPolygon", "coordinates": [ [ [ [ 14.430584236000072, 50.098315780000064 ], [ 14.430614332000061, 50.098317499000075 ], [ 14.430621131000066, 50.098266676000037 ], [ 14.430591406000076, 50.098264611000047 ], [ 14.430584236000072, 50.098315780000064 ] ] ] ] } },
{ "type": "Feature", "properties": { "objectid": 68852, "zps_id": "17353", "id_poskyt": 38, "shape_area_1": 0.0, "globalid": "{E4C3A410-CEE7-4278-8C7A-DB92F319D270}", "shape_Length": 0.0001785690425333989, "shape_Area": 1.2112968964782492e-09 }, "geometry": { "type": "MultiPolygon", "coordinates": [ [ [ [ 14.432237557000064, 50.097761956000056 ], [ 14.43224039200004, 50.097743219000051 ], [ 14.432162774000062, 50.09774046900003 ], [ 14.432185670000024, 50.097759891000067 ], [ 14.432237557000064, 50.097761956000056 ] ] ] ] } },
{ "type": "Feature", "properties": { "objectid": 68853, "zps_id": "22147", "id_poskyt": 38, "shape_area_1": 0.0, "globalid": "{47EFD031-DF7C-4160-9586-68E9E1FD5154}", "shape_Length": 0.00030399050082366089, "shape_Area": 4.1393932889283152e-09 }, "geometry": { "type": "MultiPolygon", "coordinates": [ [ [ [ 14.487730255000031, 50.10021504000008 ], [ 14.487683043000061, 50.100158845000067 ], [ 14.487674278000043, 50.10013901700006 ], [ 14.487671022000029, 50.100136345000067 ], [ 14.487616562000028, 50.100205860000074 ], [ 14.487730446000057, 50.100217 ], [ 14.487730255000031, 50.10021504000008 ] ] ] ] } },
{ "type": "Feature", "properties": { "objectid": 68854, "zps_id": "5620", "id_poskyt": 38, "shape_area_1": 0.0, "globalid": "{177F8AE8-A3E2-4035-A555-B233B17CD411}", "shape_Length": 0.00016900766441400601, "shape_Area": 1.7525528606794561e-09 }, "geometry": { "type": "MultiPolygon", "coordinates": [ [ [ [ 14.449679896000077, 50.105061204000037 ], [ 14.449727615000029, 50.105061486000068 ], [ 14.449728838000055, 50.10502513800003 ], [ 14.449680682000064, 50.105024454000045 ], [ 14.449679896000077, 50.105061204000037 ] ] ] ] } },
{ "type": "Feature", "properties": { "objectid": 68855, "zps_id": "8916", "id_poskyt": 38, "shape_area_1": 0.0, "globalid": "{0F65B974-94C8-44F8-A2F0-F4277BD1BF0C}", "shape_Length": 0.00013689103320133132, "shape_Area": 9.3054798024505211e-10 }, "geometry": { "type": "MultiPolygon", "coordinates": [ [ [ [ 14.39884479400007, 50.109291798000072 ], [ 14.398893731000044, 50.109294731000034 ], [ 14.398897696000063, 50.10927623200007 ], [ 14.39884784000003, 50.109273054000028 ], [ 14.39884479400007, 50.109291798000072 ] ] ] ] } },
{ "type": "Feature", "properties": { "objectid": 68856, "zps_id": "22154", "id_poskyt": 38, "shape_area_1": 0.0, "globalid": "{35F38476-08DB-4A5D-8AB9-CA18EBED9C9B}", "shape_Length": 0.00042388896008889015, "shape_Area": 8.9773362019664411e-09 }, "geometry": { "type": "MultiPolygon", "coordinates": [ [ [ [ 14.423698536000074, 50.09776624400007 ], [ 14.423838534000026, 50.097777689000054 ], [ 14.423856173000047, 50.097717915000032 ], [ 14.423719165000023, 50.097692622000068 ], [ 14.423723984000048, 50.09772068400008 ], [ 14.423721540000031, 50.09773350100005 ], [ 14.423720969000044, 50.097735774000057 ], [ 14.42371509700007, 50.097745619000079 ], [ 14.423698536000074, 50.09776624400007 ] ] ] ] } },
{ "type": "Feature", "properties": { "objectid": 68857, "zps_id": "9354", "id_poskyt": 38, "shape_area_1": 0.0, "globalid": "{FC4E5716-1840-448B-BD76-1945983D9CB7}", "shape_Length": 0.00023246284834859215, "shape_Area": 2.7733766830054064e-09 }, "geometry": { "type": "MultiPolygon", "coordinates": [ [ [ [ 14.478849886000035, 50.106087589000026 ], [ 14.478865714000051, 50.106087266000031 ], [ 14.478883628000062, 50.106083317000071 ], [ 14.478899227000056, 50.106078373000059 ], [ 14.478905982000072, 50.106075075000035 ], [ 14.478879429000074, 50.106043825000029 ], [ 14.478809280000064, 50.106039286000055 ], [ 14.478849886000035, 50.106087589000026 ] ] ] ] } },
{ "type": "Feature", "properties": { "objectid": 68858, "zps_id": "9403", "id_poskyt": 38, "shape_area_1": 0.0, "globalid": "{87228C03-C4A6-4B0F-93AA-38B0FD5DE938}", "shape_Length": 0.0002350712745127534, "shape_Area": 3.3291835269756048e-09 }, "geometry": { "type": "MultiPolygon", "coordinates": [ [ [ [ 14.472816202000047, 50.10596496200003 ], [ 14.472876333000045, 50.105968640000071 ], [ 14.472879183000032, 50.105962157000079 ], [ 14.47289059700006, 50.105902823000065 ], [ 14.472858088000066, 50.10590746500003 ], [ 14.472846464000042, 50.10591493700008 ], [ 14.47283630000004, 50.105923451000081 ], [ 14.472826739000027, 50.105934026000057 ], [ 14.47282030100007, 50.105944586000078 ], [ 14.472816202000047, 50.10596496200003 ] ] ] ] } },
{ "type": "Feature", "properties": { "objectid": 68859, "zps_id": "9388", "id_poskyt": 38, "shape_area_1": 0.0, "globalid": "{9293CD4D-AB38-4953-885E-401DB998435C}", "shape_Length": 0.00021117003793885388, "shape_Area": 2.3945661951556911e-09 }, "geometry": { "type": "MultiPolygon", "coordinates": [ [ [ [ 14.475137443000051, 50.109352534000038 ], [ 14.475150004000056, 50.109354175000078 ], [ 14.475165221000054, 50.109285075000059 ], [ 14.475124780000044, 50.10927094300007 ], [ 14.475119777000032, 50.109299951000025 ], [ 14.475137443000051, 50.109352534000038 ] ] ] ] } },
{ "type": "Feature", "properties": { "objectid": 68860, "zps_id": "9300", "id_poskyt": 38, "shape_area_1": 0.0, "globalid": "{9C93E373-B5F4-4129-A1A9-CE28C64B3F3E}", "shape_Length": 0.00018778826058166257, "shape_Area": 1.8977976001476251e-09 }, "geometry": { "type": "MultiPolygon", "coordinates": [ [ [ [ 14.468956867000031, 50.095357127000057 ], [ 14.468986619000077, 50.095377135000035 ], [ 14.469035967000025, 50.095346924000069 ], [ 14.469006452000031, 50.095326592000049 ], [ 14.468956867000031, 50.095357127000057 ] ] ] ] } },
{ "type": "Feature", "properties": { "objectid": 68861, "zps_id": "22156", "id_poskyt": 38, "shape_area_1": 0.0, "globalid": "{B3739231-BDBE-46CB-A7CF-BF9A6A0A2DA0}", "shape_Length": 0.00018687807465549489, "shape_Area": 2.0823927028658995e-09 }, "geometry": { "type": "MultiPolygon", "coordinates": [ [ [ [ 14.467737820000025, 50.098628586000075 ], [ 14.467787294000061, 50.098641984000039 ], [ 14.467808818000037, 50.098605774000077 ], [ 14.467758967000066, 50.098592425000049 ], [ 14.467737820000025, 50.098628586000075 ] ] ] ] } },
{ "type": "Feature", "properties": { "objectid": 68862, "zps_id": "22157", "id_poskyt": 38, "shape_area_1": 0.0, "globalid": "{3A52F232-EBE0-4D38-AE23-3E11E03BA23A}", "shape_Length": 0.00024034523516291319, "shape_Area": 2.1829986603847108e-09 }, "geometry": { "type": "MultiPolygon", "coordinates": [ [ [ [ 14.464660983000044, 50.097128842000075 ], [ 14.464755984000021, 50.097147988000074 ], [ 14.464766627000074, 50.097127491000037 ], [ 14.464672278000023, 50.097107731000051 ], [ 14.464660983000044, 50.097128842000075 ] ] ] ] } },
{ "type": "Feature", "properties": { "objectid": 68863, "zps_id": "10272", "id_poskyt": 38, "shape_area_1": 0.0, "globalid": "{37578C90-4418-4A06-918B-A9B7CE58DCF5}", "shape_Length": 0.00021521661857322301, "shape_Area": 2.6801759602701782e-09 }, "geometry": { "type": "MultiPolygon", "coordinates": [ [ [ [ 14.47931658300007, 50.103635580000059 ], [ 14.479353343000071, 50.103647627000043 ], [ 14.479383505000044, 50.103658194000047 ], [ 14.47940389200005, 50.103636376000054 ], [ 14.479395751000027, 50.10362821700005 ], [ 14.479392867000058, 50.103625722000061 ], [ 14.479383141000028, 50.103617851000081 ], [ 14.479371687000025, 50.103610672000059 ], [ 14.47935403300005, 50.103601860000026 ], [ 14.479349242000069, 50.103599841000062 ], [ 14.47931658300007, 50.103635580000059 ] ] ] ] } },
{ "type": "Feature", "properties": { "objectid": 68864, "zps_id": "15450", "id_poskyt": 38, "shape_area_1": 0.0, "globalid": "{9C322228-1CC0-4A6D-9F6D-5E6D26E9EB81}", "shape_Length": 0.0001712076259747848, "shape_Area": 1.5532665054458102e-09 }, "geometry": { "type": "MultiPolygon", "coordinates": [ [ [ [ 14.452099443000066, 50.055180087000053 ], [ 14.452127264000069, 50.055194723000056 ], [ 14.452169432000062, 50.055160286000046 ], [ 14.452142279000043, 50.055146089000061 ], [ 14.452099443000066, 50.055180087000053 ] ] ] ] } },
{ "type": "Feature", "properties": { "objectid": 68865, "zps_id": "5444", "id_poskyt": 38, "shape_area_1": 0.0, "globalid": "{A4FFCBA3-F8C8-40C4-98AE-2C14A55A825D}", "shape_Length": 0.00019973528525492988, "shape_Area": 1.9434788542520624e-09 }, "geometry": { "type": "MultiPolygon", "coordinates": [ [ [ [ 14.435150126000053, 50.101431410000032 ], [ 14.43522510400004, 50.101438155000039 ], [ 14.435231857000076, 50.101406542000063 ], [ 14.435183726000048, 50.101403187000074 ], [ 14.435150126000053, 50.101431410000032 ] ] ] ] } },
{ "type": "Feature", "properties": { "objectid": 68866, "zps_id": "16707", "id_poskyt": 38, "shape_area_1": 0.0, "globalid": "{1303D10C-FF54-478A-AF35-53A2BDE9FD38}", "shape_Length": 0.00032955252669342552, "shape_Area": 3.0672193034728019e-09 }, "geometry": { "type": "MultiPolygon", "coordinates": [ [ [ [ 14.317172935000031, 50.090926136000064 ], [ 14.317160940000065, 50.090906945000029 ], [ 14.317023323000058, 50.090942548000044 ], [ 14.317035306000037, 50.090961729000071 ], [ 14.317172935000031, 50.090926136000064 ] ] ] ] } },
{ "type": "Feature", "properties": { "objectid": 68867, "zps_id": "22165", "id_poskyt": 38, "shape_area_1": 0.0, "globalid": "{BCD0B85C-A077-4A04-B963-8CBA1562D7F4}", "shape_Length": 0.00032955416037345304, "shape_Area": 3.0673367327880259e-09 }, "geometry": { "type": "MultiPolygon", "coordinates": [ [ [ [ 14.317133034000051, 50.090866641000048 ], [ 14.317121052000061, 50.090847459000031 ], [ 14.316983422000021, 50.090883051000048 ], [ 14.316995417000044, 50.090902243000073 ], [ 14.317133034000051, 50.090866641000048 ] ] ] ] } },
{ "type": "Feature", "properties": { "objectid": 68868, "zps_id": "16707", "id_poskyt": 38, "shape_area_1": 0.0, "globalid": "{63D86EAD-DB2F-48A6-851A-4D28D3F7BA9B}", "shape_Length": 0.00052070386645999367, "shape_Area": 5.0248466476589972e-09 }, "geometry": { "type": "MultiPolygon", "coordinates": [ [ [ [ 14.317392346000076, 50.090846270000043 ], [ 14.317162023000037, 50.090907032000075 ], [ 14.31717395000004, 50.090925746000039 ], [ 14.317404249000049, 50.090864900000042 ], [ 14.317392346000076, 50.090846270000043 ] ] ] ] } },
{ "type": "Feature", "properties": { "objectid": 68869, "zps_id": "8156", "id_poskyt": 38, "shape_area_1": 0.0, "globalid": "{D0BF184D-14D1-4CF3-8F65-F1973494F581}", "shape_Length": 0.00031184028758353199, "shape_Area": 5.4445023214688635e-09 }, "geometry": { "type": "MultiPolygon", "coordinates": [ [ [ [ 14.376893796000047, 50.103543332000072 ], [ 14.376917162000041, 50.103470782000045 ], [ 14.376850549000039, 50.103460812000037 ], [ 14.376826850000043, 50.103536546000043 ], [ 14.37682138200006, 50.103550837000057 ], [ 14.376846779000061, 50.103544752000062 ], [ 14.376865757000076, 50.103540958000053 ], [ 14.376893796000047, 50.103543332000072 ] ] ] ] } },
{ "type": "Feature", "properties": { "objectid": 68870, "zps_id": "21796", "id_poskyt": 38, "shape_area_1": 0.0, "globalid": "{8CC61056-A9AD-414E-B22C-B1ECEA19DFCC}", "shape_Length": 0.0001932406501884941, "shape_Area": 1.5164700524056859e-09 }, "geometry": { "type": "MultiPolygon", "coordinates": [ [ [ [ 14.340380536000055, 50.086954635000041 ], [ 14.340369526000075, 50.086972523000043 ], [ 14.340442794000069, 50.086991217000048 ], [ 14.340453804000049, 50.086973328000056 ], [ 14.340380536000055, 50.086954635000041 ] ] ] ] } },
{ "type": "Feature", "properties": { "objectid": 68871, "zps_id": "2358", "id_poskyt": 38, "shape_area_1": 0.0, "globalid": "{A1F03647-BC4C-4484-8886-2209500F4E55}", "shape_Length": 0.00019245808687003252, "shape_Area": 1.8202139178908914e-09 }, "geometry": { "type": "MultiPolygon", "coordinates": [ [ [ [ 14.470945155000038, 50.133058084000027 ], [ 14.470930633000023, 50.133081379000032 ], [ 14.470997070000067, 50.133097835000058 ], [ 14.471011451000038, 50.133073138000043 ], [ 14.470945155000038, 50.133058084000027 ] ] ] ] } },
{ "type": "Feature", "properties": { "objectid": 68872, "zps_id": "21806", "id_poskyt": 38, "shape_area_1": 0.0, "globalid": "{6DD8E179-C1C5-4C59-A847-619837F71668}", "shape_Length": 0.00036729645364327125, "shape_Area": 3.3663530827419322e-09 }, "geometry": { "type": "MultiPolygon", "coordinates": [ [ [ [ 14.412868355000057, 50.102098632000036 ], [ 14.412814815000047, 50.102091666000035 ], [ 14.41270860700007, 50.102075505000073 ], [ 14.412700154000049, 50.102095405000057 ], [ 14.412788094000064, 50.102108704000045 ], [ 14.412861823000071, 50.102118521000079 ], [ 14.412868355000057, 50.102098632000036 ] ] ] ] } },
{ "type": "Feature", "properties": { "objectid": 68873, "zps_id": "11925", "id_poskyt": 38, "shape_area_1": 0.0, "globalid": "{AC05E7E4-466B-467E-A8F3-B255284297B2}", "shape_Length": 0.00027539201843871671, "shape_Area": 3.6828539292469247e-09 }, "geometry": { "type": "MultiPolygon", "coordinates": [ [ [ [ 14.413970106000022, 50.101606876000062 ], [ 14.414001475000077, 50.101701512000034 ], [ 14.414040494000062, 50.101696356000048 ], [ 14.414005565000025, 50.101602067000044 ], [ 14.413970106000022, 50.101606876000062 ] ] ] ] } },
{ "type": "Feature", "properties": { "objectid": 68874, "zps_id": "4419", "id_poskyt": 38, "shape_area_1": 0.0, "globalid": "{3432B233-96DE-4178-98C1-680BA54DCE64}", "shape_Length": 0.00022197389112519364, "shape_Area": 2.3302094025798731e-09 }, "geometry": { "type": "MultiPolygon", "coordinates": [ [ [ [ 14.457861911000066, 50.082086599000036 ], [ 14.457871058000023, 50.082059754000056 ], [ 14.457790181000064, 50.082046283000068 ], [ 14.457780478000075, 50.082073815000058 ], [ 14.457861911000066, 50.082086599000036 ] ] ] ] } },
{ "type": "Feature", "properties": { "objectid": 68875, "zps_id": "5445", "id_poskyt": 38, "shape_area_1": 0.0, "globalid": "{E8301627-D40B-4CF6-95FE-033C56133A0B}", "shape_Length": 0.0001407737222075395, "shape_Area": 1.128309681979894e-09 }, "geometry": { "type": "MultiPolygon", "coordinates": [ [ [ [ 14.435302806000038, 50.101364059000048 ], [ 14.435342822000052, 50.101367033000031 ], [ 14.435348539000074, 50.101332081000066 ], [ 14.435304970000061, 50.101344157000028 ], [ 14.435302806000038, 50.101364059000048 ] ] ] ] } },
{ "type": "Feature", "properties": { "objectid": 68876, "zps_id": "8355", "id_poskyt": 38, "shape_area_1": 0.0, "globalid": "{7D52E81B-67E4-48A2-97E6-A1C2D8C5345E}", "shape_Length": 0.00023594389778277639, "shape_Area": 3.1944026156732487e-09 }, "geometry": { "type": "MultiPolygon", "coordinates": [ [ [ [ 14.392348967000032, 50.105250839000064 ], [ 14.392412209000042, 50.105255617000068 ], [ 14.392423053000073, 50.105192908000049 ], [ 14.392353573000037, 50.105215232000035 ], [ 14.392348967000032, 50.105250839000064 ] ] ] ] } },
{ "type": "Feature", "properties": { "objectid": 68877, "zps_id": "21537", "id_poskyt": 38, "shape_area_1": 0.0, "globalid": "{3F737172-B10C-493B-995E-7425ECF5A532}", "shape_Length": 0.00033591695087132202, "shape_Area": 2.9792024910948339e-09 }, "geometry": { "type": "MultiPolygon", "coordinates": [ [ [ [ 14.46589434200007, 50.115017202000047 ], [ 14.465904240000043, 50.114998299000035 ], [ 14.465762151000035, 50.114965572000074 ], [ 14.46575069000005, 50.114983401000075 ], [ 14.46589434200007, 50.115017202000047 ] ] ] ] } },
{ "type": "Feature", "properties": { "objectid": 68878, "zps_id": "20346", "id_poskyt": 38, "shape_area_1": 0.0, "globalid": "{E2F5CAF8-E042-41EA-ADF3-23C0D65D1342}", "shape_Length": 0.00016380802037002567, "shape_Area": 1.2377219226900621e-09 }, "geometry": { "type": "MultiPolygon", "coordinates": [ [ [ [ 14.376570683000068, 50.032283635000056 ], [ 14.376626299000066, 50.032304398000065 ], [ 14.376641462000066, 50.032287777000079 ], [ 14.376585463000026, 50.032267034000029 ], [ 14.376570683000068, 50.032283635000056 ] ] ] ] } },
{ "type": "Feature", "properties": { "objectid": 68879, "zps_id": "17827", "id_poskyt": 38, "shape_area_1": 0.0, "globalid": "{23F767F3-7CAC-4CC5-962A-43D6991A982B}", "shape_Length": 0.00018929711598768029, "shape_Area": 1.8943633744275462e-09 }, "geometry": { "type": "MultiPolygon", "coordinates": [ [ [ [ 14.472879072000069, 50.105788199000074 ], [ 14.472910118000073, 50.10579124000003 ], [ 14.472917659000075, 50.105734343000051 ], [ 14.472891595000021, 50.10571890600005 ], [ 14.472879072000069, 50.105788199000074 ] ] ] ] } },
{ "type": "Feature", "properties": { "objectid": 68880, "zps_id": "12370", "id_poskyt": 38, "shape_area_1": 0.0, "globalid": "{7F7F2215-56E6-433F-962B-69EE506E0C19}", "shape_Length": 0.00028600348559226714, "shape_Area": 2.0752862637851318e-09 }, "geometry": { "type": "MultiPolygon", "coordinates": [ [ [ [ 14.430754163000074, 50.066507180000031 ], [ 14.430844820000061, 50.066493139000045 ], [ 14.43088300900007, 50.066489348000061 ], [ 14.430843430000039, 50.066477533000068 ], [ 14.430815948000031, 50.066479521000076 ], [ 14.43077544700003, 50.066482453000049 ], [ 14.430753207000066, 50.06648406000005 ], [ 14.430752218000066, 50.06648412800007 ], [ 14.430754163000074, 50.066507180000031 ] ] ] ] } },
{ "type": "Feature", "properties": { "objectid": 68881, "zps_id": "22182", "id_poskyt": 38, "shape_area_1": 0.0, "globalid": "{FDD6E6F4-6C35-4CA5-AFA3-3FEE8F0197BA}", "shape_Length": 0.00025889723696413463, "shape_Area": 3.3354637822895241e-09 }, "geometry": { "type": "MultiPolygon", "coordinates": [ [ [ [ 14.43194524300003, 50.066184855000074 ], [ 14.432043897000028, 50.066146562000029 ], [ 14.432011382000042, 50.06611429000003 ], [ 14.431960480000043, 50.066134699000031 ], [ 14.43194524300003, 50.066184855000074 ] ] ] ] } },
{ "type": "Feature", "properties": { "objectid": 68882, "zps_id": "22182", "id_poskyt": 38, "shape_area_1": 0.0, "globalid": "{5F55CF26-CEB3-4F4B-B29F-F102DCE714B3}", "shape_Length": 0.00028961785225495805, "shape_Area": 3.5269396950273902e-09 }, "geometry": { "type": "MultiPolygon", "coordinates": [ [ [ [ 14.431601966000073, 50.066324713000029 ], [ 14.43161923200006, 50.06627363900003 ], [ 14.431501696000055, 50.066318873000057 ], [ 14.43151972000004, 50.066338192000046 ], [ 14.431601966000073, 50.066324713000029 ] ] ] ] } },
{ "type": "Feature", "properties": { "objectid": 68883, "zps_id": "22183", "id_poskyt": 38, "shape_area_1": 0.0, "globalid": "{906978AC-DA52-4A07-BC53-1521EBF67489}", "shape_Length": 0.00026239137535336292, "shape_Area": 2.2587680791356982e-09 }, "geometry": { "type": "MultiPolygon", "coordinates": [ [ [ [ 14.433195717000046, 50.065678454000079 ], [ 14.433232964000069, 50.065638251000053 ], [ 14.433260025000038, 50.065629063000074 ], [ 14.433283035000045, 50.065621271000055 ], [ 14.433264897000072, 50.065601351000055 ], [ 14.43320682500007, 50.065625437000051 ], [ 14.433189352000056, 50.065680851000081 ], [ 14.433195717000046, 50.065678454000079 ] ] ] ] } },
{ "type": "Feature", "properties": { "objectid": 68884, "zps_id": "7693", "id_poskyt": 38, "shape_area_1": 0.0, "globalid": "{9F5354E6-7F06-4185-A83E-186B616A4740}", "shape_Length": 0.00020308812187651499, "shape_Area": 1.7745634425412663e-09 }, "geometry": { "type": "MultiPolygon", "coordinates": [ [ [ [ 14.342077789000029, 50.087383325000076 ], [ 14.342002326000056, 50.08736420200006 ], [ 14.341990255000042, 50.087384782000072 ], [ 14.342065510000054, 50.087403696000081 ], [ 14.342077789000029, 50.087383325000076 ] ] ] ] } },
{ "type": "Feature", "properties": { "objectid": 68885, "zps_id": "7654", "id_poskyt": 38, "shape_area_1": 0.0, "globalid": "{3AEE64BE-8CF8-46A8-B2CA-D3205ECDD5C1}", "shape_Length": 0.0003597407051656032, "shape_Area": 3.6155013510632685e-09 }, "geometry": { "type": "MultiPolygon", "coordinates": [ [ [ [ 14.341300443000023, 50.087367268000037 ], [ 14.341287985000065, 50.087387752000041 ], [ 14.341438608000033, 50.087426156000049 ], [ 14.341451433000032, 50.087405080000053 ], [ 14.341300443000023, 50.087367268000037 ] ] ] ] } },
{ "type": "Feature", "properties": { "objectid": 68886, "zps_id": "8888", "id_poskyt": 38, "shape_area_1": 0.0, "globalid": "{06539A69-64A3-41DB-AAE8-342E65DF5BE1}", "shape_Length": 0.00030049190308169298, "shape_Area": 3.8174856262580541e-09 }, "geometry": { "type": "MultiPolygon", "coordinates": [ [ [ [ 14.343642733000024, 50.087797016000081 ], [ 14.343702721000056, 50.087763691000077 ], [ 14.343623921000074, 50.087744014000066 ], [ 14.343563485000061, 50.087777256000038 ], [ 14.343642733000024, 50.087797016000081 ] ] ] ] } },
{ "type": "Feature", "properties": { "objectid": 68887, "zps_id": "7697", "id_poskyt": 38, "shape_area_1": 0.0, "globalid": "{5D48BEE6-BD0F-4715-83F6-6568396127F6}", "shape_Length": 0.00028052686595595919, "shape_Area": 2.8958182937222152e-09 }, "geometry": { "type": "MultiPolygon", "coordinates": [ [ [ [ 14.34634341800006, 50.090000102000033 ], [ 14.346317512000041, 50.089993352000079 ], [ 14.346257093000077, 50.090089437000074 ], [ 14.346282984000027, 50.090096175000042 ], [ 14.34634341800006, 50.090000102000033 ] ] ] ] } },
{ "type": "Feature", "properties": { "objectid": 68888, "zps_id": "8944", "id_poskyt": 38, "shape_area_1": 0.0, "globalid": "{0F35D271-4424-423E-A935-5C7139AA645B}", "shape_Length": 0.00028206620480627066, "shape_Area": 2.9244177640348122e-09 }, "geometry": { "type": "MultiPolygon", "coordinates": [ [ [ [ 14.346096038000042, 50.090218046000075 ], [ 14.346121876000041, 50.090224762000048 ], [ 14.34618114400007, 50.090126958000042 ], [ 14.34615526500005, 50.090120302000059 ], [ 14.346096038000042, 50.090218046000075 ] ] ] ] } },
{ "type": "Feature", "properties": { "objectid": 68889, "zps_id": "22192", "id_poskyt": 38, "shape_area_1": 0.0, "globalid": "{C295E9C0-898D-4EB6-85A6-6B2B8AE7CBA1}", "shape_Length": 0.00035718013484823741, "shape_Area": 2.8481264062531172e-09 }, "geometry": { "type": "MultiPolygon", "coordinates": [ [ [ [ 14.347366227000066, 50.090843069000073 ], [ 14.34736881200007, 50.090825173000042 ], [ 14.347289557000067, 50.090821210000058 ], [ 14.347209098000064, 50.090815614000064 ], [ 14.347205826000049, 50.090833740000051 ], [ 14.347366227000066, 50.090843069000073 ] ] ] ] } },
{ "type": "Feature", "properties": { "objectid": 68890, "zps_id": "8881", "id_poskyt": 38, "shape_area_1": 0.0, "globalid": "{724F097A-9E33-4FDB-9265-F668B9BC8652}", "shape_Length": 0.00039597621227276678, "shape_Area": 3.2360403851698991e-09 }, "geometry": { "type": "MultiPolygon", "coordinates": [ [ [ [ 14.344956087000071, 50.090300669000044 ], [ 14.344919008000034, 50.090310106000061 ], [ 14.344918270000051, 50.090311176000057 ], [ 14.345095176000029, 50.090355793000072 ], [ 14.345105544000035, 50.090339100000051 ], [ 14.344956087000071, 50.090300669000044 ] ] ] ] } },
{ "type": "Feature", "properties": { "objectid": 68891, "zps_id": "22194", "id_poskyt": 38, "shape_area_1": 0.0, "globalid": "{DD5FA23F-7841-4AAC-9DC2-4950F6464A77}", "shape_Length": 0.00034817775127855626, "shape_Area": 2.8942216545157953e-09 }, "geometry": { "type": "MultiPolygon", "coordinates": [ [ [ [ 14.34418783700005, 50.090125228000034 ], [ 14.344337836000022, 50.090162771000053 ], [ 14.344347772000049, 50.090145939000081 ], [ 14.344197967000071, 50.090108466000061 ], [ 14.34418783700005, 50.090125228000034 ] ] ] ] } },
{ "type": "Feature", "properties": { "objectid": 68892, "zps_id": "20984", "id_poskyt": 38, "shape_area_1": 0.0, "globalid": "{B08DB1CE-4477-4EA8-97C8-F907F1236590}", "shape_Length": 0.00035511111910507262, "shape_Area": 5.1751605622711829e-09 }, "geometry": { "type": "MultiPolygon", "coordinates": [ [ [ [ 14.440506625000069, 50.062727228000028 ], [ 14.440627615000039, 50.062736627000049 ], [ 14.440667269000073, 50.062696670000037 ], [ 14.440545535000069, 50.062687846000074 ], [ 14.44054539800004, 50.062687837000055 ], [ 14.440506625000069, 50.062727228000028 ] ] ] ] } },
{ "type": "Feature", "properties": { "objectid": 68893, "zps_id": "11721", "id_poskyt": 38, "shape_area_1": 0.0, "globalid": "{8425C253-CB5D-4478-B2CD-517261DFDDF3}", "shape_Length": 0.00023433461584279505, "shape_Area": 3.1900063919045044e-09 }, "geometry": { "type": "MultiPolygon", "coordinates": [ [ [ [ 14.453957348000074, 50.052433913000073 ], [ 14.453891644000066, 50.052419588000078 ], [ 14.453866389000041, 50.052461129000051 ], [ 14.453933720000066, 50.052477140000065 ], [ 14.453957348000074, 50.052433913000073 ] ] ] ] } },
{ "type": "Feature", "properties": { "objectid": 68894, "zps_id": "17323", "id_poskyt": 38, "shape_area_1": 0.0, "globalid": "{3B22055F-3343-4BAD-B433-A71BB7B743AC}", "shape_Length": 0.00018187554797191696, "shape_Area": 1.8997408797725614e-09 }, "geometry": { "type": "MultiPolygon", "coordinates": [ [ [ [ 14.365190114000029, 50.061699325000063 ], [ 14.365230861000043, 50.06168103300007 ], [ 14.365194464000069, 50.061649045000081 ], [ 14.365156594000041, 50.061666013000035 ], [ 14.365190114000029, 50.061699325000063 ] ] ] ] } },
{ "type": "Feature", "properties": { "objectid": 68895, "zps_id": "8136", "id_poskyt": 38, "shape_area_1": 0.0, "globalid": "{2E3D2DD3-E13E-497B-B739-5473BC1DCB8F}", "shape_Length": 0.00026939061702539773, "shape_Area": 2.2937521798833932e-09 }, "geometry": { "type": "MultiPolygon", "coordinates": [ [ [ [ 14.395257319000052, 50.095648033000032 ], [ 14.395371693000072, 50.095654264000075 ], [ 14.395374144000073, 50.095634277000045 ], [ 14.395259682000074, 50.095628207000061 ], [ 14.395259552000027, 50.095628201000068 ], [ 14.395258821000027, 50.095634702000041 ], [ 14.395257319000052, 50.095648033000032 ] ] ] ] } },
{ "type": "Feature", "properties": { "objectid": 68896, "zps_id": "9127", "id_poskyt": 38, "shape_area_1": 0.0, "globalid": "{70F1AC5C-5B2A-49B2-A7AF-8FCE633F4A37}", "shape_Length": 0.00015268020909096647, "shape_Area": 1.2651241857784127e-09 }, "geometry": { "type": "MultiPolygon", "coordinates": [ [ [ [ 14.40258496000007, 50.105450273000031 ], [ 14.402583426000035, 50.10545815100005 ], [ 14.402582277000022, 50.105466473000035 ], [ 14.402583715000048, 50.105475958000056 ], [ 14.402593748000072, 50.105486231000043 ], [ 14.402606777000074, 50.105497670000034 ], [ 14.402630663000025, 50.105486510000048 ], [ 14.402617545000055, 50.105475290000072 ], [ 14.402613636000069, 50.105470352000054 ], [ 14.402610749000075, 50.105463670000063 ], [ 14.402612310000052, 50.10545955200007 ], [ 14.402614070000027, 50.105456404000051 ], [ 14.40258496000007, 50.105450273000031 ] ] ] ] } },
{ "type": "Feature", "properties": { "objectid": 68897, "zps_id": "9077", "id_poskyt": 38, "shape_area_1": 0.0, "globalid": "{7352CC90-D746-4FA6-805E-F2BB7CC2F4DD}", "shape_Length": 0.0002125914721580307, "shape_Area": 1.7434916529342436e-09 }, "geometry": { "type": "MultiPolygon", "coordinates": [ [ [ [ 14.402778135000062, 50.105568991000041 ], [ 14.402760831000023, 50.105570516000057 ], [ 14.402752200000066, 50.105571284000064 ], [ 14.402746267000055, 50.105571040000029 ], [ 14.402737096000067, 50.105569854000066 ], [ 14.402728890000049, 50.105566794000026 ], [ 14.402722603000029, 50.105562870000028 ], [ 14.402714596000067, 50.105557240000053 ], [ 14.402689769000062, 50.105569298000034 ], [ 14.402700926000023, 50.105577620000076 ], [ 14.402710912000032, 50.105583570000078 ], [ 14.402720247000047, 50.105587166000078 ], [ 14.402729651000072, 50.105589307000059 ], [ 14.402746296000032, 50.105590919000065 ], [ 14.402781883000046, 50.105588386000079 ], [ 14.402782296000055, 50.105588356000055 ], [ 14.402778956000077, 50.105572811000059 ], [ 14.402778135000062, 50.105568991000041 ] ] ] ] } },
{ "type": "Feature", "properties": { "objectid": 68898, "zps_id": "11280", "id_poskyt": 38, "shape_area_1": 0.0, "globalid": "{AE651ECD-6C9A-4424-8C4E-CFD81971147E}", "shape_Length": 0.0011308046636887294, "shape_Area": 2.2653469936069529e-08 }, "geometry": { "type": "MultiPolygon", "coordinates": [ [ [ [ 14.43341472000003, 50.062057357000072 ], [ 14.433419699000069, 50.062011793000067 ], [ 14.432898040000055, 50.061996820000047 ], [ 14.432893250000063, 50.062037800000041 ], [ 14.43341472000003, 50.062057357000072 ] ] ] ] } },
{ "type": "Feature", "properties": { "objectid": 68899, "zps_id": "9060", "id_poskyt": 38, "shape_area_1": 0.0, "globalid": "{AF7668E9-9182-49A1-B398-626F4673FE43}", "shape_Length": 0.00026632426229516884, "shape_Area": 2.7166854600163013e-09 }, "geometry": { "type": "MultiPolygon", "coordinates": [ [ [ [ 14.403490677000036, 50.103996056000028 ], [ 14.403465168000025, 50.103988865000076 ], [ 14.403410111000028, 50.104080626000041 ], [ 14.403435831000024, 50.104087100000072 ], [ 14.403490677000036, 50.103996056000028 ] ] ] ] } },
{ "type": "Feature", "properties": { "objectid": 68900, "zps_id": "3891", "id_poskyt": 38, "shape_area_1": 0.0, "globalid": "{166BE745-59F5-424A-85BE-DAF15E0EBA1E}", "shape_Length": 0.0002604652780652377, "shape_Area": 3.59339615661256e-09 }, "geometry": { "type": "MultiPolygon", "coordinates": [ [ [ [ 14.425324566000029, 50.07865617200008 ], [ 14.425403634000077, 50.078663544000051 ], [ 14.42538458000007, 50.078615716000058 ], [ 14.425305113000036, 50.078610206000064 ], [ 14.425324566000029, 50.07865617200008 ] ] ] ] } },
{ "type": "Feature", "properties": { "objectid": 68901, "zps_id": "18699", "id_poskyt": 38, "shape_area_1": 0.0, "globalid": "{B0164F2D-2963-4B4E-AC5A-65E713871024}", "shape_Length": 0.00016584700337553249, "shape_Area": 1.5270915506546955e-09 }, "geometry": { "type": "MultiPolygon", "coordinates": [ [ [ [ 14.492014863000065, 50.100920118000033 ], [ 14.492042662000074, 50.100922688000026 ], [ 14.49205508600005, 50.100869322000051 ], [ 14.49202695300005, 50.10086659500007 ], [ 14.492014863000065, 50.100920118000033 ] ] ] ] } },
{ "type": "Feature", "properties": { "objectid": 68902, "zps_id": "18700", "id_poskyt": 38, "shape_area_1": 0.0, "globalid": "{82752F6C-F7F4-426C-A0F7-38919232C44C}", "shape_Length": 0.00016641942059559474, "shape_Area": 1.5455568352908401e-09 }, "geometry": { "type": "MultiPolygon", "coordinates": [ [ [ [ 14.492079698000055, 50.100927594000041 ], [ 14.492108177000034, 50.100930006000056 ], [ 14.492120159000024, 50.10087685700006 ], [ 14.492091914000071, 50.100874002000069 ], [ 14.492079698000055, 50.100927594000041 ] ] ] ] } },
{ "type": "Feature", "properties": { "objectid": 68903, "zps_id": "21484", "id_poskyt": 38, "shape_area_1": 0.0, "globalid": "{AC9A4057-2253-4DAD-954B-6014F5F5C07E}", "shape_Length": 0.00032445792987662682, "shape_Area": 2.815499053028681e-09 }, "geometry": { "type": "MultiPolygon", "coordinates": [ [ [ [ 14.478270205000058, 50.112213850000046 ], [ 14.478320176000068, 50.112223800000038 ], [ 14.478370003000066, 50.11223343000006 ], [ 14.478409708000072, 50.112241152000081 ], [ 14.478418560000023, 50.112222166000038 ], [ 14.478295004000074, 50.112198908000039 ], [ 14.478279889000078, 50.112196062000066 ], [ 14.478270205000058, 50.112213850000046 ] ] ] ] } },
{ "type": "Feature", "properties": { "objectid": 68904, "zps_id": "11421", "id_poskyt": 38, "shape_area_1": 0.0, "globalid": "{4B3B6335-BBB5-445E-9602-DD11C61AA1B4}", "shape_Length": 0.0001910680768501807, "shape_Area": 1.8517269798912276e-09 }, "geometry": { "type": "MultiPolygon", "coordinates": [ [ [ [ 14.442586634000065, 50.062768609000045 ], [ 14.442614343000059, 50.062766130000057 ], [ 14.442594131000021, 50.062700751000079 ], [ 14.442566548000059, 50.062704748000044 ], [ 14.442586634000065, 50.062768609000045 ] ] ] ] } },
{ "type": "Feature", "properties": { "objectid": 68905, "zps_id": "22212", "id_poskyt": 38, "shape_area_1": 0.0, "globalid": "{235B36A4-3E93-4F0C-971A-AE120AE3E80A}", "shape_Length": 9.9449496224191908e-05, "shape_Area": 5.6411562978990831e-10 }, "geometry": { "type": "MultiPolygon", "coordinates": [ [ [ [ 14.416874621000034, 50.100452791000066 ], [ 14.416890884000054, 50.100468172000035 ], [ 14.41691591600005, 50.100457627000026 ], [ 14.416898930000059, 50.100441793000073 ], [ 14.416874621000034, 50.100452791000066 ] ] ] ] } },
{ "type": "Feature", "properties": { "objectid": 68906, "zps_id": "4222", "id_poskyt": 38, "shape_area_1": 0.0, "globalid": "{096C9170-80D8-436C-B834-9DA04882F8F3}", "shape_Length": 0.00018687627212490894, "shape_Area": 1.4453755017409398e-09 }, "geometry": { "type": "MultiPolygon", "coordinates": [ [ [ [ 14.423241458000064, 50.081027750000032 ], [ 14.42325431200004, 50.081044680000048 ], [ 14.423323043000039, 50.081022312000073 ], [ 14.423310285000071, 50.081005590000075 ], [ 14.423245869000027, 50.081026243000053 ], [ 14.423241458000064, 50.081027750000032 ] ] ] ] } },
{ "type": "Feature", "properties": { "objectid": 68907, "zps_id": "17352", "id_poskyt": 38, "shape_area_1": 0.0, "globalid": "{B6585441-A47C-4289-86A6-E8F9763A1E53}", "shape_Length": 0.00082422500677196693, "shape_Area": 8.3165484926951442e-09 }, "geometry": { "type": "MultiPolygon", "coordinates": [ [ [ [ 14.404427939000072, 50.106204773000059 ], [ 14.404445356000053, 50.106220176000079 ], [ 14.404642306000028, 50.106126007000057 ], [ 14.404796088000069, 50.10605217300008 ], [ 14.404778977000035, 50.106036871000072 ], [ 14.404427939000072, 50.106204773000059 ] ] ] ] } },
{ "type": "Feature", "properties": { "objectid": 68908, "zps_id": "11385", "id_poskyt": 38, "shape_area_1": 0.0, "globalid": "{87E6D37B-BE5B-4427-9D77-F526902484D5}", "shape_Length": 0.00091008922934315308, "shape_Area": 9.7132940731712374e-09 }, "geometry": { "type": "MultiPolygon", "coordinates": [ [ [ [ 14.439016141000025, 50.06272331100007 ], [ 14.43944762700005, 50.062754423000058 ], [ 14.43945132500005, 50.062732270000026 ], [ 14.439020115000062, 50.062700982000081 ], [ 14.439016141000025, 50.06272331100007 ] ] ] ] } },
{ "type": "Feature", "properties": { "objectid": 68909, "zps_id": "12952", "id_poskyt": 38, "shape_area_1": 0.0, "globalid": "{F47AC00B-C33B-47BF-A02D-48CE54B77E3C}", "shape_Length": 0.00016452337176783223, "shape_Area": 1.6014403113194587e-09 }, "geometry": { "type": "MultiPolygon", "coordinates": [ [ [ [ 14.416913020000038, 50.100004009000031 ], [ 14.416967664000026, 50.100011480000035 ], [ 14.416957686000046, 50.09997364000003 ], [ 14.41692475800005, 50.099968945000057 ], [ 14.416913020000038, 50.100004009000031 ] ] ] ] } },
{ "type": "Feature", "properties": { "objectid": 68910, "zps_id": "20874", "id_poskyt": 38, "shape_area_1": 0.0, "globalid": "{5D960C6D-2425-4A8E-A1AC-708EDD0CBD77}", "shape_Length": 0.00029372738393112694, "shape_Area": 4.6297872896669052e-09 }, "geometry": { "type": "MultiPolygon", "coordinates": [ [ [ [ 14.444873852000057, 50.08930476900008 ], [ 14.444932412000071, 50.089318164000076 ], [ 14.444942664000052, 50.089311700000053 ], [ 14.444956164000075, 50.089307856000062 ], [ 14.444968489000075, 50.089306694000072 ], [ 14.444977313000038, 50.089307573000042 ], [ 14.444998505000058, 50.089269277000028 ], [ 14.444954648000078, 50.089261019000048 ], [ 14.444930198000066, 50.089260584000044 ], [ 14.444911095000066, 50.089268924000066 ], [ 14.444883065000056, 50.089289682000071 ], [ 14.444873852000057, 50.08930476900008 ] ] ] ] } },
{ "type": "Feature", "properties": { "objectid": 68911, "zps_id": "18407", "id_poskyt": 38, "shape_area_1": 0.0, "globalid": "{A3F87D8A-32FD-4C4D-817D-406A811071B4}", "shape_Length": 0.00024191961607057392, "shape_Area": 3.4218007980388889e-09 }, "geometry": { "type": "MultiPolygon", "coordinates": [ [ [ [ 14.493068946000051, 50.117992699000069 ], [ 14.492993524000042, 50.117994820000035 ], [ 14.49299656900007, 50.118040071000053 ], [ 14.493072547000054, 50.118037653000044 ], [ 14.493068946000051, 50.117992699000069 ] ] ] ] } },
{ "type": "Feature", "properties": { "objectid": 68912, "zps_id": "11831", "id_poskyt": 38, "shape_area_1": 0.0, "globalid": "{7CA2D1E8-C732-4162-81B6-F6C05AD9DE2B}", "shape_Length": 0.00030952648173489727, "shape_Area": 3.8094415803066541e-09 }, "geometry": { "type": "MultiPolygon", "coordinates": [ [ [ [ 14.430078373000072, 50.047690954000075 ], [ 14.430099160000054, 50.047577749000027 ], [ 14.430033053000045, 50.04757124300005 ], [ 14.430078373000072, 50.047690954000075 ] ] ] ] } }
]
}
