{"type": "FeatureCollection", "features": [{"type": "Feature", "geometry": {"type": "Point", "coordinates": [14.3673071, 50.0524444]}, "properties": {"osm_id": 12177385, "osm_type": "way", "name": null, "leisure": "park", "access": "yes", "operator": null, "wikipedia": null}}, {"type": "Feature", "geometry": {"type": "Point", "coordinates": [14.5205749, 50.1535656]}, "properties": {"osm_id": 17681087, "osm_type": "way", "name": "Čakovický zámecký park", "leisure": "park", "access": "yes", "operator": null, "wikipedia": null}}, {"type": "Feature", "geometry": {"type": "Point", "coordinates": [14.4051384, 50.073961]}, "properties": {"osm_id": 22092240, "osm_type": "way", "name": "Park Portheimka", "leisure": "park", "access": "yes", "operator": null, "wikipedia": "cs:Zahrada Portheimka"}}, {"type": "Feature", "geometry": {"type": "Point", "coordinates": [14.542741, 50.0907509]}, "properties": {"osm_id": 22892887, "osm_type": "way", "name": null, "leisure": "park", "access": "yes", "operator": null, "wikipedia": null}}, {"type": "Feature", "geometry": {"type": "Point", "coordinates": [14.3936165, 50.1016173]}, "properties": {"osm_id": 24449633, "osm_type": "way", "name": "Vítězné náměstí (4. kvadrant)", "leisure": "park", "access": "yes", "operator": null, "wikipedia": null}}, {"type": "Feature", "geometry": {"type": "Point", "coordinates": [14.3823836, 50.099572]}, "properties": {"osm_id": 24449714, "osm_type": "way", "name": null, "leisure": "park", "access": "yes", "operator": null, "wikipedia": null}}, {"type": "Feature", "geometry": {"type": "Point", "coordinates": [14.4083389, 50.0749988]}, "properties": {"osm_id": 24984318, "osm_type": "way", "name": "Dienzenhoferovy sady", "leisure": "park", "access": "yes", "operator": null, "wikipedia": "cs:Dienzenhoferovy sady"}}, {"type": "Feature", "geometry": {"type": "Point", "coordinates": [14.407427, 50.0734315]}, "properties": {"osm_id": 24984319, "osm_type": "way", "name": null, "leisure": "park", "access": "yes", "operator": null, "wikipedia": null}}, {"type": "Feature", "geometry": {"type": "Point", "coordinates": [14.4082546, 50.0887807]}, "properties": {"osm_id": 24984378, "osm_type": "way", "name": "Vojanovy sady", "leisure": "park", "access": "yes", "operator": null, "wikipedia": "cs:Vojanovy sady"}}, {"type": "Feature", "geometry": {"type": "Point", "coordinates": [14.3856195, 50.1020057]}, "properties": {"osm_id": 25410653, "osm_type": "way", "name": null, "leisure": "park", "access": "yes", "operator": null, "wikipedia": null}}, {"type": "Feature", "geometry": {"type": "Point", "coordinates": [14.3767445, 50.1067149]}, "properties": {"osm_id": 25410666, "osm_type": "way", "name": null, "leisure": "park", "access": "yes", "operator": null, "wikipedia": null}}, {"type": "Feature", "geometry": {"type": "Point", "coordinates": [14.3550973, 50.0020323]}, "properties": {"osm_id": 25478884, "osm_type": "way", "name": null, "leisure": "park", "access": "yes", "operator": null, "wikipedia": null}}, {"type": "Feature", "geometry": {"type": "Point", "coordinates": [14.4814137, 50.1178236]}, "properties": {"osm_id": 25515761, "osm_type": "way", "name": null, "leisure": "park", "access": "yes", "operator": null, "wikipedia": null}}, {"type": "Feature", "geometry": {"type": "Point", "coordinates": [14.3965424, 50.1040143]}, "properties": {"osm_id": 25696691, "osm_type": "way", "name": "Park Lotyšská", "leisure": "park", "access": "yes", "operator": null, "wikipedia": null}}, {"type": "Feature", "geometry": {"type": "Point", "coordinates": [14.382976, 50.1007238]}, "properties": {"osm_id": 25698448, "osm_type": "way", "name": null, "leisure": "park", "access": "yes", "operator": null, "wikipedia": null}}, {"type": "Feature", "geometry": {"type": "Point", "coordinates": [14.3785248, 50.0970741]}, "properties": {"osm_id": 25715133, "osm_type": "way", "name": "Strouhalák", "leisure": "park", "access": "yes", "operator": null, "wikipedia": null}}, {"type": "Feature", "geometry": {"type": "Point", "coordinates": [14.3712404, 50.104026]}, "properties": {"osm_id": 25716149, "osm_type": "way", "name": null, "leisure": "park", "access": "yes", "operator": null, "wikipedia": null}}, {"type": "Feature", "geometry": {"type": "Point", "coordinates": [14.532985, 50.1427579]}, "properties": {"osm_id": 25831594, "osm_type": "way", "name": "Lesopark Havraňák", "leisure": "park", "access": "yes", "operator": null, "wikipedia": null}}, {"type": "Feature", "geometry": {"type": "Point", "coordinates": [14.4461796, 50.0241014]}, "properties": {"osm_id": 25997521, "osm_type": "way", "name": "Alšovy sady", "leisure": "park", "access": "yes", "operator": null, "wikipedia": null}}, {"type": "Feature", "geometry": {"type": "Point", "coordinates": [14.4694704, 50.1275887]}, "properties": {"osm_id": 26136072, "osm_type": "way", "name": null, "leisure": "park", "access": "yes", "operator": null, "wikipedia": null}}, {"type": "Feature", "geometry": {"type": "Point", "coordinates": [14.402703, 50.0922074]}, "properties": {"osm_id": 26328480, "osm_type": "way", "name": "Dolní Jelení příkop", "leisure": "park", "access": "yes", "operator": null, "wikipedia": null}}, {"type": "Feature", "geometry": {"type": "Point", "coordinates": [14.5576991, 50.0871541]}, "properties": {"osm_id": 26425781, "osm_type": "way", "name": "Park Československých legionářů", "leisure": "park", "access": "yes", "operator": null, "wikipedia": null}}, {"type": "Feature", "geometry": {"type": "Point", "coordinates": [14.5029747, 50.1101186]}, "properties": {"osm_id": 26453735, "osm_type": "way", "name": "náměstí Organizace spojených národů", "leisure": "park", "access": "yes", "operator": null, "wikipedia": null}}, {"type": "Feature", "geometry": {"type": "Point", "coordinates": [14.6600514, 49.994817]}, "properties": {"osm_id": 26674023, "osm_type": "way", "name": "Park Antonína Švehly", "leisure": "park", "access": "yes", "operator": null, "wikipedia": "cs:Park Antonína Švehly"}}, {"type": "Feature", "geometry": {"type": "Point", "coordinates": [14.6708823, 50.0009838]}, "properties": {"osm_id": 26693966, "osm_type": "way", "name": "Park na náměstí ČSL armády", "leisure": "park", "access": "yes", "operator": null, "wikipedia": null}}, {"type": "Feature", "geometry": {"type": "Point", "coordinates": [14.6655527, 49.9934904]}, "properties": {"osm_id": 26810059, "osm_type": "way", "name": null, "leisure": "park", "access": "yes", "operator": null, "wikipedia": null}}, {"type": "Feature", "geometry": {"type": "Point", "coordinates": [14.6607572, 49.9906905]}, "properties": {"osm_id": 27075228, "osm_type": "way", "name": "Park P. Koreše", "leisure": "park", "access": "yes", "operator": null, "wikipedia": null}}, {"type": "Feature", "geometry": {"type": "Point", "coordinates": [14.4310287, 50.0779496]}, "properties": {"osm_id": 27205001, "osm_type": "way", "name": "Čelakovského sady", "leisure": "park", "access": "yes", "operator": null, "wikipedia": null}}, {"type": "Feature", "geometry": {"type": "Point", "coordinates": [14.4092364, 50.0879766]}, "properties": {"osm_id": 27302454, "osm_type": "way", "name": null, "leisure": "park", "access": "yes", "operator": null, "wikipedia": null}}, {"type": "Feature", "geometry": {"type": "Point", "coordinates": [14.3918298, 50.0856948]}, "properties": {"osm_id": 27581161, "osm_type": "way", "name": "Velká strahovská zahrada", "leisure": "park", "access": "yes", "operator": null, "wikipedia": "cs:Velká strahovská zahrada"}}, {"type": "Feature", "geometry": {"type": "Point", "coordinates": [14.3896775, 50.0915027]}, "properties": {"osm_id": 27581835, "osm_type": "way", "name": null, "leisure": "park", "access": "yes", "operator": null, "wikipedia": null}}, {"type": "Feature", "geometry": {"type": "Point", "coordinates": [14.4442388, 50.0845017]}, "properties": {"osm_id": 27854957, "osm_type": "way", "name": null, "leisure": "park", "access": "yes", "operator": null, "wikipedia": null}}, {"type": "Feature", "geometry": {"type": "Point", "coordinates": [14.4542734, 50.0851029]}, "properties": {"osm_id": 27855047, "osm_type": "way", "name": null, "leisure": "park", "access": "yes", "operator": null, "wikipedia": null}}, {"type": "Feature", "geometry": {"type": "Point", "coordinates": [14.4549345, 50.081083]}, "properties": {"osm_id": 27855072, "osm_type": "way", "name": null, "leisure": "park", "access": "yes", "operator": null, "wikipedia": null}}, {"type": "Feature", "geometry": {"type": "Point", "coordinates": [14.4756019, 50.0919296]}, "properties": {"osm_id": 27856648, "osm_type": "way", "name": null, "leisure": "park", "access": "yes", "operator": null, "wikipedia": null}}, {"type": "Feature", "geometry": {"type": "Point", "coordinates": [14.469561, 50.0882024]}, "properties": {"osm_id": 27856731, "osm_type": "way", "name": null, "leisure": "park", "access": "yes", "operator": null, "wikipedia": null}}, {"type": "Feature", "geometry": {"type": "Point", "coordinates": [14.4774706, 50.0921926]}, "properties": {"osm_id": 27868936, "osm_type": "way", "name": null, "leisure": "park", "access": "yes", "operator": null, "wikipedia": null}}, {"type": "Feature", "geometry": {"type": "Point", "coordinates": [14.4687554, 50.0910858]}, "properties": {"osm_id": 27894743, "osm_type": "way", "name": null, "leisure": "park", "access": "yes", "operator": null, "wikipedia": null}}, {"type": "Feature", "geometry": {"type": "Point", "coordinates": [14.4669272, 50.0779109]}, "properties": {"osm_id": 27922278, "osm_type": "way", "name": null, "leisure": "park", "access": "yes", "operator": null, "wikipedia": null}}, {"type": "Feature", "geometry": {"type": "Point", "coordinates": [14.4669353, 50.0774843]}, "properties": {"osm_id": 27922279, "osm_type": "way", "name": null, "leisure": "park", "access": "yes", "operator": null, "wikipedia": null}}, {"type": "Feature", "geometry": {"type": "Point", "coordinates": [14.4593102, 50.0831851]}, "properties": {"osm_id": 27935619, "osm_type": "way", "name": null, "leisure": "park", "access": "yes", "operator": null, "wikipedia": null}}, {"type": "Feature", "geometry": {"type": "Point", "coordinates": [14.4767295, 50.0944015]}, "properties": {"osm_id": 27942713, "osm_type": "way", "name": null, "leisure": "park", "access": "yes", "operator": null, "wikipedia": null}}, {"type": "Feature", "geometry": {"type": "Point", "coordinates": [14.4859733, 50.0920685]}, "properties": {"osm_id": 27943812, "osm_type": "way", "name": null, "leisure": "park", "access": "yes", "operator": null, "wikipedia": null}}, {"type": "Feature", "geometry": {"type": "Point", "coordinates": [14.4092133, 50.0911407]}, "properties": {"osm_id": 27961821, "osm_type": "way", "name": null, "leisure": "park", "access": "yes", "operator": null, "wikipedia": null}}, {"type": "Feature", "geometry": {"type": "Point", "coordinates": [14.4925874, 50.0932753]}, "properties": {"osm_id": 28081145, "osm_type": "way", "name": "Park U Kněžské louky", "leisure": "park", "access": "yes", "operator": "Praha 3", "wikipedia": null}}, {"type": "Feature", "geometry": {"type": "Point", "coordinates": [14.6530365, 49.9943464]}, "properties": {"osm_id": 28088816, "osm_type": "way", "name": "Park NADIVOKO", "leisure": "park", "access": "yes", "operator": null, "wikipedia": null}}, {"type": "Feature", "geometry": {"type": "Point", "coordinates": [14.2563815, 50.079746]}, "properties": {"osm_id": 28311628, "osm_type": "way", "name": null, "leisure": "park", "access": "yes", "operator": null, "wikipedia": null}}, {"type": "Feature", "geometry": {"type": "Point", "coordinates": [14.4089772, 50.0919294]}, "properties": {"osm_id": 28701632, "osm_type": "way", "name": "park Holubička", "leisure": "park", "access": "yes", "operator": null, "wikipedia": "cs:Park Holubička (Praha)"}}, {"type": "Feature", "geometry": {"type": "Point", "coordinates": [14.4479007, 50.1081128]}, "properties": {"osm_id": 29120703, "osm_type": "way", "name": null, "leisure": "park", "access": "yes", "operator": null, "wikipedia": null}}, {"type": "Feature", "geometry": {"type": "Point", "coordinates": [14.6020622, 50.078639]}, "properties": {"osm_id": 29357436, "osm_type": "way", "name": "Rubešův sad", "leisure": "park", "access": "yes", "operator": null, "wikipedia": null}}, {"type": "Feature", "geometry": {"type": "Point", "coordinates": [14.5985191, 50.077162]}, "properties": {"osm_id": 29357437, "osm_type": "way", "name": "Kotrbův sad", "leisure": "park", "access": "yes", "operator": null, "wikipedia": null}}, {"type": "Feature", "geometry": {"type": "Point", "coordinates": [14.4086998, 50.0767843]}, "properties": {"osm_id": 30028654, "osm_type": "way", "name": null, "leisure": "park", "access": "yes", "operator": null, "wikipedia": null}}, {"type": "Feature", "geometry": {"type": "Point", "coordinates": [14.4278264, 50.0929731]}, "properties": {"osm_id": 30429118, "osm_type": "way", "name": null, "leisure": "park", "access": "yes", "operator": null, "wikipedia": null}}, {"type": "Feature", "geometry": {"type": "Point", "coordinates": [14.3563827, 50.0861586]}, "properties": {"osm_id": 31062056, "osm_type": "way", "name": "Klášterní zahrada", "leisure": "park", "access": "yes", "operator": null, "wikipedia": "cs:Markétská zahrada"}}, {"type": "Feature", "geometry": {"type": "Point", "coordinates": [14.3637301, 49.9846597]}, "properties": {"osm_id": 31171243, "osm_type": "way", "name": null, "leisure": "park", "access": "yes", "operator": null, "wikipedia": null}}, {"type": "Feature", "geometry": {"type": "Point", "coordinates": [14.4304003, 50.078259]}, "properties": {"osm_id": 31518967, "osm_type": "way", "name": "Čelakovského sady", "leisure": "park", "access": "yes", "operator": "Praha", "wikipedia": null}}, {"type": "Feature", "geometry": {"type": "Point", "coordinates": [14.485801, 50.0836108]}, "properties": {"osm_id": 31539401, "osm_type": "way", "name": null, "leisure": "park", "access": "yes", "operator": null, "wikipedia": null}}, {"type": "Feature", "geometry": {"type": "Point", "coordinates": [14.407499, 50.0949904]}, "properties": {"osm_id": 31728960, "osm_type": "way", "name": null, "leisure": "park", "access": "yes", "operator": null, "wikipedia": null}}, {"type": "Feature", "geometry": {"type": "Point", "coordinates": [14.3993586, 50.0976164]}, "properties": {"osm_id": 32080739, "osm_type": "way", "name": "Park Bachmačské náměstí", "leisure": "park", "access": "yes", "operator": null, "wikipedia": null}}, {"type": "Feature", "geometry": {"type": "Point", "coordinates": [14.4014248, 50.1051908]}, "properties": {"osm_id": 32081628, "osm_type": "way", "name": "park Willyho Brandta", "leisure": "park", "access": "yes", "operator": null, "wikipedia": null}}, {"type": "Feature", "geometry": {"type": "Point", "coordinates": [14.4055603, 50.1047887]}, "properties": {"osm_id": 32082230, "osm_type": "way", "name": "park Sibiřské náměstí", "leisure": "park", "access": "yes", "operator": null, "wikipedia": null}}, {"type": "Feature", "geometry": {"type": "Point", "coordinates": [14.3793558, 50.0961399]}, "properties": {"osm_id": 32108170, "osm_type": "way", "name": null, "leisure": "park", "access": "yes", "operator": null, "wikipedia": null}}, {"type": "Feature", "geometry": {"type": "Point", "coordinates": [14.4534908, 50.0704415]}, "properties": {"osm_id": 32608904, "osm_type": "way", "name": "Heroldovy sady", "leisure": "park", "access": "yes", "operator": null, "wikipedia": null}}, {"type": "Feature", "geometry": {"type": "Point", "coordinates": [14.4526136, 50.0696263]}, "properties": {"osm_id": 32608905, "osm_type": "way", "name": null, "leisure": "park", "access": "yes", "operator": null, "wikipedia": null}}, {"type": "Feature", "geometry": {"type": "Point", "coordinates": [14.391294, 50.091601]}, "properties": {"osm_id": 32890620, "osm_type": "way", "name": "Horní Lumbeho zahrada", "leisure": "park", "access": "yes", "operator": null, "wikipedia": null}}, {"type": "Feature", "geometry": {"type": "Point", "coordinates": [14.4877318, 50.0921486]}, "properties": {"osm_id": 32915757, "osm_type": "way", "name": null, "leisure": "park", "access": "yes", "operator": null, "wikipedia": null}}, {"type": "Feature", "geometry": {"type": "Point", "coordinates": [14.3589044, 50.0843629]}, "properties": {"osm_id": 33326695, "osm_type": "way", "name": null, "leisure": "park", "access": "yes", "operator": null, "wikipedia": null}}, {"type": "Feature", "geometry": {"type": "Point", "coordinates": [14.5014142, 50.1073565]}, "properties": {"osm_id": 33694995, "osm_type": "way", "name": null, "leisure": "park", "access": "yes", "operator": null, "wikipedia": null}}, {"type": "Feature", "geometry": {"type": "Point", "coordinates": [14.5003243, 50.1069174]}, "properties": {"osm_id": 33694996, "osm_type": "way", "name": null, "leisure": "park", "access": "yes", "operator": null, "wikipedia": null}}, {"type": "Feature", "geometry": {"type": "Point", "coordinates": [14.5603838, 50.0569422]}, "properties": {"osm_id": 34063890, "osm_type": "way", "name": null, "leisure": "park", "access": "yes", "operator": null, "wikipedia": null}}, {"type": "Feature", "geometry": {"type": "Point", "coordinates": [14.461127, 50.0483232]}, "properties": {"osm_id": 34379609, "osm_type": "way", "name": null, "leisure": "park", "access": "yes", "operator": null, "wikipedia": null}}, {"type": "Feature", "geometry": {"type": "Point", "coordinates": [14.3962782, 50.0895573]}, "properties": {"osm_id": 34639879, "osm_type": "way", "name": null, "leisure": "park", "access": "yes", "operator": null, "wikipedia": null}}, {"type": "Feature", "geometry": {"type": "Point", "coordinates": [14.4744911, 50.1066986]}, "properties": {"osm_id": 34882557, "osm_type": "way", "name": null, "leisure": "park", "access": "yes", "operator": null, "wikipedia": null}}, {"type": "Feature", "geometry": {"type": "Point", "coordinates": [14.4715364, 50.1076403]}, "properties": {"osm_id": 34882670, "osm_type": "way", "name": "park Jana Podlipného", "leisure": "park", "access": "yes", "operator": null, "wikipedia": null}}, {"type": "Feature", "geometry": {"type": "Point", "coordinates": [14.4742401, 50.1041209]}, "properties": {"osm_id": 34942626, "osm_type": "way", "name": null, "leisure": "park", "access": "yes", "operator": null, "wikipedia": null}}, {"type": "Feature", "geometry": {"type": "Point", "coordinates": [14.6780606, 50.0990286]}, "properties": {"osm_id": 34963462, "osm_type": "way", "name": "Přímské náměstí", "leisure": "park", "access": "yes", "operator": null, "wikipedia": null}}, {"type": "Feature", "geometry": {"type": "Point", "coordinates": [14.6742988, 50.0980393]}, "properties": {"osm_id": 34964004, "osm_type": "way", "name": null, "leisure": "park", "access": "yes", "operator": null, "wikipedia": null}}, {"type": "Feature", "geometry": {"type": "Point", "coordinates": [14.4733425, 50.1077252]}, "properties": {"osm_id": 35005633, "osm_type": "way", "name": null, "leisure": "park", "access": "yes", "operator": null, "wikipedia": null}}, {"type": "Feature", "geometry": {"type": "Point", "coordinates": [14.6061815, 50.0273982]}, "properties": {"osm_id": 35036724, "osm_type": "way", "name": null, "leisure": "park", "access": "yes", "operator": null, "wikipedia": null}}, {"type": "Feature", "geometry": {"type": "Point", "coordinates": [14.6039578, 50.0292988]}, "properties": {"osm_id": 35148017, "osm_type": "way", "name": null, "leisure": "park", "access": "yes", "operator": null, "wikipedia": null}}, {"type": "Feature", "geometry": {"type": "Point", "coordinates": [14.5909681, 50.0368637]}, "properties": {"osm_id": 35161813, "osm_type": "way", "name": null, "leisure": "park", "access": "yes", "operator": null, "wikipedia": null}}, {"type": "Feature", "geometry": {"type": "Point", "coordinates": [14.5996781, 50.0276003]}, "properties": {"osm_id": 35161817, "osm_type": "way", "name": null, "leisure": "park", "access": "yes", "operator": null, "wikipedia": null}}, {"type": "Feature", "geometry": {"type": "Point", "coordinates": [14.4613681, 50.0959786]}, "properties": {"osm_id": 35555381, "osm_type": "way", "name": "Sudkovy sady", "leisure": "park", "access": "yes", "operator": null, "wikipedia": null}}, {"type": "Feature", "geometry": {"type": "Point", "coordinates": [14.4733474, 50.1086216]}, "properties": {"osm_id": 35556283, "osm_type": "way", "name": null, "leisure": "park", "access": "yes", "operator": null, "wikipedia": null}}, {"type": "Feature", "geometry": {"type": "Point", "coordinates": [14.6706285, 50.0749208]}, "properties": {"osm_id": 37577189, "osm_type": "way", "name": null, "leisure": "park", "access": "yes", "operator": null, "wikipedia": null}}, {"type": "Feature", "geometry": {"type": "Point", "coordinates": [14.4681343, 50.0615937]}, "properties": {"osm_id": 37960311, "osm_type": "way", "name": null, "leisure": "park", "access": "yes", "operator": null, "wikipedia": null}}, {"type": "Feature", "geometry": {"type": "Point", "coordinates": [14.4701814, 50.0609661]}, "properties": {"osm_id": 37960321, "osm_type": "way", "name": null, "leisure": "park", "access": "yes", "operator": null, "wikipedia": null}}, {"type": "Feature", "geometry": {"type": "Point", "coordinates": [14.4748458, 50.0632908]}, "properties": {"osm_id": 37971211, "osm_type": "way", "name": null, "leisure": "park", "access": "yes", "operator": null, "wikipedia": null}}, {"type": "Feature", "geometry": {"type": "Point", "coordinates": [14.5083347, 50.0667663]}, "properties": {"osm_id": 37971786, "osm_type": "way", "name": null, "leisure": "park", "access": "yes", "operator": null, "wikipedia": null}}, {"type": "Feature", "geometry": {"type": "Point", "coordinates": [14.510301, 50.0663738]}, "properties": {"osm_id": 37971820, "osm_type": "way", "name": null, "leisure": "park", "access": "yes", "operator": null, "wikipedia": null}}, {"type": "Feature", "geometry": {"type": "Point", "coordinates": [14.5088573, 50.0689392]}, "properties": {"osm_id": 37972003, "osm_type": "way", "name": null, "leisure": "park", "access": "yes", "operator": null, "wikipedia": null}}, {"type": "Feature", "geometry": {"type": "Point", "coordinates": [14.5111679, 50.0686162]}, "properties": {"osm_id": 37972026, "osm_type": "way", "name": null, "leisure": "park", "access": "yes", "operator": null, "wikipedia": null}}, {"type": "Feature", "geometry": {"type": "Point", "coordinates": [14.620843, 50.1160515]}, "properties": {"osm_id": 38858993, "osm_type": "way", "name": null, "leisure": "park", "access": "yes", "operator": null, "wikipedia": null}}, {"type": "Feature", "geometry": {"type": "Point", "coordinates": [14.3643165, 50.0967514]}, "properties": {"osm_id": 39504776, "osm_type": "way", "name": null, "leisure": "park", "access": "yes", "operator": null, "wikipedia": null}}, {"type": "Feature", "geometry": {"type": "Point", "coordinates": [14.3648599, 50.0968671]}, "properties": {"osm_id": 39504777, "osm_type": "way", "name": null, "leisure": "park", "access": "yes", "operator": null, "wikipedia": null}}, {"type": "Feature", "geometry": {"type": "Point", "coordinates": [14.6265431, 50.1168569]}, "properties": {"osm_id": 41138757, "osm_type": "way", "name": "Nolčův park", "leisure": "park", "access": "yes", "operator": null, "wikipedia": null}}, {"type": "Feature", "geometry": {"type": "Point", "coordinates": [14.4521929, 50.06922]}, "properties": {"osm_id": 41395907, "osm_type": "way", "name": null, "leisure": "park", "access": "yes", "operator": null, "wikipedia": null}}, {"type": "Feature", "geometry": {"type": "Point", "coordinates": [14.4611618, 50.048898]}, "properties": {"osm_id": 42351825, "osm_type": "way", "name": null, "leisure": "park", "access": "yes", "operator": null, "wikipedia": null}}, {"type": "Feature", "geometry": {"type": "Point", "coordinates": [14.4314235, 50.0070986]}, "properties": {"osm_id": 42757546, "osm_type": "way", "name": null, "leisure": "park", "access": "yes", "operator": null, "wikipedia": null}}, {"type": "Feature", "geometry": {"type": "Point", "coordinates": [14.4280807, 50.0073351]}, "properties": {"osm_id": 42757548, "osm_type": "way", "name": null, "leisure": "park", "access": "yes", "operator": null, "wikipedia": null}}, {"type": "Feature", "geometry": {"type": "Point", "coordinates": [14.4289768, 50.0074037]}, "properties": {"osm_id": 42757552, "osm_type": "way", "name": null, "leisure": "park", "access": "yes", "operator": null, "wikipedia": null}}, {"type": "Feature", "geometry": {"type": "Point", "coordinates": [14.4329932, 50.0059719]}, "properties": {"osm_id": 42757567, "osm_type": "way", "name": null, "leisure": "park", "access": "yes", "operator": null, "wikipedia": null}}, {"type": "Feature", "geometry": {"type": "Point", "coordinates": [14.4323627, 50.0069625]}, "properties": {"osm_id": 42757571, "osm_type": "way", "name": null, "leisure": "park", "access": "yes", "operator": null, "wikipedia": null}}, {"type": "Feature", "geometry": {"type": "Point", "coordinates": [14.4329166, 50.0072283]}, "properties": {"osm_id": 42757572, "osm_type": "way", "name": null, "leisure": "park", "access": "yes", "operator": null, "wikipedia": null}}, {"type": "Feature", "geometry": {"type": "Point", "coordinates": [14.5944281, 50.1128056]}, "properties": {"osm_id": 43670442, "osm_type": "way", "name": null, "leisure": "park", "access": "yes", "operator": null, "wikipedia": null}}, {"type": "Feature", "geometry": {"type": "Point", "coordinates": [14.6185916, 50.0810034]}, "properties": {"osm_id": 45045285, "osm_type": "way", "name": null, "leisure": "park", "access": "yes", "operator": null, "wikipedia": null}}, {"type": "Feature", "geometry": {"type": "Point", "coordinates": [14.4692478, 50.1141549]}, "properties": {"osm_id": 46848146, "osm_type": "way", "name": null, "leisure": "park", "access": "yes", "operator": null, "wikipedia": null}}, {"type": "Feature", "geometry": {"type": "Point", "coordinates": [14.3382816, 50.0945962]}, "properties": {"osm_id": 47188675, "osm_type": "way", "name": null, "leisure": "park", "access": "yes", "operator": null, "wikipedia": null}}, {"type": "Feature", "geometry": {"type": "Point", "coordinates": [14.4595064, 50.0491023]}, "properties": {"osm_id": 47623957, "osm_type": "way", "name": null, "leisure": "park", "access": "yes", "operator": null, "wikipedia": null}}, {"type": "Feature", "geometry": {"type": "Point", "coordinates": [14.6263733, 50.0164167]}, "properties": {"osm_id": 48011842, "osm_type": "way", "name": null, "leisure": "park", "access": "yes", "operator": null, "wikipedia": null}}, {"type": "Feature", "geometry": {"type": "Point", "coordinates": [14.5466398, 49.971198]}, "properties": {"osm_id": 48542093, "osm_type": "way", "name": null, "leisure": "park", "access": "yes", "operator": null, "wikipedia": null}}, {"type": "Feature", "geometry": {"type": "Point", "coordinates": [14.444166, 50.1277294]}, "properties": {"osm_id": 50060510, "osm_type": "way", "name": null, "leisure": "park", "access": "yes", "operator": null, "wikipedia": null}}, {"type": "Feature", "geometry": {"type": "Point", "coordinates": [14.4436743, 50.1274298]}, "properties": {"osm_id": 50060573, "osm_type": "way", "name": null, "leisure": "park", "access": "yes", "operator": null, "wikipedia": null}}, {"type": "Feature", "geometry": {"type": "Point", "coordinates": [14.4338434, 50.0249132]}, "properties": {"osm_id": 50970818, "osm_type": "way", "name": null, "leisure": "park", "access": "yes", "operator": null, "wikipedia": null}}, {"type": "Feature", "geometry": {"type": "Point", "coordinates": [14.4840441, 50.1204747]}, "properties": {"osm_id": 52733612, "osm_type": "way", "name": null, "leisure": "park", "access": "yes", "operator": null, "wikipedia": null}}, {"type": "Feature", "geometry": {"type": "Point", "coordinates": [14.6811001, 50.057187]}, "properties": {"osm_id": 53208243, "osm_type": "way", "name": null, "leisure": "park", "access": "yes", "operator": null, "wikipedia": null}}, {"type": "Feature", "geometry": {"type": "Point", "coordinates": [14.4526512, 49.9632254]}, "properties": {"osm_id": 55204919, "osm_type": "way", "name": null, "leisure": "park", "access": "yes", "operator": null, "wikipedia": null}}, {"type": "Feature", "geometry": {"type": "Point", "coordinates": [14.4963352, 50.1225802]}, "properties": {"osm_id": 55450450, "osm_type": "way", "name": "růžový sad", "leisure": "park", "access": "yes", "operator": null, "wikipedia": null}}, {"type": "Feature", "geometry": {"type": "Point", "coordinates": [14.4103758, 50.0660205]}, "properties": {"osm_id": 57403668, "osm_type": "way", "name": null, "leisure": "park", "access": "yes", "operator": null, "wikipedia": null}}, {"type": "Feature", "geometry": {"type": "Point", "coordinates": [14.3845983, 50.1425801]}, "properties": {"osm_id": 59676468, "osm_type": "way", "name": null, "leisure": "park", "access": "yes", "operator": null, "wikipedia": null}}, {"type": "Feature", "geometry": {"type": "Point", "coordinates": [14.6150395, 50.081291]}, "properties": {"osm_id": 60185365, "osm_type": "way", "name": "park Běžců", "leisure": "park", "access": "yes", "operator": null, "wikipedia": null}}, {"type": "Feature", "geometry": {"type": "Point", "coordinates": [14.43706, 50.0452063]}, "properties": {"osm_id": 60232029, "osm_type": "way", "name": null, "leisure": "park", "access": "private", "operator": null, "wikipedia": null}}, {"type": "Feature", "geometry": {"type": "Point", "coordinates": [14.4189409, 50.040474]}, "properties": {"osm_id": 60575526, "osm_type": "way", "name": null, "leisure": "park", "access": "yes", "operator": null, "wikipedia": null}}, {"type": "Feature", "geometry": {"type": "Point", "coordinates": [14.5608308, 50.1106765]}, "properties": {"osm_id": 61350552, "osm_type": "way", "name": null, "leisure": "park", "access": "yes", "operator": null, "wikipedia": null}}, {"type": "Feature", "geometry": {"type": "Point", "coordinates": [14.3669241, 50.0695627]}, "properties": {"osm_id": 61513181, "osm_type": "way", "name": null, "leisure": "park", "access": "yes", "operator": null, "wikipedia": null}}, {"type": "Feature", "geometry": {"type": "Point", "coordinates": [14.4756745, 50.0473003]}, "properties": {"osm_id": 61599548, "osm_type": "way", "name": null, "leisure": "park", "access": "yes", "operator": null, "wikipedia": null}}, {"type": "Feature", "geometry": {"type": "Point", "coordinates": [14.4860038, 50.0442259]}, "properties": {"osm_id": 61604121, "osm_type": "way", "name": null, "leisure": "park", "access": "yes", "operator": null, "wikipedia": null}}, {"type": "Feature", "geometry": {"type": "Point", "coordinates": [14.322515, 50.0781251]}, "properties": {"osm_id": 61606145, "osm_type": "way", "name": null, "leisure": "park", "access": "yes", "operator": null, "wikipedia": null}}, {"type": "Feature", "geometry": {"type": "Point", "coordinates": [14.3236672, 50.0781605]}, "properties": {"osm_id": 61606147, "osm_type": "way", "name": null, "leisure": "park", "access": "yes", "operator": null, "wikipedia": null}}, {"type": "Feature", "geometry": {"type": "Point", "coordinates": [14.5034809, 50.0583298]}, "properties": {"osm_id": 61698034, "osm_type": "way", "name": null, "leisure": "park", "access": "yes", "operator": null, "wikipedia": null}}, {"type": "Feature", "geometry": {"type": "Point", "coordinates": [14.5045335, 50.059575]}, "properties": {"osm_id": 61698164, "osm_type": "way", "name": null, "leisure": "park", "access": "yes", "operator": null, "wikipedia": null}}, {"type": "Feature", "geometry": {"type": "Point", "coordinates": [14.5030107, 50.0597695]}, "properties": {"osm_id": 61698165, "osm_type": "way", "name": null, "leisure": "park", "access": "yes", "operator": null, "wikipedia": null}}, {"type": "Feature", "geometry": {"type": "Point", "coordinates": [14.4568369, 50.0866939]}, "properties": {"osm_id": 64781489, "osm_type": "way", "name": null, "leisure": "park", "access": "yes", "operator": null, "wikipedia": null}}, {"type": "Feature", "geometry": {"type": "Point", "coordinates": [14.6757142, 49.9963817]}, "properties": {"osm_id": 69906510, "osm_type": "way", "name": null, "leisure": "park", "access": "yes", "operator": null, "wikipedia": null}}, {"type": "Feature", "geometry": {"type": "Point", "coordinates": [14.3575574, 49.9836679]}, "properties": {"osm_id": 69917453, "osm_type": "way", "name": null, "leisure": "park", "access": "yes", "operator": null, "wikipedia": null}}, {"type": "Feature", "geometry": {"type": "Point", "coordinates": [14.626468, 50.0115458]}, "properties": {"osm_id": 70600971, "osm_type": "way", "name": null, "leisure": "park", "access": "yes", "operator": null, "wikipedia": null}}, {"type": "Feature", "geometry": {"type": "Point", "coordinates": [14.626414, 50.0140124]}, "properties": {"osm_id": 71436190, "osm_type": "way", "name": null, "leisure": "park", "access": "yes", "operator": "Kolovraty", "wikipedia": null}}, {"type": "Feature", "geometry": {"type": "Point", "coordinates": [14.4780575, 50.1262569]}, "properties": {"osm_id": 75309261, "osm_type": "way", "name": null, "leisure": "park", "access": "yes", "operator": null, "wikipedia": null}}, {"type": "Feature", "geometry": {"type": "Point", "coordinates": [14.6218753, 50.08063]}, "properties": {"osm_id": 75319242, "osm_type": "way", "name": null, "leisure": "park", "access": "yes", "operator": null, "wikipedia": null}}, {"type": "Feature", "geometry": {"type": "Point", "coordinates": [14.4323887, 50.0974128]}, "properties": {"osm_id": 89818991, "osm_type": "way", "name": null, "leisure": "park", "access": "yes", "operator": null, "wikipedia": null}}, {"type": "Feature", "geometry": {"type": "Point", "coordinates": [14.3866633, 50.0627059]}, "properties": {"osm_id": 94745694, "osm_type": "way", "name": null, "leisure": "park", "access": "yes", "operator": null, "wikipedia": null}}, {"type": "Feature", "geometry": {"type": "Point", "coordinates": [14.2564389, 50.0806945]}, "properties": {"osm_id": 98391326, "osm_type": "way", "name": null, "leisure": "park", "access": "yes", "operator": null, "wikipedia": null}}, {"type": "Feature", "geometry": {"type": "Point", "coordinates": [14.3776489, 50.0848635]}, "properties": {"osm_id": 98535343, "osm_type": "way", "name": null, "leisure": "park", "access": "yes", "operator": null, "wikipedia": null}}, {"type": "Feature", "geometry": {"type": "Point", "coordinates": [14.4196836, 50.0558883]}, "properties": {"osm_id": 100892529, "osm_type": "way", "name": null, "leisure": "park", "access": "yes", "operator": null, "wikipedia": null}}, {"type": "Feature", "geometry": {"type": "Point", "coordinates": [14.4512195, 50.1211866]}, "properties": {"osm_id": 101108600, "osm_type": "way", "name": "Dlážděnka", "leisure": "park", "access": "yes", "operator": null, "wikipedia": null}}, {"type": "Feature", "geometry": {"type": "Point", "coordinates": [14.3667087, 50.0671017]}, "properties": {"osm_id": 101624114, "osm_type": "way", "name": null, "leisure": "park", "access": "yes", "operator": null, "wikipedia": null}}, {"type": "Feature", "geometry": {"type": "Point", "coordinates": [14.3775837, 50.0701041]}, "properties": {"osm_id": 102387174, "osm_type": "way", "name": null, "leisure": "park", "access": "yes", "operator": null, "wikipedia": null}}, {"type": "Feature", "geometry": {"type": "Point", "coordinates": [14.323983, 49.9880009]}, "properties": {"osm_id": 108021000, "osm_type": "way", "name": null, "leisure": "park", "access": "yes", "operator": null, "wikipedia": null}}, {"type": "Feature", "geometry": {"type": "Point", "coordinates": [14.4761552, 50.0751013]}, "properties": {"osm_id": 108807997, "osm_type": "way", "name": null, "leisure": "park", "access": "yes", "operator": null, "wikipedia": null}}, {"type": "Feature", "geometry": {"type": "Point", "coordinates": [14.5863425, 50.0378185]}, "properties": {"osm_id": 113144231, "osm_type": "way", "name": null, "leisure": "park", "access": "yes", "operator": null, "wikipedia": null}}, {"type": "Feature", "geometry": {"type": "Point", "coordinates": [14.6009994, 50.0297383]}, "properties": {"osm_id": 113159692, "osm_type": "way", "name": null, "leisure": "park", "access": "yes", "operator": null, "wikipedia": null}}, {"type": "Feature", "geometry": {"type": "Point", "coordinates": [14.5482755, 50.1330316]}, "properties": {"osm_id": 113209129, "osm_type": "way", "name": null, "leisure": "park", "access": "yes", "operator": null, "wikipedia": null}}, {"type": "Feature", "geometry": {"type": "Point", "coordinates": [14.3727761, 50.0847672]}, "properties": {"osm_id": 113861571, "osm_type": "way", "name": null, "leisure": "park", "access": "yes", "operator": null, "wikipedia": null}}, {"type": "Feature", "geometry": {"type": "Point", "coordinates": [14.5789293, 50.0062726]}, "properties": {"osm_id": 114541855, "osm_type": "way", "name": null, "leisure": "park", "access": "yes", "operator": null, "wikipedia": null}}, {"type": "Feature", "geometry": {"type": "Point", "coordinates": [14.6280739, 50.0125663]}, "properties": {"osm_id": 114593989, "osm_type": "way", "name": null, "leisure": "park", "access": "yes", "operator": "Kolovraty", "wikipedia": null}}, {"type": "Feature", "geometry": {"type": "Point", "coordinates": [14.6674901, 49.9983754]}, "properties": {"osm_id": 115426150, "osm_type": "way", "name": null, "leisure": "park", "access": "yes", "operator": null, "wikipedia": null}}, {"type": "Feature", "geometry": {"type": "Point", "coordinates": [14.4950205, 50.1225885]}, "properties": {"osm_id": 115734642, "osm_type": "way", "name": null, "leisure": "park", "access": "yes", "operator": null, "wikipedia": null}}, {"type": "Feature", "geometry": {"type": "Point", "coordinates": [14.4947384, 50.1229594]}, "properties": {"osm_id": 115734643, "osm_type": "way", "name": null, "leisure": "park", "access": "yes", "operator": null, "wikipedia": null}}, {"type": "Feature", "geometry": {"type": "Point", "coordinates": [14.4944719, 50.123109]}, "properties": {"osm_id": 115735009, "osm_type": "way", "name": null, "leisure": "park", "access": "yes", "operator": null, "wikipedia": null}}, {"type": "Feature", "geometry": {"type": "Point", "coordinates": [14.4370323, 50.0642072]}, "properties": {"osm_id": 115926511, "osm_type": "way", "name": null, "leisure": "park", "access": "yes", "operator": null, "wikipedia": null}}, {"type": "Feature", "geometry": {"type": "Point", "coordinates": [14.4586711, 50.0752449]}, "properties": {"osm_id": 116644774, "osm_type": "way", "name": null, "leisure": "park", "access": "yes", "operator": null, "wikipedia": null}}, {"type": "Feature", "geometry": {"type": "Point", "coordinates": [14.4596961, 50.0752684]}, "properties": {"osm_id": 116644776, "osm_type": "way", "name": null, "leisure": "park", "access": "yes", "operator": null, "wikipedia": null}}, {"type": "Feature", "geometry": {"type": "Point", "coordinates": [14.3955042, 50.1642087]}, "properties": {"osm_id": 116860451, "osm_type": "way", "name": null, "leisure": "park", "access": "yes", "operator": null, "wikipedia": null}}, {"type": "Feature", "geometry": {"type": "Point", "coordinates": [14.3942807, 50.1642159]}, "properties": {"osm_id": 116860454, "osm_type": "way", "name": null, "leisure": "park", "access": "yes", "operator": null, "wikipedia": null}}, {"type": "Feature", "geometry": {"type": "Point", "coordinates": [14.3929178, 50.164215]}, "properties": {"osm_id": 116860458, "osm_type": "way", "name": null, "leisure": "park", "access": "yes", "operator": null, "wikipedia": null}}, {"type": "Feature", "geometry": {"type": "Point", "coordinates": [14.3934999, 50.0590444]}, "properties": {"osm_id": 118740720, "osm_type": "way", "name": null, "leisure": "park", "access": "yes", "operator": null, "wikipedia": null}}, {"type": "Feature", "geometry": {"type": "Point", "coordinates": [14.41784, 50.175921]}, "properties": {"osm_id": 127368347, "osm_type": "way", "name": null, "leisure": "park", "access": "yes", "operator": null, "wikipedia": null}}, {"type": "Feature", "geometry": {"type": "Point", "coordinates": [14.4565152, 50.1254626]}, "properties": {"osm_id": 127620733, "osm_type": "way", "name": null, "leisure": "park", "access": "yes", "operator": null, "wikipedia": null}}, {"type": "Feature", "geometry": {"type": "Point", "coordinates": [14.42179, 50.1762422]}, "properties": {"osm_id": 127913729, "osm_type": "way", "name": null, "leisure": "park", "access": "yes", "operator": null, "wikipedia": null}}, {"type": "Feature", "geometry": {"type": "Point", "coordinates": [14.4638103, 50.1254331]}, "properties": {"osm_id": 128626701, "osm_type": "way", "name": null, "leisure": "park", "access": "no", "operator": null, "wikipedia": null}}, {"type": "Feature", "geometry": {"type": "Point", "coordinates": [14.4122344, 50.1756135]}, "properties": {"osm_id": 130862220, "osm_type": "way", "name": null, "leisure": "park", "access": "yes", "operator": null, "wikipedia": null}}, {"type": "Feature", "geometry": {"type": "Point", "coordinates": [14.3954841, 49.9751083]}, "properties": {"osm_id": 132120465, "osm_type": "way", "name": null, "leisure": "park", "access": "yes", "operator": null, "wikipedia": null}}, {"type": "Feature", "geometry": {"type": "Point", "coordinates": [14.4672845, 50.1255582]}, "properties": {"osm_id": 132590623, "osm_type": "way", "name": null, "leisure": "park", "access": "yes", "operator": null, "wikipedia": null}}, {"type": "Feature", "geometry": {"type": "Point", "coordinates": [14.4635095, 50.1281798]}, "properties": {"osm_id": 133659781, "osm_type": "way", "name": null, "leisure": "park", "access": "yes", "operator": null, "wikipedia": null}}, {"type": "Feature", "geometry": {"type": "Point", "coordinates": [14.465652, 50.1320007]}, "properties": {"osm_id": 134758329, "osm_type": "way", "name": null, "leisure": "park", "access": "yes", "operator": null, "wikipedia": null}}, {"type": "Feature", "geometry": {"type": "Point", "coordinates": [14.4151192, 50.0891018]}, "properties": {"osm_id": 136387874, "osm_type": "way", "name": null, "leisure": "park", "access": "yes", "operator": null, "wikipedia": null}}, {"type": "Feature", "geometry": {"type": "Point", "coordinates": [14.4931806, 50.0720535]}, "properties": {"osm_id": 137031529, "osm_type": "way", "name": null, "leisure": "park", "access": "yes", "operator": null, "wikipedia": null}}, {"type": "Feature", "geometry": {"type": "Point", "coordinates": [14.25814, 50.0851659]}, "properties": {"osm_id": 137533803, "osm_type": "way", "name": "Třešňovka", "leisure": "park", "access": "yes", "operator": null, "wikipedia": null}}, {"type": "Feature", "geometry": {"type": "Point", "coordinates": [14.2629831, 50.0807064]}, "properties": {"osm_id": 137534009, "osm_type": "way", "name": null, "leisure": "park", "access": "yes", "operator": null, "wikipedia": null}}, {"type": "Feature", "geometry": {"type": "Point", "coordinates": [14.2485876, 50.0838282]}, "properties": {"osm_id": 137536848, "osm_type": "way", "name": null, "leisure": "park", "access": "yes", "operator": null, "wikipedia": null}}, {"type": "Feature", "geometry": {"type": "Point", "coordinates": [14.2581041, 50.0758315]}, "properties": {"osm_id": 137893171, "osm_type": "way", "name": "Ziklův park", "leisure": "park", "access": "yes", "operator": null, "wikipedia": null}}, {"type": "Feature", "geometry": {"type": "Point", "coordinates": [14.2422153, 50.0782477]}, "properties": {"osm_id": 137898735, "osm_type": "way", "name": "park T.G. Masaryka", "leisure": "park", "access": "yes", "operator": null, "wikipedia": null}}, {"type": "Feature", "geometry": {"type": "Point", "coordinates": [14.4499096, 50.1250428]}, "properties": {"osm_id": 138747208, "osm_type": "way", "name": null, "leisure": "park", "access": "yes", "operator": null, "wikipedia": null}}, {"type": "Feature", "geometry": {"type": "Point", "coordinates": [14.4080188, 50.0295942]}, "properties": {"osm_id": 139761885, "osm_type": "way", "name": null, "leisure": "park", "access": "yes", "operator": null, "wikipedia": null}}, {"type": "Feature", "geometry": {"type": "Point", "coordinates": [14.4845705, 50.147847]}, "properties": {"osm_id": 139962225, "osm_type": "way", "name": null, "leisure": "park", "access": "yes", "operator": null, "wikipedia": null}}, {"type": "Feature", "geometry": {"type": "Point", "coordinates": [14.4083238, 50.0306241]}, "properties": {"osm_id": 141253680, "osm_type": "way", "name": null, "leisure": "park", "access": "yes", "operator": null, "wikipedia": null}}, {"type": "Feature", "geometry": {"type": "Point", "coordinates": [14.4558719, 50.1260123]}, "properties": {"osm_id": 142748695, "osm_type": "way", "name": null, "leisure": "park", "access": "yes", "operator": null, "wikipedia": null}}, {"type": "Feature", "geometry": {"type": "Point", "coordinates": [14.4902118, 50.1276234]}, "properties": {"osm_id": 143974750, "osm_type": "way", "name": null, "leisure": "park", "access": "yes", "operator": null, "wikipedia": null}}, {"type": "Feature", "geometry": {"type": "Point", "coordinates": [14.4233582, 50.0927928]}, "properties": {"osm_id": 146858827, "osm_type": "way", "name": null, "leisure": "park", "access": "yes", "operator": null, "wikipedia": null}}, {"type": "Feature", "geometry": {"type": "Point", "coordinates": [14.632295, 50.0096688]}, "properties": {"osm_id": 147953457, "osm_type": "way", "name": null, "leisure": "park", "access": "yes", "operator": null, "wikipedia": null}}, {"type": "Feature", "geometry": {"type": "Point", "coordinates": [14.4250305, 50.0610123]}, "properties": {"osm_id": 148461201, "osm_type": "way", "name": null, "leisure": "park", "access": "yes", "operator": null, "wikipedia": null}}, {"type": "Feature", "geometry": {"type": "Point", "coordinates": [14.4705378, 50.1328643]}, "properties": {"osm_id": 149136977, "osm_type": "way", "name": null, "leisure": "park", "access": "yes", "operator": null, "wikipedia": null}}, {"type": "Feature", "geometry": {"type": "Point", "coordinates": [14.4696634, 50.1327184]}, "properties": {"osm_id": 149136978, "osm_type": "way", "name": null, "leisure": "park", "access": "yes", "operator": null, "wikipedia": null}}, {"type": "Feature", "geometry": {"type": "Point", "coordinates": [14.6406988, 50.0581804]}, "properties": {"osm_id": 149660651, "osm_type": "way", "name": null, "leisure": "park", "access": "yes", "operator": null, "wikipedia": null}}, {"type": "Feature", "geometry": {"type": "Point", "coordinates": [14.6407629, 50.0798471]}, "properties": {"osm_id": 150990044, "osm_type": "way", "name": null, "leisure": "park", "access": "yes", "operator": null, "wikipedia": null}}, {"type": "Feature", "geometry": {"type": "Point", "coordinates": [14.4522879, 50.1675979]}, "properties": {"osm_id": 152776194, "osm_type": "way", "name": "Náměstí M. J. Husa", "leisure": "park", "access": "yes", "operator": null, "wikipedia": null}}, {"type": "Feature", "geometry": {"type": "Point", "coordinates": [14.4234771, 50.0650262]}, "properties": {"osm_id": 155076607, "osm_type": "way", "name": null, "leisure": "park", "access": "yes", "operator": null, "wikipedia": null}}, {"type": "Feature", "geometry": {"type": "Point", "coordinates": [14.6830101, 50.0746876]}, "properties": {"osm_id": 156258601, "osm_type": "way", "name": "Ježkův park", "leisure": "park", "access": "yes", "operator": null, "wikipedia": null}}, {"type": "Feature", "geometry": {"type": "Point", "coordinates": [14.4684434, 50.1273281]}, "properties": {"osm_id": 156425689, "osm_type": "way", "name": null, "leisure": "park", "access": "yes", "operator": null, "wikipedia": null}}, {"type": "Feature", "geometry": {"type": "Point", "coordinates": [14.5277793, 50.0964151]}, "properties": {"osm_id": 157547738, "osm_type": "way", "name": "Parčík u Rokytky", "leisure": "park", "access": "yes", "operator": null, "wikipedia": null}}, {"type": "Feature", "geometry": {"type": "Point", "coordinates": [14.4517271, 50.1236447]}, "properties": {"osm_id": 159135770, "osm_type": "way", "name": null, "leisure": "park", "access": "yes", "operator": null, "wikipedia": null}}, {"type": "Feature", "geometry": {"type": "Point", "coordinates": [14.4525989, 50.1236994]}, "properties": {"osm_id": 159135773, "osm_type": "way", "name": null, "leisure": "park", "access": "yes", "operator": null, "wikipedia": null}}, {"type": "Feature", "geometry": {"type": "Point", "coordinates": [14.4746458, 50.0404496]}, "properties": {"osm_id": 160914519, "osm_type": "way", "name": "Geopark Spořilov", "leisure": "park", "access": "yes", "operator": null, "wikipedia": null}}, {"type": "Feature", "geometry": {"type": "Point", "coordinates": [14.4055471, 50.0344766]}, "properties": {"osm_id": 160963704, "osm_type": "way", "name": null, "leisure": "park", "access": "yes", "operator": null, "wikipedia": null}}, {"type": "Feature", "geometry": {"type": "Point", "coordinates": [14.4140807, 50.0886554]}, "properties": {"osm_id": 163683432, "osm_type": "way", "name": null, "leisure": "park", "access": "yes", "operator": null, "wikipedia": null}}, {"type": "Feature", "geometry": {"type": "Point", "coordinates": [14.2222458, 50.058523]}, "properties": {"osm_id": 164524545, "osm_type": "way", "name": "Višňovka", "leisure": "park", "access": "yes", "operator": null, "wikipedia": null}}, {"type": "Feature", "geometry": {"type": "Point", "coordinates": [14.4249296, 50.1762205]}, "properties": {"osm_id": 165334859, "osm_type": "way", "name": "ZŠ Klecany", "leisure": "park", "access": "yes", "operator": null, "wikipedia": null}}, {"type": "Feature", "geometry": {"type": "Point", "coordinates": [14.4611919, 50.1303875]}, "properties": {"osm_id": 165572315, "osm_type": "way", "name": null, "leisure": "park", "access": "yes", "operator": null, "wikipedia": null}}, {"type": "Feature", "geometry": {"type": "Point", "coordinates": [14.4729075, 50.1131456]}, "properties": {"osm_id": 166381094, "osm_type": "way", "name": null, "leisure": "park", "access": "yes", "operator": null, "wikipedia": null}}, {"type": "Feature", "geometry": {"type": "Point", "coordinates": [14.2687647, 50.1066681]}, "properties": {"osm_id": 168578009, "osm_type": "way", "name": null, "leisure": "park", "access": "yes", "operator": null, "wikipedia": null}}, {"type": "Feature", "geometry": {"type": "Point", "coordinates": [14.4340703, 50.0242508]}, "properties": {"osm_id": 169798296, "osm_type": "way", "name": null, "leisure": "park", "access": "yes", "operator": null, "wikipedia": null}}, {"type": "Feature", "geometry": {"type": "Point", "coordinates": [14.3828393, 50.0877751]}, "properties": {"osm_id": 172952282, "osm_type": "way", "name": null, "leisure": "park", "access": "yes", "operator": null, "wikipedia": null}}, {"type": "Feature", "geometry": {"type": "Point", "coordinates": [14.4525695, 50.1181787]}, "properties": {"osm_id": 177368594, "osm_type": "way", "name": null, "leisure": "park", "access": "yes", "operator": null, "wikipedia": null}}, {"type": "Feature", "geometry": {"type": "Point", "coordinates": [14.5786201, 50.0053894]}, "properties": {"osm_id": 177573758, "osm_type": "way", "name": null, "leisure": "park", "access": "yes", "operator": null, "wikipedia": null}}, {"type": "Feature", "geometry": {"type": "Point", "coordinates": [14.4730015, 50.0460605]}, "properties": {"osm_id": 179473512, "osm_type": "way", "name": null, "leisure": "park", "access": "yes", "operator": null, "wikipedia": null}}, {"type": "Feature", "geometry": {"type": "Point", "coordinates": [14.4515472, 50.1272089]}, "properties": {"osm_id": 179744028, "osm_type": "way", "name": null, "leisure": "park", "access": "yes", "operator": null, "wikipedia": null}}, {"type": "Feature", "geometry": {"type": "Point", "coordinates": [14.4745883, 50.1103586]}, "properties": {"osm_id": 181398104, "osm_type": "way", "name": null, "leisure": "park", "access": "yes", "operator": null, "wikipedia": null}}, {"type": "Feature", "geometry": {"type": "Point", "coordinates": [14.4496613, 50.1082918]}, "properties": {"osm_id": 182994766, "osm_type": "way", "name": null, "leisure": "park", "access": "yes", "operator": null, "wikipedia": null}}, {"type": "Feature", "geometry": {"type": "Point", "coordinates": [14.4377227, 50.050275]}, "properties": {"osm_id": 183201613, "osm_type": "way", "name": null, "leisure": "park", "access": "yes", "operator": null, "wikipedia": null}}, {"type": "Feature", "geometry": {"type": "Point", "coordinates": [14.4055599, 50.1089622]}, "properties": {"osm_id": 187761494, "osm_type": "way", "name": null, "leisure": "park", "access": "yes", "operator": null, "wikipedia": null}}, {"type": "Feature", "geometry": {"type": "Point", "coordinates": [14.4536937, 50.1667122]}, "properties": {"osm_id": 188606679, "osm_type": "way", "name": null, "leisure": "park", "access": "yes", "operator": null, "wikipedia": null}}, {"type": "Feature", "geometry": {"type": "Point", "coordinates": [14.4293611, 50.1741248]}, "properties": {"osm_id": 190023490, "osm_type": "way", "name": null, "leisure": "park", "access": "yes", "operator": null, "wikipedia": null}}, {"type": "Feature", "geometry": {"type": "Point", "coordinates": [14.2861645, 50.0251752]}, "properties": {"osm_id": 190524566, "osm_type": "way", "name": null, "leisure": "park", "access": "yes", "operator": null, "wikipedia": null}}, {"type": "Feature", "geometry": {"type": "Point", "coordinates": [14.3973411, 50.1588271]}, "properties": {"osm_id": 190555645, "osm_type": "way", "name": null, "leisure": "park", "access": "yes", "operator": null, "wikipedia": null}}, {"type": "Feature", "geometry": {"type": "Point", "coordinates": [14.2962854, 50.0167605]}, "properties": {"osm_id": 190634832, "osm_type": "way", "name": "Husí plácek", "leisure": "park", "access": "yes", "operator": null, "wikipedia": null}}, {"type": "Feature", "geometry": {"type": "Point", "coordinates": [14.2961519, 50.0174655]}, "properties": {"osm_id": 190784000, "osm_type": "way", "name": null, "leisure": "park", "access": "yes", "operator": null, "wikipedia": null}}, {"type": "Feature", "geometry": {"type": "Point", "coordinates": [14.2958037, 50.0133098]}, "properties": {"osm_id": 190789753, "osm_type": "way", "name": null, "leisure": "park", "access": "yes", "operator": null, "wikipedia": null}}, {"type": "Feature", "geometry": {"type": "Point", "coordinates": [14.5984153, 50.0630023]}, "properties": {"osm_id": 191566051, "osm_type": "way", "name": "Panská zahrada Dubeč", "leisure": "park", "access": "yes", "operator": null, "wikipedia": null}}, {"type": "Feature", "geometry": {"type": "Point", "coordinates": [14.4187506, 50.0921602]}, "properties": {"osm_id": 193147969, "osm_type": "way", "name": null, "leisure": "park", "access": "no", "operator": null, "wikipedia": null}}, {"type": "Feature", "geometry": {"type": "Point", "coordinates": [14.4145759, 50.0899445]}, "properties": {"osm_id": 195740797, "osm_type": "way", "name": null, "leisure": "park", "access": "yes", "operator": null, "wikipedia": null}}, {"type": "Feature", "geometry": {"type": "Point", "coordinates": [14.3933757, 49.9764102]}, "properties": {"osm_id": 197174997, "osm_type": "way", "name": null, "leisure": "park", "access": "yes", "operator": null, "wikipedia": null}}, {"type": "Feature", "geometry": {"type": "Point", "coordinates": [14.3936011, 49.9758527]}, "properties": {"osm_id": 197174998, "osm_type": "way", "name": null, "leisure": "park", "access": "yes", "operator": null, "wikipedia": null}}, {"type": "Feature", "geometry": {"type": "Point", "coordinates": [14.3936833, 49.9766239]}, "properties": {"osm_id": 197174999, "osm_type": "way", "name": null, "leisure": "park", "access": "yes", "operator": null, "wikipedia": null}}, {"type": "Feature", "geometry": {"type": "Point", "coordinates": [14.3929019, 49.9759855]}, "properties": {"osm_id": 197175000, "osm_type": "way", "name": null, "leisure": "park", "access": "yes", "operator": null, "wikipedia": null}}, {"type": "Feature", "geometry": {"type": "Point", "coordinates": [14.6100902, 50.1116276]}, "properties": {"osm_id": 197217695, "osm_type": "way", "name": null, "leisure": "park", "access": "yes", "operator": null, "wikipedia": null}}, {"type": "Feature", "geometry": {"type": "Point", "coordinates": [14.4152948, 50.0809926]}, "properties": {"osm_id": 198423212, "osm_type": "way", "name": null, "leisure": "park", "access": "yes", "operator": null, "wikipedia": null}}, {"type": "Feature", "geometry": {"type": "Point", "coordinates": [14.4659856, 50.1156706]}, "properties": {"osm_id": 198760898, "osm_type": "way", "name": null, "leisure": "park", "access": "yes", "operator": null, "wikipedia": null}}, {"type": "Feature", "geometry": {"type": "Point", "coordinates": [14.4609745, 50.127976]}, "properties": {"osm_id": 199169258, "osm_type": "way", "name": null, "leisure": "park", "access": "yes", "operator": null, "wikipedia": null}}, {"type": "Feature", "geometry": {"type": "Point", "coordinates": [14.6185321, 50.1133623]}, "properties": {"osm_id": 199789780, "osm_type": "way", "name": null, "leisure": "park", "access": "yes", "operator": null, "wikipedia": null}}, {"type": "Feature", "geometry": {"type": "Point", "coordinates": [14.4730592, 50.1236569]}, "properties": {"osm_id": 202539302, "osm_type": "way", "name": null, "leisure": "park", "access": "yes", "operator": null, "wikipedia": null}}, {"type": "Feature", "geometry": {"type": "Point", "coordinates": [14.4079667, 50.1780767]}, "properties": {"osm_id": 202820524, "osm_type": "way", "name": null, "leisure": "park", "access": "no", "operator": null, "wikipedia": null}}, {"type": "Feature", "geometry": {"type": "Point", "coordinates": [14.4553206, 50.0588178]}, "properties": {"osm_id": 204990018, "osm_type": "way", "name": null, "leisure": "park", "access": "yes", "operator": null, "wikipedia": null}}, {"type": "Feature", "geometry": {"type": "Point", "coordinates": [14.4620221, 50.1276093]}, "properties": {"osm_id": 206082335, "osm_type": "way", "name": null, "leisure": "park", "access": "yes", "operator": null, "wikipedia": null}}, {"type": "Feature", "geometry": {"type": "Point", "coordinates": [14.3061122, 50.0323731]}, "properties": {"osm_id": 206173037, "osm_type": "way", "name": null, "leisure": "park", "access": "yes", "operator": null, "wikipedia": null}}, {"type": "Feature", "geometry": {"type": "Point", "coordinates": [14.371158, 50.068674]}, "properties": {"osm_id": 206665701, "osm_type": "way", "name": null, "leisure": "park", "access": "yes", "operator": null, "wikipedia": null}}, {"type": "Feature", "geometry": {"type": "Point", "coordinates": [14.3716794, 50.0691331]}, "properties": {"osm_id": 206665702, "osm_type": "way", "name": null, "leisure": "park", "access": "yes", "operator": null, "wikipedia": null}}, {"type": "Feature", "geometry": {"type": "Point", "coordinates": [14.472897, 50.1111968]}, "properties": {"osm_id": 207148363, "osm_type": "way", "name": null, "leisure": "park", "access": "yes", "operator": null, "wikipedia": null}}, {"type": "Feature", "geometry": {"type": "Point", "coordinates": [14.4553828, 50.0493726]}, "properties": {"osm_id": 210943339, "osm_type": "way", "name": "Baarův Park", "leisure": "park", "access": "yes", "operator": null, "wikipedia": null}}, {"type": "Feature", "geometry": {"type": "Point", "coordinates": [14.4094609, 50.0339944]}, "properties": {"osm_id": 218856088, "osm_type": "way", "name": null, "leisure": "park", "access": "yes", "operator": null, "wikipedia": null}}, {"type": "Feature", "geometry": {"type": "Point", "coordinates": [14.4187524, 50.0333926]}, "properties": {"osm_id": 218856095, "osm_type": "way", "name": null, "leisure": "park", "access": "yes", "operator": null, "wikipedia": null}}, {"type": "Feature", "geometry": {"type": "Point", "coordinates": [14.3931987, 50.0621339]}, "properties": {"osm_id": 222385645, "osm_type": "way", "name": "park Na Pláni", "leisure": "park", "access": "yes", "operator": null, "wikipedia": null}}, {"type": "Feature", "geometry": {"type": "Point", "coordinates": [14.43273, 50.0926357]}, "properties": {"osm_id": 222399977, "osm_type": "way", "name": null, "leisure": "park", "access": "yes", "operator": null, "wikipedia": null}}, {"type": "Feature", "geometry": {"type": "Point", "coordinates": [14.4844263, 50.143035]}, "properties": {"osm_id": 225442116, "osm_type": "way", "name": null, "leisure": "park", "access": "yes", "operator": null, "wikipedia": null}}, {"type": "Feature", "geometry": {"type": "Point", "coordinates": [14.4532744, 49.9616542]}, "properties": {"osm_id": 227355321, "osm_type": "way", "name": null, "leisure": "park", "access": "yes", "operator": null, "wikipedia": null}}, {"type": "Feature", "geometry": {"type": "Point", "coordinates": [14.4677028, 50.1160163]}, "properties": {"osm_id": 228228992, "osm_type": "way", "name": null, "leisure": "park", "access": "yes", "operator": null, "wikipedia": null}}, {"type": "Feature", "geometry": {"type": "Point", "coordinates": [14.4836988, 50.1429656]}, "properties": {"osm_id": 230218924, "osm_type": "way", "name": null, "leisure": "park", "access": "yes", "operator": null, "wikipedia": null}}, {"type": "Feature", "geometry": {"type": "Point", "coordinates": [14.5095252, 50.1506292]}, "properties": {"osm_id": 230707757, "osm_type": "way", "name": null, "leisure": "park", "access": "yes", "operator": null, "wikipedia": null}}, {"type": "Feature", "geometry": {"type": "Point", "coordinates": [14.5742649, 50.0924239]}, "properties": {"osm_id": 231350354, "osm_type": "way", "name": null, "leisure": "park", "access": "yes", "operator": null, "wikipedia": null}}, {"type": "Feature", "geometry": {"type": "Point", "coordinates": [14.4396984, 50.1078511]}, "properties": {"osm_id": 234522768, "osm_type": "way", "name": null, "leisure": "park", "access": "yes", "operator": null, "wikipedia": null}}, {"type": "Feature", "geometry": {"type": "Point", "coordinates": [14.4738277, 50.1288903]}, "properties": {"osm_id": 237825419, "osm_type": "way", "name": null, "leisure": "park", "access": "yes", "operator": null, "wikipedia": null}}, {"type": "Feature", "geometry": {"type": "Point", "coordinates": [14.5558864, 50.0363131]}, "properties": {"osm_id": 240799231, "osm_type": "way", "name": null, "leisure": "park", "access": "yes", "operator": null, "wikipedia": null}}, {"type": "Feature", "geometry": {"type": "Point", "coordinates": [14.4687697, 50.0724696]}, "properties": {"osm_id": 242022323, "osm_type": "way", "name": null, "leisure": "park", "access": "yes", "operator": null, "wikipedia": null}}, {"type": "Feature", "geometry": {"type": "Point", "coordinates": [14.5042591, 50.1506221]}, "properties": {"osm_id": 242449439, "osm_type": "way", "name": null, "leisure": "park", "access": "yes", "operator": null, "wikipedia": null}}, {"type": "Feature", "geometry": {"type": "Point", "coordinates": [14.5239818, 50.1471914]}, "properties": {"osm_id": 244391121, "osm_type": "way", "name": null, "leisure": "park", "access": "yes", "operator": null, "wikipedia": null}}, {"type": "Feature", "geometry": {"type": "Point", "coordinates": [14.4411712, 50.0473093]}, "properties": {"osm_id": 244978522, "osm_type": "way", "name": null, "leisure": "park", "access": "private", "operator": null, "wikipedia": null}}, {"type": "Feature", "geometry": {"type": "Point", "coordinates": [14.4407494, 50.0467197]}, "properties": {"osm_id": 244996564, "osm_type": "way", "name": null, "leisure": "park", "access": "private", "operator": null, "wikipedia": null}}, {"type": "Feature", "geometry": {"type": "Point", "coordinates": [14.4410064, 50.0467761]}, "properties": {"osm_id": 244996567, "osm_type": "way", "name": null, "leisure": "park", "access": "private", "operator": null, "wikipedia": null}}, {"type": "Feature", "geometry": {"type": "Point", "coordinates": [14.476162, 50.1139273]}, "properties": {"osm_id": 247831601, "osm_type": "way", "name": null, "leisure": "park", "access": "yes", "operator": null, "wikipedia": null}}, {"type": "Feature", "geometry": {"type": "Point", "coordinates": [14.4316674, 50.0787598]}, "properties": {"osm_id": 249842510, "osm_type": "way", "name": null, "leisure": "park", "access": "yes", "operator": null, "wikipedia": null}}, {"type": "Feature", "geometry": {"type": "Point", "coordinates": [14.4561856, 50.1239202]}, "properties": {"osm_id": 249891587, "osm_type": "way", "name": null, "leisure": "park", "access": "yes", "operator": null, "wikipedia": null}}, {"type": "Feature", "geometry": {"type": "Point", "coordinates": [14.4696579, 50.1231353]}, "properties": {"osm_id": 249938507, "osm_type": "way", "name": null, "leisure": "park", "access": "permissive", "operator": null, "wikipedia": null}}, {"type": "Feature", "geometry": {"type": "Point", "coordinates": [14.4610366, 50.1267799]}, "properties": {"osm_id": 250965181, "osm_type": "way", "name": null, "leisure": "park", "access": "yes", "operator": null, "wikipedia": null}}, {"type": "Feature", "geometry": {"type": "Point", "coordinates": [14.556257, 50.0762278]}, "properties": {"osm_id": 252049907, "osm_type": "way", "name": null, "leisure": "park", "access": "yes", "operator": null, "wikipedia": null}}, {"type": "Feature", "geometry": {"type": "Point", "coordinates": [14.4740697, 50.1311977]}, "properties": {"osm_id": 252460484, "osm_type": "way", "name": null, "leisure": "park", "access": "yes", "operator": null, "wikipedia": null}}, {"type": "Feature", "geometry": {"type": "Point", "coordinates": [14.4607074, 50.1292097]}, "properties": {"osm_id": 257902016, "osm_type": "way", "name": null, "leisure": "park", "access": "yes", "operator": null, "wikipedia": null}}, {"type": "Feature", "geometry": {"type": "Point", "coordinates": [14.4284559, 50.1686952]}, "properties": {"osm_id": 259016018, "osm_type": "way", "name": null, "leisure": "park", "access": "yes", "operator": null, "wikipedia": null}}, {"type": "Feature", "geometry": {"type": "Point", "coordinates": [14.415933, 50.0784274]}, "properties": {"osm_id": 261181038, "osm_type": "way", "name": null, "leisure": "park", "access": "yes", "operator": null, "wikipedia": null}}, {"type": "Feature", "geometry": {"type": "Point", "coordinates": [14.3304688, 50.1111693]}, "properties": {"osm_id": 262972647, "osm_type": "way", "name": null, "leisure": "park", "access": "yes", "operator": null, "wikipedia": null}}, {"type": "Feature", "geometry": {"type": "Point", "coordinates": [14.6928118, 50.1160558]}, "properties": {"osm_id": 263512156, "osm_type": "way", "name": null, "leisure": "park", "access": "yes", "operator": null, "wikipedia": null}}, {"type": "Feature", "geometry": {"type": "Point", "coordinates": [14.4665796, 50.1314194]}, "properties": {"osm_id": 265927668, "osm_type": "way", "name": null, "leisure": "park", "access": "yes", "operator": null, "wikipedia": null}}, {"type": "Feature", "geometry": {"type": "Point", "coordinates": [14.659601, 50.1395333]}, "properties": {"osm_id": 266101223, "osm_type": "way", "name": null, "leisure": "park", "access": "yes", "operator": null, "wikipedia": null}}, {"type": "Feature", "geometry": {"type": "Point", "coordinates": [14.3686916, 50.1756209]}, "properties": {"osm_id": 272568132, "osm_type": "way", "name": null, "leisure": "park", "access": "yes", "operator": null, "wikipedia": null}}, {"type": "Feature", "geometry": {"type": "Point", "coordinates": [14.4525256, 50.0495]}, "properties": {"osm_id": 279987394, "osm_type": "way", "name": null, "leisure": "park", "access": "yes", "operator": null, "wikipedia": null}}, {"type": "Feature", "geometry": {"type": "Point", "coordinates": [14.5537948, 50.1366096]}, "properties": {"osm_id": 280654546, "osm_type": "way", "name": "Novákovo náměstí", "leisure": "park", "access": "yes", "operator": null, "wikipedia": null}}, {"type": "Feature", "geometry": {"type": "Point", "coordinates": [14.4663548, 50.0509232]}, "properties": {"osm_id": 286817894, "osm_type": "way", "name": null, "leisure": "park", "access": "yes", "operator": null, "wikipedia": null}}, {"type": "Feature", "geometry": {"type": "Point", "coordinates": [14.4625011, 50.0484856]}, "properties": {"osm_id": 286819107, "osm_type": "way", "name": null, "leisure": "park", "access": "yes", "operator": null, "wikipedia": null}}, {"type": "Feature", "geometry": {"type": "Point", "coordinates": [14.4267796, 50.1707084]}, "properties": {"osm_id": 288965437, "osm_type": "way", "name": null, "leisure": "park", "access": "yes", "operator": null, "wikipedia": null}}, {"type": "Feature", "geometry": {"type": "Point", "coordinates": [14.6226292, 50.0135912]}, "properties": {"osm_id": 292867120, "osm_type": "way", "name": null, "leisure": "park", "access": "yes", "operator": null, "wikipedia": null}}, {"type": "Feature", "geometry": {"type": "Point", "coordinates": [14.4521499, 50.12491]}, "properties": {"osm_id": 293815249, "osm_type": "way", "name": null, "leisure": "park", "access": "yes", "operator": null, "wikipedia": null}}, {"type": "Feature", "geometry": {"type": "Point", "coordinates": [14.3292756, 50.0427378]}, "properties": {"osm_id": 296002777, "osm_type": "way", "name": null, "leisure": "park", "access": "yes", "operator": null, "wikipedia": null}}, {"type": "Feature", "geometry": {"type": "Point", "coordinates": [14.437988, 50.1692616]}, "properties": {"osm_id": 296177560, "osm_type": "way", "name": null, "leisure": "park", "access": "yes", "operator": null, "wikipedia": null}}, {"type": "Feature", "geometry": {"type": "Point", "coordinates": [14.6168018, 50.0187877]}, "properties": {"osm_id": 298203065, "osm_type": "way", "name": null, "leisure": "park", "access": "yes", "operator": null, "wikipedia": null}}, {"type": "Feature", "geometry": {"type": "Point", "coordinates": [14.4664755, 50.0630903]}, "properties": {"osm_id": 303936679, "osm_type": "way", "name": null, "leisure": "park", "access": "yes", "operator": null, "wikipedia": null}}, {"type": "Feature", "geometry": {"type": "Point", "coordinates": [14.5617303, 50.0564834]}, "properties": {"osm_id": 304205337, "osm_type": "way", "name": null, "leisure": "park", "access": "yes", "operator": null, "wikipedia": null}}, {"type": "Feature", "geometry": {"type": "Point", "coordinates": [14.516248, 50.1590339]}, "properties": {"osm_id": 304290521, "osm_type": "way", "name": "Finská stezka", "leisure": "park", "access": "yes", "operator": null, "wikipedia": null}}, {"type": "Feature", "geometry": {"type": "Point", "coordinates": [14.42993, 50.0844252]}, "properties": {"osm_id": 306402249, "osm_type": "way", "name": null, "leisure": "park", "access": "yes", "operator": null, "wikipedia": null}}, {"type": "Feature", "geometry": {"type": "Point", "coordinates": [14.4656242, 50.1224629]}, "properties": {"osm_id": 307720319, "osm_type": "way", "name": null, "leisure": "park", "access": "yes", "operator": null, "wikipedia": null}}, {"type": "Feature", "geometry": {"type": "Point", "coordinates": [14.4669639, 50.0684301]}, "properties": {"osm_id": 310060366, "osm_type": "way", "name": null, "leisure": "park", "access": "yes", "operator": null, "wikipedia": null}}, {"type": "Feature", "geometry": {"type": "Point", "coordinates": [14.4679905, 50.0686771]}, "properties": {"osm_id": 310060367, "osm_type": "way", "name": null, "leisure": "park", "access": "yes", "operator": null, "wikipedia": null}}, {"type": "Feature", "geometry": {"type": "Point", "coordinates": [14.4685808, 50.0687811]}, "properties": {"osm_id": 310060368, "osm_type": "way", "name": null, "leisure": "park", "access": "yes", "operator": null, "wikipedia": null}}, {"type": "Feature", "geometry": {"type": "Point", "coordinates": [14.4875316, 50.1192408]}, "properties": {"osm_id": 310339647, "osm_type": "way", "name": null, "leisure": "park", "access": "yes", "operator": null, "wikipedia": null}}, {"type": "Feature", "geometry": {"type": "Point", "coordinates": [14.4016306, 49.9917375]}, "properties": {"osm_id": 310648901, "osm_type": "way", "name": "Soutok", "leisure": "park", "access": "yes", "operator": null, "wikipedia": null}}, {"type": "Feature", "geometry": {"type": "Point", "coordinates": [14.4537898, 50.1073344]}, "properties": {"osm_id": 311088806, "osm_type": "way", "name": null, "leisure": "park", "access": "yes", "operator": null, "wikipedia": null}}, {"type": "Feature", "geometry": {"type": "Point", "coordinates": [14.4706941, 50.0773244]}, "properties": {"osm_id": 312922244, "osm_type": "way", "name": "park Mileny Jesenské", "leisure": "park", "access": "yes", "operator": null, "wikipedia": null}}, {"type": "Feature", "geometry": {"type": "Point", "coordinates": [14.4723397, 50.072461]}, "properties": {"osm_id": 312922247, "osm_type": "way", "name": "Brázdův park", "leisure": "park", "access": "yes", "operator": null, "wikipedia": null}}, {"type": "Feature", "geometry": {"type": "Point", "coordinates": [14.4887283, 50.0210647]}, "properties": {"osm_id": 312931637, "osm_type": "way", "name": null, "leisure": "park", "access": "yes", "operator": null, "wikipedia": null}}, {"type": "Feature", "geometry": {"type": "Point", "coordinates": [14.484673, 50.0225461]}, "properties": {"osm_id": 312948497, "osm_type": "way", "name": null, "leisure": "park", "access": "yes", "operator": null, "wikipedia": null}}, {"type": "Feature", "geometry": {"type": "Point", "coordinates": [14.4862297, 50.0214656]}, "properties": {"osm_id": 313045358, "osm_type": "way", "name": null, "leisure": "park", "access": "permissive", "operator": null, "wikipedia": null}}, {"type": "Feature", "geometry": {"type": "Point", "coordinates": [14.4569966, 50.1216172]}, "properties": {"osm_id": 315268985, "osm_type": "way", "name": null, "leisure": "park", "access": "yes", "operator": null, "wikipedia": null}}, {"type": "Feature", "geometry": {"type": "Point", "coordinates": [14.4528332, 50.1450187]}, "properties": {"osm_id": 315714621, "osm_type": "way", "name": null, "leisure": "park", "access": "yes", "operator": null, "wikipedia": null}}, {"type": "Feature", "geometry": {"type": "Point", "coordinates": [14.4556192, 50.0844635]}, "properties": {"osm_id": 316889071, "osm_type": "way", "name": null, "leisure": "park", "access": "yes", "operator": null, "wikipedia": null}}, {"type": "Feature", "geometry": {"type": "Point", "coordinates": [14.3559817, 50.0746092]}, "properties": {"osm_id": 317464927, "osm_type": "way", "name": null, "leisure": "park", "access": "yes", "operator": null, "wikipedia": null}}, {"type": "Feature", "geometry": {"type": "Point", "coordinates": [14.5032045, 50.094407]}, "properties": {"osm_id": 317914572, "osm_type": "way", "name": null, "leisure": "park", "access": "yes", "operator": null, "wikipedia": null}}, {"type": "Feature", "geometry": {"type": "Point", "coordinates": [14.3971002, 50.1118963]}, "properties": {"osm_id": 317986442, "osm_type": "way", "name": null, "leisure": "park", "access": "yes", "operator": null, "wikipedia": null}}, {"type": "Feature", "geometry": {"type": "Point", "coordinates": [14.3606946, 50.0838329]}, "properties": {"osm_id": 318291508, "osm_type": "way", "name": null, "leisure": "park", "access": "yes", "operator": null, "wikipedia": null}}, {"type": "Feature", "geometry": {"type": "Point", "coordinates": [14.3138233, 50.0455025]}, "properties": {"osm_id": 318317439, "osm_type": "way", "name": null, "leisure": "park", "access": "yes", "operator": null, "wikipedia": null}}, {"type": "Feature", "geometry": {"type": "Point", "coordinates": [14.300446, 50.0645998]}, "properties": {"osm_id": 318370644, "osm_type": "way", "name": null, "leisure": "park", "access": "yes", "operator": null, "wikipedia": null}}, {"type": "Feature", "geometry": {"type": "Point", "coordinates": [14.3008657, 50.0665443]}, "properties": {"osm_id": 318371033, "osm_type": "way", "name": null, "leisure": "park", "access": "yes", "operator": null, "wikipedia": null}}, {"type": "Feature", "geometry": {"type": "Point", "coordinates": [14.3046617, 50.0722127]}, "properties": {"osm_id": 318371183, "osm_type": "way", "name": null, "leisure": "park", "access": "yes", "operator": null, "wikipedia": null}}, {"type": "Feature", "geometry": {"type": "Point", "coordinates": [14.3029137, 50.0630925]}, "properties": {"osm_id": 318371292, "osm_type": "way", "name": null, "leisure": "park", "access": "yes", "operator": null, "wikipedia": null}}, {"type": "Feature", "geometry": {"type": "Point", "coordinates": [14.4413876, 50.0469873]}, "properties": {"osm_id": 318782610, "osm_type": "way", "name": null, "leisure": "park", "access": "private", "operator": null, "wikipedia": null}}, {"type": "Feature", "geometry": {"type": "Point", "coordinates": [14.4417445, 50.047242]}, "properties": {"osm_id": 318782611, "osm_type": "way", "name": null, "leisure": "park", "access": "private", "operator": null, "wikipedia": null}}, {"type": "Feature", "geometry": {"type": "Point", "coordinates": [14.3760576, 50.0695001]}, "properties": {"osm_id": 318900460, "osm_type": "way", "name": null, "leisure": "park", "access": "yes", "operator": null, "wikipedia": null}}, {"type": "Feature", "geometry": {"type": "Point", "coordinates": [14.3794971, 50.0702076]}, "properties": {"osm_id": 318900529, "osm_type": "way", "name": null, "leisure": "park", "access": "yes", "operator": null, "wikipedia": null}}, {"type": "Feature", "geometry": {"type": "Point", "coordinates": [14.4109258, 50.089318]}, "properties": {"osm_id": 318903085, "osm_type": "way", "name": "park Cihelná", "leisure": "park", "access": "yes", "operator": null, "wikipedia": null}}, {"type": "Feature", "geometry": {"type": "Point", "coordinates": [14.3956695, 49.9716635]}, "properties": {"osm_id": 318955886, "osm_type": "way", "name": null, "leisure": "park", "access": "yes", "operator": null, "wikipedia": null}}, {"type": "Feature", "geometry": {"type": "Point", "coordinates": [14.3596859, 50.0521602]}, "properties": {"osm_id": 319502820, "osm_type": "way", "name": null, "leisure": "park", "access": "yes", "operator": null, "wikipedia": null}}, {"type": "Feature", "geometry": {"type": "Point", "coordinates": [14.4138817, 50.0208037]}, "properties": {"osm_id": 319578612, "osm_type": "way", "name": null, "leisure": "park", "access": "yes", "operator": null, "wikipedia": null}}, {"type": "Feature", "geometry": {"type": "Point", "coordinates": [14.4686025, 50.1273675]}, "properties": {"osm_id": 320695360, "osm_type": "way", "name": null, "leisure": "park", "access": "yes", "operator": null, "wikipedia": null}}, {"type": "Feature", "geometry": {"type": "Point", "coordinates": [14.4689238, 50.1274483]}, "properties": {"osm_id": 320695362, "osm_type": "way", "name": null, "leisure": "park", "access": "yes", "operator": null, "wikipedia": null}}, {"type": "Feature", "geometry": {"type": "Point", "coordinates": [14.4687651, 50.1274094]}, "properties": {"osm_id": 320695364, "osm_type": "way", "name": null, "leisure": "park", "access": "yes", "operator": null, "wikipedia": null}}, {"type": "Feature", "geometry": {"type": "Point", "coordinates": [14.4025006, 50.0859557]}, "properties": {"osm_id": 324482838, "osm_type": "way", "name": null, "leisure": "park", "access": "private", "operator": null, "wikipedia": null}}, {"type": "Feature", "geometry": {"type": "Point", "coordinates": [14.4677502, 50.0878263]}, "properties": {"osm_id": 327369723, "osm_type": "way", "name": "park Červená skála", "leisure": "park", "access": "yes", "operator": null, "wikipedia": null}}, {"type": "Feature", "geometry": {"type": "Point", "coordinates": [14.4239315, 50.0421473]}, "properties": {"osm_id": 332087307, "osm_type": "way", "name": "Park Adolfa Borna", "leisure": "park", "access": "yes", "operator": null, "wikipedia": null}}, {"type": "Feature", "geometry": {"type": "Point", "coordinates": [14.4944429, 50.0669309]}, "properties": {"osm_id": 332087472, "osm_type": "way", "name": null, "leisure": "park", "access": "yes", "operator": null, "wikipedia": null}}, {"type": "Feature", "geometry": {"type": "Point", "coordinates": [14.4854492, 50.070072]}, "properties": {"osm_id": 332088216, "osm_type": "way", "name": "U Hranic", "leisure": "park", "access": "yes", "operator": null, "wikipedia": null}}, {"type": "Feature", "geometry": {"type": "Point", "coordinates": [14.4235394, 50.0637184]}, "properties": {"osm_id": 332088853, "osm_type": "way", "name": null, "leisure": "park", "access": "yes", "operator": null, "wikipedia": null}}, {"type": "Feature", "geometry": {"type": "Point", "coordinates": [14.4693628, 50.1329019]}, "properties": {"osm_id": 332232827, "osm_type": "way", "name": null, "leisure": "park", "access": "yes", "operator": null, "wikipedia": null}}, {"type": "Feature", "geometry": {"type": "Point", "coordinates": [14.4790238, 50.0345997]}, "properties": {"osm_id": 337156547, "osm_type": "way", "name": null, "leisure": "park", "access": "yes", "operator": null, "wikipedia": null}}, {"type": "Feature", "geometry": {"type": "Point", "coordinates": [14.3502028, 50.0506577]}, "properties": {"osm_id": 339395531, "osm_type": "way", "name": null, "leisure": "park", "access": "yes", "operator": null, "wikipedia": null}}, {"type": "Feature", "geometry": {"type": "Point", "coordinates": [14.4951555, 50.0720784]}, "properties": {"osm_id": 344367867, "osm_type": "way", "name": null, "leisure": "park", "access": "yes", "operator": null, "wikipedia": null}}, {"type": "Feature", "geometry": {"type": "Point", "coordinates": [14.4821993, 50.0321295]}, "properties": {"osm_id": 345035488, "osm_type": "way", "name": null, "leisure": "park", "access": "yes", "operator": null, "wikipedia": null}}, {"type": "Feature", "geometry": {"type": "Point", "coordinates": [14.4813348, 50.0321362]}, "properties": {"osm_id": 345035503, "osm_type": "way", "name": null, "leisure": "park", "access": "yes", "operator": null, "wikipedia": null}}, {"type": "Feature", "geometry": {"type": "Point", "coordinates": [14.4730379, 50.0925845]}, "properties": {"osm_id": 356911466, "osm_type": "way", "name": null, "leisure": "park", "access": "yes", "operator": null, "wikipedia": null}}, {"type": "Feature", "geometry": {"type": "Point", "coordinates": [14.3596148, 50.0965916]}, "properties": {"osm_id": 357197882, "osm_type": "way", "name": null, "leisure": "park", "access": "yes", "operator": null, "wikipedia": null}}, {"type": "Feature", "geometry": {"type": "Point", "coordinates": [14.2301556, 50.0202488]}, "properties": {"osm_id": 362890443, "osm_type": "way", "name": null, "leisure": "park", "access": "yes", "operator": null, "wikipedia": null}}, {"type": "Feature", "geometry": {"type": "Point", "coordinates": [14.351942, 50.0538728]}, "properties": {"osm_id": 362962671, "osm_type": "way", "name": null, "leisure": "park", "access": "yes", "operator": null, "wikipedia": null}}, {"type": "Feature", "geometry": {"type": "Point", "coordinates": [14.3600439, 50.0959413]}, "properties": {"osm_id": 363790695, "osm_type": "way", "name": null, "leisure": "park", "access": "yes", "operator": null, "wikipedia": null}}, {"type": "Feature", "geometry": {"type": "Point", "coordinates": [14.409702, 50.1771212]}, "properties": {"osm_id": 363982443, "osm_type": "way", "name": null, "leisure": "park", "access": "yes", "operator": null, "wikipedia": null}}, {"type": "Feature", "geometry": {"type": "Point", "coordinates": [14.411568, 50.1181905]}, "properties": {"osm_id": 364295819, "osm_type": "way", "name": null, "leisure": "park", "access": "yes", "operator": null, "wikipedia": null}}, {"type": "Feature", "geometry": {"type": "Point", "coordinates": [14.5469862, 50.0711094]}, "properties": {"osm_id": 364473309, "osm_type": "way", "name": null, "leisure": "park", "access": "yes", "operator": null, "wikipedia": null}}, {"type": "Feature", "geometry": {"type": "Point", "coordinates": [14.3439675, 50.0776126]}, "properties": {"osm_id": 366013397, "osm_type": "way", "name": null, "leisure": "park", "access": "yes", "operator": null, "wikipedia": null}}, {"type": "Feature", "geometry": {"type": "Point", "coordinates": [14.4649462, 50.0844676]}, "properties": {"osm_id": 366252477, "osm_type": "way", "name": "park Přemysla Pittera", "leisure": "park", "access": "yes", "operator": "Praha 3", "wikipedia": null}}, {"type": "Feature", "geometry": {"type": "Point", "coordinates": [14.5612101, 50.0403935]}, "properties": {"osm_id": 366527577, "osm_type": "way", "name": null, "leisure": "park", "access": "yes", "operator": null, "wikipedia": null}}, {"type": "Feature", "geometry": {"type": "Point", "coordinates": [14.5611281, 50.0404883]}, "properties": {"osm_id": 366528342, "osm_type": "way", "name": null, "leisure": "park", "access": "yes", "operator": null, "wikipedia": null}}, {"type": "Feature", "geometry": {"type": "Point", "coordinates": [14.3494494, 50.0813416]}, "properties": {"osm_id": 366820328, "osm_type": "way", "name": null, "leisure": "park", "access": "yes", "operator": null, "wikipedia": null}}, {"type": "Feature", "geometry": {"type": "Point", "coordinates": [14.2883221, 50.0989891]}, "properties": {"osm_id": 367258297, "osm_type": "way", "name": null, "leisure": "park", "access": "yes", "operator": null, "wikipedia": null}}, {"type": "Feature", "geometry": {"type": "Point", "coordinates": [14.4247961, 50.0136989]}, "properties": {"osm_id": 367809877, "osm_type": "way", "name": null, "leisure": "park", "access": "yes", "operator": null, "wikipedia": null}}, {"type": "Feature", "geometry": {"type": "Point", "coordinates": [14.4286543, 50.0132111]}, "properties": {"osm_id": 367809878, "osm_type": "way", "name": null, "leisure": "park", "access": "yes", "operator": null, "wikipedia": null}}, {"type": "Feature", "geometry": {"type": "Point", "coordinates": [14.2975684, 50.0672003]}, "properties": {"osm_id": 368669636, "osm_type": "way", "name": null, "leisure": "park", "access": "yes", "operator": null, "wikipedia": null}}, {"type": "Feature", "geometry": {"type": "Point", "coordinates": [14.494407, 50.110162]}, "properties": {"osm_id": 369668720, "osm_type": "way", "name": null, "leisure": "park", "access": "yes", "operator": null, "wikipedia": null}}, {"type": "Feature", "geometry": {"type": "Point", "coordinates": [14.3123986, 50.0482431]}, "properties": {"osm_id": 370020651, "osm_type": "way", "name": null, "leisure": "park", "access": "yes", "operator": null, "wikipedia": null}}, {"type": "Feature", "geometry": {"type": "Point", "coordinates": [14.6114289, 50.0858727]}, "properties": {"osm_id": 370840808, "osm_type": "way", "name": "DiscGolfPark Běchovice", "leisure": "park", "access": "yes", "operator": null, "wikipedia": null}}, {"type": "Feature", "geometry": {"type": "Point", "coordinates": [14.4973959, 50.0610534]}, "properties": {"osm_id": 373405129, "osm_type": "way", "name": null, "leisure": "park", "access": "yes", "operator": null, "wikipedia": null}}, {"type": "Feature", "geometry": {"type": "Point", "coordinates": [14.5924539, 50.1077765]}, "properties": {"osm_id": 374294505, "osm_type": "way", "name": null, "leisure": "park", "access": "yes", "operator": null, "wikipedia": null}}, {"type": "Feature", "geometry": {"type": "Point", "coordinates": [14.4440132, 50.1012785]}, "properties": {"osm_id": 376049059, "osm_type": "way", "name": null, "leisure": "park", "access": "yes", "operator": null, "wikipedia": null}}, {"type": "Feature", "geometry": {"type": "Point", "coordinates": [14.2244336, 50.0875409]}, "properties": {"osm_id": 377437457, "osm_type": "way", "name": "Gardenpark Jeneč", "leisure": "park", "access": "private", "operator": null, "wikipedia": null}}, {"type": "Feature", "geometry": {"type": "Point", "coordinates": [14.3948533, 50.0869334]}, "properties": {"osm_id": 377656148, "osm_type": "way", "name": null, "leisure": "park", "access": "yes", "operator": null, "wikipedia": null}}, {"type": "Feature", "geometry": {"type": "Point", "coordinates": [14.6017779, 50.0804117]}, "properties": {"osm_id": 378140830, "osm_type": "way", "name": null, "leisure": "park", "access": "yes", "operator": null, "wikipedia": null}}, {"type": "Feature", "geometry": {"type": "Point", "coordinates": [14.4350753, 50.0651675]}, "properties": {"osm_id": 380725079, "osm_type": "way", "name": null, "leisure": "park", "access": "yes", "operator": null, "wikipedia": null}}, {"type": "Feature", "geometry": {"type": "Point", "coordinates": [14.4198693, 50.0644657]}, "properties": {"osm_id": 380920698, "osm_type": "way", "name": "Karlachovy sady", "leisure": "park", "access": "yes", "operator": null, "wikipedia": null}}, {"type": "Feature", "geometry": {"type": "Point", "coordinates": [14.4173183, 50.0657717]}, "properties": {"osm_id": 380983151, "osm_type": "way", "name": "Štulcovy sady", "leisure": "park", "access": "yes", "operator": null, "wikipedia": null}}, {"type": "Feature", "geometry": {"type": "Point", "coordinates": [14.4349966, 50.0609147]}, "properties": {"osm_id": 386496841, "osm_type": "way", "name": null, "leisure": "park", "access": "yes", "operator": null, "wikipedia": null}}, {"type": "Feature", "geometry": {"type": "Point", "coordinates": [14.2364698, 50.0165293]}, "properties": {"osm_id": 389361081, "osm_type": "way", "name": null, "leisure": "park", "access": "yes", "operator": null, "wikipedia": null}}, {"type": "Feature", "geometry": {"type": "Point", "coordinates": [14.6758169, 50.1104387]}, "properties": {"osm_id": 393997175, "osm_type": "way", "name": null, "leisure": "park", "access": "yes", "operator": null, "wikipedia": null}}, {"type": "Feature", "geometry": {"type": "Point", "coordinates": [14.6746717, 50.1104414]}, "properties": {"osm_id": 393997177, "osm_type": "way", "name": null, "leisure": "park", "access": "yes", "operator": null, "wikipedia": null}}, {"type": "Feature", "geometry": {"type": "Point", "coordinates": [14.5876742, 50.0617469]}, "properties": {"osm_id": 412919764, "osm_type": "way", "name": null, "leisure": "park", "access": "yes", "operator": null, "wikipedia": null}}, {"type": "Feature", "geometry": {"type": "Point", "coordinates": [14.6174486, 50.08071]}, "properties": {"osm_id": 413377968, "osm_type": "way", "name": null, "leisure": "park", "access": "yes", "operator": null, "wikipedia": null}}, {"type": "Feature", "geometry": {"type": "Point", "coordinates": [14.428893, 50.0919706]}, "properties": {"osm_id": 415764378, "osm_type": "way", "name": null, "leisure": "park", "access": "yes", "operator": null, "wikipedia": null}}, {"type": "Feature", "geometry": {"type": "Point", "coordinates": [14.4069161, 50.0851219]}, "properties": {"osm_id": 430109513, "osm_type": "way", "name": "Nosticova zahrada", "leisure": "park", "access": "yes", "operator": null, "wikipedia": "cs:Nosticova zahrada"}}, {"type": "Feature", "geometry": {"type": "Point", "coordinates": [14.4101881, 50.0400583]}, "properties": {"osm_id": 430709372, "osm_type": "way", "name": "Jezerka", "leisure": "park", "access": "yes", "operator": null, "wikipedia": null}}, {"type": "Feature", "geometry": {"type": "Point", "coordinates": [14.4358473, 50.1007263]}, "properties": {"osm_id": 433237781, "osm_type": "way", "name": null, "leisure": "park", "access": "yes", "operator": null, "wikipedia": null}}, {"type": "Feature", "geometry": {"type": "Point", "coordinates": [14.3873014, 50.0970439]}, "properties": {"osm_id": 433851531, "osm_type": "way", "name": null, "leisure": "park", "access": "yes", "operator": null, "wikipedia": null}}, {"type": "Feature", "geometry": {"type": "Point", "coordinates": [14.3801663, 50.0849405]}, "properties": {"osm_id": 442423869, "osm_type": "way", "name": null, "leisure": "park", "access": "yes", "operator": null, "wikipedia": null}}, {"type": "Feature", "geometry": {"type": "Point", "coordinates": [14.6198529, 50.0141386]}, "properties": {"osm_id": 448873003, "osm_type": "way", "name": null, "leisure": "park", "access": "yes", "operator": null, "wikipedia": null}}, {"type": "Feature", "geometry": {"type": "Point", "coordinates": [14.6297047, 50.0120777]}, "properties": {"osm_id": 448873006, "osm_type": "way", "name": null, "leisure": "park", "access": "yes", "operator": "Městká Část Kolovraty", "wikipedia": null}}, {"type": "Feature", "geometry": {"type": "Point", "coordinates": [14.6269048, 50.0131454]}, "properties": {"osm_id": 448873041, "osm_type": "way", "name": null, "leisure": "park", "access": "yes", "operator": "Kolovraty", "wikipedia": null}}, {"type": "Feature", "geometry": {"type": "Point", "coordinates": [14.4463524, 49.9606858]}, "properties": {"osm_id": 450106648, "osm_type": "way", "name": null, "leisure": "park", "access": "yes", "operator": null, "wikipedia": null}}, {"type": "Feature", "geometry": {"type": "Point", "coordinates": [14.3838739, 50.0878297]}, "properties": {"osm_id": 450317715, "osm_type": "way", "name": null, "leisure": "park", "access": "yes", "operator": null, "wikipedia": null}}, {"type": "Feature", "geometry": {"type": "Point", "coordinates": [14.5784227, 50.1252286]}, "properties": {"osm_id": 450770330, "osm_type": "way", "name": null, "leisure": "park", "access": "yes", "operator": null, "wikipedia": null}}, {"type": "Feature", "geometry": {"type": "Point", "coordinates": [14.4848032, 50.0830986]}, "properties": {"osm_id": 455043914, "osm_type": "way", "name": "Park Jiřího Karena", "leisure": "park", "access": "yes", "operator": null, "wikipedia": null}}, {"type": "Feature", "geometry": {"type": "Point", "coordinates": [14.3657452, 50.0844333]}, "properties": {"osm_id": 455294187, "osm_type": "way", "name": null, "leisure": "park", "access": "yes", "operator": null, "wikipedia": null}}, {"type": "Feature", "geometry": {"type": "Point", "coordinates": [14.5741615, 50.1261679]}, "properties": {"osm_id": 456549555, "osm_type": "way", "name": null, "leisure": "park", "access": "yes", "operator": null, "wikipedia": null}}, {"type": "Feature", "geometry": {"type": "Point", "coordinates": [14.4548176, 50.0676736]}, "properties": {"osm_id": 459835770, "osm_type": "way", "name": "Dannerův park", "leisure": "park", "access": "yes", "operator": null, "wikipedia": null}}, {"type": "Feature", "geometry": {"type": "Point", "coordinates": [14.4835445, 50.0730042]}, "properties": {"osm_id": 459835778, "osm_type": "way", "name": "park Ruth Bondyové", "leisure": "park", "access": "yes", "operator": null, "wikipedia": null}}, {"type": "Feature", "geometry": {"type": "Point", "coordinates": [14.5179543, 50.1802244]}, "properties": {"osm_id": 460923075, "osm_type": "way", "name": null, "leisure": "park", "access": "yes", "operator": null, "wikipedia": null}}, {"type": "Feature", "geometry": {"type": "Point", "coordinates": [14.5171248, 50.1794275]}, "properties": {"osm_id": 460923076, "osm_type": "way", "name": null, "leisure": "park", "access": "yes", "operator": null, "wikipedia": null}}, {"type": "Feature", "geometry": {"type": "Point", "coordinates": [14.5213405, 50.1783284]}, "properties": {"osm_id": 460923077, "osm_type": "way", "name": null, "leisure": "park", "access": "yes", "operator": null, "wikipedia": null}}, {"type": "Feature", "geometry": {"type": "Point", "coordinates": [14.4616891, 50.1276929]}, "properties": {"osm_id": 461097263, "osm_type": "way", "name": null, "leisure": "park", "access": "yes", "operator": null, "wikipedia": null}}, {"type": "Feature", "geometry": {"type": "Point", "coordinates": [14.4685888, 50.124569]}, "properties": {"osm_id": 467429627, "osm_type": "way", "name": null, "leisure": "park", "access": "yes", "operator": null, "wikipedia": null}}, {"type": "Feature", "geometry": {"type": "Point", "coordinates": [14.3816189, 50.1379908]}, "properties": {"osm_id": 468396777, "osm_type": "way", "name": "Komunitní zahrada", "leisure": "park", "access": "yes", "operator": null, "wikipedia": null}}, {"type": "Feature", "geometry": {"type": "Point", "coordinates": [14.4509634, 50.1108974]}, "properties": {"osm_id": 469425496, "osm_type": "way", "name": "River Lofts Gardens", "leisure": "park", "access": "yes", "operator": null, "wikipedia": null}}, {"type": "Feature", "geometry": {"type": "Point", "coordinates": [14.4065566, 50.1154582]}, "properties": {"osm_id": 469669253, "osm_type": "way", "name": "Dětská zoo", "leisure": "park", "access": "customers", "operator": null, "wikipedia": null}}, {"type": "Feature", "geometry": {"type": "Point", "coordinates": [14.4680142, 50.1146476]}, "properties": {"osm_id": 473376663, "osm_type": "way", "name": null, "leisure": "park", "access": "yes", "operator": null, "wikipedia": null}}, {"type": "Feature", "geometry": {"type": "Point", "coordinates": [14.5048076, 50.1074513]}, "properties": {"osm_id": 474304857, "osm_type": "way", "name": "park Krále Alexandra", "leisure": "park", "access": "yes", "operator": null, "wikipedia": null}}, {"type": "Feature", "geometry": {"type": "Point", "coordinates": [14.4993359, 50.1191267]}, "properties": {"osm_id": 475011818, "osm_type": "way", "name": null, "leisure": "park", "access": "yes", "operator": null, "wikipedia": null}}, {"type": "Feature", "geometry": {"type": "Point", "coordinates": [14.4991816, 50.1190947]}, "properties": {"osm_id": 475011820, "osm_type": "way", "name": null, "leisure": "park", "access": "yes", "operator": null, "wikipedia": null}}, {"type": "Feature", "geometry": {"type": "Point", "coordinates": [14.623995, 50.0140977]}, "properties": {"osm_id": 476175182, "osm_type": "way", "name": "Pangejt", "leisure": "park", "access": "yes", "operator": null, "wikipedia": null}}, {"type": "Feature", "geometry": {"type": "Point", "coordinates": [14.4107721, 50.0905955]}, "properties": {"osm_id": 476278705, "osm_type": "way", "name": "Park na Klárově", "leisure": "park", "access": "yes", "operator": null, "wikipedia": "cs:Park na Klárově"}}, {"type": "Feature", "geometry": {"type": "Point", "coordinates": [14.4066668, 50.0946774]}, "properties": {"osm_id": 476569818, "osm_type": "way", "name": null, "leisure": "park", "access": "yes", "operator": null, "wikipedia": null}}, {"type": "Feature", "geometry": {"type": "Point", "coordinates": [14.3065635, 50.16282]}, "properties": {"osm_id": 476597357, "osm_type": "way", "name": null, "leisure": "park", "access": "yes", "operator": null, "wikipedia": null}}, {"type": "Feature", "geometry": {"type": "Point", "coordinates": [14.310193, 50.1608975]}, "properties": {"osm_id": 476605993, "osm_type": "way", "name": "Centrální Park", "leisure": "park", "access": "yes", "operator": null, "wikipedia": null}}, {"type": "Feature", "geometry": {"type": "Point", "coordinates": [14.3141434, 50.1645819]}, "properties": {"osm_id": 476613880, "osm_type": "way", "name": "Park u Bláhy", "leisure": "park", "access": "yes", "operator": null, "wikipedia": null}}, {"type": "Feature", "geometry": {"type": "Point", "coordinates": [14.3179598, 50.1604045]}, "properties": {"osm_id": 481297926, "osm_type": "way", "name": "V Lipkách", "leisure": "park", "access": "yes", "operator": null, "wikipedia": null}}, {"type": "Feature", "geometry": {"type": "Point", "coordinates": [14.4675981, 50.0852438]}, "properties": {"osm_id": 481542943, "osm_type": "way", "name": null, "leisure": "park", "access": "private", "operator": null, "wikipedia": null}}, {"type": "Feature", "geometry": {"type": "Point", "coordinates": [14.3885984, 50.0925941]}, "properties": {"osm_id": 481896006, "osm_type": "way", "name": null, "leisure": "park", "access": "yes", "operator": null, "wikipedia": null}}, {"type": "Feature", "geometry": {"type": "Point", "coordinates": [14.4268638, 50.0710517]}, "properties": {"osm_id": 481971954, "osm_type": "way", "name": null, "leisure": "park", "access": "yes", "operator": null, "wikipedia": null}}, {"type": "Feature", "geometry": {"type": "Point", "coordinates": [14.232424, 50.0583024]}, "properties": {"osm_id": 483105163, "osm_type": "way", "name": null, "leisure": "park", "access": "yes", "operator": null, "wikipedia": null}}, {"type": "Feature", "geometry": {"type": "Point", "coordinates": [14.3071907, 50.0477521]}, "properties": {"osm_id": 483415556, "osm_type": "way", "name": null, "leisure": "park", "access": "yes", "operator": null, "wikipedia": null}}, {"type": "Feature", "geometry": {"type": "Point", "coordinates": [14.5500729, 50.0462013]}, "properties": {"osm_id": 483876254, "osm_type": "way", "name": "Zahrada Pivovaru Hostivar", "leisure": "park", "access": "yes", "operator": null, "wikipedia": null}}, {"type": "Feature", "geometry": {"type": "Point", "coordinates": [14.4339114, 50.0634491]}, "properties": {"osm_id": 485816717, "osm_type": "way", "name": null, "leisure": "park", "access": "yes", "operator": null, "wikipedia": null}}, {"type": "Feature", "geometry": {"type": "Point", "coordinates": [14.4214741, 50.0573471]}, "properties": {"osm_id": 486140181, "osm_type": "way", "name": null, "leisure": "park", "access": "yes", "operator": null, "wikipedia": null}}, {"type": "Feature", "geometry": {"type": "Point", "coordinates": [14.6758431, 50.0010363]}, "properties": {"osm_id": 486638817, "osm_type": "way", "name": null, "leisure": "park", "access": "yes", "operator": null, "wikipedia": null}}, {"type": "Feature", "geometry": {"type": "Point", "coordinates": [14.4413213, 50.08476]}, "properties": {"osm_id": 489236939, "osm_type": "way", "name": null, "leisure": "park", "access": "yes", "operator": null, "wikipedia": null}}, {"type": "Feature", "geometry": {"type": "Point", "coordinates": [14.3478514, 50.0491952]}, "properties": {"osm_id": 495939978, "osm_type": "way", "name": null, "leisure": "park", "access": "yes", "operator": null, "wikipedia": null}}, {"type": "Feature", "geometry": {"type": "Point", "coordinates": [14.4068149, 50.0367276]}, "properties": {"osm_id": 496085632, "osm_type": "way", "name": null, "leisure": "park", "access": "yes", "operator": null, "wikipedia": null}}, {"type": "Feature", "geometry": {"type": "Point", "coordinates": [14.4581146, 50.0480251]}, "properties": {"osm_id": 496107160, "osm_type": "way", "name": null, "leisure": "park", "access": "yes", "operator": null, "wikipedia": null}}, {"type": "Feature", "geometry": {"type": "Point", "coordinates": [14.4176923, 50.0529684]}, "properties": {"osm_id": 499773025, "osm_type": "way", "name": null, "leisure": "park", "access": "yes", "operator": null, "wikipedia": null}}, {"type": "Feature", "geometry": {"type": "Point", "coordinates": [14.4232077, 50.0568232]}, "properties": {"osm_id": 499773041, "osm_type": "way", "name": null, "leisure": "park", "access": "yes", "operator": null, "wikipedia": null}}, {"type": "Feature", "geometry": {"type": "Point", "coordinates": [14.6269105, 50.0137657]}, "properties": {"osm_id": 500260684, "osm_type": "way", "name": "Dětské hřiště u pošty", "leisure": "park", "access": "yes", "operator": "Kolovraty", "wikipedia": null}}, {"type": "Feature", "geometry": {"type": "Point", "coordinates": [14.4146743, 50.0722139]}, "properties": {"osm_id": 506355634, "osm_type": "way", "name": "Zítkovy sady", "leisure": "park", "access": "yes", "operator": null, "wikipedia": null}}, {"type": "Feature", "geometry": {"type": "Point", "coordinates": [14.4258824, 50.0534129]}, "properties": {"osm_id": 506467302, "osm_type": "way", "name": null, "leisure": "park", "access": "yes", "operator": null, "wikipedia": null}}, {"type": "Feature", "geometry": {"type": "Point", "coordinates": [14.4642525, 50.06091]}, "properties": {"osm_id": 508910207, "osm_type": "way", "name": null, "leisure": "park", "access": "yes", "operator": null, "wikipedia": null}}, {"type": "Feature", "geometry": {"type": "Point", "coordinates": [14.4596101, 50.0949748]}, "properties": {"osm_id": 510946802, "osm_type": "way", "name": "Kaizlovy sady", "leisure": "park", "access": "yes", "operator": null, "wikipedia": "cs:Kaizlovy sady"}}, {"type": "Feature", "geometry": {"type": "Point", "coordinates": [14.4483191, 50.0666001]}, "properties": {"osm_id": 511086033, "osm_type": "way", "name": "Park Jiřího Koláře", "leisure": "park", "access": "yes", "operator": null, "wikipedia": null}}, {"type": "Feature", "geometry": {"type": "Point", "coordinates": [14.4471204, 50.0656461]}, "properties": {"osm_id": 511086034, "osm_type": "way", "name": "Park Jiřiny Haukové a Jindřicha Chalupeckého", "leisure": "park", "access": "yes", "operator": null, "wikipedia": null}}, {"type": "Feature", "geometry": {"type": "Point", "coordinates": [14.4416056, 50.0616489]}, "properties": {"osm_id": 511086039, "osm_type": "way", "name": null, "leisure": "park", "access": "yes", "operator": null, "wikipedia": null}}, {"type": "Feature", "geometry": {"type": "Point", "coordinates": [14.459283, 50.0693057]}, "properties": {"osm_id": 511487601, "osm_type": "way", "name": null, "leisure": "park", "access": "yes", "operator": null, "wikipedia": null}}, {"type": "Feature", "geometry": {"type": "Point", "coordinates": [14.4245893, 50.092792]}, "properties": {"osm_id": 512306453, "osm_type": "way", "name": "zahrada Za Svatyněmi", "leisure": "park", "access": "yes", "operator": null, "wikipedia": null}}, {"type": "Feature", "geometry": {"type": "Point", "coordinates": [14.4539059, 49.9625226]}, "properties": {"osm_id": 512829155, "osm_type": "way", "name": null, "leisure": "park", "access": "yes", "operator": null, "wikipedia": null}}, {"type": "Feature", "geometry": {"type": "Point", "coordinates": [14.3849757, 50.0839146]}, "properties": {"osm_id": 518222034, "osm_type": "way", "name": null, "leisure": "park", "access": "yes", "operator": null, "wikipedia": null}}, {"type": "Feature", "geometry": {"type": "Point", "coordinates": [14.3825426, 50.0839549]}, "properties": {"osm_id": 518222037, "osm_type": "way", "name": null, "leisure": "park", "access": "yes", "operator": null, "wikipedia": null}}, {"type": "Feature", "geometry": {"type": "Point", "coordinates": [14.3858239, 50.0839835]}, "properties": {"osm_id": 518222039, "osm_type": "way", "name": null, "leisure": "park", "access": "yes", "operator": null, "wikipedia": null}}, {"type": "Feature", "geometry": {"type": "Point", "coordinates": [14.3874745, 50.1009715]}, "properties": {"osm_id": 531178823, "osm_type": "way", "name": null, "leisure": "park", "access": "yes", "operator": null, "wikipedia": null}}, {"type": "Feature", "geometry": {"type": "Point", "coordinates": [14.387495, 50.1019207]}, "properties": {"osm_id": 531178824, "osm_type": "way", "name": "Park Jaroslava Meda", "leisure": "park", "access": "yes", "operator": null, "wikipedia": null}}, {"type": "Feature", "geometry": {"type": "Point", "coordinates": [14.3618124, 49.9816754]}, "properties": {"osm_id": 533567547, "osm_type": "way", "name": null, "leisure": "park", "access": "yes", "operator": null, "wikipedia": null}}, {"type": "Feature", "geometry": {"type": "Point", "coordinates": [14.4756974, 50.1044271]}, "properties": {"osm_id": 539684951, "osm_type": "way", "name": null, "leisure": "park", "access": "yes", "operator": null, "wikipedia": null}}, {"type": "Feature", "geometry": {"type": "Point", "coordinates": [14.4735895, 50.10406]}, "properties": {"osm_id": 539684952, "osm_type": "way", "name": null, "leisure": "park", "access": "yes", "operator": null, "wikipedia": null}}, {"type": "Feature", "geometry": {"type": "Point", "coordinates": [14.2278555, 50.0306915]}, "properties": {"osm_id": 543884420, "osm_type": "way", "name": null, "leisure": "park", "access": "yes", "operator": null, "wikipedia": null}}, {"type": "Feature", "geometry": {"type": "Point", "coordinates": [14.6517464, 50.0800726]}, "properties": {"osm_id": 543890476, "osm_type": "way", "name": null, "leisure": "park", "access": "yes", "operator": null, "wikipedia": null}}, {"type": "Feature", "geometry": {"type": "Point", "coordinates": [14.4587261, 50.0741918]}, "properties": {"osm_id": 544570420, "osm_type": "way", "name": null, "leisure": "park", "access": "yes", "operator": null, "wikipedia": null}}, {"type": "Feature", "geometry": {"type": "Point", "coordinates": [14.4569098, 50.0743123]}, "properties": {"osm_id": 544573848, "osm_type": "way", "name": null, "leisure": "park", "access": "yes", "operator": null, "wikipedia": null}}, {"type": "Feature", "geometry": {"type": "Point", "coordinates": [14.4585881, 50.0748263]}, "properties": {"osm_id": 544575309, "osm_type": "way", "name": null, "leisure": "park", "access": "yes", "operator": null, "wikipedia": null}}, {"type": "Feature", "geometry": {"type": "Point", "coordinates": [14.4586579, 50.0745831]}, "properties": {"osm_id": 544575310, "osm_type": "way", "name": null, "leisure": "park", "access": "yes", "operator": null, "wikipedia": null}}, {"type": "Feature", "geometry": {"type": "Point", "coordinates": [14.4589194, 50.074577]}, "properties": {"osm_id": 544575311, "osm_type": "way", "name": null, "leisure": "park", "access": "yes", "operator": null, "wikipedia": null}}, {"type": "Feature", "geometry": {"type": "Point", "coordinates": [14.326304, 49.9629881]}, "properties": {"osm_id": 546604594, "osm_type": "way", "name": "Sportpark Berounka", "leisure": "park", "access": "yes", "operator": null, "wikipedia": null}}, {"type": "Feature", "geometry": {"type": "Point", "coordinates": [14.4735606, 50.0728582]}, "properties": {"osm_id": 546682068, "osm_type": "way", "name": null, "leisure": "park", "access": "yes", "operator": null, "wikipedia": null}}, {"type": "Feature", "geometry": {"type": "Point", "coordinates": [14.491016, 50.1295894]}, "properties": {"osm_id": 554695134, "osm_type": "way", "name": null, "leisure": "park", "access": "yes", "operator": null, "wikipedia": null}}, {"type": "Feature", "geometry": {"type": "Point", "coordinates": [14.3936692, 50.1610867]}, "properties": {"osm_id": 556455333, "osm_type": "way", "name": "Tyršovo nám.", "leisure": "park", "access": "yes", "operator": null, "wikipedia": null}}, {"type": "Feature", "geometry": {"type": "Point", "coordinates": [14.2239996, 50.0550856]}, "properties": {"osm_id": 556825303, "osm_type": "way", "name": null, "leisure": "park", "access": "yes", "operator": null, "wikipedia": null}}, {"type": "Feature", "geometry": {"type": "Point", "coordinates": [14.4619092, 50.0881134]}, "properties": {"osm_id": 559113497, "osm_type": "way", "name": null, "leisure": "park", "access": "yes", "operator": null, "wikipedia": null}}, {"type": "Feature", "geometry": {"type": "Point", "coordinates": [14.440944, 50.0644571]}, "properties": {"osm_id": 564608073, "osm_type": "way", "name": null, "leisure": "park", "access": "yes", "operator": null, "wikipedia": null}}, {"type": "Feature", "geometry": {"type": "Point", "coordinates": [14.4617764, 50.0436476]}, "properties": {"osm_id": 567840499, "osm_type": "way", "name": null, "leisure": "park", "access": "yes", "operator": null, "wikipedia": null}}, {"type": "Feature", "geometry": {"type": "Point", "coordinates": [14.3763196, 50.1102904]}, "properties": {"osm_id": 573834070, "osm_type": "way", "name": null, "leisure": "park", "access": "yes", "operator": null, "wikipedia": null}}, {"type": "Feature", "geometry": {"type": "Point", "coordinates": [14.6523329, 50.07995]}, "properties": {"osm_id": 577478458, "osm_type": "way", "name": null, "leisure": "park", "access": "yes", "operator": null, "wikipedia": null}}, {"type": "Feature", "geometry": {"type": "Point", "coordinates": [14.6435777, 50.079113]}, "properties": {"osm_id": 577478462, "osm_type": "way", "name": null, "leisure": "park", "access": "yes", "operator": null, "wikipedia": null}}, {"type": "Feature", "geometry": {"type": "Point", "coordinates": [14.6413225, 50.0794078]}, "properties": {"osm_id": 577478464, "osm_type": "way", "name": null, "leisure": "park", "access": "yes", "operator": null, "wikipedia": null}}, {"type": "Feature", "geometry": {"type": "Point", "coordinates": [14.6170435, 50.0808607]}, "properties": {"osm_id": 577480798, "osm_type": "way", "name": null, "leisure": "park", "access": "yes", "operator": null, "wikipedia": null}}, {"type": "Feature", "geometry": {"type": "Point", "coordinates": [14.6593931, 50.0775176]}, "properties": {"osm_id": 577821401, "osm_type": "way", "name": null, "leisure": "park", "access": "yes", "operator": null, "wikipedia": null}}, {"type": "Feature", "geometry": {"type": "Point", "coordinates": [14.2321474, 50.0339696]}, "properties": {"osm_id": 584902220, "osm_type": "way", "name": "Tomáš Garrigue Masaryk", "leisure": "park", "access": "yes", "operator": null, "wikipedia": null}}, {"type": "Feature", "geometry": {"type": "Point", "coordinates": [14.4175263, 50.0720857]}, "properties": {"osm_id": 594122174, "osm_type": "way", "name": null, "leisure": "park", "access": "yes", "operator": null, "wikipedia": null}}, {"type": "Feature", "geometry": {"type": "Point", "coordinates": [14.5070529, 50.0783922]}, "properties": {"osm_id": 608124916, "osm_type": "way", "name": null, "leisure": "park", "access": "yes", "operator": null, "wikipedia": null}}, {"type": "Feature", "geometry": {"type": "Point", "coordinates": [14.2317874, 50.0173945]}, "properties": {"osm_id": 612976272, "osm_type": "way", "name": null, "leisure": "park", "access": "yes", "operator": null, "wikipedia": null}}, {"type": "Feature", "geometry": {"type": "Point", "coordinates": [14.5793322, 50.1447762]}, "properties": {"osm_id": 626756368, "osm_type": "way", "name": null, "leisure": "park", "access": "yes", "operator": null, "wikipedia": null}}, {"type": "Feature", "geometry": {"type": "Point", "coordinates": [14.5963787, 50.1119781]}, "properties": {"osm_id": 627988093, "osm_type": "way", "name": null, "leisure": "park", "access": "yes", "operator": null, "wikipedia": null}}, {"type": "Feature", "geometry": {"type": "Point", "coordinates": [14.476809, 50.1156062]}, "properties": {"osm_id": 636563887, "osm_type": "way", "name": null, "leisure": "park", "access": "yes", "operator": null, "wikipedia": null}}, {"type": "Feature", "geometry": {"type": "Point", "coordinates": [14.4842565, 50.1443271]}, "properties": {"osm_id": 642195698, "osm_type": "way", "name": null, "leisure": "park", "access": "yes", "operator": null, "wikipedia": null}}, {"type": "Feature", "geometry": {"type": "Point", "coordinates": [14.2212725, 50.0564536]}, "properties": {"osm_id": 643760640, "osm_type": "way", "name": "Opatovka", "leisure": "park", "access": "yes", "operator": null, "wikipedia": null}}, {"type": "Feature", "geometry": {"type": "Point", "coordinates": [14.395824, 50.0953178]}, "properties": {"osm_id": 648559720, "osm_type": "way", "name": "Morávkův park", "leisure": "park", "access": "yes", "operator": null, "wikipedia": null}}, {"type": "Feature", "geometry": {"type": "Point", "coordinates": [14.541919, 50.1562002]}, "properties": {"osm_id": 651790104, "osm_type": "way", "name": null, "leisure": "park", "access": "yes", "operator": null, "wikipedia": null}}, {"type": "Feature", "geometry": {"type": "Point", "coordinates": [14.4833668, 50.1447523]}, "properties": {"osm_id": 652970071, "osm_type": "way", "name": null, "leisure": "park", "access": "yes", "operator": null, "wikipedia": null}}, {"type": "Feature", "geometry": {"type": "Point", "coordinates": [14.57167, 50.106754]}, "properties": {"osm_id": 653983024, "osm_type": "way", "name": null, "leisure": "park", "access": "yes", "operator": null, "wikipedia": null}}, {"type": "Feature", "geometry": {"type": "Point", "coordinates": [14.2197486, 50.0291275]}, "properties": {"osm_id": 654219347, "osm_type": "way", "name": "Husův dům", "leisure": "park", "access": "yes", "operator": null, "wikipedia": null}}, {"type": "Feature", "geometry": {"type": "Point", "coordinates": [14.2290026, 50.0341414]}, "properties": {"osm_id": 654219348, "osm_type": "way", "name": null, "leisure": "park", "access": "yes", "operator": null, "wikipedia": null}}, {"type": "Feature", "geometry": {"type": "Point", "coordinates": [14.2232528, 50.0317072]}, "properties": {"osm_id": 654219839, "osm_type": "way", "name": "Lidl hřište", "leisure": "park", "access": "yes", "operator": null, "wikipedia": null}}, {"type": "Feature", "geometry": {"type": "Point", "coordinates": [14.4544233, 50.1154794]}, "properties": {"osm_id": 659050747, "osm_type": "way", "name": "Lesopark Bílá skála", "leisure": "park", "access": "yes", "operator": null, "wikipedia": null}}, {"type": "Feature", "geometry": {"type": "Point", "coordinates": [14.5719746, 50.1066503]}, "properties": {"osm_id": 663469229, "osm_type": "way", "name": null, "leisure": "park", "access": "yes", "operator": null, "wikipedia": null}}, {"type": "Feature", "geometry": {"type": "Point", "coordinates": [14.4552438, 50.1253747]}, "properties": {"osm_id": 664392562, "osm_type": "way", "name": null, "leisure": "park", "access": "yes", "operator": null, "wikipedia": null}}, {"type": "Feature", "geometry": {"type": "Point", "coordinates": [14.4879513, 50.0291984]}, "properties": {"osm_id": 671568280, "osm_type": "way", "name": null, "leisure": "park", "access": "yes", "operator": null, "wikipedia": null}}, {"type": "Feature", "geometry": {"type": "Point", "coordinates": [14.4883384, 50.0284435]}, "properties": {"osm_id": 671576932, "osm_type": "way", "name": null, "leisure": "park", "access": "yes", "operator": null, "wikipedia": null}}, {"type": "Feature", "geometry": {"type": "Point", "coordinates": [14.4879734, 50.0284484]}, "properties": {"osm_id": 671576933, "osm_type": "way", "name": null, "leisure": "park", "access": "yes", "operator": null, "wikipedia": null}}, {"type": "Feature", "geometry": {"type": "Point", "coordinates": [14.4908422, 50.0252672]}, "properties": {"osm_id": 675504056, "osm_type": "way", "name": null, "leisure": "park", "access": "yes", "operator": null, "wikipedia": null}}, {"type": "Feature", "geometry": {"type": "Point", "coordinates": [14.4913686, 50.0258232]}, "properties": {"osm_id": 675504057, "osm_type": "way", "name": null, "leisure": "park", "access": "yes", "operator": null, "wikipedia": null}}, {"type": "Feature", "geometry": {"type": "Point", "coordinates": [14.6570713, 49.9919139]}, "properties": {"osm_id": 678393950, "osm_type": "way", "name": null, "leisure": "park", "access": "yes", "operator": null, "wikipedia": null}}, {"type": "Feature", "geometry": {"type": "Point", "coordinates": [14.462132, 50.1145516]}, "properties": {"osm_id": 679753963, "osm_type": "way", "name": null, "leisure": "park", "access": "yes", "operator": null, "wikipedia": null}}, {"type": "Feature", "geometry": {"type": "Point", "coordinates": [14.4683525, 50.1141096]}, "properties": {"osm_id": 679799037, "osm_type": "way", "name": null, "leisure": "park", "access": "yes", "operator": null, "wikipedia": null}}, {"type": "Feature", "geometry": {"type": "Point", "coordinates": [14.6114635, 50.1522404]}, "properties": {"osm_id": 681058731, "osm_type": "way", "name": null, "leisure": "park", "access": "yes", "operator": null, "wikipedia": null}}, {"type": "Feature", "geometry": {"type": "Point", "coordinates": [14.5946622, 50.0297944]}, "properties": {"osm_id": 683244020, "osm_type": "way", "name": null, "leisure": "park", "access": "yes", "operator": null, "wikipedia": null}}, {"type": "Feature", "geometry": {"type": "Point", "coordinates": [14.3736906, 50.0967521]}, "properties": {"osm_id": 683599878, "osm_type": "way", "name": null, "leisure": "park", "access": "yes", "operator": null, "wikipedia": null}}, {"type": "Feature", "geometry": {"type": "Point", "coordinates": [14.4835261, 50.0127408]}, "properties": {"osm_id": 683755163, "osm_type": "way", "name": null, "leisure": "park", "access": "yes", "operator": null, "wikipedia": null}}, {"type": "Feature", "geometry": {"type": "Point", "coordinates": [14.4903514, 50.0328116]}, "properties": {"osm_id": 691964662, "osm_type": "way", "name": null, "leisure": "park", "access": "yes", "operator": null, "wikipedia": null}}, {"type": "Feature", "geometry": {"type": "Point", "coordinates": [14.5611053, 50.1057896]}, "properties": {"osm_id": 693683987, "osm_type": "way", "name": null, "leisure": "park", "access": "yes", "operator": null, "wikipedia": null}}, {"type": "Feature", "geometry": {"type": "Point", "coordinates": [14.5637109, 50.1042405]}, "properties": {"osm_id": 693684710, "osm_type": "way", "name": null, "leisure": "park", "access": "yes", "operator": null, "wikipedia": null}}, {"type": "Feature", "geometry": {"type": "Point", "coordinates": [14.4914087, 50.0678592]}, "properties": {"osm_id": 698608106, "osm_type": "way", "name": null, "leisure": "park", "access": "yes", "operator": null, "wikipedia": null}}, {"type": "Feature", "geometry": {"type": "Point", "coordinates": [14.4156733, 50.0720426]}, "properties": {"osm_id": 699880890, "osm_type": "way", "name": null, "leisure": "park", "access": "yes", "operator": null, "wikipedia": null}}, {"type": "Feature", "geometry": {"type": "Point", "coordinates": [14.4156249, 50.0724662]}, "properties": {"osm_id": 699880891, "osm_type": "way", "name": null, "leisure": "park", "access": "yes", "operator": null, "wikipedia": null}}, {"type": "Feature", "geometry": {"type": "Point", "coordinates": [14.657069, 49.9917614]}, "properties": {"osm_id": 717051781, "osm_type": "way", "name": null, "leisure": "park", "access": "yes", "operator": null, "wikipedia": null}}, {"type": "Feature", "geometry": {"type": "Point", "coordinates": [14.6587343, 49.9726335]}, "properties": {"osm_id": 721088778, "osm_type": "way", "name": null, "leisure": "park", "access": "yes", "operator": null, "wikipedia": null}}, {"type": "Feature", "geometry": {"type": "Point", "coordinates": [14.5785637, 50.0614973]}, "properties": {"osm_id": 740853119, "osm_type": "way", "name": null, "leisure": "park", "access": "yes", "operator": null, "wikipedia": null}}, {"type": "Feature", "geometry": {"type": "Point", "coordinates": [14.4211166, 50.0779819]}, "properties": {"osm_id": 755202631, "osm_type": "way", "name": null, "leisure": "park", "access": "yes", "operator": null, "wikipedia": null}}, {"type": "Feature", "geometry": {"type": "Point", "coordinates": [14.4584469, 50.1042999]}, "properties": {"osm_id": 756232487, "osm_type": "way", "name": null, "leisure": "park", "access": "yes", "operator": null, "wikipedia": null}}, {"type": "Feature", "geometry": {"type": "Point", "coordinates": [14.4640771, 50.1169879]}, "properties": {"osm_id": 756877733, "osm_type": "way", "name": null, "leisure": "park", "access": "yes", "operator": null, "wikipedia": null}}, {"type": "Feature", "geometry": {"type": "Point", "coordinates": [14.333421, 50.0767107]}, "properties": {"osm_id": 760047536, "osm_type": "way", "name": null, "leisure": "park", "access": "yes", "operator": null, "wikipedia": null}}, {"type": "Feature", "geometry": {"type": "Point", "coordinates": [14.4589613, 50.096125]}, "properties": {"osm_id": 770757206, "osm_type": "way", "name": null, "leisure": "park", "access": "yes", "operator": null, "wikipedia": null}}, {"type": "Feature", "geometry": {"type": "Point", "coordinates": [14.4684826, 50.0572385]}, "properties": {"osm_id": 783721258, "osm_type": "way", "name": null, "leisure": "park", "access": "yes", "operator": null, "wikipedia": null}}, {"type": "Feature", "geometry": {"type": "Point", "coordinates": [14.4671361, 50.0571532]}, "properties": {"osm_id": 783721261, "osm_type": "way", "name": null, "leisure": "park", "access": "yes", "operator": null, "wikipedia": null}}, {"type": "Feature", "geometry": {"type": "Point", "coordinates": [14.5330091, 50.1073564]}, "properties": {"osm_id": 785468982, "osm_type": "way", "name": null, "leisure": "park", "access": "yes", "operator": null, "wikipedia": null}}, {"type": "Feature", "geometry": {"type": "Point", "coordinates": [14.44958, 50.1121974]}, "properties": {"osm_id": 789810775, "osm_type": "way", "name": "U Vody", "leisure": "park", "access": "yes", "operator": null, "wikipedia": null}}, {"type": "Feature", "geometry": {"type": "Point", "coordinates": [14.5999693, 49.9566204]}, "properties": {"osm_id": 792601922, "osm_type": "way", "name": null, "leisure": "park", "access": "yes", "operator": null, "wikipedia": null}}, {"type": "Feature", "geometry": {"type": "Point", "coordinates": [14.5979214, 49.9611333]}, "properties": {"osm_id": 792601931, "osm_type": "way", "name": null, "leisure": "park", "access": "yes", "operator": null, "wikipedia": null}}, {"type": "Feature", "geometry": {"type": "Point", "coordinates": [14.5986854, 49.9600625]}, "properties": {"osm_id": 792601934, "osm_type": "way", "name": null, "leisure": "park", "access": "yes", "operator": null, "wikipedia": null}}, {"type": "Feature", "geometry": {"type": "Point", "coordinates": [14.4251647, 50.0738739]}, "properties": {"osm_id": 796860161, "osm_type": "way", "name": null, "leisure": "park", "access": "yes", "operator": null, "wikipedia": null}}, {"type": "Feature", "geometry": {"type": "Point", "coordinates": [14.500761, 50.0865268]}, "properties": {"osm_id": 799240601, "osm_type": "way", "name": null, "leisure": "park", "access": "yes", "operator": null, "wikipedia": null}}, {"type": "Feature", "geometry": {"type": "Point", "coordinates": [14.3129604, 50.0320715]}, "properties": {"osm_id": 802308117, "osm_type": "way", "name": null, "leisure": "park", "access": "yes", "operator": null, "wikipedia": null}}, {"type": "Feature", "geometry": {"type": "Point", "coordinates": [14.3070624, 50.046827]}, "properties": {"osm_id": 809183366, "osm_type": "way", "name": null, "leisure": "park", "access": "yes", "operator": null, "wikipedia": null}}, {"type": "Feature", "geometry": {"type": "Point", "coordinates": [14.4915963, 50.0464087]}, "properties": {"osm_id": 810853376, "osm_type": "way", "name": null, "leisure": "park", "access": "yes", "operator": null, "wikipedia": null}}, {"type": "Feature", "geometry": {"type": "Point", "coordinates": [14.5139036, 50.0655543]}, "properties": {"osm_id": 817317390, "osm_type": "way", "name": null, "leisure": "park", "access": "yes", "operator": null, "wikipedia": null}}, {"type": "Feature", "geometry": {"type": "Point", "coordinates": [14.4205904, 50.073016]}, "properties": {"osm_id": 821107069, "osm_type": "way", "name": null, "leisure": "park", "access": "yes", "operator": null, "wikipedia": null}}, {"type": "Feature", "geometry": {"type": "Point", "coordinates": [14.47918, 50.0714943]}, "properties": {"osm_id": 824589125, "osm_type": "way", "name": null, "leisure": "park", "access": "yes", "operator": null, "wikipedia": null}}, {"type": "Feature", "geometry": {"type": "Point", "coordinates": [14.4964467, 50.0730318]}, "properties": {"osm_id": 825144283, "osm_type": "way", "name": null, "leisure": "park", "access": "yes", "operator": null, "wikipedia": null}}, {"type": "Feature", "geometry": {"type": "Point", "coordinates": [14.4360723, 50.0748575]}, "properties": {"osm_id": 825356421, "osm_type": "way", "name": null, "leisure": "park", "access": "yes", "operator": null, "wikipedia": null}}, {"type": "Feature", "geometry": {"type": "Point", "coordinates": [14.4776549, 50.0913533]}, "properties": {"osm_id": 845016890, "osm_type": "way", "name": "Ve vnitrobloku", "leisure": "park", "access": "yes", "operator": null, "wikipedia": null}}, {"type": "Feature", "geometry": {"type": "Point", "coordinates": [14.5099328, 50.069636]}, "properties": {"osm_id": 846916215, "osm_type": "way", "name": null, "leisure": "park", "access": "yes", "operator": null, "wikipedia": null}}, {"type": "Feature", "geometry": {"type": "Point", "coordinates": [14.4126573, 50.1761935]}, "properties": {"osm_id": 851522480, "osm_type": "way", "name": null, "leisure": "park", "access": "yes", "operator": null, "wikipedia": null}}, {"type": "Feature", "geometry": {"type": "Point", "coordinates": [14.5039429, 50.0676635]}, "properties": {"osm_id": 853424438, "osm_type": "way", "name": null, "leisure": "park", "access": "yes", "operator": null, "wikipedia": null}}, {"type": "Feature", "geometry": {"type": "Point", "coordinates": [14.395997, 50.0637937]}, "properties": {"osm_id": 853705854, "osm_type": "way", "name": null, "leisure": "park", "access": "yes", "operator": null, "wikipedia": null}}, {"type": "Feature", "geometry": {"type": "Point", "coordinates": [14.4938482, 49.9856235]}, "properties": {"osm_id": 854776484, "osm_type": "way", "name": null, "leisure": "park", "access": "yes", "operator": null, "wikipedia": null}}, {"type": "Feature", "geometry": {"type": "Point", "coordinates": [14.4938715, 49.9853982]}, "properties": {"osm_id": 854776522, "osm_type": "way", "name": null, "leisure": "park", "access": "private", "operator": null, "wikipedia": null}}, {"type": "Feature", "geometry": {"type": "Point", "coordinates": [14.4981022, 49.9835388]}, "properties": {"osm_id": 858895277, "osm_type": "way", "name": null, "leisure": "park", "access": "yes", "operator": null, "wikipedia": null}}, {"type": "Feature", "geometry": {"type": "Point", "coordinates": [14.5007485, 49.9803988]}, "properties": {"osm_id": 858952573, "osm_type": "way", "name": null, "leisure": "park", "access": "yes", "operator": null, "wikipedia": null}}, {"type": "Feature", "geometry": {"type": "Point", "coordinates": [14.4981521, 49.9816751]}, "properties": {"osm_id": 859199874, "osm_type": "way", "name": null, "leisure": "park", "access": "yes", "operator": null, "wikipedia": null}}, {"type": "Feature", "geometry": {"type": "Point", "coordinates": [14.5006149, 49.9799385]}, "properties": {"osm_id": 859283761, "osm_type": "way", "name": null, "leisure": "park", "access": "yes", "operator": null, "wikipedia": null}}, {"type": "Feature", "geometry": {"type": "Point", "coordinates": [14.500331, 49.9808769]}, "properties": {"osm_id": 859283764, "osm_type": "way", "name": null, "leisure": "park", "access": "yes", "operator": null, "wikipedia": null}}, {"type": "Feature", "geometry": {"type": "Point", "coordinates": [14.4978679, 49.9814538]}, "properties": {"osm_id": 859283765, "osm_type": "way", "name": null, "leisure": "park", "access": "yes", "operator": null, "wikipedia": null}}, {"type": "Feature", "geometry": {"type": "Point", "coordinates": [14.5042489, 49.9805614]}, "properties": {"osm_id": 861041235, "osm_type": "way", "name": null, "leisure": "park", "access": "yes", "operator": null, "wikipedia": null}}, {"type": "Feature", "geometry": {"type": "Point", "coordinates": [14.5052376, 49.9806713]}, "properties": {"osm_id": 861041239, "osm_type": "way", "name": null, "leisure": "park", "access": "yes", "operator": null, "wikipedia": null}}, {"type": "Feature", "geometry": {"type": "Point", "coordinates": [14.5056907, 49.9806836]}, "properties": {"osm_id": 861041240, "osm_type": "way", "name": null, "leisure": "park", "access": "yes", "operator": null, "wikipedia": null}}, {"type": "Feature", "geometry": {"type": "Point", "coordinates": [14.5075011, 49.9809813]}, "properties": {"osm_id": 861041245, "osm_type": "way", "name": null, "leisure": "park", "access": "yes", "operator": null, "wikipedia": null}}, {"type": "Feature", "geometry": {"type": "Point", "coordinates": [14.5062968, 49.9810527]}, "properties": {"osm_id": 861041312, "osm_type": "way", "name": null, "leisure": "park", "access": "yes", "operator": null, "wikipedia": null}}, {"type": "Feature", "geometry": {"type": "Point", "coordinates": [14.5065139, 49.9836776]}, "properties": {"osm_id": 861041342, "osm_type": "way", "name": null, "leisure": "park", "access": "yes", "operator": null, "wikipedia": null}}, {"type": "Feature", "geometry": {"type": "Point", "coordinates": [14.5064455, 49.9837719]}, "properties": {"osm_id": 861041343, "osm_type": "way", "name": null, "leisure": "park", "access": "yes", "operator": null, "wikipedia": null}}, {"type": "Feature", "geometry": {"type": "Point", "coordinates": [14.5065151, 49.9837926]}, "properties": {"osm_id": 861041344, "osm_type": "way", "name": null, "leisure": "park", "access": "yes", "operator": null, "wikipedia": null}}, {"type": "Feature", "geometry": {"type": "Point", "coordinates": [14.5080048, 49.984471]}, "properties": {"osm_id": 861080882, "osm_type": "way", "name": null, "leisure": "park", "access": "yes", "operator": null, "wikipedia": null}}, {"type": "Feature", "geometry": {"type": "Point", "coordinates": [14.5075983, 49.9851303]}, "properties": {"osm_id": 861080883, "osm_type": "way", "name": null, "leisure": "park", "access": "yes", "operator": null, "wikipedia": null}}, {"type": "Feature", "geometry": {"type": "Point", "coordinates": [14.5090147, 49.9839282]}, "properties": {"osm_id": 861096900, "osm_type": "way", "name": null, "leisure": "park", "access": "yes", "operator": null, "wikipedia": null}}, {"type": "Feature", "geometry": {"type": "Point", "coordinates": [14.5096321, 49.9838185]}, "properties": {"osm_id": 861096920, "osm_type": "way", "name": null, "leisure": "park", "access": "yes", "operator": null, "wikipedia": null}}, {"type": "Feature", "geometry": {"type": "Point", "coordinates": [14.4270255, 50.1388063]}, "properties": {"osm_id": 863324815, "osm_type": "way", "name": "Čámovka", "leisure": "park", "access": "yes", "operator": null, "wikipedia": null}}, {"type": "Feature", "geometry": {"type": "Point", "coordinates": [14.5165973, 49.9930286]}, "properties": {"osm_id": 863532104, "osm_type": "way", "name": null, "leisure": "park", "access": "yes", "operator": null, "wikipedia": null}}, {"type": "Feature", "geometry": {"type": "Point", "coordinates": [14.5138333, 49.9933721]}, "properties": {"osm_id": 863552437, "osm_type": "way", "name": null, "leisure": "park", "access": "yes", "operator": null, "wikipedia": null}}, {"type": "Feature", "geometry": {"type": "Point", "coordinates": [14.4909294, 49.9834891]}, "properties": {"osm_id": 864736609, "osm_type": "way", "name": null, "leisure": "park", "access": "yes", "operator": null, "wikipedia": null}}, {"type": "Feature", "geometry": {"type": "Point", "coordinates": [14.4908169, 49.9834472]}, "properties": {"osm_id": 864736610, "osm_type": "way", "name": null, "leisure": "park", "access": "yes", "operator": null, "wikipedia": null}}, {"type": "Feature", "geometry": {"type": "Point", "coordinates": [14.4908233, 49.9835438]}, "properties": {"osm_id": 864736611, "osm_type": "way", "name": null, "leisure": "park", "access": "yes", "operator": null, "wikipedia": null}}, {"type": "Feature", "geometry": {"type": "Point", "coordinates": [14.4910699, 49.9823453]}, "properties": {"osm_id": 864736629, "osm_type": "way", "name": null, "leisure": "park", "access": "yes", "operator": null, "wikipedia": null}}, {"type": "Feature", "geometry": {"type": "Point", "coordinates": [14.4910067, 49.9831128]}, "properties": {"osm_id": 864736634, "osm_type": "way", "name": null, "leisure": "park", "access": "yes", "operator": null, "wikipedia": null}}, {"type": "Feature", "geometry": {"type": "Point", "coordinates": [14.4923168, 49.9835561]}, "properties": {"osm_id": 864736647, "osm_type": "way", "name": null, "leisure": "park", "access": "yes", "operator": null, "wikipedia": null}}, {"type": "Feature", "geometry": {"type": "Point", "coordinates": [14.4941181, 49.9843277]}, "properties": {"osm_id": 864736656, "osm_type": "way", "name": null, "leisure": "park", "access": "yes", "operator": null, "wikipedia": null}}, {"type": "Feature", "geometry": {"type": "Point", "coordinates": [14.4941573, 49.9842076]}, "properties": {"osm_id": 864736659, "osm_type": "way", "name": null, "leisure": "park", "access": "yes", "operator": null, "wikipedia": null}}, {"type": "Feature", "geometry": {"type": "Point", "coordinates": [14.4936408, 49.9836632]}, "properties": {"osm_id": 864736660, "osm_type": "way", "name": null, "leisure": "park", "access": "yes", "operator": null, "wikipedia": null}}, {"type": "Feature", "geometry": {"type": "Point", "coordinates": [14.4930554, 49.9841448]}, "properties": {"osm_id": 864736664, "osm_type": "way", "name": null, "leisure": "park", "access": "yes", "operator": null, "wikipedia": null}}, {"type": "Feature", "geometry": {"type": "Point", "coordinates": [14.4934088, 49.9840875]}, "properties": {"osm_id": 864736666, "osm_type": "way", "name": null, "leisure": "park", "access": "yes", "operator": null, "wikipedia": null}}, {"type": "Feature", "geometry": {"type": "Point", "coordinates": [14.4938715, 49.9853982]}, "properties": {"osm_id": 864750314, "osm_type": "way", "name": null, "leisure": "park", "access": "yes", "operator": null, "wikipedia": null}}, {"type": "Feature", "geometry": {"type": "Point", "coordinates": [14.4943267, 49.984939]}, "properties": {"osm_id": 864750315, "osm_type": "way", "name": null, "leisure": "park", "access": "yes", "operator": null, "wikipedia": null}}, {"type": "Feature", "geometry": {"type": "Point", "coordinates": [14.4888636, 49.989525]}, "properties": {"osm_id": 864763280, "osm_type": "way", "name": null, "leisure": "park", "access": "yes", "operator": null, "wikipedia": null}}, {"type": "Feature", "geometry": {"type": "Point", "coordinates": [14.4889621, 49.9897328]}, "properties": {"osm_id": 864763281, "osm_type": "way", "name": null, "leisure": "park", "access": "yes", "operator": null, "wikipedia": null}}, {"type": "Feature", "geometry": {"type": "Point", "coordinates": [14.4890607, 49.9898672]}, "properties": {"osm_id": 864763282, "osm_type": "way", "name": null, "leisure": "park", "access": "yes", "operator": null, "wikipedia": null}}, {"type": "Feature", "geometry": {"type": "Point", "coordinates": [14.489506, 49.9902771]}, "properties": {"osm_id": 864763283, "osm_type": "way", "name": null, "leisure": "park", "access": "yes", "operator": null, "wikipedia": null}}, {"type": "Feature", "geometry": {"type": "Point", "coordinates": [14.4965623, 49.9858052]}, "properties": {"osm_id": 865106645, "osm_type": "way", "name": null, "leisure": "park", "access": "yes", "operator": null, "wikipedia": null}}, {"type": "Feature", "geometry": {"type": "Point", "coordinates": [14.4953116, 49.9857014]}, "properties": {"osm_id": 865106661, "osm_type": "way", "name": null, "leisure": "park", "access": "yes", "operator": null, "wikipedia": null}}, {"type": "Feature", "geometry": {"type": "Point", "coordinates": [14.4948198, 49.9848934]}, "properties": {"osm_id": 865106670, "osm_type": "way", "name": null, "leisure": "park", "access": "yes", "operator": null, "wikipedia": null}}, {"type": "Feature", "geometry": {"type": "Point", "coordinates": [14.5052534, 49.9796978]}, "properties": {"osm_id": 868393954, "osm_type": "way", "name": null, "leisure": "park", "access": "yes", "operator": null, "wikipedia": null}}, {"type": "Feature", "geometry": {"type": "Point", "coordinates": [14.5025792, 49.9778677]}, "properties": {"osm_id": 870549360, "osm_type": "way", "name": null, "leisure": "park", "access": "yes", "operator": null, "wikipedia": null}}, {"type": "Feature", "geometry": {"type": "Point", "coordinates": [14.5031798, 49.9780073]}, "properties": {"osm_id": 870549361, "osm_type": "way", "name": null, "leisure": "park", "access": "yes", "operator": null, "wikipedia": null}}, {"type": "Feature", "geometry": {"type": "Point", "coordinates": [14.503848, 49.9803822]}, "properties": {"osm_id": 870549472, "osm_type": "way", "name": null, "leisure": "park", "access": "yes", "operator": null, "wikipedia": null}}, {"type": "Feature", "geometry": {"type": "Point", "coordinates": [14.5041505, 49.9804161]}, "properties": {"osm_id": 870549473, "osm_type": "way", "name": null, "leisure": "park", "access": "yes", "operator": null, "wikipedia": null}}, {"type": "Feature", "geometry": {"type": "Point", "coordinates": [14.5046019, 49.9804527]}, "properties": {"osm_id": 870549474, "osm_type": "way", "name": null, "leisure": "park", "access": "yes", "operator": null, "wikipedia": null}}, {"type": "Feature", "geometry": {"type": "Point", "coordinates": [14.5053525, 49.9805009]}, "properties": {"osm_id": 870549476, "osm_type": "way", "name": null, "leisure": "park", "access": "yes", "operator": null, "wikipedia": null}}, {"type": "Feature", "geometry": {"type": "Point", "coordinates": [14.5057846, 49.980507]}, "properties": {"osm_id": 870549477, "osm_type": "way", "name": null, "leisure": "park", "access": "yes", "operator": null, "wikipedia": null}}, {"type": "Feature", "geometry": {"type": "Point", "coordinates": [14.5059691, 49.9805428]}, "properties": {"osm_id": 870549478, "osm_type": "way", "name": null, "leisure": "park", "access": "yes", "operator": null, "wikipedia": null}}, {"type": "Feature", "geometry": {"type": "Point", "coordinates": [14.5065278, 49.9805973]}, "properties": {"osm_id": 870549479, "osm_type": "way", "name": null, "leisure": "park", "access": "yes", "operator": null, "wikipedia": null}}, {"type": "Feature", "geometry": {"type": "Point", "coordinates": [14.5071558, 49.9806756]}, "properties": {"osm_id": 870549480, "osm_type": "way", "name": null, "leisure": "park", "access": "yes", "operator": null, "wikipedia": null}}, {"type": "Feature", "geometry": {"type": "Point", "coordinates": [14.497387, 49.9839122]}, "properties": {"osm_id": 870721760, "osm_type": "way", "name": null, "leisure": "park", "access": "yes", "operator": null, "wikipedia": null}}, {"type": "Feature", "geometry": {"type": "Point", "coordinates": [14.4972585, 49.984082]}, "properties": {"osm_id": 870721761, "osm_type": "way", "name": null, "leisure": "park", "access": "yes", "operator": null, "wikipedia": null}}, {"type": "Feature", "geometry": {"type": "Point", "coordinates": [14.4971155, 49.9842728]}, "properties": {"osm_id": 870721762, "osm_type": "way", "name": null, "leisure": "park", "access": "yes", "operator": null, "wikipedia": null}}, {"type": "Feature", "geometry": {"type": "Point", "coordinates": [14.4970196, 49.9843969]}, "properties": {"osm_id": 870721763, "osm_type": "way", "name": null, "leisure": "park", "access": "yes", "operator": null, "wikipedia": null}}, {"type": "Feature", "geometry": {"type": "Point", "coordinates": [14.4969537, 49.9845126]}, "properties": {"osm_id": 870721764, "osm_type": "way", "name": null, "leisure": "park", "access": "yes", "operator": null, "wikipedia": null}}, {"type": "Feature", "geometry": {"type": "Point", "coordinates": [14.4967543, 49.9847443]}, "properties": {"osm_id": 870721767, "osm_type": "way", "name": null, "leisure": "park", "access": "yes", "operator": null, "wikipedia": null}}, {"type": "Feature", "geometry": {"type": "Point", "coordinates": [14.4966916, 49.9848745]}, "properties": {"osm_id": 870721768, "osm_type": "way", "name": null, "leisure": "park", "access": "yes", "operator": null, "wikipedia": null}}, {"type": "Feature", "geometry": {"type": "Point", "coordinates": [14.4971604, 49.9830128]}, "properties": {"osm_id": 870721791, "osm_type": "way", "name": null, "leisure": "park", "access": "yes", "operator": null, "wikipedia": null}}, {"type": "Feature", "geometry": {"type": "Point", "coordinates": [14.4973349, 49.9835657]}, "properties": {"osm_id": 870721796, "osm_type": "way", "name": null, "leisure": "park", "access": "yes", "operator": null, "wikipedia": null}}, {"type": "Feature", "geometry": {"type": "Point", "coordinates": [14.4982206, 49.9839041]}, "properties": {"osm_id": 870721797, "osm_type": "way", "name": null, "leisure": "park", "access": "yes", "operator": null, "wikipedia": null}}, {"type": "Feature", "geometry": {"type": "Point", "coordinates": [14.4980837, 49.9841007]}, "properties": {"osm_id": 870721798, "osm_type": "way", "name": null, "leisure": "park", "access": "yes", "operator": null, "wikipedia": null}}, {"type": "Feature", "geometry": {"type": "Point", "coordinates": [14.4979423, 49.9842986]}, "properties": {"osm_id": 870721799, "osm_type": "way", "name": null, "leisure": "park", "access": "yes", "operator": null, "wikipedia": null}}, {"type": "Feature", "geometry": {"type": "Point", "coordinates": [14.4978209, 49.9844689]}, "properties": {"osm_id": 870721800, "osm_type": "way", "name": null, "leisure": "park", "access": "yes", "operator": null, "wikipedia": null}}, {"type": "Feature", "geometry": {"type": "Point", "coordinates": [14.4976166, 49.98472]}, "properties": {"osm_id": 870721803, "osm_type": "way", "name": null, "leisure": "park", "access": "yes", "operator": null, "wikipedia": null}}, {"type": "Feature", "geometry": {"type": "Point", "coordinates": [14.4975726, 49.9847944]}, "properties": {"osm_id": 870721804, "osm_type": "way", "name": null, "leisure": "park", "access": "yes", "operator": null, "wikipedia": null}}, {"type": "Feature", "geometry": {"type": "Point", "coordinates": [14.4974754, 49.9849579]}, "properties": {"osm_id": 870721806, "osm_type": "way", "name": null, "leisure": "park", "access": "yes", "operator": null, "wikipedia": null}}, {"type": "Feature", "geometry": {"type": "Point", "coordinates": [14.4973745, 49.985098]}, "properties": {"osm_id": 870721807, "osm_type": "way", "name": null, "leisure": "park", "access": "yes", "operator": null, "wikipedia": null}}, {"type": "Feature", "geometry": {"type": "Point", "coordinates": [14.4969079, 49.9857159]}, "properties": {"osm_id": 870721808, "osm_type": "way", "name": null, "leisure": "park", "access": "yes", "operator": null, "wikipedia": null}}, {"type": "Feature", "geometry": {"type": "Point", "coordinates": [14.4971895, 49.9857364]}, "properties": {"osm_id": 870721809, "osm_type": "way", "name": null, "leisure": "park", "access": "yes", "operator": null, "wikipedia": null}}, {"type": "Feature", "geometry": {"type": "Point", "coordinates": [14.5008711, 49.9772711]}, "properties": {"osm_id": 870774411, "osm_type": "way", "name": null, "leisure": "park", "access": "yes", "operator": null, "wikipedia": null}}, {"type": "Feature", "geometry": {"type": "Point", "coordinates": [14.5117038, 49.9779848]}, "properties": {"osm_id": 870774551, "osm_type": "way", "name": null, "leisure": "park", "access": "yes", "operator": null, "wikipedia": null}}, {"type": "Feature", "geometry": {"type": "Point", "coordinates": [14.5075819, 49.9807186]}, "properties": {"osm_id": 870880019, "osm_type": "way", "name": null, "leisure": "park", "access": "yes", "operator": null, "wikipedia": null}}, {"type": "Feature", "geometry": {"type": "Point", "coordinates": [14.5079108, 49.9807701]}, "properties": {"osm_id": 870880020, "osm_type": "way", "name": null, "leisure": "park", "access": "yes", "operator": null, "wikipedia": null}}, {"type": "Feature", "geometry": {"type": "Point", "coordinates": [14.5081527, 49.980799]}, "properties": {"osm_id": 870880021, "osm_type": "way", "name": null, "leisure": "park", "access": "yes", "operator": null, "wikipedia": null}}, {"type": "Feature", "geometry": {"type": "Point", "coordinates": [14.5084136, 49.9808425]}, "properties": {"osm_id": 870880022, "osm_type": "way", "name": null, "leisure": "park", "access": "yes", "operator": null, "wikipedia": null}}, {"type": "Feature", "geometry": {"type": "Point", "coordinates": [14.5087953, 49.9809381]}, "properties": {"osm_id": 870880023, "osm_type": "way", "name": null, "leisure": "park", "access": "yes", "operator": null, "wikipedia": null}}, {"type": "Feature", "geometry": {"type": "Point", "coordinates": [14.5090797, 49.9809889]}, "properties": {"osm_id": 870880024, "osm_type": "way", "name": null, "leisure": "park", "access": "yes", "operator": null, "wikipedia": null}}, {"type": "Feature", "geometry": {"type": "Point", "coordinates": [14.5099627, 49.9805933]}, "properties": {"osm_id": 870880062, "osm_type": "way", "name": null, "leisure": "park", "access": "yes", "operator": null, "wikipedia": null}}, {"type": "Feature", "geometry": {"type": "Point", "coordinates": [14.5090656, 49.9812787]}, "properties": {"osm_id": 870880086, "osm_type": "way", "name": null, "leisure": "park", "access": "yes", "operator": null, "wikipedia": null}}, {"type": "Feature", "geometry": {"type": "Point", "coordinates": [14.5098589, 49.9829239]}, "properties": {"osm_id": 870891602, "osm_type": "way", "name": null, "leisure": "park", "access": "yes", "operator": null, "wikipedia": null}}, {"type": "Feature", "geometry": {"type": "Point", "coordinates": [14.4841872, 50.0667598]}, "properties": {"osm_id": 871457185, "osm_type": "way", "name": null, "leisure": "park", "access": "yes", "operator": null, "wikipedia": null}}, {"type": "Feature", "geometry": {"type": "Point", "coordinates": [14.4925449, 49.9776787]}, "properties": {"osm_id": 871647780, "osm_type": "way", "name": null, "leisure": "park", "access": "yes", "operator": null, "wikipedia": null}}, {"type": "Feature", "geometry": {"type": "Point", "coordinates": [14.49148, 49.9773855]}, "properties": {"osm_id": 871647781, "osm_type": "way", "name": null, "leisure": "park", "access": "yes", "operator": null, "wikipedia": null}}, {"type": "Feature", "geometry": {"type": "Point", "coordinates": [14.4883799, 49.9934046]}, "properties": {"osm_id": 871671416, "osm_type": "way", "name": null, "leisure": "park", "access": "yes", "operator": null, "wikipedia": null}}, {"type": "Feature", "geometry": {"type": "Point", "coordinates": [14.487384, 49.9916513]}, "properties": {"osm_id": 871671443, "osm_type": "way", "name": null, "leisure": "park", "access": "yes", "operator": null, "wikipedia": null}}, {"type": "Feature", "geometry": {"type": "Point", "coordinates": [14.4872815, 49.9922329]}, "properties": {"osm_id": 871726307, "osm_type": "way", "name": null, "leisure": "park", "access": "yes", "operator": null, "wikipedia": null}}, {"type": "Feature", "geometry": {"type": "Point", "coordinates": [14.4893115, 49.9835454]}, "properties": {"osm_id": 871738518, "osm_type": "way", "name": null, "leisure": "park", "access": "yes", "operator": null, "wikipedia": null}}, {"type": "Feature", "geometry": {"type": "Point", "coordinates": [14.4895548, 49.9835846]}, "properties": {"osm_id": 871738519, "osm_type": "way", "name": null, "leisure": "park", "access": "yes", "operator": null, "wikipedia": null}}, {"type": "Feature", "geometry": {"type": "Point", "coordinates": [14.4897395, 49.9832366]}, "properties": {"osm_id": 871738522, "osm_type": "way", "name": null, "leisure": "park", "access": "yes", "operator": null, "wikipedia": null}}, {"type": "Feature", "geometry": {"type": "Point", "coordinates": [14.4908707, 49.9837088]}, "properties": {"osm_id": 871738523, "osm_type": "way", "name": null, "leisure": "park", "access": "yes", "operator": null, "wikipedia": null}}, {"type": "Feature", "geometry": {"type": "Point", "coordinates": [14.4925011, 49.984011]}, "properties": {"osm_id": 871738525, "osm_type": "way", "name": null, "leisure": "park", "access": "yes", "operator": null, "wikipedia": null}}, {"type": "Feature", "geometry": {"type": "Point", "coordinates": [14.4919054, 49.9839568]}, "properties": {"osm_id": 871738527, "osm_type": "way", "name": null, "leisure": "park", "access": "yes", "operator": null, "wikipedia": null}}, {"type": "Feature", "geometry": {"type": "Point", "coordinates": [14.4896676, 49.9930794]}, "properties": {"osm_id": 871893440, "osm_type": "way", "name": null, "leisure": "park", "access": "yes", "operator": null, "wikipedia": null}}, {"type": "Feature", "geometry": {"type": "Point", "coordinates": [14.4893145, 49.9929998]}, "properties": {"osm_id": 871893441, "osm_type": "way", "name": null, "leisure": "park", "access": "yes", "operator": null, "wikipedia": null}}, {"type": "Feature", "geometry": {"type": "Point", "coordinates": [14.499323, 49.9901528]}, "properties": {"osm_id": 871893467, "osm_type": "way", "name": null, "leisure": "park", "access": "yes", "operator": null, "wikipedia": null}}, {"type": "Feature", "geometry": {"type": "Point", "coordinates": [14.4998245, 49.9887468]}, "properties": {"osm_id": 871893471, "osm_type": "way", "name": null, "leisure": "park", "access": "yes", "operator": null, "wikipedia": null}}, {"type": "Feature", "geometry": {"type": "Point", "coordinates": [14.4993877, 49.9889501]}, "properties": {"osm_id": 871893483, "osm_type": "way", "name": null, "leisure": "park", "access": "yes", "operator": null, "wikipedia": null}}, {"type": "Feature", "geometry": {"type": "Point", "coordinates": [14.4870676, 49.992513]}, "properties": {"osm_id": 871896827, "osm_type": "way", "name": null, "leisure": "park", "access": "yes", "operator": null, "wikipedia": null}}, {"type": "Feature", "geometry": {"type": "Point", "coordinates": [14.4934082, 49.9863928]}, "properties": {"osm_id": 872740795, "osm_type": "way", "name": null, "leisure": "park", "access": "yes", "operator": null, "wikipedia": null}}, {"type": "Feature", "geometry": {"type": "Point", "coordinates": [14.4935453, 49.9862187]}, "properties": {"osm_id": 872740796, "osm_type": "way", "name": null, "leisure": "park", "access": "yes", "operator": null, "wikipedia": null}}, {"type": "Feature", "geometry": {"type": "Point", "coordinates": [14.4936916, 49.9859912]}, "properties": {"osm_id": 872740797, "osm_type": "way", "name": null, "leisure": "park", "access": "yes", "operator": null, "wikipedia": null}}, {"type": "Feature", "geometry": {"type": "Point", "coordinates": [14.4946416, 49.9842989]}, "properties": {"osm_id": 872740802, "osm_type": "way", "name": null, "leisure": "park", "access": "yes", "operator": null, "wikipedia": null}}, {"type": "Feature", "geometry": {"type": "Point", "coordinates": [14.5127873, 49.9752019]}, "properties": {"osm_id": 872751131, "osm_type": "way", "name": null, "leisure": "park", "access": "yes", "operator": null, "wikipedia": null}}, {"type": "Feature", "geometry": {"type": "Point", "coordinates": [14.5126559, 49.9762219]}, "properties": {"osm_id": 872751133, "osm_type": "way", "name": null, "leisure": "park", "access": "yes", "operator": null, "wikipedia": null}}, {"type": "Feature", "geometry": {"type": "Point", "coordinates": [14.4011722, 50.0977314]}, "properties": {"osm_id": 881456733, "osm_type": "way", "name": null, "leisure": "park", "access": "yes", "operator": null, "wikipedia": null}}, {"type": "Feature", "geometry": {"type": "Point", "coordinates": [14.3997565, 50.0972181]}, "properties": {"osm_id": 881456738, "osm_type": "way", "name": null, "leisure": "park", "access": "yes", "operator": null, "wikipedia": null}}, {"type": "Feature", "geometry": {"type": "Point", "coordinates": [14.3992579, 50.0971413]}, "properties": {"osm_id": 881456744, "osm_type": "way", "name": null, "leisure": "park", "access": "yes", "operator": null, "wikipedia": null}}, {"type": "Feature", "geometry": {"type": "Point", "coordinates": [14.3988543, 50.0972342]}, "properties": {"osm_id": 881456765, "osm_type": "way", "name": null, "leisure": "park", "access": "yes", "operator": null, "wikipedia": null}}, {"type": "Feature", "geometry": {"type": "Point", "coordinates": [14.3981889, 50.097142]}, "properties": {"osm_id": 881456766, "osm_type": "way", "name": null, "leisure": "park", "access": "yes", "operator": null, "wikipedia": null}}, {"type": "Feature", "geometry": {"type": "Point", "coordinates": [14.2766638, 50.108353]}, "properties": {"osm_id": 895177121, "osm_type": "way", "name": null, "leisure": "park", "access": "yes", "operator": null, "wikipedia": null}}, {"type": "Feature", "geometry": {"type": "Point", "coordinates": [14.3457909, 50.0786265]}, "properties": {"osm_id": 901676993, "osm_type": "way", "name": null, "leisure": "park", "access": "yes", "operator": null, "wikipedia": null}}, {"type": "Feature", "geometry": {"type": "Point", "coordinates": [14.345918, 50.0786397]}, "properties": {"osm_id": 901676994, "osm_type": "way", "name": null, "leisure": "park", "access": "yes", "operator": null, "wikipedia": null}}, {"type": "Feature", "geometry": {"type": "Point", "coordinates": [14.3465157, 50.0791931]}, "properties": {"osm_id": 901676995, "osm_type": "way", "name": null, "leisure": "park", "access": "yes", "operator": null, "wikipedia": null}}, {"type": "Feature", "geometry": {"type": "Point", "coordinates": [14.3455178, 50.0785917]}, "properties": {"osm_id": 901676996, "osm_type": "way", "name": null, "leisure": "park", "access": "yes", "operator": null, "wikipedia": null}}, {"type": "Feature", "geometry": {"type": "Point", "coordinates": [14.3463711, 50.0793639]}, "properties": {"osm_id": 901676997, "osm_type": "way", "name": null, "leisure": "park", "access": "yes", "operator": null, "wikipedia": null}}, {"type": "Feature", "geometry": {"type": "Point", "coordinates": [14.3419412, 50.0773049]}, "properties": {"osm_id": 901916246, "osm_type": "way", "name": null, "leisure": "park", "access": "yes", "operator": null, "wikipedia": null}}, {"type": "Feature", "geometry": {"type": "Point", "coordinates": [14.3427326, 50.0776381]}, "properties": {"osm_id": 901916247, "osm_type": "way", "name": null, "leisure": "park", "access": "yes", "operator": null, "wikipedia": null}}, {"type": "Feature", "geometry": {"type": "Point", "coordinates": [14.3429545, 50.0782149]}, "properties": {"osm_id": 901916248, "osm_type": "way", "name": null, "leisure": "park", "access": "yes", "operator": null, "wikipedia": null}}, {"type": "Feature", "geometry": {"type": "Point", "coordinates": [14.3430938, 50.0782156]}, "properties": {"osm_id": 901916249, "osm_type": "way", "name": null, "leisure": "park", "access": "yes", "operator": null, "wikipedia": null}}, {"type": "Feature", "geometry": {"type": "Point", "coordinates": [14.3435896, 50.0779251]}, "properties": {"osm_id": 901916250, "osm_type": "way", "name": null, "leisure": "park", "access": "yes", "operator": null, "wikipedia": null}}, {"type": "Feature", "geometry": {"type": "Point", "coordinates": [14.3441181, 50.077869]}, "properties": {"osm_id": 901916251, "osm_type": "way", "name": null, "leisure": "park", "access": "yes", "operator": null, "wikipedia": null}}, {"type": "Feature", "geometry": {"type": "Point", "coordinates": [14.3445284, 50.0779883]}, "properties": {"osm_id": 901916252, "osm_type": "way", "name": null, "leisure": "park", "access": "yes", "operator": null, "wikipedia": null}}, {"type": "Feature", "geometry": {"type": "Point", "coordinates": [14.3423478, 50.0777113]}, "properties": {"osm_id": 901916253, "osm_type": "way", "name": null, "leisure": "park", "access": "yes", "operator": null, "wikipedia": null}}, {"type": "Feature", "geometry": {"type": "Point", "coordinates": [14.3429898, 50.0778764]}, "properties": {"osm_id": 901916254, "osm_type": "way", "name": null, "leisure": "park", "access": "yes", "operator": null, "wikipedia": null}}, {"type": "Feature", "geometry": {"type": "Point", "coordinates": [14.344036, 50.0782111]}, "properties": {"osm_id": 901916255, "osm_type": "way", "name": null, "leisure": "park", "access": "yes", "operator": null, "wikipedia": null}}, {"type": "Feature", "geometry": {"type": "Point", "coordinates": [14.4151367, 50.0963602]}, "properties": {"osm_id": 903579699, "osm_type": "way", "name": "Letenské sady", "leisure": "park", "access": "yes", "operator": null, "wikipedia": "cs:Letenské sady"}}, {"type": "Feature", "geometry": {"type": "Point", "coordinates": [14.422553, 50.0954816]}, "properties": {"osm_id": 903579702, "osm_type": "way", "name": "Letenské sady", "leisure": "park", "access": "yes", "operator": null, "wikipedia": "cs:Letenské sady"}}, {"type": "Feature", "geometry": {"type": "Point", "coordinates": [14.3961898, 50.0698635]}, "properties": {"osm_id": 907363112, "osm_type": "way", "name": "Mrázovka", "leisure": "park", "access": "yes", "operator": null, "wikipedia": null}}, {"type": "Feature", "geometry": {"type": "Point", "coordinates": [14.5873176, 50.1075904]}, "properties": {"osm_id": 907507368, "osm_type": "way", "name": null, "leisure": "park", "access": "yes", "operator": null, "wikipedia": null}}, {"type": "Feature", "geometry": {"type": "Point", "coordinates": [14.5867294, 50.1070487]}, "properties": {"osm_id": 907507369, "osm_type": "way", "name": null, "leisure": "park", "access": "yes", "operator": null, "wikipedia": null}}, {"type": "Feature", "geometry": {"type": "Point", "coordinates": [14.5863143, 50.1070546]}, "properties": {"osm_id": 907507370, "osm_type": "way", "name": null, "leisure": "park", "access": "yes", "operator": null, "wikipedia": null}}, {"type": "Feature", "geometry": {"type": "Point", "coordinates": [14.5820339, 50.1069126]}, "properties": {"osm_id": 908035078, "osm_type": "way", "name": null, "leisure": "park", "access": "yes", "operator": null, "wikipedia": null}}, {"type": "Feature", "geometry": {"type": "Point", "coordinates": [14.5821714, 50.1058155]}, "properties": {"osm_id": 908035079, "osm_type": "way", "name": null, "leisure": "park", "access": "yes", "operator": null, "wikipedia": null}}, {"type": "Feature", "geometry": {"type": "Point", "coordinates": [14.2458112, 50.041516]}, "properties": {"osm_id": 908182408, "osm_type": "way", "name": null, "leisure": "park", "access": "yes", "operator": null, "wikipedia": null}}, {"type": "Feature", "geometry": {"type": "Point", "coordinates": [14.424067, 50.0432767]}, "properties": {"osm_id": 918459981, "osm_type": "way", "name": null, "leisure": "park", "access": "yes", "operator": null, "wikipedia": null}}, {"type": "Feature", "geometry": {"type": "Point", "coordinates": [14.4322531, 50.0749982]}, "properties": {"osm_id": 923131221, "osm_type": "way", "name": null, "leisure": "park", "access": "yes", "operator": null, "wikipedia": null}}, {"type": "Feature", "geometry": {"type": "Point", "coordinates": [14.432124, 50.0749792]}, "properties": {"osm_id": 923131222, "osm_type": "way", "name": null, "leisure": "park", "access": "yes", "operator": null, "wikipedia": null}}, {"type": "Feature", "geometry": {"type": "Point", "coordinates": [14.4323307, 50.0744772]}, "properties": {"osm_id": 923131223, "osm_type": "way", "name": null, "leisure": "park", "access": "yes", "operator": null, "wikipedia": null}}, {"type": "Feature", "geometry": {"type": "Point", "coordinates": [14.4324446, 50.0744977]}, "properties": {"osm_id": 923131224, "osm_type": "way", "name": null, "leisure": "park", "access": "yes", "operator": null, "wikipedia": null}}, {"type": "Feature", "geometry": {"type": "Point", "coordinates": [14.53515, 49.9786163]}, "properties": {"osm_id": 928775480, "osm_type": "way", "name": null, "leisure": "park", "access": "yes", "operator": null, "wikipedia": null}}, {"type": "Feature", "geometry": {"type": "Point", "coordinates": [14.523343, 49.9823585]}, "properties": {"osm_id": 929159746, "osm_type": "way", "name": null, "leisure": "park", "access": "yes", "operator": null, "wikipedia": null}}, {"type": "Feature", "geometry": {"type": "Point", "coordinates": [14.5313609, 49.9753934]}, "properties": {"osm_id": 929174572, "osm_type": "way", "name": null, "leisure": "park", "access": "yes", "operator": null, "wikipedia": null}}, {"type": "Feature", "geometry": {"type": "Point", "coordinates": [14.5290756, 49.9749829]}, "properties": {"osm_id": 929174573, "osm_type": "way", "name": null, "leisure": "park", "access": "yes", "operator": null, "wikipedia": null}}, {"type": "Feature", "geometry": {"type": "Point", "coordinates": [14.5325523, 49.974083]}, "properties": {"osm_id": 929550165, "osm_type": "way", "name": null, "leisure": "park", "access": "yes", "operator": null, "wikipedia": null}}, {"type": "Feature", "geometry": {"type": "Point", "coordinates": [14.5340924, 49.9750672]}, "properties": {"osm_id": 929700289, "osm_type": "way", "name": null, "leisure": "park", "access": "yes", "operator": null, "wikipedia": null}}, {"type": "Feature", "geometry": {"type": "Point", "coordinates": [14.4245288, 50.0949421]}, "properties": {"osm_id": 941807646, "osm_type": "way", "name": null, "leisure": "park", "access": "yes", "operator": null, "wikipedia": null}}, {"type": "Feature", "geometry": {"type": "Point", "coordinates": [14.6892316, 50.1080846]}, "properties": {"osm_id": 945561332, "osm_type": "way", "name": null, "leisure": "park", "access": "yes", "operator": null, "wikipedia": null}}, {"type": "Feature", "geometry": {"type": "Point", "coordinates": [14.6918425, 50.1063387]}, "properties": {"osm_id": 945729413, "osm_type": "way", "name": null, "leisure": "park", "access": "yes", "operator": null, "wikipedia": null}}, {"type": "Feature", "geometry": {"type": "Point", "coordinates": [14.3926404, 50.1104024]}, "properties": {"osm_id": 964267854, "osm_type": "way", "name": "modelová železnice", "leisure": "park", "access": "yes", "operator": null, "wikipedia": null}}, {"type": "Feature", "geometry": {"type": "Point", "coordinates": [14.3857662, 50.1162183]}, "properties": {"osm_id": 964276301, "osm_type": "way", "name": null, "leisure": "park", "access": "yes", "operator": null, "wikipedia": null}}, {"type": "Feature", "geometry": {"type": "Point", "coordinates": [14.3810208, 50.1156195]}, "properties": {"osm_id": 964276309, "osm_type": "way", "name": null, "leisure": "park", "access": "yes", "operator": null, "wikipedia": null}}, {"type": "Feature", "geometry": {"type": "Point", "coordinates": [14.3819002, 50.1153852]}, "properties": {"osm_id": 964276312, "osm_type": "way", "name": null, "leisure": "park", "access": "yes", "operator": null, "wikipedia": null}}, {"type": "Feature", "geometry": {"type": "Point", "coordinates": [14.3002972, 50.0710707]}, "properties": {"osm_id": 964333828, "osm_type": "way", "name": null, "leisure": "park", "access": "yes", "operator": null, "wikipedia": null}}, {"type": "Feature", "geometry": {"type": "Point", "coordinates": [14.2951337, 50.0688745]}, "properties": {"osm_id": 964333858, "osm_type": "way", "name": null, "leisure": "park", "access": "yes", "operator": null, "wikipedia": null}}, {"type": "Feature", "geometry": {"type": "Point", "coordinates": [14.2959502, 50.0700463]}, "properties": {"osm_id": 964333864, "osm_type": "way", "name": null, "leisure": "park", "access": "yes", "operator": null, "wikipedia": null}}, {"type": "Feature", "geometry": {"type": "Point", "coordinates": [14.3058737, 50.0310078]}, "properties": {"osm_id": 964408737, "osm_type": "way", "name": null, "leisure": "park", "access": "yes", "operator": null, "wikipedia": null}}, {"type": "Feature", "geometry": {"type": "Point", "coordinates": [14.5103821, 50.1362036]}, "properties": {"osm_id": 965328621, "osm_type": "way", "name": null, "leisure": "park", "access": "yes", "operator": null, "wikipedia": null}}, {"type": "Feature", "geometry": {"type": "Point", "coordinates": [14.6657046, 50.0760574]}, "properties": {"osm_id": 985435209, "osm_type": "way", "name": "Psí plácek Újezd", "leisure": "park", "access": "permissive", "operator": null, "wikipedia": null}}, {"type": "Feature", "geometry": {"type": "Point", "coordinates": [14.3617758, 50.0842033]}, "properties": {"osm_id": 988035420, "osm_type": "way", "name": "Park Josefa Škvoreckého", "leisure": "park", "access": "yes", "operator": null, "wikipedia": null}}, {"type": "Feature", "geometry": {"type": "Point", "coordinates": [14.450156, 50.0914269]}, "properties": {"osm_id": 991892016, "osm_type": "way", "name": null, "leisure": "park", "access": "yes", "operator": null, "wikipedia": null}}, {"type": "Feature", "geometry": {"type": "Point", "coordinates": [14.2923163, 50.0633211]}, "properties": {"osm_id": 999475833, "osm_type": "way", "name": null, "leisure": "park", "access": "yes", "operator": null, "wikipedia": null}}, {"type": "Feature", "geometry": {"type": "Point", "coordinates": [14.5592526, 50.0005876]}, "properties": {"osm_id": 1005537499, "osm_type": "way", "name": null, "leisure": "park", "access": "yes", "operator": null, "wikipedia": null}}, {"type": "Feature", "geometry": {"type": "Point", "coordinates": [14.3093744, 50.0809926]}, "properties": {"osm_id": 1013859980, "osm_type": "way", "name": null, "leisure": "park", "access": "yes", "operator": null, "wikipedia": null}}, {"type": "Feature", "geometry": {"type": "Point", "coordinates": [14.5578464, 50.1356735]}, "properties": {"osm_id": 1018895488, "osm_type": "way", "name": null, "leisure": "park", "access": "yes", "operator": "Lesy hl. m. Prahy", "wikipedia": null}}, {"type": "Feature", "geometry": {"type": "Point", "coordinates": [14.4525003, 50.0956474]}, "properties": {"osm_id": 1022535038, "osm_type": "way", "name": null, "leisure": "park", "access": "yes", "operator": null, "wikipedia": null}}, {"type": "Feature", "geometry": {"type": "Point", "coordinates": [14.4881562, 50.0704597]}, "properties": {"osm_id": 1027489973, "osm_type": "way", "name": null, "leisure": "park", "access": "yes", "operator": null, "wikipedia": null}}, {"type": "Feature", "geometry": {"type": "Point", "coordinates": [14.4351854, 50.0986687]}, "properties": {"osm_id": 1033954456, "osm_type": "way", "name": null, "leisure": "park", "access": "yes", "operator": "MČ Praha 7", "wikipedia": null}}, {"type": "Feature", "geometry": {"type": "Point", "coordinates": [14.6021216, 50.1122575]}, "properties": {"osm_id": 1040228040, "osm_type": "way", "name": null, "leisure": "park", "access": "yes", "operator": null, "wikipedia": null}}, {"type": "Feature", "geometry": {"type": "Point", "coordinates": [14.4643989, 50.0209833]}, "properties": {"osm_id": 1042681578, "osm_type": "way", "name": null, "leisure": "park", "access": "yes", "operator": null, "wikipedia": null}}, {"type": "Feature", "geometry": {"type": "Point", "coordinates": [14.3645072, 50.0635116]}, "properties": {"osm_id": 1053986284, "osm_type": "way", "name": null, "leisure": "park", "access": "yes", "operator": null, "wikipedia": null}}, {"type": "Feature", "geometry": {"type": "Point", "coordinates": [14.363752, 50.0632135]}, "properties": {"osm_id": 1053986285, "osm_type": "way", "name": null, "leisure": "park", "access": "yes", "operator": null, "wikipedia": null}}, {"type": "Feature", "geometry": {"type": "Point", "coordinates": [14.5944656, 50.0290579]}, "properties": {"osm_id": 1068913399, "osm_type": "way", "name": null, "leisure": "park", "access": "yes", "operator": null, "wikipedia": null}}, {"type": "Feature", "geometry": {"type": "Point", "coordinates": [14.5571241, 50.1767336]}, "properties": {"osm_id": 1079881131, "osm_type": "way", "name": null, "leisure": "park", "access": "yes", "operator": null, "wikipedia": null}}, {"type": "Feature", "geometry": {"type": "Point", "coordinates": [14.4271577, 50.0131159]}, "properties": {"osm_id": 1086386026, "osm_type": "way", "name": null, "leisure": "park", "access": "yes", "operator": null, "wikipedia": null}}, {"type": "Feature", "geometry": {"type": "Point", "coordinates": [14.6587311, 49.9834877]}, "properties": {"osm_id": 1089892301, "osm_type": "way", "name": null, "leisure": "park", "access": "yes", "operator": null, "wikipedia": null}}, {"type": "Feature", "geometry": {"type": "Point", "coordinates": [14.6474283, 50.0017084]}, "properties": {"osm_id": 1099870265, "osm_type": "way", "name": null, "leisure": "park", "access": "yes", "operator": null, "wikipedia": null}}, {"type": "Feature", "geometry": {"type": "Point", "coordinates": [14.554493, 50.06836]}, "properties": {"osm_id": 1101487602, "osm_type": "way", "name": null, "leisure": "park", "access": "yes", "operator": null, "wikipedia": null}}, {"type": "Feature", "geometry": {"type": "Point", "coordinates": [14.4676585, 50.1046346]}, "properties": {"osm_id": 1111556066, "osm_type": "way", "name": null, "leisure": "park", "access": "yes", "operator": "Crestyl", "wikipedia": null}}, {"type": "Feature", "geometry": {"type": "Point", "coordinates": [14.4659892, 50.0598374]}, "properties": {"osm_id": 1112989556, "osm_type": "way", "name": null, "leisure": "park", "access": "yes", "operator": null, "wikipedia": null}}, {"type": "Feature", "geometry": {"type": "Point", "coordinates": [14.404543, 49.988077]}, "properties": {"osm_id": 1116626587, "osm_type": "way", "name": null, "leisure": "park", "access": "yes", "operator": null, "wikipedia": null}}, {"type": "Feature", "geometry": {"type": "Point", "coordinates": [14.4458676, 50.146547]}, "properties": {"osm_id": 1133759646, "osm_type": "way", "name": null, "leisure": "park", "access": "yes", "operator": null, "wikipedia": null}}, {"type": "Feature", "geometry": {"type": "Point", "coordinates": [14.4568097, 50.0914655]}, "properties": {"osm_id": 1137877332, "osm_type": "way", "name": null, "leisure": "park", "access": "yes", "operator": null, "wikipedia": null}}, {"type": "Feature", "geometry": {"type": "Point", "coordinates": [14.4478893, 50.0698021]}, "properties": {"osm_id": 1145088828, "osm_type": "way", "name": null, "leisure": "park", "access": "yes", "operator": null, "wikipedia": null}}, {"type": "Feature", "geometry": {"type": "Point", "coordinates": [14.6755731, 50.0682982]}, "properties": {"osm_id": 1152216556, "osm_type": "way", "name": null, "leisure": "park", "access": "yes", "operator": null, "wikipedia": null}}, {"type": "Feature", "geometry": {"type": "Point", "coordinates": [14.378156, 50.0829788]}, "properties": {"osm_id": 1153606445, "osm_type": "way", "name": null, "leisure": "park", "access": "yes", "operator": null, "wikipedia": null}}, {"type": "Feature", "geometry": {"type": "Point", "coordinates": [14.3683835, 50.171782]}, "properties": {"osm_id": 1157279236, "osm_type": "way", "name": "Park U Pasáčka", "leisure": "park", "access": "yes", "operator": null, "wikipedia": null}}, {"type": "Feature", "geometry": {"type": "Point", "coordinates": [14.3721376, 50.0704213]}, "properties": {"osm_id": 1167927755, "osm_type": "way", "name": null, "leisure": "park", "access": "yes", "operator": null, "wikipedia": null}}, {"type": "Feature", "geometry": {"type": "Point", "coordinates": [14.3630594, 50.0629076]}, "properties": {"osm_id": 1169821766, "osm_type": "way", "name": null, "leisure": "park", "access": "yes", "operator": null, "wikipedia": null}}, {"type": "Feature", "geometry": {"type": "Point", "coordinates": [14.4838678, 50.0620135]}, "properties": {"osm_id": 1178319143, "osm_type": "way", "name": null, "leisure": "park", "access": "yes", "operator": "Na Slatinách, z.s.", "wikipedia": null}}, {"type": "Feature", "geometry": {"type": "Point", "coordinates": [14.4383913, 50.0523347]}, "properties": {"osm_id": 1180510196, "osm_type": "way", "name": null, "leisure": "park", "access": "yes", "operator": null, "wikipedia": null}}, {"type": "Feature", "geometry": {"type": "Point", "coordinates": [14.501052, 50.0303545]}, "properties": {"osm_id": 1208750635, "osm_type": "way", "name": null, "leisure": "park", "access": "yes", "operator": null, "wikipedia": null}}, {"type": "Feature", "geometry": {"type": "Point", "coordinates": [14.5016121, 50.0302076]}, "properties": {"osm_id": 1208750655, "osm_type": "way", "name": null, "leisure": "park", "access": "yes", "operator": null, "wikipedia": null}}, {"type": "Feature", "geometry": {"type": "Point", "coordinates": [14.5007159, 50.030051]}, "properties": {"osm_id": 1208750664, "osm_type": "way", "name": null, "leisure": "park", "access": "yes", "operator": null, "wikipedia": null}}, {"type": "Feature", "geometry": {"type": "Point", "coordinates": [14.5003854, 50.0301599]}, "properties": {"osm_id": 1208750665, "osm_type": "way", "name": null, "leisure": "park", "access": "yes", "operator": null, "wikipedia": null}}, {"type": "Feature", "geometry": {"type": "Point", "coordinates": [14.5012433, 50.0300609]}, "properties": {"osm_id": 1208750666, "osm_type": "way", "name": null, "leisure": "park", "access": "yes", "operator": null, "wikipedia": null}}, {"type": "Feature", "geometry": {"type": "Point", "coordinates": [14.5005602, 50.029899]}, "properties": {"osm_id": 1208750667, "osm_type": "way", "name": null, "leisure": "park", "access": "yes", "operator": null, "wikipedia": null}}, {"type": "Feature", "geometry": {"type": "Point", "coordinates": [14.5007958, 50.0307213]}, "properties": {"osm_id": 1208750668, "osm_type": "way", "name": null, "leisure": "park", "access": "yes", "operator": null, "wikipedia": null}}, {"type": "Feature", "geometry": {"type": "Point", "coordinates": [14.5001627, 50.0305171]}, "properties": {"osm_id": 1208750669, "osm_type": "way", "name": null, "leisure": "park", "access": "yes", "operator": null, "wikipedia": null}}, {"type": "Feature", "geometry": {"type": "Point", "coordinates": [14.4999463, 50.0308036]}, "properties": {"osm_id": 1208750670, "osm_type": "way", "name": null, "leisure": "park", "access": "yes", "operator": null, "wikipedia": null}}, {"type": "Feature", "geometry": {"type": "Point", "coordinates": [14.3845532, 50.0577045]}, "properties": {"osm_id": 1217421017, "osm_type": "way", "name": null, "leisure": "park", "access": "yes", "operator": null, "wikipedia": null}}, {"type": "Feature", "geometry": {"type": "Point", "coordinates": [14.3838404, 50.0575025]}, "properties": {"osm_id": 1217421020, "osm_type": "way", "name": null, "leisure": "park", "access": "yes", "operator": null, "wikipedia": null}}, {"type": "Feature", "geometry": {"type": "Point", "coordinates": [14.3094104, 50.0767295]}, "properties": {"osm_id": 1218685482, "osm_type": "way", "name": null, "leisure": "park", "access": "yes", "operator": null, "wikipedia": null}}, {"type": "Feature", "geometry": {"type": "Point", "coordinates": [14.3091377, 50.0771065]}, "properties": {"osm_id": 1218685483, "osm_type": "way", "name": null, "leisure": "park", "access": "yes", "operator": null, "wikipedia": null}}, {"type": "Feature", "geometry": {"type": "Point", "coordinates": [14.4086944, 50.1764591]}, "properties": {"osm_id": 1221852745, "osm_type": "way", "name": null, "leisure": "park", "access": "yes", "operator": null, "wikipedia": null}}, {"type": "Feature", "geometry": {"type": "Point", "coordinates": [14.6148175, 50.1167231]}, "properties": {"osm_id": 1222072895, "osm_type": "way", "name": null, "leisure": "park", "access": "yes", "operator": null, "wikipedia": null}}, {"type": "Feature", "geometry": {"type": "Point", "coordinates": [14.6122598, 50.116342]}, "properties": {"osm_id": 1222072896, "osm_type": "way", "name": null, "leisure": "park", "access": "yes", "operator": null, "wikipedia": null}}, {"type": "Feature", "geometry": {"type": "Point", "coordinates": [14.2594237, 50.0788651]}, "properties": {"osm_id": 1223061360, "osm_type": "way", "name": null, "leisure": "park", "access": "yes", "operator": null, "wikipedia": null}}, {"type": "Feature", "geometry": {"type": "Point", "coordinates": [14.6706561, 49.997798]}, "properties": {"osm_id": 1243185183, "osm_type": "way", "name": null, "leisure": "park", "access": "yes", "operator": null, "wikipedia": null}}, {"type": "Feature", "geometry": {"type": "Point", "coordinates": [14.5335603, 50.0330849]}, "properties": {"osm_id": 1256857143, "osm_type": "way", "name": null, "leisure": "park", "access": "yes", "operator": null, "wikipedia": null}}, {"type": "Feature", "geometry": {"type": "Point", "coordinates": [14.6380031, 50.0623643]}, "properties": {"osm_id": 1258801576, "osm_type": "way", "name": "Park Malovka", "leisure": "park", "access": "yes", "operator": null, "wikipedia": null}}, {"type": "Feature", "geometry": {"type": "Point", "coordinates": [14.6026297, 50.0820127]}, "properties": {"osm_id": 1266175017, "osm_type": "way", "name": null, "leisure": "park", "access": "yes", "operator": null, "wikipedia": null}}, {"type": "Feature", "geometry": {"type": "Point", "coordinates": [14.540517, 50.031163]}, "properties": {"osm_id": 1274286260, "osm_type": "way", "name": null, "leisure": "park", "access": "yes", "operator": null, "wikipedia": null}}, {"type": "Feature", "geometry": {"type": "Point", "coordinates": [14.3874363, 50.1667812]}, "properties": {"osm_id": 1274625557, "osm_type": "way", "name": null, "leisure": "park", "access": "yes", "operator": null, "wikipedia": null}}, {"type": "Feature", "geometry": {"type": "Point", "coordinates": [14.2631691, 50.0785202]}, "properties": {"osm_id": 1277881573, "osm_type": "way", "name": null, "leisure": "park", "access": "yes", "operator": null, "wikipedia": null}}, {"type": "Feature", "geometry": {"type": "Point", "coordinates": [14.579317, 50.1214825]}, "properties": {"osm_id": 1281134666, "osm_type": "way", "name": null, "leisure": "park", "access": "yes", "operator": null, "wikipedia": null}}, {"type": "Feature", "geometry": {"type": "Point", "coordinates": [14.5256274, 50.1084024]}, "properties": {"osm_id": 1300684487, "osm_type": "way", "name": null, "leisure": "park", "access": "yes", "operator": null, "wikipedia": null}}, {"type": "Feature", "geometry": {"type": "Point", "coordinates": [14.6206946, 50.109544]}, "properties": {"osm_id": 1303983147, "osm_type": "way", "name": "Park Houslový klíč", "leisure": "park", "access": "yes", "operator": null, "wikipedia": null}}, {"type": "Feature", "geometry": {"type": "Point", "coordinates": [14.4139066, 50.0457479]}, "properties": {"osm_id": 1308836787, "osm_type": "way", "name": null, "leisure": "park", "access": "yes", "operator": null, "wikipedia": null}}, {"type": "Feature", "geometry": {"type": "Point", "coordinates": [14.5130448, 50.1045249]}, "properties": {"osm_id": 1309356943, "osm_type": "way", "name": "Park Podkovářská", "leisure": "park", "access": "yes", "operator": null, "wikipedia": null}}, {"type": "Feature", "geometry": {"type": "Point", "coordinates": [14.5895139, 50.0619669]}, "properties": {"osm_id": 1313942057, "osm_type": "way", "name": null, "leisure": "park", "access": "yes", "operator": null, "wikipedia": null}}, {"type": "Feature", "geometry": {"type": "Point", "coordinates": [14.6036947, 50.0092715]}, "properties": {"osm_id": 1327478171, "osm_type": "way", "name": null, "leisure": "park", "access": "yes", "operator": null, "wikipedia": null}}, {"type": "Feature", "geometry": {"type": "Point", "coordinates": [14.4575901, 49.9618497]}, "properties": {"osm_id": 1333214898, "osm_type": "way", "name": null, "leisure": "park", "access": "yes", "operator": null, "wikipedia": null}}, {"type": "Feature", "geometry": {"type": "Point", "coordinates": [14.4576507, 49.9629437]}, "properties": {"osm_id": 1333214899, "osm_type": "way", "name": null, "leisure": "park", "access": "yes", "operator": null, "wikipedia": null}}, {"type": "Feature", "geometry": {"type": "Point", "coordinates": [14.4576448, 49.9627335]}, "properties": {"osm_id": 1333214900, "osm_type": "way", "name": null, "leisure": "park", "access": "yes", "operator": null, "wikipedia": null}}, {"type": "Feature", "geometry": {"type": "Point", "coordinates": [14.3009978, 50.0480965]}, "properties": {"osm_id": 1339915272, "osm_type": "way", "name": null, "leisure": "park", "access": "yes", "operator": null, "wikipedia": null}}, {"type": "Feature", "geometry": {"type": "Point", "coordinates": [14.4128699, 50.0789268]}, "properties": {"osm_id": 1340568464, "osm_type": "way", "name": null, "leisure": "park", "access": "yes", "operator": null, "wikipedia": null}}, {"type": "Feature", "geometry": {"type": "Point", "coordinates": [14.4172504, 50.1319195]}, "properties": {"osm_id": 1342179707, "osm_type": "way", "name": "Park Kostřínská", "leisure": "park", "access": "yes", "operator": null, "wikipedia": null}}, {"type": "Feature", "geometry": {"type": "Point", "coordinates": [14.6547618, 49.9924666]}, "properties": {"osm_id": 1343716387, "osm_type": "way", "name": "Kouzelná zahrada", "leisure": "park", "access": "yes", "operator": "Husova knihovna říčany", "wikipedia": null}}, {"type": "Feature", "geometry": {"type": "Point", "coordinates": [14.6507236, 49.9916683]}, "properties": {"osm_id": 1343720775, "osm_type": "way", "name": null, "leisure": "park", "access": "yes", "operator": null, "wikipedia": null}}, {"type": "Feature", "geometry": {"type": "Point", "coordinates": [14.6532335, 49.9898431]}, "properties": {"osm_id": 1343720776, "osm_type": "way", "name": "Lázeňská louka", "leisure": "park", "access": "yes", "operator": "Město Říčany", "wikipedia": null}}, {"type": "Feature", "geometry": {"type": "Point", "coordinates": [14.5976944, 50.0308198]}, "properties": {"osm_id": 1356391744, "osm_type": "way", "name": null, "leisure": "park", "access": "yes", "operator": null, "wikipedia": null}}, {"type": "Feature", "geometry": {"type": "Point", "coordinates": [14.4000174, 50.0689498]}, "properties": {"osm_id": 1356490101, "osm_type": "way", "name": null, "leisure": "park", "access": "yes", "operator": null, "wikipedia": null}}, {"type": "Feature", "geometry": {"type": "Point", "coordinates": [14.4188326, 50.1254078]}, "properties": {"osm_id": 1365983825, "osm_type": "way", "name": null, "leisure": "park", "access": "yes", "operator": null, "wikipedia": null}}, {"type": "Feature", "geometry": {"type": "Point", "coordinates": [14.418888, 50.1258285]}, "properties": {"osm_id": 1365983970, "osm_type": "way", "name": null, "leisure": "park", "access": "yes", "operator": null, "wikipedia": null}}, {"type": "Feature", "geometry": {"type": "Point", "coordinates": [14.4985845, 50.0603931]}, "properties": {"osm_id": 1367353938, "osm_type": "way", "name": null, "leisure": "park", "access": "yes", "operator": null, "wikipedia": null}}, {"type": "Feature", "geometry": {"type": "Point", "coordinates": [14.5042923, 49.9797088]}, "properties": {"osm_id": 1385133756, "osm_type": "way", "name": null, "leisure": "park", "access": "yes", "operator": null, "wikipedia": null}}, {"type": "Feature", "geometry": {"type": "Point", "coordinates": [14.3821177, 50.057048]}, "properties": {"osm_id": 1389645723, "osm_type": "way", "name": null, "leisure": "park", "access": "yes", "operator": null, "wikipedia": null}}, {"type": "Feature", "geometry": {"type": "Point", "coordinates": [14.3829529, 50.0572762]}, "properties": {"osm_id": 1389645725, "osm_type": "way", "name": null, "leisure": "park", "access": "yes", "operator": null, "wikipedia": null}}, {"type": "Feature", "geometry": {"type": "Point", "coordinates": [14.6555586, 49.9928763]}, "properties": {"osm_id": 1414241208, "osm_type": "way", "name": "Tichá poštovní zahrada", "leisure": "park", "access": "yes", "operator": null, "wikipedia": null}}, {"type": "Feature", "geometry": {"type": "Point", "coordinates": [14.5756731, 49.9634333]}, "properties": {"osm_id": 1416270584, "osm_type": "way", "name": null, "leisure": "park", "access": "yes", "operator": null, "wikipedia": null}}, {"type": "Feature", "geometry": {"type": "Point", "coordinates": [14.577225, 49.9636455]}, "properties": {"osm_id": 1416270585, "osm_type": "way", "name": null, "leisure": "park", "access": "yes", "operator": null, "wikipedia": null}}, {"type": "Feature", "geometry": {"type": "Point", "coordinates": [14.6562183, 49.9928249]}, "properties": {"osm_id": 1416982901, "osm_type": "way", "name": "Školní zahrada všech smyslů", "leisure": "park", "access": "yes", "operator": null, "wikipedia": null}}, {"type": "Feature", "geometry": {"type": "Point", "coordinates": [14.4028354, 50.1029537]}, "properties": {"osm_id": 1419624278, "osm_type": "way", "name": "park Puškinovo náměstí", "leisure": "park", "access": "yes", "operator": null, "wikipedia": null}}, {"type": "Feature", "geometry": {"type": "Point", "coordinates": [14.6760856, 49.9909157]}, "properties": {"osm_id": 1422672769, "osm_type": "way", "name": null, "leisure": "park", "access": "yes", "operator": null, "wikipedia": null}}, {"type": "Feature", "geometry": {"type": "Point", "coordinates": [14.3930253, 50.0685012]}, "properties": {"osm_id": 1424631257, "osm_type": "way", "name": null, "leisure": "park", "access": "yes", "operator": null, "wikipedia": null}}, {"type": "Feature", "geometry": {"type": "Point", "coordinates": [14.3928712, 50.0684842]}, "properties": {"osm_id": 1424631258, "osm_type": "way", "name": null, "leisure": "park", "access": "yes", "operator": null, "wikipedia": null}}, {"type": "Feature", "geometry": {"type": "Point", "coordinates": [14.3929199, 50.0684586]}, "properties": {"osm_id": 1424631259, "osm_type": "way", "name": null, "leisure": "park", "access": "yes", "operator": null, "wikipedia": null}}, {"type": "Feature", "geometry": {"type": "Point", "coordinates": [14.6787419, 49.9914716]}, "properties": {"osm_id": 1432084678, "osm_type": "way", "name": null, "leisure": "park", "access": "yes", "operator": null, "wikipedia": null}}, {"type": "Feature", "geometry": {"type": "Point", "coordinates": [14.657403, 49.997144]}, "properties": {"osm_id": 1432103338, "osm_type": "way", "name": "Park Václava Havla", "leisure": "park", "access": "yes", "operator": null, "wikipedia": null}}, {"type": "Feature", "geometry": {"type": "Point", "coordinates": [14.5110904, 49.964685]}, "properties": {"osm_id": 1446221281, "osm_type": "way", "name": null, "leisure": "park", "access": "yes", "operator": null, "wikipedia": null}}, {"type": "Feature", "geometry": {"type": "Point", "coordinates": [14.4379714, 50.1332284]}, "properties": {"osm_id": 1447094399, "osm_type": "way", "name": null, "leisure": "park", "access": "yes", "operator": null, "wikipedia": null}}, {"type": "Feature", "geometry": {"type": "Point", "coordinates": [14.5007691, 50.0866563]}, "properties": {"osm_id": 1447595036, "osm_type": "way", "name": null, "leisure": "park", "access": "yes", "operator": null, "wikipedia": null}}, {"type": "Feature", "geometry": {"type": "Point", "coordinates": [14.5011168, 50.0864932]}, "properties": {"osm_id": 1447595038, "osm_type": "way", "name": null, "leisure": "park", "access": "yes", "operator": null, "wikipedia": null}}, {"type": "Feature", "geometry": {"type": "Point", "coordinates": [14.502791, 50.0872825]}, "properties": {"osm_id": 1447751453, "osm_type": "way", "name": null, "leisure": "park", "access": "yes", "operator": null, "wikipedia": null}}, {"type": "Feature", "geometry": {"type": "Point", "coordinates": [14.5027317, 50.0867717]}, "properties": {"osm_id": 1447941178, "osm_type": "way", "name": null, "leisure": "park", "access": "yes", "operator": null, "wikipedia": null}}, {"type": "Feature", "geometry": {"type": "Point", "coordinates": [14.5026282, 50.0865511]}, "properties": {"osm_id": 1447941180, "osm_type": "way", "name": null, "leisure": "park", "access": "yes", "operator": null, "wikipedia": null}}, {"type": "Feature", "geometry": {"type": "Point", "coordinates": [14.6469876, 49.9856217]}, "properties": {"osm_id": 1450566370, "osm_type": "way", "name": null, "leisure": "park", "access": "yes", "operator": null, "wikipedia": null}}, {"type": "Feature", "geometry": {"type": "Point", "coordinates": [14.3912536, 50.0896589]}, "properties": {"osm_id": 1457172079, "osm_type": "way", "name": null, "leisure": "park", "access": "yes", "operator": null, "wikipedia": null}}, {"type": "Feature", "geometry": {"type": "Point", "coordinates": [14.4047353, 50.0054698]}, "properties": {"osm_id": 1457176217, "osm_type": "way", "name": null, "leisure": "park", "access": "yes", "operator": null, "wikipedia": null}}, {"type": "Feature", "geometry": {"type": "Point", "coordinates": [14.4155841, 50.0494214]}, "properties": {"osm_id": 1465160580, "osm_type": "way", "name": null, "leisure": "park", "access": "yes", "operator": null, "wikipedia": null}}, {"type": "Feature", "geometry": {"type": "Point", "coordinates": [14.3206529, 50.0760217]}, "properties": {"osm_id": 1465398601, "osm_type": "way", "name": null, "leisure": "park", "access": "yes", "operator": null, "wikipedia": null}}, {"type": "Feature", "geometry": {"type": "Point", "coordinates": [14.3849067, 49.9693158]}, "properties": {"osm_id": 1470819934, "osm_type": "way", "name": null, "leisure": "park", "access": "yes", "operator": null, "wikipedia": null}}, {"type": "Feature", "geometry": {"type": "Point", "coordinates": [14.6574128, 50.0010271]}, "properties": {"osm_id": 1482204552, "osm_type": "way", "name": "park pod Tescem", "leisure": "park", "access": "yes", "operator": null, "wikipedia": null}}, {"type": "Feature", "geometry": {"type": "Point", "coordinates": [14.3875965, 50.0574211]}, "properties": {"osm_id": 1485307512, "osm_type": "way", "name": "Social Impact 2", "leisure": "park", "access": "yes", "operator": null, "wikipedia": null}}, {"type": "Feature", "geometry": {"type": "Point", "coordinates": [14.2951426, 50.0117104]}, "properties": {"osm_id": 1497914036, "osm_type": "way", "name": "Arboretum", "leisure": "park", "access": "yes", "operator": null, "wikipedia": null}}, {"type": "Feature", "geometry": {"type": "Point", "coordinates": [14.6669925, 50.0013722]}, "properties": {"osm_id": 1508845280, "osm_type": "way", "name": null, "leisure": "park", "access": "yes", "operator": null, "wikipedia": null}}, {"type": "Feature", "geometry": {"type": "Point", "coordinates": [14.2342982, 50.0804694]}, "properties": {"osm_id": 1521253462, "osm_type": "way", "name": null, "leisure": "park", "access": "yes", "operator": null, "wikipedia": null}}, {"type": "Feature", "geometry": {"type": "Point", "coordinates": [14.4207682, 50.0493434]}, "properties": {"osm_id": 277545, "osm_type": "relation", "name": "Kavčí hory", "leisure": "park", "access": "yes", "operator": null, "wikipedia": "cs:Kavčí hory"}}, {"type": "Feature", "geometry": {"type": "Point", "coordinates": [14.4197701, 50.0642103]}, "properties": {"osm_id": 422899, "osm_type": "relation", "name": null, "leisure": "park", "access": "yes", "operator": null, "wikipedia": null}}, {"type": "Feature", "geometry": {"type": "Point", "coordinates": [14.4506238, 50.0360803]}, "properties": {"osm_id": 569309, "osm_type": "relation", "name": null, "leisure": "park", "access": "yes", "operator": null, "wikipedia": null}}, {"type": "Feature", "geometry": {"type": "Point", "coordinates": [14.359669, 50.084519]}, "properties": {"osm_id": 1373889, "osm_type": "relation", "name": null, "leisure": "park", "access": "yes", "operator": null, "wikipedia": null}}, {"type": "Feature", "geometry": {"type": "Point", "coordinates": [14.4255458, 50.0726186]}, "properties": {"osm_id": 1572504, "osm_type": "relation", "name": "Kateřinská zahrada", "leisure": "park", "access": "yes", "operator": null, "wikipedia": null}}, {"type": "Feature", "geometry": {"type": "Point", "coordinates": [14.4793274, 50.0948277]}, "properties": {"osm_id": 1601251, "osm_type": "relation", "name": null, "leisure": "park", "access": "yes", "operator": null, "wikipedia": null}}, {"type": "Feature", "geometry": {"type": "Point", "coordinates": [14.4406753, 50.0642915]}, "properties": {"osm_id": 1837531, "osm_type": "relation", "name": null, "leisure": "park", "access": "yes", "operator": null, "wikipedia": null}}, {"type": "Feature", "geometry": {"type": "Point", "coordinates": [14.390366, 49.9647514]}, "properties": {"osm_id": 2217099, "osm_type": "relation", "name": "Lesopark Belveder", "leisure": "park", "access": "yes", "operator": null, "wikipedia": null}}, {"type": "Feature", "geometry": {"type": "Point", "coordinates": [14.4529822, 49.9654197]}, "properties": {"osm_id": 2250512, "osm_type": "relation", "name": "Mlynářský park", "leisure": "park", "access": "yes", "operator": null, "wikipedia": null}}, {"type": "Feature", "geometry": {"type": "Point", "coordinates": [14.4568103, 49.9646238]}, "properties": {"osm_id": 2250513, "osm_type": "relation", "name": "Keltský park", "leisure": "park", "access": "yes", "operator": null, "wikipedia": null}}, {"type": "Feature", "geometry": {"type": "Point", "coordinates": [14.3956554, 50.0912932]}, "properties": {"osm_id": 2434201, "osm_type": "relation", "name": "Horní Jelení příkop", "leisure": "park", "access": "yes", "operator": null, "wikipedia": null}}, {"type": "Feature", "geometry": {"type": "Point", "coordinates": [14.39464, 50.0923294]}, "properties": {"osm_id": 2434202, "osm_type": "relation", "name": "Lumbeho zahrady", "leisure": "park", "access": "private", "operator": null, "wikipedia": "cs:Produkční zahrady Pražského hradu"}}, {"type": "Feature", "geometry": {"type": "Point", "coordinates": [14.4163284, 50.1234767]}, "properties": {"osm_id": 2899904, "osm_type": "relation", "name": null, "leisure": "park", "access": "yes", "operator": null, "wikipedia": null}}, {"type": "Feature", "geometry": {"type": "Point", "coordinates": [14.4153252, 50.1262056]}, "properties": {"osm_id": 3127402, "osm_type": "relation", "name": null, "leisure": "park", "access": "yes", "operator": null, "wikipedia": null}}, {"type": "Feature", "geometry": {"type": "Point", "coordinates": [14.4407995, 50.0957279]}, "properties": {"osm_id": 3366544, "osm_type": "relation", "name": null, "leisure": "park", "access": "yes", "operator": null, "wikipedia": null}}, {"type": "Feature", "geometry": {"type": "Point", "coordinates": [14.4199913, 50.0757986]}, "properties": {"osm_id": 3366627, "osm_type": "relation", "name": null, "leisure": "park", "access": "yes", "operator": null, "wikipedia": null}}, {"type": "Feature", "geometry": {"type": "Point", "coordinates": [14.4074161, 50.0940256]}, "properties": {"osm_id": 3372268, "osm_type": "relation", "name": "Chotkovy sady", "leisure": "park", "access": "yes", "operator": null, "wikipedia": "cs:Chotkovy sady"}}, {"type": "Feature", "geometry": {"type": "Point", "coordinates": [14.5552458, 49.9897914]}, "properties": {"osm_id": 3629461, "osm_type": "relation", "name": "Průhonický park", "leisure": "park", "access": "yes", "operator": null, "wikipedia": "cs:Zámecký park Průhonice"}}, {"type": "Feature", "geometry": {"type": "Point", "coordinates": [14.4485126, 50.0744651]}, "properties": {"osm_id": 3775064, "osm_type": "relation", "name": "sady Bratří Čapků", "leisure": "park", "access": "yes", "operator": null, "wikipedia": "cs:Sady Bratří Čapků"}}, {"type": "Feature", "geometry": {"type": "Point", "coordinates": [14.494973, 50.1082112]}, "properties": {"osm_id": 4008641, "osm_type": "relation", "name": null, "leisure": "park", "access": "yes", "operator": null, "wikipedia": null}}, {"type": "Feature", "geometry": {"type": "Point", "coordinates": [14.4609993, 50.0851598]}, "properties": {"osm_id": 4036380, "osm_type": "relation", "name": "Parukářka", "leisure": "park", "access": "yes", "operator": null, "wikipedia": null}}, {"type": "Feature", "geometry": {"type": "Point", "coordinates": [14.4229709, 50.122289]}, "properties": {"osm_id": 4232170, "osm_type": "relation", "name": null, "leisure": "park", "access": "yes", "operator": null, "wikipedia": null}}, {"type": "Feature", "geometry": {"type": "Point", "coordinates": [14.4383059, 50.0905974]}, "properties": {"osm_id": 4489000, "osm_type": "relation", "name": "sady Jana Švermy", "leisure": "park", "access": "yes", "operator": null, "wikipedia": null}}, {"type": "Feature", "geometry": {"type": "Point", "coordinates": [14.4270144, 50.0685492]}, "properties": {"osm_id": 4497002, "osm_type": "relation", "name": "Ztracenka", "leisure": "park", "access": "yes", "operator": null, "wikipedia": null}}, {"type": "Feature", "geometry": {"type": "Point", "coordinates": [14.4289888, 50.0688572]}, "properties": {"osm_id": 4497019, "osm_type": "relation", "name": null, "leisure": "park", "access": "yes", "operator": null, "wikipedia": null}}, {"type": "Feature", "geometry": {"type": "Point", "coordinates": [14.4330563, 50.1430052]}, "properties": {"osm_id": 4681454, "osm_type": "relation", "name": null, "leisure": "park", "access": "yes", "operator": null, "wikipedia": null}}, {"type": "Feature", "geometry": {"type": "Point", "coordinates": [14.4600575, 50.0823527]}, "properties": {"osm_id": 4778786, "osm_type": "relation", "name": null, "leisure": "park", "access": "yes", "operator": null, "wikipedia": null}}, {"type": "Feature", "geometry": {"type": "Point", "coordinates": [14.4441602, 50.0461933]}, "properties": {"osm_id": 5393955, "osm_type": "relation", "name": null, "leisure": "park", "access": "private", "operator": null, "wikipedia": null}}, {"type": "Feature", "geometry": {"type": "Point", "coordinates": [14.4052841, 50.1173682]}, "properties": {"osm_id": 5612132, "osm_type": "relation", "name": null, "leisure": "park", "access": "yes", "operator": null, "wikipedia": null}}, {"type": "Feature", "geometry": {"type": "Point", "coordinates": [14.3545699, 50.065793]}, "properties": {"osm_id": 5888382, "osm_type": "relation", "name": "Park Cibulka", "leisure": "park", "access": "yes", "operator": null, "wikipedia": null}}, {"type": "Feature", "geometry": {"type": "Point", "coordinates": [14.4599593, 50.1254333]}, "properties": {"osm_id": 5919952, "osm_type": "relation", "name": null, "leisure": "park", "access": "yes", "operator": null, "wikipedia": null}}, {"type": "Feature", "geometry": {"type": "Point", "coordinates": [14.4664599, 50.1283058]}, "properties": {"osm_id": 6127544, "osm_type": "relation", "name": null, "leisure": "park", "access": "yes", "operator": null, "wikipedia": null}}, {"type": "Feature", "geometry": {"type": "Point", "coordinates": [14.4450744, 50.1673736]}, "properties": {"osm_id": 6171168, "osm_type": "relation", "name": null, "leisure": "park", "access": "yes", "operator": null, "wikipedia": null}}, {"type": "Feature", "geometry": {"type": "Point", "coordinates": [14.4303953, 50.0930624]}, "properties": {"osm_id": 6174754, "osm_type": "relation", "name": null, "leisure": "park", "access": "yes", "operator": null, "wikipedia": null}}, {"type": "Feature", "geometry": {"type": "Point", "coordinates": [14.4510578, 50.0807274]}, "properties": {"osm_id": 6266731, "osm_type": "relation", "name": "Mahlerovy sady", "leisure": "park", "access": "yes", "operator": null, "wikipedia": "cs:Mahlerovy sady"}}, {"type": "Feature", "geometry": {"type": "Point", "coordinates": [14.5860826, 50.0186684]}, "properties": {"osm_id": 6302551, "osm_type": "relation", "name": "Pitkovické rybníky", "leisure": "park", "access": "yes", "operator": null, "wikipedia": null}}, {"type": "Feature", "geometry": {"type": "Point", "coordinates": [14.6074052, 50.1457191]}, "properties": {"osm_id": 6368084, "osm_type": "relation", "name": null, "leisure": "park", "access": "yes", "operator": null, "wikipedia": null}}, {"type": "Feature", "geometry": {"type": "Point", "coordinates": [14.3541596, 50.0531037]}, "properties": {"osm_id": 6498283, "osm_type": "relation", "name": null, "leisure": "park", "access": "yes", "operator": null, "wikipedia": null}}, {"type": "Feature", "geometry": {"type": "Point", "coordinates": [14.3007681, 50.0549043]}, "properties": {"osm_id": 6498284, "osm_type": "relation", "name": null, "leisure": "park", "access": "yes", "operator": null, "wikipedia": null}}, {"type": "Feature", "geometry": {"type": "Point", "coordinates": [14.4595337, 50.1275606]}, "properties": {"osm_id": 6681254, "osm_type": "relation", "name": null, "leisure": "park", "access": "yes", "operator": null, "wikipedia": null}}, {"type": "Feature", "geometry": {"type": "Point", "coordinates": [14.4480904, 50.0913202]}, "properties": {"osm_id": 6748344, "osm_type": "relation", "name": null, "leisure": "park", "access": "yes", "operator": null, "wikipedia": null}}, {"type": "Feature", "geometry": {"type": "Point", "coordinates": [14.428271, 50.0678491]}, "properties": {"osm_id": 6826241, "osm_type": "relation", "name": "Folimanka", "leisure": "park", "access": "yes", "operator": null, "wikipedia": "cs:Folimanka"}}, {"type": "Feature", "geometry": {"type": "Point", "coordinates": [14.423808, 50.0821512]}, "properties": {"osm_id": 6830822, "osm_type": "relation", "name": "Františkánská zahrada", "leisure": "park", "access": "yes", "operator": null, "wikipedia": "cs:Františkánská zahrada"}}, {"type": "Feature", "geometry": {"type": "Point", "coordinates": [14.4010187, 50.0672866]}, "properties": {"osm_id": 6831074, "osm_type": "relation", "name": "sady Na Skalce", "leisure": "park", "access": "yes", "operator": null, "wikipedia": null}}, {"type": "Feature", "geometry": {"type": "Point", "coordinates": [14.4918472, 50.1107618]}, "properties": {"osm_id": 7048685, "osm_type": "relation", "name": "park Podviní", "leisure": "park", "access": "yes", "operator": null, "wikipedia": "cs:Park Podviní"}}, {"type": "Feature", "geometry": {"type": "Point", "coordinates": [14.3961118, 50.0853345]}, "properties": {"osm_id": 7078342, "osm_type": "relation", "name": "Lobkovická zahrada", "leisure": "park", "access": "yes", "operator": null, "wikipedia": "cs:Lobkovická zahrada"}}, {"type": "Feature", "geometry": {"type": "Point", "coordinates": [14.3730705, 50.0878339]}, "properties": {"osm_id": 7078840, "osm_type": "relation", "name": "Kajetánka", "leisure": "park", "access": "yes", "operator": null, "wikipedia": null}}, {"type": "Feature", "geometry": {"type": "Point", "coordinates": [14.3872394, 50.090733]}, "properties": {"osm_id": 7096099, "osm_type": "relation", "name": "park Maxe van der Stoela", "leisure": "park", "access": "yes", "operator": null, "wikipedia": "cs:Park Maxe van der Stoela"}}, {"type": "Feature", "geometry": {"type": "Point", "coordinates": [14.4503863, 50.0778765]}, "properties": {"osm_id": 7096716, "osm_type": "relation", "name": null, "leisure": "park", "access": "yes", "operator": null, "wikipedia": null}}, {"type": "Feature", "geometry": {"type": "Point", "coordinates": [14.4308229, 50.0849887]}, "properties": {"osm_id": 7098092, "osm_type": "relation", "name": null, "leisure": "park", "access": "yes", "operator": null, "wikipedia": null}}, {"type": "Feature", "geometry": {"type": "Point", "coordinates": [14.381178, 50.1062641]}, "properties": {"osm_id": 7208351, "osm_type": "relation", "name": "Centrální park Hanspaulka", "leisure": "park", "access": "yes", "operator": null, "wikipedia": null}}, {"type": "Feature", "geometry": {"type": "Point", "coordinates": [14.4462535, 50.0722966]}, "properties": {"osm_id": 7226694, "osm_type": "relation", "name": "Bezručovy sady", "leisure": "park", "access": "yes", "operator": null, "wikipedia": null}}, {"type": "Feature", "geometry": {"type": "Point", "coordinates": [14.4577876, 50.0464976]}, "properties": {"osm_id": 7285207, "osm_type": "relation", "name": null, "leisure": "park", "access": "yes", "operator": null, "wikipedia": null}}, {"type": "Feature", "geometry": {"type": "Point", "coordinates": [14.6245527, 50.0111517]}, "properties": {"osm_id": 7324628, "osm_type": "relation", "name": null, "leisure": "park", "access": "yes", "operator": null, "wikipedia": null}}, {"type": "Feature", "geometry": {"type": "Point", "coordinates": [14.3757647, 50.0575701]}, "properties": {"osm_id": 7340961, "osm_type": "relation", "name": "Park Waltrovka", "leisure": "park", "access": "yes", "operator": null, "wikipedia": null}}, {"type": "Feature", "geometry": {"type": "Point", "coordinates": [14.3993931, 50.1584597]}, "properties": {"osm_id": 7356609, "osm_type": "relation", "name": null, "leisure": "park", "access": "yes", "operator": null, "wikipedia": null}}, {"type": "Feature", "geometry": {"type": "Point", "coordinates": [14.3994384, 50.073822]}, "properties": {"osm_id": 7435424, "osm_type": "relation", "name": "Sacré Coeur", "leisure": "park", "access": "yes", "operator": null, "wikipedia": "cs:Sacré Coeur (park)"}}, {"type": "Feature", "geometry": {"type": "Point", "coordinates": [14.436443, 50.0754387]}, "properties": {"osm_id": 7439737, "osm_type": "relation", "name": null, "leisure": "park", "access": "yes", "operator": null, "wikipedia": null}}, {"type": "Feature", "geometry": {"type": "Point", "coordinates": [14.4412364, 50.0801793]}, "properties": {"osm_id": 7455148, "osm_type": "relation", "name": "Riegrovy sady", "leisure": "park", "access": "yes", "operator": null, "wikipedia": "cs:Riegrovy sady"}}, {"type": "Feature", "geometry": {"type": "Point", "coordinates": [14.4430499, 50.0822582]}, "properties": {"osm_id": 7455188, "osm_type": "relation", "name": "Rajská zahrada", "leisure": "park", "access": "yes", "operator": null, "wikipedia": "cs:Rajská zahrada (Žižkov)"}}, {"type": "Feature", "geometry": {"type": "Point", "coordinates": [14.4464816, 50.0766888]}, "properties": {"osm_id": 7455196, "osm_type": "relation", "name": "sady Svatopluka Čecha", "leisure": "park", "access": "yes", "operator": null, "wikipedia": "cs:Sady Svatopluka Čecha (Praha)"}}, {"type": "Feature", "geometry": {"type": "Point", "coordinates": [14.4476275, 50.0924505]}, "properties": {"osm_id": 7458052, "osm_type": "relation", "name": null, "leisure": "park", "access": "yes", "operator": null, "wikipedia": null}}, {"type": "Feature", "geometry": {"type": "Point", "coordinates": [14.458107, 50.093586]}, "properties": {"osm_id": 7458097, "osm_type": "relation", "name": null, "leisure": "park", "access": "yes", "operator": null, "wikipedia": null}}, {"type": "Feature", "geometry": {"type": "Point", "coordinates": [14.4315419, 50.0807003]}, "properties": {"osm_id": 7497960, "osm_type": "relation", "name": null, "leisure": "park", "access": "yes", "operator": null, "wikipedia": null}}, {"type": "Feature", "geometry": {"type": "Point", "coordinates": [14.4340336, 50.083533]}, "properties": {"osm_id": 7497961, "osm_type": "relation", "name": "Vrchlického sady", "leisure": "park", "access": "yes", "operator": null, "wikipedia": "cs:Vrchlického sady"}}, {"type": "Feature", "geometry": {"type": "Point", "coordinates": [14.4136018, 50.0829597]}, "properties": {"osm_id": 7502587, "osm_type": "relation", "name": "park Národního probuzení", "leisure": "park", "access": "yes", "operator": null, "wikipedia": null}}, {"type": "Feature", "geometry": {"type": "Point", "coordinates": [14.6897247, 50.1178106]}, "properties": {"osm_id": 7504770, "osm_type": "relation", "name": null, "leisure": "park", "access": "yes", "operator": null, "wikipedia": null}}, {"type": "Feature", "geometry": {"type": "Point", "coordinates": [14.3179333, 50.0713921]}, "properties": {"osm_id": 7630768, "osm_type": "relation", "name": null, "leisure": "park", "access": "yes", "operator": null, "wikipedia": null}}, {"type": "Feature", "geometry": {"type": "Point", "coordinates": [14.3596062, 50.0786102]}, "properties": {"osm_id": 7689700, "osm_type": "relation", "name": "park Ladronka", "leisure": "park", "access": "yes", "operator": null, "wikipedia": null}}, {"type": "Feature", "geometry": {"type": "Point", "coordinates": [14.4008803, 50.0646778]}, "properties": {"osm_id": 7745236, "osm_type": "relation", "name": "Santoška", "leisure": "park", "access": "yes", "operator": null, "wikipedia": null}}, {"type": "Feature", "geometry": {"type": "Point", "coordinates": [14.4063486, 50.0960295]}, "properties": {"osm_id": 7782974, "osm_type": "relation", "name": "park Charlotty Garrigue Masarykové", "leisure": "park", "access": "yes", "operator": null, "wikipedia": "cs:Park Charlotty G. Masarykové"}}, {"type": "Feature", "geometry": {"type": "Point", "coordinates": [14.4768581, 50.1015169]}, "properties": {"osm_id": 7784508, "osm_type": "relation", "name": "Palmovecký kopec", "leisure": "park", "access": "yes", "operator": null, "wikipedia": null}}, {"type": "Feature", "geometry": {"type": "Point", "coordinates": [14.4090761, 50.0783295]}, "properties": {"osm_id": 7826513, "osm_type": "relation", "name": null, "leisure": "park", "access": "yes", "operator": null, "wikipedia": null}}, {"type": "Feature", "geometry": {"type": "Point", "coordinates": [14.4100459, 50.0812111]}, "properties": {"osm_id": 7826515, "osm_type": "relation", "name": null, "leisure": "park", "access": "yes", "operator": null, "wikipedia": null}}, {"type": "Feature", "geometry": {"type": "Point", "coordinates": [14.4176621, 50.1067644]}, "properties": {"osm_id": 7835590, "osm_type": "relation", "name": "Královská obora", "leisure": "park", "access": "yes", "operator": null, "wikipedia": "cs:Královská obora"}}, {"type": "Feature", "geometry": {"type": "Point", "coordinates": [14.4998394, 50.0758445]}, "properties": {"osm_id": 7851139, "osm_type": "relation", "name": "park Na Solidaritě", "leisure": "park", "access": "yes", "operator": null, "wikipedia": null}}, {"type": "Feature", "geometry": {"type": "Point", "coordinates": [14.4770734, 50.0459611]}, "properties": {"osm_id": 8281631, "osm_type": "relation", "name": null, "leisure": "park", "access": "yes", "operator": null, "wikipedia": null}}, {"type": "Feature", "geometry": {"type": "Point", "coordinates": [14.478312, 50.044757]}, "properties": {"osm_id": 8281703, "osm_type": "relation", "name": null, "leisure": "park", "access": "yes", "operator": null, "wikipedia": null}}, {"type": "Feature", "geometry": {"type": "Point", "coordinates": [14.4689311, 50.0611581]}, "properties": {"osm_id": 8281721, "osm_type": "relation", "name": "park Františka Langera", "leisure": "park", "access": "yes", "operator": null, "wikipedia": null}}, {"type": "Feature", "geometry": {"type": "Point", "coordinates": [14.4314172, 50.0581353]}, "properties": {"osm_id": 8281760, "osm_type": "relation", "name": null, "leisure": "park", "access": "yes", "operator": null, "wikipedia": null}}, {"type": "Feature", "geometry": {"type": "Point", "coordinates": [14.43851, 50.0616213]}, "properties": {"osm_id": 8281854, "osm_type": "relation", "name": "Jiráskovy sady", "leisure": "park", "access": "yes", "operator": null, "wikipedia": null}}, {"type": "Feature", "geometry": {"type": "Point", "coordinates": [14.4319035, 50.0496]}, "properties": {"osm_id": 8282103, "osm_type": "relation", "name": "Centrální park", "leisure": "park", "access": "yes", "operator": null, "wikipedia": null}}, {"type": "Feature", "geometry": {"type": "Point", "coordinates": [14.4498477, 50.0128434]}, "properties": {"osm_id": 8306641, "osm_type": "relation", "name": "park U Zahrádkářské kolonie", "leisure": "park", "access": "yes", "operator": null, "wikipedia": null}}, {"type": "Feature", "geometry": {"type": "Point", "coordinates": [14.5168866, 50.0292346]}, "properties": {"osm_id": 8342935, "osm_type": "relation", "name": null, "leisure": "park", "access": "yes", "operator": null, "wikipedia": null}}, {"type": "Feature", "geometry": {"type": "Point", "coordinates": [14.497705, 50.0357661]}, "properties": {"osm_id": 8343693, "osm_type": "relation", "name": "Park u Chodovské vodní tvrze", "leisure": "park", "access": "permissive", "operator": null, "wikipedia": null}}, {"type": "Feature", "geometry": {"type": "Point", "coordinates": [14.5860547, 50.1262816]}, "properties": {"osm_id": 9082087, "osm_type": "relation", "name": null, "leisure": "park", "access": "yes", "operator": null, "wikipedia": null}}, {"type": "Feature", "geometry": {"type": "Point", "coordinates": [14.5575684, 50.1338028]}, "properties": {"osm_id": 9342772, "osm_type": "relation", "name": null, "leisure": "park", "access": "yes", "operator": null, "wikipedia": null}}, {"type": "Feature", "geometry": {"type": "Point", "coordinates": [14.4636324, 50.1304245]}, "properties": {"osm_id": 9374610, "osm_type": "relation", "name": null, "leisure": "park", "access": "yes", "operator": null, "wikipedia": null}}, {"type": "Feature", "geometry": {"type": "Point", "coordinates": [14.2809771, 50.0634666]}, "properties": {"osm_id": 9510065, "osm_type": "relation", "name": null, "leisure": "park", "access": "yes", "operator": null, "wikipedia": null}}, {"type": "Feature", "geometry": {"type": "Point", "coordinates": [14.5494837, 50.1401011]}, "properties": {"osm_id": 9984467, "osm_type": "relation", "name": null, "leisure": "park", "access": "yes", "operator": null, "wikipedia": null}}, {"type": "Feature", "geometry": {"type": "Point", "coordinates": [14.3981931, 50.0784723]}, "properties": {"osm_id": 10507680, "osm_type": "relation", "name": "Kinského zahrada", "leisure": "park", "access": "yes", "operator": null, "wikipedia": "cs:Kinského zahrada"}}, {"type": "Feature", "geometry": {"type": "Point", "coordinates": [14.4555855, 50.0896617]}, "properties": {"osm_id": 11123952, "osm_type": "relation", "name": "Park Vrch Vítkov", "leisure": "park", "access": "yes", "operator": null, "wikipedia": null}}, {"type": "Feature", "geometry": {"type": "Point", "coordinates": [14.4779387, 50.0775478]}, "properties": {"osm_id": 11287330, "osm_type": "relation", "name": null, "leisure": "park", "access": "yes", "operator": null, "wikipedia": null}}, {"type": "Feature", "geometry": {"type": "Point", "coordinates": [14.4043796, 50.004059]}, "properties": {"osm_id": 11301384, "osm_type": "relation", "name": null, "leisure": "park", "access": "yes", "operator": null, "wikipedia": null}}, {"type": "Feature", "geometry": {"type": "Point", "coordinates": [14.485326, 50.1656217]}, "properties": {"osm_id": 11347591, "osm_type": "relation", "name": null, "leisure": "park", "access": "yes", "operator": null, "wikipedia": null}}, {"type": "Feature", "geometry": {"type": "Point", "coordinates": [14.5585496, 50.1081557]}, "properties": {"osm_id": 11370850, "osm_type": "relation", "name": null, "leisure": "park", "access": "yes", "operator": null, "wikipedia": null}}, {"type": "Feature", "geometry": {"type": "Point", "coordinates": [14.5766632, 50.0996079]}, "properties": {"osm_id": 11645696, "osm_type": "relation", "name": "U Čeňku", "leisure": "park", "access": "yes", "operator": null, "wikipedia": null}}, {"type": "Feature", "geometry": {"type": "Point", "coordinates": [14.4671201, 50.1087428]}, "properties": {"osm_id": 11885633, "osm_type": "relation", "name": "Thomayerovy sady", "leisure": "park", "access": "yes", "operator": null, "wikipedia": "cs:Thomayerovy sady"}}, {"type": "Feature", "geometry": {"type": "Point", "coordinates": [14.427839, 50.0964561]}, "properties": {"osm_id": 12271961, "osm_type": "relation", "name": "Letenské sady", "leisure": "park", "access": "yes", "operator": null, "wikipedia": "cs:Letenské sady"}}, {"type": "Feature", "geometry": {"type": "Point", "coordinates": [14.5262629, 49.981011]}, "properties": {"osm_id": 12566983, "osm_type": "relation", "name": null, "leisure": "park", "access": "yes", "operator": null, "wikipedia": null}}, {"type": "Feature", "geometry": {"type": "Point", "coordinates": [14.5233592, 49.973396]}, "properties": {"osm_id": 12574991, "osm_type": "relation", "name": null, "leisure": "park", "access": "yes", "operator": null, "wikipedia": null}}, {"type": "Feature", "geometry": {"type": "Point", "coordinates": [14.5241356, 50.1620757]}, "properties": {"osm_id": 12915424, "osm_type": "relation", "name": null, "leisure": "park", "access": "yes", "operator": null, "wikipedia": null}}, {"type": "Feature", "geometry": {"type": "Point", "coordinates": [14.3990411, 50.1067422]}, "properties": {"osm_id": 13216212, "osm_type": "relation", "name": "Generála Lázaro Cárdenase", "leisure": "park", "access": "yes", "operator": null, "wikipedia": null}}, {"type": "Feature", "geometry": {"type": "Point", "coordinates": [14.3425786, 50.1121739]}, "properties": {"osm_id": 13313843, "osm_type": "relation", "name": null, "leisure": "park", "access": "yes", "operator": null, "wikipedia": null}}, {"type": "Feature", "geometry": {"type": "Point", "coordinates": [14.4079811, 50.0838661]}, "properties": {"osm_id": 13480459, "osm_type": "relation", "name": "Kampa", "leisure": "park", "access": "yes", "operator": null, "wikipedia": "cs:Park Kampa"}}, {"type": "Feature", "geometry": {"type": "Point", "coordinates": [14.4228876, 50.0825098]}, "properties": {"osm_id": 13511371, "osm_type": "relation", "name": null, "leisure": "park", "access": "yes", "operator": null, "wikipedia": null}}, {"type": "Feature", "geometry": {"type": "Point", "coordinates": [14.4292366, 50.0683372]}, "properties": {"osm_id": 13532420, "osm_type": "relation", "name": null, "leisure": "park", "access": "yes", "operator": null, "wikipedia": null}}, {"type": "Feature", "geometry": {"type": "Point", "coordinates": [14.4396085, 50.1099169]}, "properties": {"osm_id": 13827131, "osm_type": "relation", "name": null, "leisure": "park", "access": "yes", "operator": null, "wikipedia": null}}, {"type": "Feature", "geometry": {"type": "Point", "coordinates": [14.4484685, 50.1016599]}, "properties": {"osm_id": 13835949, "osm_type": "relation", "name": null, "leisure": "park", "access": "yes", "operator": null, "wikipedia": null}}, {"type": "Feature", "geometry": {"type": "Point", "coordinates": [14.4571784, 50.1018893]}, "properties": {"osm_id": 13835950, "osm_type": "relation", "name": "Ladislavův park", "leisure": "park", "access": "yes", "operator": null, "wikipedia": null}}, {"type": "Feature", "geometry": {"type": "Point", "coordinates": [14.3935035, 50.1055649]}, "properties": {"osm_id": 13907193, "osm_type": "relation", "name": null, "leisure": "park", "access": "yes", "operator": null, "wikipedia": null}}, {"type": "Feature", "geometry": {"type": "Point", "coordinates": [14.3901981, 50.1044514]}, "properties": {"osm_id": 13909097, "osm_type": "relation", "name": "park Indíry Gándhíové", "leisure": "park", "access": "yes", "operator": null, "wikipedia": null}}, {"type": "Feature", "geometry": {"type": "Point", "coordinates": [14.3960482, 50.1028837]}, "properties": {"osm_id": 14022340, "osm_type": "relation", "name": "Park v ulici Rooseveltova", "leisure": "park", "access": "yes", "operator": null, "wikipedia": "cs:Park v ulici Rooseveltova"}}, {"type": "Feature", "geometry": {"type": "Point", "coordinates": [14.4060757, 50.0733893]}, "properties": {"osm_id": 14057311, "osm_type": "relation", "name": null, "leisure": "park", "access": "yes", "operator": null, "wikipedia": null}}, {"type": "Feature", "geometry": {"type": "Point", "coordinates": [14.4217167, 50.0622537]}, "properties": {"osm_id": 14077360, "osm_type": "relation", "name": null, "leisure": "park", "access": "yes", "operator": null, "wikipedia": null}}, {"type": "Feature", "geometry": {"type": "Point", "coordinates": [14.4786741, 50.0888635]}, "properties": {"osm_id": 14102675, "osm_type": "relation", "name": "Židovské pece", "leisure": "park", "access": "yes", "operator": null, "wikipedia": null}}, {"type": "Feature", "geometry": {"type": "Point", "coordinates": [14.4480323, 50.0858579]}, "properties": {"osm_id": 14130027, "osm_type": "relation", "name": "Kostnické náměstí", "leisure": "park", "access": "yes", "operator": null, "wikipedia": null}}, {"type": "Feature", "geometry": {"type": "Point", "coordinates": [14.4322902, 50.0747217]}, "properties": {"osm_id": 14172786, "osm_type": "relation", "name": null, "leisure": "park", "access": "yes", "operator": null, "wikipedia": null}}, {"type": "Feature", "geometry": {"type": "Point", "coordinates": [14.4444279, 50.068917]}, "properties": {"osm_id": 14172787, "osm_type": "relation", "name": "Havlíčkovy sady", "leisure": "park", "access": "yes", "operator": null, "wikipedia": "cs:Havlíčkovy sady"}}, {"type": "Feature", "geometry": {"type": "Point", "coordinates": [14.4860532, 50.0746722]}, "properties": {"osm_id": 14183303, "osm_type": "relation", "name": "Park Františka Suchého", "leisure": "park", "access": "yes", "operator": null, "wikipedia": null}}, {"type": "Feature", "geometry": {"type": "Point", "coordinates": [14.4486655, 50.0652884]}, "properties": {"osm_id": 14193291, "osm_type": "relation", "name": null, "leisure": "park", "access": "yes", "operator": null, "wikipedia": null}}, {"type": "Feature", "geometry": {"type": "Point", "coordinates": [14.4592707, 50.0685806]}, "properties": {"osm_id": 14193304, "osm_type": "relation", "name": null, "leisure": "park", "access": "yes", "operator": null, "wikipedia": null}}, {"type": "Feature", "geometry": {"type": "Point", "coordinates": [14.4461955, 50.0573742]}, "properties": {"osm_id": 14207867, "osm_type": "relation", "name": "Jezerka", "leisure": "park", "access": "yes", "operator": null, "wikipedia": null}}, {"type": "Feature", "geometry": {"type": "Point", "coordinates": [14.419346, 50.0554509]}, "properties": {"osm_id": 14220455, "osm_type": "relation", "name": "Antonína Engela", "leisure": "park", "access": "yes", "operator": null, "wikipedia": null}}, {"type": "Feature", "geometry": {"type": "Point", "coordinates": [14.3769772, 50.0717609]}, "properties": {"osm_id": 14236626, "osm_type": "relation", "name": "Klamovka", "leisure": "park", "access": "yes", "operator": null, "wikipedia": null}}, {"type": "Feature", "geometry": {"type": "Point", "coordinates": [14.4014277, 50.0817028]}, "properties": {"osm_id": 14239610, "osm_type": "relation", "name": "Petřínské sady – zahrada Nebozízek", "leisure": "park", "access": "yes", "operator": null, "wikipedia": "cs:Zahrada Nebozízek"}}, {"type": "Feature", "geometry": {"type": "Point", "coordinates": [14.3965176, 50.0815368]}, "properties": {"osm_id": 14239611, "osm_type": "relation", "name": "Růžový sad", "leisure": "park", "access": "yes", "operator": null, "wikipedia": "cs:Růžový sad na Petříně"}}, {"type": "Feature", "geometry": {"type": "Point", "coordinates": [14.3997521, 50.0839275]}, "properties": {"osm_id": 14239612, "osm_type": "relation", "name": "Petřínské sady – Seminářská zahrada", "leisure": "park", "access": "yes", "operator": null, "wikipedia": "cs:Seminářská zahrada"}}, {"type": "Feature", "geometry": {"type": "Point", "coordinates": [14.3955343, 50.0832033]}, "properties": {"osm_id": 14239613, "osm_type": "relation", "name": "Park u petřínské rozhledny", "leisure": "park", "access": "yes", "operator": null, "wikipedia": "cs:Park u petřínské rozhledny"}}, {"type": "Feature", "geometry": {"type": "Point", "coordinates": [14.4050143, 50.076382]}, "properties": {"osm_id": 14239615, "osm_type": "relation", "name": null, "leisure": "park", "access": "yes", "operator": null, "wikipedia": null}}, {"type": "Feature", "geometry": {"type": "Point", "coordinates": [14.3894659, 50.0700953]}, "properties": {"osm_id": 14287425, "osm_type": "relation", "name": "Husovy sady", "leisure": "park", "access": "yes", "operator": null, "wikipedia": "cs:Husovy sady (Praha)"}}, {"type": "Feature", "geometry": {"type": "Point", "coordinates": [14.3550493, 50.0741086]}, "properties": {"osm_id": 14308468, "osm_type": "relation", "name": null, "leisure": "park", "access": "yes", "operator": null, "wikipedia": null}}, {"type": "Feature", "geometry": {"type": "Point", "coordinates": [14.3383238, 50.0772449]}, "properties": {"osm_id": 14308474, "osm_type": "relation", "name": null, "leisure": "park", "access": "yes", "operator": null, "wikipedia": null}}, {"type": "Feature", "geometry": {"type": "Point", "coordinates": [14.3800956, 50.0845326]}, "properties": {"osm_id": 14316699, "osm_type": "relation", "name": null, "leisure": "park", "access": "yes", "operator": null, "wikipedia": null}}, {"type": "Feature", "geometry": {"type": "Point", "coordinates": [14.3875568, 50.0933925]}, "properties": {"osm_id": 14341783, "osm_type": "relation", "name": null, "leisure": "park", "access": "yes", "operator": null, "wikipedia": null}}, {"type": "Feature", "geometry": {"type": "Point", "coordinates": [14.3727237, 50.0909624]}, "properties": {"osm_id": 14341791, "osm_type": "relation", "name": null, "leisure": "park", "access": "yes", "operator": null, "wikipedia": null}}, {"type": "Feature", "geometry": {"type": "Point", "coordinates": [14.3951165, 50.0941019]}, "properties": {"osm_id": 14341823, "osm_type": "relation", "name": "Park Marie Terezie", "leisure": "park", "access": "yes", "operator": null, "wikipedia": null}}, {"type": "Feature", "geometry": {"type": "Point", "coordinates": [14.3479279, 50.094429]}, "properties": {"osm_id": 14348108, "osm_type": "relation", "name": null, "leisure": "park", "access": "yes", "operator": null, "wikipedia": null}}, {"type": "Feature", "geometry": {"type": "Point", "coordinates": [14.4729566, 50.1265171]}, "properties": {"osm_id": 14470410, "osm_type": "relation", "name": null, "leisure": "park", "access": "yes", "operator": null, "wikipedia": null}}, {"type": "Feature", "geometry": {"type": "Point", "coordinates": [14.4708268, 50.1127554]}, "properties": {"osm_id": 14470433, "osm_type": "relation", "name": "park Pod Korábem", "leisure": "park", "access": "yes", "operator": null, "wikipedia": null}}, {"type": "Feature", "geometry": {"type": "Point", "coordinates": [14.4941924, 50.1092017]}, "properties": {"osm_id": 14470450, "osm_type": "relation", "name": null, "leisure": "park", "access": "yes", "operator": null, "wikipedia": null}}, {"type": "Feature", "geometry": {"type": "Point", "coordinates": [14.4509688, 50.1255697]}, "properties": {"osm_id": 14540452, "osm_type": "relation", "name": null, "leisure": "park", "access": "yes", "operator": null, "wikipedia": null}}, {"type": "Feature", "geometry": {"type": "Point", "coordinates": [14.4618358, 50.13097]}, "properties": {"osm_id": 14540508, "osm_type": "relation", "name": null, "leisure": "park", "access": "yes", "operator": null, "wikipedia": null}}, {"type": "Feature", "geometry": {"type": "Point", "coordinates": [14.4757654, 50.1297345]}, "properties": {"osm_id": 14540517, "osm_type": "relation", "name": null, "leisure": "park", "access": "yes", "operator": null, "wikipedia": null}}, {"type": "Feature", "geometry": {"type": "Point", "coordinates": [14.4770871, 50.1317059]}, "properties": {"osm_id": 14540519, "osm_type": "relation", "name": null, "leisure": "park", "access": "yes", "operator": null, "wikipedia": null}}, {"type": "Feature", "geometry": {"type": "Point", "coordinates": [14.4709834, 50.129818]}, "properties": {"osm_id": 14540520, "osm_type": "relation", "name": null, "leisure": "park", "access": "yes", "operator": null, "wikipedia": null}}, {"type": "Feature", "geometry": {"type": "Point", "coordinates": [14.4715561, 50.128855]}, "properties": {"osm_id": 14554612, "osm_type": "relation", "name": null, "leisure": "park", "access": "yes", "operator": null, "wikipedia": null}}, {"type": "Feature", "geometry": {"type": "Point", "coordinates": [14.4526973, 50.1280289]}, "properties": {"osm_id": 14554615, "osm_type": "relation", "name": null, "leisure": "park", "access": "yes", "operator": null, "wikipedia": null}}, {"type": "Feature", "geometry": {"type": "Point", "coordinates": [14.455001, 50.1300675]}, "properties": {"osm_id": 14554617, "osm_type": "relation", "name": null, "leisure": "park", "access": "yes", "operator": null, "wikipedia": null}}, {"type": "Feature", "geometry": {"type": "Point", "coordinates": [14.4939858, 50.1235819]}, "properties": {"osm_id": 14569793, "osm_type": "relation", "name": "park Přátelství", "leisure": "park", "access": "yes", "operator": null, "wikipedia": null}}, {"type": "Feature", "geometry": {"type": "Point", "coordinates": [14.4944717, 50.123105]}, "properties": {"osm_id": 14569794, "osm_type": "relation", "name": null, "leisure": "park", "access": "yes", "operator": null, "wikipedia": null}}, {"type": "Feature", "geometry": {"type": "Point", "coordinates": [14.5011924, 50.1177082]}, "properties": {"osm_id": 14596647, "osm_type": "relation", "name": "park Srdce", "leisure": "park", "access": "yes", "operator": null, "wikipedia": null}}, {"type": "Feature", "geometry": {"type": "Point", "coordinates": [14.499138, 50.118925]}, "properties": {"osm_id": 14596658, "osm_type": "relation", "name": null, "leisure": "park", "access": "yes", "operator": null, "wikipedia": null}}, {"type": "Feature", "geometry": {"type": "Point", "coordinates": [14.5089973, 50.0937311]}, "properties": {"osm_id": 14615477, "osm_type": "relation", "name": null, "leisure": "park", "access": "yes", "operator": null, "wikipedia": null}}, {"type": "Feature", "geometry": {"type": "Point", "coordinates": [14.4989919, 50.0845682]}, "properties": {"osm_id": 14688631, "osm_type": "relation", "name": "Malešický park", "leisure": "park", "access": "yes", "operator": null, "wikipedia": null}}, {"type": "Feature", "geometry": {"type": "Point", "coordinates": [14.511588, 50.0848995]}, "properties": {"osm_id": 14688638, "osm_type": "relation", "name": null, "leisure": "park", "access": "yes", "operator": null, "wikipedia": null}}, {"type": "Feature", "geometry": {"type": "Point", "coordinates": [14.5089292, 50.0844874]}, "properties": {"osm_id": 14688654, "osm_type": "relation", "name": null, "leisure": "park", "access": "yes", "operator": null, "wikipedia": null}}, {"type": "Feature", "geometry": {"type": "Point", "coordinates": [14.5209971, 50.1068955]}, "properties": {"osm_id": 14716737, "osm_type": "relation", "name": "Rokytka", "leisure": "park", "access": "yes", "operator": null, "wikipedia": null}}, {"type": "Feature", "geometry": {"type": "Point", "coordinates": [14.4871276, 50.0779704]}, "properties": {"osm_id": 14721036, "osm_type": "relation", "name": null, "leisure": "park", "access": "yes", "operator": null, "wikipedia": null}}, {"type": "Feature", "geometry": {"type": "Point", "coordinates": [14.4985673, 50.0732395]}, "properties": {"osm_id": 14721127, "osm_type": "relation", "name": null, "leisure": "park", "access": "yes", "operator": null, "wikipedia": null}}, {"type": "Feature", "geometry": {"type": "Point", "coordinates": [14.4949497, 50.0708495]}, "properties": {"osm_id": 14769994, "osm_type": "relation", "name": null, "leisure": "park", "access": "yes", "operator": null, "wikipedia": null}}, {"type": "Feature", "geometry": {"type": "Point", "coordinates": [14.4571889, 50.0476082]}, "properties": {"osm_id": 14887039, "osm_type": "relation", "name": null, "leisure": "park", "access": "yes", "operator": null, "wikipedia": null}}, {"type": "Feature", "geometry": {"type": "Point", "coordinates": [14.6147278, 50.1116799]}, "properties": {"osm_id": 14897161, "osm_type": "relation", "name": "Park Poznání", "leisure": "park", "access": "yes", "operator": null, "wikipedia": null}}, {"type": "Feature", "geometry": {"type": "Point", "coordinates": [14.5016856, 50.0570796]}, "properties": {"osm_id": 14943056, "osm_type": "relation", "name": null, "leisure": "park", "access": "yes", "operator": null, "wikipedia": null}}, {"type": "Feature", "geometry": {"type": "Point", "coordinates": [14.5050134, 50.0569812]}, "properties": {"osm_id": 14943057, "osm_type": "relation", "name": "Park Malinová-Chrpová", "leisure": "park", "access": "yes", "operator": null, "wikipedia": null}}, {"type": "Feature", "geometry": {"type": "Point", "coordinates": [14.4048322, 50.0072892]}, "properties": {"osm_id": 14955539, "osm_type": "relation", "name": null, "leisure": "park", "access": "yes", "operator": null, "wikipedia": null}}, {"type": "Feature", "geometry": {"type": "Point", "coordinates": [14.3682756, 50.1302017]}, "properties": {"osm_id": 14964392, "osm_type": "relation", "name": "Libosad", "leisure": "park", "access": "yes", "operator": "Fakulta agrobiologie, potravinových a přírodních zdrojů, Česká zemědělská univerzita v Praze", "wikipedia": null}}, {"type": "Feature", "geometry": {"type": "Point", "coordinates": [14.3958753, 50.1059658]}, "properties": {"osm_id": 15322190, "osm_type": "relation", "name": "náměstí Interbrigády", "leisure": "park", "access": "yes", "operator": null, "wikipedia": null}}, {"type": "Feature", "geometry": {"type": "Point", "coordinates": [14.4113271, 50.0418653]}, "properties": {"osm_id": 15408127, "osm_type": "relation", "name": null, "leisure": "park", "access": "yes", "operator": null, "wikipedia": null}}, {"type": "Feature", "geometry": {"type": "Point", "coordinates": [14.4231109, 50.0345119]}, "properties": {"osm_id": 15408147, "osm_type": "relation", "name": null, "leisure": "park", "access": "yes", "operator": null, "wikipedia": null}}, {"type": "Feature", "geometry": {"type": "Point", "coordinates": [14.4209203, 50.0400166]}, "properties": {"osm_id": 15408195, "osm_type": "relation", "name": null, "leisure": "park", "access": "yes", "operator": null, "wikipedia": null}}, {"type": "Feature", "geometry": {"type": "Point", "coordinates": [14.4158944, 50.0277251]}, "properties": {"osm_id": 15408219, "osm_type": "relation", "name": null, "leisure": "park", "access": "yes", "operator": null, "wikipedia": null}}, {"type": "Feature", "geometry": {"type": "Point", "coordinates": [14.4276172, 50.0240675]}, "properties": {"osm_id": 15408246, "osm_type": "relation", "name": null, "leisure": "park", "access": "yes", "operator": null, "wikipedia": null}}, {"type": "Feature", "geometry": {"type": "Point", "coordinates": [14.5062877, 50.0356713]}, "properties": {"osm_id": 16251467, "osm_type": "relation", "name": null, "leisure": "park", "access": "yes", "operator": null, "wikipedia": null}}, {"type": "Feature", "geometry": {"type": "Point", "coordinates": [14.4139697, 50.0879367]}, "properties": {"osm_id": 16919620, "osm_type": "relation", "name": null, "leisure": "park", "access": "yes", "operator": null, "wikipedia": null}}, {"type": "Feature", "geometry": {"type": "Point", "coordinates": [14.3528665, 50.0554948]}, "properties": {"osm_id": 17053015, "osm_type": "relation", "name": null, "leisure": "park", "access": "yes", "operator": null, "wikipedia": null}}, {"type": "Feature", "geometry": {"type": "Point", "coordinates": [14.3546156, 50.0465353]}, "properties": {"osm_id": 17053052, "osm_type": "relation", "name": null, "leisure": "park", "access": "yes", "operator": null, "wikipedia": null}}, {"type": "Feature", "geometry": {"type": "Point", "coordinates": [14.5175471, 50.107108]}, "properties": {"osm_id": 17058890, "osm_type": "relation", "name": null, "leisure": "park", "access": "yes", "operator": null, "wikipedia": null}}, {"type": "Feature", "geometry": {"type": "Point", "coordinates": [14.3111985, 50.0488835]}, "properties": {"osm_id": 17078523, "osm_type": "relation", "name": null, "leisure": "park", "access": "yes", "operator": null, "wikipedia": null}}, {"type": "Feature", "geometry": {"type": "Point", "coordinates": [14.305351, 50.0476417]}, "properties": {"osm_id": 17078531, "osm_type": "relation", "name": null, "leisure": "park", "access": "yes", "operator": null, "wikipedia": null}}, {"type": "Feature", "geometry": {"type": "Point", "coordinates": [14.3035547, 50.0464212]}, "properties": {"osm_id": 17078532, "osm_type": "relation", "name": null, "leisure": "park", "access": "yes", "operator": null, "wikipedia": null}}, {"type": "Feature", "geometry": {"type": "Point", "coordinates": [14.3152909, 50.0507794]}, "properties": {"osm_id": 17078548, "osm_type": "relation", "name": "Panská zahrada", "leisure": "park", "access": "yes", "operator": null, "wikipedia": null}}, {"type": "Feature", "geometry": {"type": "Point", "coordinates": [14.3296336, 50.047416]}, "properties": {"osm_id": 17078602, "osm_type": "relation", "name": "Centrální park", "leisure": "park", "access": "yes", "operator": null, "wikipedia": null}}, {"type": "Feature", "geometry": {"type": "Point", "coordinates": [14.331863, 50.0368985]}, "properties": {"osm_id": 17078619, "osm_type": "relation", "name": "Dalejský park", "leisure": "park", "access": "yes", "operator": null, "wikipedia": null}}, {"type": "Feature", "geometry": {"type": "Point", "coordinates": [14.2936802, 50.0504801]}, "properties": {"osm_id": 17163860, "osm_type": "relation", "name": null, "leisure": "park", "access": "yes", "operator": "McDonald's Zličín", "wikipedia": null}}, {"type": "Feature", "geometry": {"type": "Point", "coordinates": [14.2854627, 50.0612117]}, "properties": {"osm_id": 17178119, "osm_type": "relation", "name": "park Na Prameništi", "leisure": "park", "access": "yes", "operator": null, "wikipedia": null}}, {"type": "Feature", "geometry": {"type": "Point", "coordinates": [14.2856862, 50.0582775]}, "properties": {"osm_id": 17178127, "osm_type": "relation", "name": null, "leisure": "park", "access": "yes", "operator": null, "wikipedia": null}}, {"type": "Feature", "geometry": {"type": "Point", "coordinates": [14.3021235, 50.0631985]}, "properties": {"osm_id": 17192354, "osm_type": "relation", "name": null, "leisure": "park", "access": "yes", "operator": null, "wikipedia": null}}, {"type": "Feature", "geometry": {"type": "Point", "coordinates": [14.3144125, 50.0785047]}, "properties": {"osm_id": 17228678, "osm_type": "relation", "name": null, "leisure": "park", "access": "private", "operator": null, "wikipedia": null}}, {"type": "Feature", "geometry": {"type": "Point", "coordinates": [14.4240617, 50.1321222]}, "properties": {"osm_id": 17273461, "osm_type": "relation", "name": null, "leisure": "park", "access": "yes", "operator": null, "wikipedia": null}}, {"type": "Feature", "geometry": {"type": "Point", "coordinates": [14.4281958, 50.1403745]}, "properties": {"osm_id": 17315404, "osm_type": "relation", "name": null, "leisure": "park", "access": "yes", "operator": null, "wikipedia": null}}, {"type": "Feature", "geometry": {"type": "Point", "coordinates": [14.4467542, 50.1402007]}, "properties": {"osm_id": 17326290, "osm_type": "relation", "name": null, "leisure": "park", "access": "yes", "operator": null, "wikipedia": null}}, {"type": "Feature", "geometry": {"type": "Point", "coordinates": [14.4522562, 50.1391647]}, "properties": {"osm_id": 17326309, "osm_type": "relation", "name": null, "leisure": "park", "access": "yes", "operator": null, "wikipedia": null}}, {"type": "Feature", "geometry": {"type": "Point", "coordinates": [14.4843569, 50.1412461]}, "properties": {"osm_id": 17338752, "osm_type": "relation", "name": null, "leisure": "park", "access": "yes", "operator": null, "wikipedia": null}}, {"type": "Feature", "geometry": {"type": "Point", "coordinates": [14.5233799, 50.143009]}, "properties": {"osm_id": 17356645, "osm_type": "relation", "name": null, "leisure": "park", "access": "yes", "operator": null, "wikipedia": null}}, {"type": "Feature", "geometry": {"type": "Point", "coordinates": [14.5045978, 50.1360565]}, "properties": {"osm_id": 17356659, "osm_type": "relation", "name": null, "leisure": "park", "access": "yes", "operator": null, "wikipedia": null}}, {"type": "Feature", "geometry": {"type": "Point", "coordinates": [14.514338, 50.1389984]}, "properties": {"osm_id": 17356679, "osm_type": "relation", "name": null, "leisure": "park", "access": "yes", "operator": null, "wikipedia": null}}, {"type": "Feature", "geometry": {"type": "Point", "coordinates": [14.5221134, 50.1519876]}, "properties": {"osm_id": 17367808, "osm_type": "relation", "name": null, "leisure": "park", "access": "yes", "operator": null, "wikipedia": null}}, {"type": "Feature", "geometry": {"type": "Point", "coordinates": [14.5206275, 50.1510672]}, "properties": {"osm_id": 17367809, "osm_type": "relation", "name": "sady Husitské revoluce", "leisure": "park", "access": "yes", "operator": null, "wikipedia": null}}, {"type": "Feature", "geometry": {"type": "Point", "coordinates": [14.5329913, 50.028971]}, "properties": {"osm_id": 17469571, "osm_type": "relation", "name": "Park Křitinská", "leisure": "park", "access": "yes", "operator": null, "wikipedia": null}}, {"type": "Feature", "geometry": {"type": "Point", "coordinates": [14.5497165, 50.1329445]}, "properties": {"osm_id": 17469991, "osm_type": "relation", "name": null, "leisure": "park", "access": "yes", "operator": null, "wikipedia": null}}, {"type": "Feature", "geometry": {"type": "Point", "coordinates": [14.5533974, 50.1336244]}, "properties": {"osm_id": 17469992, "osm_type": "relation", "name": "Centrální park Kbely", "leisure": "park", "access": "yes", "operator": null, "wikipedia": null}}, {"type": "Feature", "geometry": {"type": "Point", "coordinates": [14.5547714, 50.1364629]}, "properties": {"osm_id": 17470002, "osm_type": "relation", "name": null, "leisure": "park", "access": "yes", "operator": null, "wikipedia": null}}, {"type": "Feature", "geometry": {"type": "Point", "coordinates": [14.5673407, 50.1256856]}, "properties": {"osm_id": 17483879, "osm_type": "relation", "name": null, "leisure": "park", "access": "yes", "operator": null, "wikipedia": null}}, {"type": "Feature", "geometry": {"type": "Point", "coordinates": [14.5358906, 50.0312207]}, "properties": {"osm_id": 17485918, "osm_type": "relation", "name": null, "leisure": "park", "access": "yes", "operator": null, "wikipedia": null}}, {"type": "Feature", "geometry": {"type": "Point", "coordinates": [14.540833, 50.1071006]}, "properties": {"osm_id": 17494209, "osm_type": "relation", "name": null, "leisure": "park", "access": "yes", "operator": null, "wikipedia": null}}, {"type": "Feature", "geometry": {"type": "Point", "coordinates": [14.5687654, 50.1065768]}, "properties": {"osm_id": 17507629, "osm_type": "relation", "name": null, "leisure": "park", "access": "yes", "operator": null, "wikipedia": null}}, {"type": "Feature", "geometry": {"type": "Point", "coordinates": [14.5806393, 50.1082988]}, "properties": {"osm_id": 17507632, "osm_type": "relation", "name": null, "leisure": "park", "access": "yes", "operator": null, "wikipedia": null}}, {"type": "Feature", "geometry": {"type": "Point", "coordinates": [14.5640321, 50.1047262]}, "properties": {"osm_id": 17507652, "osm_type": "relation", "name": null, "leisure": "park", "access": "yes", "operator": null, "wikipedia": null}}, {"type": "Feature", "geometry": {"type": "Point", "coordinates": [14.5598901, 50.0913805]}, "properties": {"osm_id": 17510398, "osm_type": "relation", "name": "park Pilská", "leisure": "park", "access": "yes", "operator": null, "wikipedia": null}}, {"type": "Feature", "geometry": {"type": "Point", "coordinates": [14.5507082, 50.0704518]}, "properties": {"osm_id": 17519615, "osm_type": "relation", "name": null, "leisure": "park", "access": "yes", "operator": null, "wikipedia": null}}, {"type": "Feature", "geometry": {"type": "Point", "coordinates": [14.5456037, 50.069248]}, "properties": {"osm_id": 17519642, "osm_type": "relation", "name": "Park Hrušov", "leisure": "park", "access": "yes", "operator": null, "wikipedia": null}}, {"type": "Feature", "geometry": {"type": "Point", "coordinates": [14.5250146, 50.0525904]}, "properties": {"osm_id": 17532205, "osm_type": "relation", "name": null, "leisure": "park", "access": "yes", "operator": null, "wikipedia": null}}, {"type": "Feature", "geometry": {"type": "Point", "coordinates": [14.5649299, 50.040159]}, "properties": {"osm_id": 17550153, "osm_type": "relation", "name": null, "leisure": "park", "access": "yes", "operator": null, "wikipedia": null}}, {"type": "Feature", "geometry": {"type": "Point", "coordinates": [14.6002054, 50.0319745]}, "properties": {"osm_id": 17553631, "osm_type": "relation", "name": null, "leisure": "park", "access": "yes", "operator": null, "wikipedia": null}}, {"type": "Feature", "geometry": {"type": "Point", "coordinates": [14.5040002, 50.0393979]}, "properties": {"osm_id": 17588726, "osm_type": "relation", "name": null, "leisure": "park", "access": "yes", "operator": null, "wikipedia": null}}, {"type": "Feature", "geometry": {"type": "Point", "coordinates": [14.4944343, 50.0283374]}, "properties": {"osm_id": 17588790, "osm_type": "relation", "name": null, "leisure": "park", "access": "yes", "operator": null, "wikipedia": null}}, {"type": "Feature", "geometry": {"type": "Point", "coordinates": [14.4889898, 50.0289042]}, "properties": {"osm_id": 17588791, "osm_type": "relation", "name": null, "leisure": "park", "access": "yes", "operator": null, "wikipedia": null}}, {"type": "Feature", "geometry": {"type": "Point", "coordinates": [14.4942334, 50.0277239]}, "properties": {"osm_id": 17588794, "osm_type": "relation", "name": null, "leisure": "park", "access": "yes", "operator": null, "wikipedia": null}}, {"type": "Feature", "geometry": {"type": "Point", "coordinates": [14.4829635, 50.0103478]}, "properties": {"osm_id": 17639647, "osm_type": "relation", "name": "Zámecký park", "leisure": "park", "access": "yes", "operator": null, "wikipedia": null}}, {"type": "Feature", "geometry": {"type": "Point", "coordinates": [14.4644992, 50.0147779]}, "properties": {"osm_id": 17639702, "osm_type": "relation", "name": null, "leisure": "park", "access": "yes", "operator": null, "wikipedia": null}}, {"type": "Feature", "geometry": {"type": "Point", "coordinates": [14.4446879, 50.0151932]}, "properties": {"osm_id": 17684458, "osm_type": "relation", "name": null, "leisure": "park", "access": "yes", "operator": null, "wikipedia": null}}, {"type": "Feature", "geometry": {"type": "Point", "coordinates": [14.4140309, 50.0084657]}, "properties": {"osm_id": 17694677, "osm_type": "relation", "name": "Park Povodňová", "leisure": "park", "access": "yes", "operator": null, "wikipedia": null}}, {"type": "Feature", "geometry": {"type": "Point", "coordinates": [14.4093688, 49.998956]}, "properties": {"osm_id": 17694772, "osm_type": "relation", "name": "Parkové muzeum Modřany", "leisure": "park", "access": "yes", "operator": null, "wikipedia": null}}, {"type": "Feature", "geometry": {"type": "Point", "coordinates": [14.410944, 49.998753]}, "properties": {"osm_id": 17694775, "osm_type": "relation", "name": null, "leisure": "park", "access": "yes", "operator": null, "wikipedia": null}}, {"type": "Feature", "geometry": {"type": "Point", "coordinates": [14.4104927, 49.9907772]}, "properties": {"osm_id": 17694846, "osm_type": "relation", "name": null, "leisure": "park", "access": "yes", "operator": null, "wikipedia": null}}, {"type": "Feature", "geometry": {"type": "Point", "coordinates": [14.4166977, 49.9918045]}, "properties": {"osm_id": 17694858, "osm_type": "relation", "name": null, "leisure": "park", "access": "yes", "operator": null, "wikipedia": null}}, {"type": "Feature", "geometry": {"type": "Point", "coordinates": [14.3917301, 49.9780152]}, "properties": {"osm_id": 17712647, "osm_type": "relation", "name": null, "leisure": "park", "access": "yes", "operator": null, "wikipedia": null}}, {"type": "Feature", "geometry": {"type": "Point", "coordinates": [14.3888783, 49.9746678]}, "properties": {"osm_id": 17712668, "osm_type": "relation", "name": null, "leisure": "park", "access": "yes", "operator": null, "wikipedia": null}}, {"type": "Feature", "geometry": {"type": "Point", "coordinates": [14.3869451, 49.9691276]}, "properties": {"osm_id": 17712709, "osm_type": "relation", "name": "Sluneční náměstí", "leisure": "park", "access": "yes", "operator": null, "wikipedia": null}}, {"type": "Feature", "geometry": {"type": "Point", "coordinates": [14.3705004, 50.0220429]}, "properties": {"osm_id": 17718920, "osm_type": "relation", "name": "Park Granátová", "leisure": "park", "access": "yes", "operator": null, "wikipedia": null}}, {"type": "Feature", "geometry": {"type": "Point", "coordinates": [14.3663861, 50.0218423]}, "properties": {"osm_id": 17718937, "osm_type": "relation", "name": null, "leisure": "park", "access": "yes", "operator": null, "wikipedia": null}}, {"type": "Feature", "geometry": {"type": "Point", "coordinates": [14.5018206, 50.0598668]}, "properties": {"osm_id": 18704896, "osm_type": "relation", "name": null, "leisure": "park", "access": "yes", "operator": null, "wikipedia": null}}, {"type": "Feature", "geometry": {"type": "Point", "coordinates": [14.503535, 50.0603274]}, "properties": {"osm_id": 18704897, "osm_type": "relation", "name": null, "leisure": "park", "access": "yes", "operator": null, "wikipedia": null}}, {"type": "Feature", "geometry": {"type": "Point", "coordinates": [14.3094803, 50.047852]}, "properties": {"osm_id": 18766198, "osm_type": "relation", "name": null, "leisure": "park", "access": "yes", "operator": null, "wikipedia": null}}, {"type": "Feature", "geometry": {"type": "Point", "coordinates": [14.4354681, 50.056664]}, "properties": {"osm_id": 18997076, "osm_type": "relation", "name": "Náměstí Hrdinů", "leisure": "park", "access": "yes", "operator": null, "wikipedia": null}}, {"type": "Feature", "geometry": {"type": "Point", "coordinates": [14.2614415, 50.063779]}, "properties": {"osm_id": 19417356, "osm_type": "relation", "name": null, "leisure": "park", "access": "yes", "operator": null, "wikipedia": null}}, {"type": "Feature", "geometry": {"type": "Point", "coordinates": [14.3734276, 50.0981319]}, "properties": {"osm_id": 19417892, "osm_type": "relation", "name": "Hadovka", "leisure": "park", "access": "yes", "operator": null, "wikipedia": "cs:Hadovka (park)"}}, {"type": "Feature", "geometry": {"type": "Point", "coordinates": [14.3976274, 50.0981752]}, "properties": {"osm_id": 19440109, "osm_type": "relation", "name": "Šabachův park", "leisure": "park", "access": "yes", "operator": null, "wikipedia": null}}, {"type": "Feature", "geometry": {"type": "Point", "coordinates": [14.3916999, 50.1050386]}, "properties": {"osm_id": 19444783, "osm_type": "relation", "name": null, "leisure": "park", "access": "yes", "operator": null, "wikipedia": null}}, {"type": "Feature", "geometry": {"type": "Point", "coordinates": [14.5054769, 50.0782711]}, "properties": {"osm_id": 19603876, "osm_type": "relation", "name": null, "leisure": "park", "access": "yes", "operator": null, "wikipedia": null}}, {"type": "Feature", "geometry": {"type": "Point", "coordinates": [14.4963813, 50.0793718]}, "properties": {"osm_id": 19654635, "osm_type": "relation", "name": null, "leisure": "park", "access": "yes", "operator": null, "wikipedia": null}}, {"type": "Feature", "geometry": {"type": "Point", "coordinates": [14.4899139, 50.0773272]}, "properties": {"osm_id": 19657010, "osm_type": "relation", "name": "park Ivana Jilemnického", "leisure": "park", "access": "yes", "operator": null, "wikipedia": null}}, {"type": "Feature", "geometry": {"type": "Point", "coordinates": [14.5142027, 50.0879447]}, "properties": {"osm_id": 19779750, "osm_type": "relation", "name": null, "leisure": "park", "access": "yes", "operator": null, "wikipedia": null}}, {"type": "Feature", "geometry": {"type": "Point", "coordinates": [14.5132243, 50.0847967]}, "properties": {"osm_id": 19789070, "osm_type": "relation", "name": null, "leisure": "park", "access": "yes", "operator": null, "wikipedia": null}}, {"type": "Feature", "geometry": {"type": "Point", "coordinates": [14.5010949, 50.086625]}, "properties": {"osm_id": 19799537, "osm_type": "relation", "name": null, "leisure": "park", "access": "yes", "operator": null, "wikipedia": null}}, {"type": "Feature", "geometry": {"type": "Point", "coordinates": [14.6521304, 49.9954326]}, "properties": {"osm_id": 20243434, "osm_type": "relation", "name": null, "leisure": "park", "access": "yes", "operator": null, "wikipedia": null}}]}