{
"type": "FeatureCollection",
"name": "dop_cur_dop_zps_zas_p_dop_cur_dop_zps_zas_p",
"crs": { "type": "name", "properties": { "name": "urn:ogc:def:crs:OGC:1.3:CRS84" } },
"features": [
{ "type": "Feature", "properties": { "objectid": 62086, "zps_id": "2027", "id_poskyt": 38, "shape_area_1": 0.0, "globalid": "{3183F302-DBFA-451F-BFEB-41EE5F9303AE}", "shape_Length": 0.00036142900211553488, "shape_Area": 3.6653000520488178e-09 }, "geometry": { "type": "MultiPolygon", "coordinates": [ [ [ [ 14.345036350000044, 50.098864247000051 ], [ 14.345061494000049, 50.09887395100003 ], [ 14.345117551000044, 50.098820956000054 ], [ 14.345156867000071, 50.098779385000057 ], [ 14.345172293000076, 50.098767844000065 ], [ 14.345148649000066, 50.098757403000036 ], [ 14.345036350000044, 50.098864247000051 ] ] ] ] } },
{ "type": "Feature", "properties": { "objectid": 62087, "zps_id": "2132", "id_poskyt": 38, "shape_area_1": 0.0, "globalid": "{CDC02390-E2A2-4BF7-9517-CEB7A1EBB25C}", "shape_Length": 0.00016102788527667185, "shape_Area": 1.500160323007708e-09 }, "geometry": { "type": "MultiPolygon", "coordinates": [ [ [ [ 14.396315809000043, 50.061988558000053 ], [ 14.396346455000071, 50.061988319000079 ], [ 14.396344358000022, 50.061936254000045 ], [ 14.396316356000057, 50.061938369000075 ], [ 14.396315809000043, 50.061988558000053 ] ] ] ] } },
{ "type": "Feature", "properties": { "objectid": 62088, "zps_id": "2132", "id_poskyt": 38, "shape_area_1": 0.0, "globalid": "{E30A5CB1-E763-4CE6-8A35-834EF5FC536C}", "shape_Length": 0.00016102897612530793, "shape_Area": 1.5001857006590254e-09 }, "geometry": { "type": "MultiPolygon", "coordinates": [ [ [ [ 14.396317772000032, 50.062088879000044 ], [ 14.396348419000049, 50.062088643000038 ], [ 14.396346321000067, 50.062036576000025 ], [ 14.396318319000045, 50.062038692000044 ], [ 14.396317772000032, 50.062088879000044 ] ] ] ] } },
{ "type": "Feature", "properties": { "objectid": 62089, "zps_id": "2195", "id_poskyt": 38, "shape_area_1": 0.0, "globalid": "{B49CBA01-92A8-4374-AF18-FA8886D1F276}", "shape_Length": 0.00021964776723957841, "shape_Area": 1.9232178334178647e-09 }, "geometry": { "type": "MultiPolygon", "coordinates": [ [ [ [ 14.344523382000034, 50.070471395000027 ], [ 14.344610303000024, 50.070457502000068 ], [ 14.344603740000025, 50.070435921000069 ], [ 14.344517524000025, 50.070450593000032 ], [ 14.344523382000034, 50.070471395000027 ] ] ] ] } },
{ "type": "Feature", "properties": { "objectid": 62090, "zps_id": "13354", "id_poskyt": 38, "shape_area_1": 0.0, "globalid": "{66C59F9B-E2E3-4781-833D-854C22F1660C}", "shape_Length": 0.00049301561909142577, "shape_Area": 4.5127976663001387e-09 }, "geometry": { "type": "MultiPolygon", "coordinates": [ [ [ [ 14.482753639000066, 50.130198311000072 ], [ 14.482762381000043, 50.130180703000065 ], [ 14.482543749000058, 50.130126561000054 ], [ 14.482533317000048, 50.13014540000006 ], [ 14.482753639000066, 50.130198311000072 ] ] ] ] } },
{ "type": "Feature", "properties": { "objectid": 62091, "zps_id": "2354", "id_poskyt": 38, "shape_area_1": 0.0, "globalid": "{7F2AAA20-3E40-4A7D-8D39-7D752A6851DE}", "shape_Length": 0.00057671674663491439, "shape_Area": 1.0611216052861717e-08 }, "geometry": { "type": "MultiPolygon", "coordinates": [ [ [ [ 14.468806175000054, 50.132413804000066 ], [ 14.468815984000059, 50.132418115000064 ], [ 14.469050633000052, 50.132440688000031 ], [ 14.469060185000046, 50.132398640000076 ], [ 14.46881458200005, 50.132374341000059 ], [ 14.468806175000054, 50.132413804000066 ] ] ] ] } },
{ "type": "Feature", "properties": { "objectid": 62092, "zps_id": "2356", "id_poskyt": 38, "shape_area_1": 0.0, "globalid": "{903385E4-32A1-4C39-BE40-FB8C2B0EE52F}", "shape_Length": 0.00068865830394717112, "shape_Area": 1.247805514841327e-08 }, "geometry": { "type": "MultiPolygon", "coordinates": [ [ [ [ 14.46869022900006, 50.132513484000071 ], [ 14.468990612000027, 50.132540701000039 ], [ 14.469001348000063, 50.13250144400007 ], [ 14.468699105000042, 50.132471768000073 ], [ 14.46869022900006, 50.132513484000071 ] ] ] ] } },
{ "type": "Feature", "properties": { "objectid": 62093, "zps_id": "2361", "id_poskyt": 38, "shape_area_1": 0.0, "globalid": "{65274272-8820-4402-A10D-F72A95CB9E8D}", "shape_Length": 0.00037966907480781279, "shape_Area": 4.4570627999116604e-09 }, "geometry": { "type": "MultiPolygon", "coordinates": [ [ [ [ 14.470794614000056, 50.133389635000071 ], [ 14.470951980000052, 50.133424550000029 ], [ 14.470966090000047, 50.133400264000045 ], [ 14.470810022000023, 50.133363766000059 ], [ 14.470794614000056, 50.133389635000071 ] ] ] ] } },
{ "type": "Feature", "properties": { "objectid": 62094, "zps_id": "2367", "id_poskyt": 38, "shape_area_1": 0.0, "globalid": "{E5B836E7-8771-4872-9CAA-1B1EDBCECB88}", "shape_Length": 0.00031094841171907942, "shape_Area": 4.589721357637762e-09 }, "geometry": { "type": "MultiPolygon", "coordinates": [ [ [ [ 14.45362788400007, 50.132146714000044 ], [ 14.45367015000005, 50.132156529000042 ], [ 14.453701789000036, 50.132105784000032 ], [ 14.453709848000074, 50.13208025800003 ], [ 14.453723059000026, 50.132055268000045 ], [ 14.453688369000076, 50.13204660100007 ], [ 14.45362788400007, 50.132146714000044 ] ] ] ] } },
{ "type": "Feature", "properties": { "objectid": 62095, "zps_id": "2374", "id_poskyt": 38, "shape_area_1": 0.0, "globalid": "{C1067FF4-15AF-46A8-88BD-08CE0379607D}", "shape_Length": 0.00025944083061835545, "shape_Area": 2.8908876167663428e-09 }, "geometry": { "type": "MultiPolygon", "coordinates": [ [ [ [ 14.456033176000062, 50.132716582000057 ], [ 14.456056859000057, 50.132738988000028 ], [ 14.456146435000051, 50.132702416000029 ], [ 14.456123881000053, 50.132679556000028 ], [ 14.456033176000062, 50.132716582000057 ] ] ] ] } },
{ "type": "Feature", "properties": { "objectid": 62096, "zps_id": "2374", "id_poskyt": 38, "shape_area_1": 0.0, "globalid": "{73EFDD30-6E56-40EA-91BF-01B7920B9999}", "shape_Length": 0.00022787571790880236, "shape_Area": 2.4465505986625418e-09 }, "geometry": { "type": "MultiPolygon", "coordinates": [ [ [ [ 14.456138865000071, 50.132671464000055 ], [ 14.456162530000029, 50.132695604000048 ], [ 14.456238277000068, 50.132666415000074 ], [ 14.456212454000024, 50.132643848000043 ], [ 14.456138865000071, 50.132671464000055 ] ] ] ] } },
{ "type": "Feature", "properties": { "objectid": 64481, "zps_id": "2354", "id_poskyt": 38, "shape_area_1": 0.0, "globalid": "{D72A59B5-466B-4B4A-A6CA-3743A216CD1F}", "shape_Length": 0.00023026005333390295, "shape_Area": 3.0707773610354546e-09 }, "geometry": { "type": "MultiPolygon", "coordinates": [ [ [ [ 14.469165530000055, 50.132454387000053 ], [ 14.469237084000042, 50.132462456000042 ], [ 14.469247614000039, 50.132421583000053 ], [ 14.469175420000056, 50.13241227900005 ], [ 14.469165530000055, 50.132454387000053 ] ] ] ] } },
{ "type": "Feature", "properties": { "objectid": 64482, "zps_id": "3169", "id_poskyt": 38, "shape_area_1": 0.0, "globalid": "{EE5BB747-08A0-4041-952F-49A05B036987}", "shape_Length": 0.00031981591282822478, "shape_Area": 3.4012161639171082e-09 }, "geometry": { "type": "MultiPolygon", "coordinates": [ [ [ [ 14.442183261000025, 50.071516817000031 ], [ 14.442210044000035, 50.071531591000053 ], [ 14.44222630400003, 50.071519622000039 ], [ 14.442238387000032, 50.071512768000048 ], [ 14.442263615000059, 50.071505215000059 ], [ 14.442279629000041, 50.071501211000054 ], [ 14.442322673000035, 50.071497602000079 ], [ 14.442319369000074, 50.071475156000076 ], [ 14.442295478000062, 50.071476955000037 ], [ 14.442260978000036, 50.071480504000078 ], [ 14.44223936800006, 50.07148516500007 ], [ 14.442219295000029, 50.071490488000052 ], [ 14.442204960000026, 50.071497988000033 ], [ 14.442183261000025, 50.071516817000031 ] ] ] ] } },
{ "type": "Feature", "properties": { "objectid": 64483, "zps_id": "7039", "id_poskyt": 38, "shape_area_1": 0.0, "globalid": "{CD042837-AB48-418C-BBB2-B8A8CF84ADC9}", "shape_Length": 0.00021658336040372776, "shape_Area": 2.1131757722393677e-09 }, "geometry": { "type": "MultiPolygon", "coordinates": [ [ [ [ 14.435370636000073, 50.071266152000078 ], [ 14.435366419000047, 50.071301357000038 ], [ 14.435395030000052, 50.071341777000043 ], [ 14.43541926000006, 50.071335217000069 ], [ 14.43539454200004, 50.071297437000055 ], [ 14.435401285000069, 50.07126751100003 ], [ 14.435370636000073, 50.071266152000078 ] ] ] ] } },
{ "type": "Feature", "properties": { "objectid": 64484, "zps_id": "2391", "id_poskyt": 38, "shape_area_1": 0.0, "globalid": "{B52DC3B3-2B99-4ADD-B644-51C48B079E96}", "shape_Length": 0.00030780319095876838, "shape_Area": 2.6349373370472784e-09 }, "geometry": { "type": "MultiPolygon", "coordinates": [ [ [ [ 14.41682664800004, 50.077603872000054 ], [ 14.416836249000028, 50.077586162000046 ], [ 14.416785049000055, 50.077574646000073 ], [ 14.41670670700006, 50.077556705000063 ], [ 14.416696199000057, 50.077575161000027 ], [ 14.41682664800004, 50.077603872000054 ] ] ] ] } },
{ "type": "Feature", "properties": { "objectid": 64485, "zps_id": "2407", "id_poskyt": 38, "shape_area_1": 0.0, "globalid": "{0C7D5A39-1173-425C-B488-6A0380A76927}", "shape_Length": 0.00028714312807901008, "shape_Area": 2.6074804577600153e-09 }, "geometry": { "type": "MultiPolygon", "coordinates": [ [ [ [ 14.415346870000064, 50.076532632000067 ], [ 14.415349209000055, 50.076555184000028 ], [ 14.415471001000071, 50.076548006000053 ], [ 14.41546919600006, 50.076528033000045 ], [ 14.415346870000064, 50.076532632000067 ] ] ] ] } },
{ "type": "Feature", "properties": { "objectid": 64486, "zps_id": "2422", "id_poskyt": 38, "shape_area_1": 0.0, "globalid": "{5AE780B1-C87B-4BDC-BCB1-B040E24B1B63}", "shape_Length": 0.00018439184403764173, "shape_Area": 1.7861471946260907e-09 }, "geometry": { "type": "MultiPolygon", "coordinates": [ [ [ [ 14.416279081000027, 50.073706921000053 ], [ 14.416307395000047, 50.073711091000064 ], [ 14.416332580000073, 50.073653611000054 ], [ 14.416303179000067, 50.073648519000074 ], [ 14.416279081000027, 50.073706921000053 ] ] ] ] } },
{ "type": "Feature", "properties": { "objectid": 64487, "zps_id": "2425", "id_poskyt": 38, "shape_area_1": 0.0, "globalid": "{4AC46368-6B23-4C01-9974-60DC721D1202}", "shape_Length": 0.00027061562861910993, "shape_Area": 2.5272615537618382e-09 }, "geometry": { "type": "MultiPolygon", "coordinates": [ [ [ [ 14.416079479000075, 50.075080294000031 ], [ 14.416083455000035, 50.075058283000033 ], [ 14.415970855000069, 50.075050066000074 ], [ 14.415967086000023, 50.07507243200007 ], [ 14.416079479000075, 50.075080294000031 ] ] ] ] } },
{ "type": "Feature", "properties": { "objectid": 64488, "zps_id": "2440", "id_poskyt": 38, "shape_area_1": 0.0, "globalid": "{A4E43ED2-2AE1-44A1-BEAC-311EF5BF6688}", "shape_Length": 0.00043787499926277007, "shape_Area": 6.8285680608345572e-09 }, "geometry": { "type": "MultiPolygon", "coordinates": [ [ [ [ 14.418870584000047, 50.07496592900003 ], [ 14.418831501000057, 50.074789625000051 ], [ 14.418794495000043, 50.074792210000055 ], [ 14.418831653000041, 50.07496946100008 ], [ 14.418870584000047, 50.07496592900003 ] ] ] ] } },
{ "type": "Feature", "properties": { "objectid": 64489, "zps_id": "2441", "id_poskyt": 38, "shape_area_1": 0.0, "globalid": "{27DE171B-C8EC-4816-8C9F-D28E9765CA35}", "shape_Length": 0.00027968021688885126, "shape_Area": 3.4294806907610359e-09 }, "geometry": { "type": "MultiPolygon", "coordinates": [ [ [ [ 14.418695754000055, 50.074463354000045 ], [ 14.418727444000069, 50.074460907000059 ], [ 14.418706962000044, 50.074355445000037 ], [ 14.418674637000038, 50.074357355000075 ], [ 14.418695754000055, 50.074463354000045 ] ] ] ] } },
{ "type": "Feature", "properties": { "objectid": 64490, "zps_id": "2455", "id_poskyt": 38, "shape_area_1": 0.0, "globalid": "{2F052DD1-BD74-499B-AE28-9FE7F04C7137}", "shape_Length": 0.00025575231976364556, "shape_Area": 3.0438418050613509e-09 }, "geometry": { "type": "MultiPolygon", "coordinates": [ [ [ [ 14.415203224000038, 50.070899628000063 ], [ 14.415234373000033, 50.070901081000045 ], [ 14.415244711000071, 50.070805301000064 ], [ 14.415212498000074, 50.070804080000073 ], [ 14.415203224000038, 50.070899628000063 ] ] ] ] } },
{ "type": "Feature", "properties": { "objectid": 64491, "zps_id": "2474", "id_poskyt": 38, "shape_area_1": 0.0, "globalid": "{7D3F0FA0-55F7-42C0-BADF-2AE55B4C1D7B}", "shape_Length": 0.00027459135617038206, "shape_Area": 3.1819516366371738e-09 }, "geometry": { "type": "MultiPolygon", "coordinates": [ [ [ [ 14.416733360000023, 50.070598221000068 ], [ 14.416761550000047, 50.070598223000047 ], [ 14.416757195000059, 50.070490087000053 ], [ 14.416726287000074, 50.070491205000053 ], [ 14.416733360000023, 50.070598221000068 ] ] ] ] } },
{ "type": "Feature", "properties": { "objectid": 64492, "zps_id": "2480", "id_poskyt": 38, "shape_area_1": 0.0, "globalid": "{FB3FE2E1-9F07-41D3-9816-1508491F231F}", "shape_Length": 0.00021980725318924749, "shape_Area": 2.556524245788799e-09 }, "geometry": { "type": "MultiPolygon", "coordinates": [ [ [ [ 14.414947414000039, 50.069244262000041 ], [ 14.414925356000026, 50.069202354000026 ], [ 14.414864129000023, 50.069197809000059 ], [ 14.414881611000055, 50.069239347000064 ], [ 14.414947414000039, 50.069244262000041 ] ] ] ] } },
{ "type": "Feature", "properties": { "objectid": 64493, "zps_id": "2483", "id_poskyt": 38, "shape_area_1": 0.0, "globalid": "{71975FA4-914A-4EC9-96EA-BDE91482F360}", "shape_Length": 0.00025426207201524853, "shape_Area": 1.9273952842643206e-09 }, "geometry": { "type": "MultiPolygon", "coordinates": [ [ [ [ 14.415758933000063, 50.069237502000078 ], [ 14.415866190000031, 50.06924519100005 ], [ 14.415870537000046, 50.06922652600008 ], [ 14.415790455000035, 50.069220337000047 ], [ 14.415752871000052, 50.069232881000062 ], [ 14.415758933000063, 50.069237502000078 ] ] ] ] } },
{ "type": "Feature", "properties": { "objectid": 64494, "zps_id": "2549", "id_poskyt": 38, "shape_area_1": 0.0, "globalid": "{F7C8527A-06AB-4EA3-BA20-681ABFB90ECF}", "shape_Length": 0.00022256175360811553, "shape_Area": 2.5106157002590478e-09 }, "geometry": { "type": "MultiPolygon", "coordinates": [ [ [ [ 14.417519797000068, 50.069184543000063 ], [ 14.417551858000024, 50.069177038000078 ], [ 14.417515506000029, 50.06910828000008 ], [ 14.417482579000023, 50.06911593500007 ], [ 14.417519797000068, 50.069184543000063 ] ] ] ] } },
{ "type": "Feature", "properties": { "objectid": 64495, "zps_id": "2563", "id_poskyt": 38, "shape_area_1": 0.0, "globalid": "{05859FBC-E2F4-4BF1-A2F0-5C9AFA61C6E7}", "shape_Length": 0.00032489834311594354, "shape_Area": 3.1704857237086877e-09 }, "geometry": { "type": "MultiPolygon", "coordinates": [ [ [ [ 14.417108536000057, 50.067011351000076 ], [ 14.417121042000076, 50.067031728000075 ], [ 14.417255164000039, 50.066996780000068 ], [ 14.417242429000055, 50.06697642000006 ], [ 14.417108536000057, 50.067011351000076 ] ] ] ] } },
{ "type": "Feature", "properties": { "objectid": 64496, "zps_id": "2576", "id_poskyt": 38, "shape_area_1": 0.0, "globalid": "{B0E66BB5-25D4-43B2-B811-217A919AE97C}", "shape_Length": 0.00031231979244521896, "shape_Area": 2.9473993109956347e-09 }, "geometry": { "type": "MultiPolygon", "coordinates": [ [ [ [ 14.41966459300005, 50.06686527100004 ], [ 14.41967728700007, 50.066882406000047 ], [ 14.419805223000026, 50.066845710000052 ], [ 14.41979051800007, 50.066824739000026 ], [ 14.41966459300005, 50.06686527100004 ] ] ] ] } },
{ "type": "Feature", "properties": { "objectid": 64497, "zps_id": "2587", "id_poskyt": 38, "shape_area_1": 0.0, "globalid": "{45E62EDE-7F35-4C05-AB5F-24CC79B18153}", "shape_Length": 0.00033239558060232569, "shape_Area": 3.1152018717014845e-09 }, "geometry": { "type": "MultiPolygon", "coordinates": [ [ [ [ 14.420063708000043, 50.065792754000029 ], [ 14.420081938000067, 50.06580765700005 ], [ 14.420208477000074, 50.065741486000036 ], [ 14.420188931000041, 50.065726730000051 ], [ 14.420063708000043, 50.065792754000029 ] ] ] ] } },
{ "type": "Feature", "properties": { "objectid": 64498, "zps_id": "2612", "id_poskyt": 38, "shape_area_1": 0.0, "globalid": "{12F4C14F-3CBC-409E-A73C-B491CE4D4668}", "shape_Length": 0.00039634666748117775, "shape_Area": 3.6508811197352953e-09 }, "geometry": { "type": "MultiPolygon", "coordinates": [ [ [ [ 14.424719844000037, 50.07659471900007 ], [ 14.424731315000031, 50.07661317000003 ], [ 14.424903341000061, 50.076577156000042 ], [ 14.424892973000055, 50.076557905000072 ], [ 14.424719844000037, 50.07659471900007 ] ] ] ] } },
{ "type": "Feature", "properties": { "objectid": 64499, "zps_id": "2622", "id_poskyt": 38, "shape_area_1": 0.0, "globalid": "{5D1F01B5-5C16-4DC8-9068-EED5CF96BA29}", "shape_Length": 0.00025622889795044902, "shape_Area": 2.9339428804406448e-09 }, "geometry": { "type": "MultiPolygon", "coordinates": [ [ [ [ 14.422447574000046, 50.074927118000062 ], [ 14.422476758000073, 50.074927217000038 ], [ 14.422485541000071, 50.074829865000027 ], [ 14.422454840000057, 50.074828808000063 ], [ 14.422447574000046, 50.074927118000062 ] ] ] ] } },
{ "type": "Feature", "properties": { "objectid": 64500, "zps_id": "2626", "id_poskyt": 38, "shape_area_1": 0.0, "globalid": "{C1FBA3F6-625C-41B1-996A-B6D0131EB7DD}", "shape_Length": 0.0002137611318821625, "shape_Area": 2.1963108478093727e-09 }, "geometry": { "type": "MultiPolygon", "coordinates": [ [ [ [ 14.423953144000052, 50.075454321000052 ], [ 14.423984503000042, 50.07545 ], [ 14.423958012000071, 50.07538411400003 ], [ 14.423926842000071, 50.075379249000036 ], [ 14.423953144000052, 50.075454321000052 ] ] ] ] } },
{ "type": "Feature", "properties": { "objectid": 64501, "zps_id": "2630", "id_poskyt": 38, "shape_area_1": 0.0, "globalid": "{881C7A60-BA6E-414A-B5F6-10D3CB71D0B0}", "shape_Length": 0.00033409348180514872, "shape_Area": 4.3585359471591471e-09 }, "geometry": { "type": "MultiPolygon", "coordinates": [ [ [ [ 14.425587977000077, 50.075080051000043 ], [ 14.425622415000078, 50.075084869000079 ], [ 14.425667913000041, 50.074959820000061 ], [ 14.425636437000037, 50.07495472800008 ], [ 14.425587977000077, 50.075080051000043 ] ] ] ] } },
{ "type": "Feature", "properties": { "objectid": 64502, "zps_id": "2631", "id_poskyt": 38, "shape_area_1": 0.0, "globalid": "{72D19EE5-67AD-44CF-ACF1-A7BBC6CAB4B5}", "shape_Length": 0.00020196149995059529, "shape_Area": 2.2323157315220498e-09 }, "geometry": { "type": "MultiPolygon", "coordinates": [ [ [ [ 14.425538624000069, 50.075453934000052 ], [ 14.425572312000043, 50.075453024000069 ], [ 14.425571345000037, 50.075442182000074 ], [ 14.425574327000049, 50.075418459000048 ], [ 14.42558467300006, 50.075390969000068 ], [ 14.425549900000021, 50.075386538000032 ], [ 14.425541717000044, 50.075412288000052 ], [ 14.425538728000049, 50.07542402100006 ], [ 14.425538624000069, 50.075453934000052 ] ] ] ] } },
{ "type": "Feature", "properties": { "objectid": 64503, "zps_id": "2634", "id_poskyt": 38, "shape_area_1": 0.0, "globalid": "{CBC9EE63-8541-412B-B2DF-2EA94FE4EEDE}", "shape_Length": 0.00025615701432518055, "shape_Area": 2.6658427101779938e-09 }, "geometry": { "type": "MultiPolygon", "coordinates": [ [ [ [ 14.426828811000064, 50.076785596000036 ], [ 14.426855762000059, 50.076792129000069 ], [ 14.426908334000075, 50.076706948000037 ], [ 14.426881012000024, 50.076700111000036 ], [ 14.426828811000064, 50.076785596000036 ] ] ] ] } },
{ "type": "Feature", "properties": { "objectid": 64504, "zps_id": "2637", "id_poskyt": 38, "shape_area_1": 0.0, "globalid": "{B2D2790B-472A-4F09-AD60-D47D634F2809}", "shape_Length": 0.00031485425360969536, "shape_Area": 4.0557901635129856e-09 }, "geometry": { "type": "MultiPolygon", "coordinates": [ [ [ [ 14.42911007400005, 50.076952272000028 ], [ 14.429143079000028, 50.076951997000037 ], [ 14.42913287600004, 50.076826810000057 ], [ 14.429100890000029, 50.076828391000049 ], [ 14.42911007400005, 50.076952272000028 ] ] ] ] } },
{ "type": "Feature", "properties": { "objectid": 64505, "zps_id": "2639", "id_poskyt": 38, "shape_area_1": 0.0, "globalid": "{FB328059-B6A0-4684-9665-0CCFA8A33B37}", "shape_Length": 0.0003125751829201777, "shape_Area": 2.6807598619318397e-09 }, "geometry": { "type": "MultiPolygon", "coordinates": [ [ [ [ 14.428858134000052, 50.076253804000032 ], [ 14.428855104000036, 50.076273984000068 ], [ 14.428991645000053, 50.076280267000072 ], [ 14.428994371000044, 50.076261430000045 ], [ 14.428858134000052, 50.076253804000032 ] ] ] ] } },
{ "type": "Feature", "properties": { "objectid": 64506, "zps_id": "12400", "id_poskyt": 38, "shape_area_1": 0.0, "globalid": "{0A09F56D-D33D-43B2-91B9-3C117FE8D03D}", "shape_Length": 0.00028833151080161863, "shape_Area": 3.0764131528524665e-09 }, "geometry": { "type": "MultiPolygon", "coordinates": [ [ [ [ 14.427953971000022, 50.073571486000048 ], [ 14.427982156000041, 50.073559423000063 ], [ 14.427898366000022, 50.07347810300007 ], [ 14.427874397000039, 50.073489105000078 ], [ 14.427953971000022, 50.073571486000048 ] ] ] ] } },
{ "type": "Feature", "properties": { "objectid": 64507, "zps_id": "2688", "id_poskyt": 38, "shape_area_1": 0.0, "globalid": "{7D87FBC8-0F6C-49C6-9EB0-F2384C168FF0}", "shape_Length": 0.00028685956706339015, "shape_Area": 3.2274401934266358e-09 }, "geometry": { "type": "MultiPolygon", "coordinates": [ [ [ [ 14.418773461000058, 50.071422232000032 ], [ 14.41880240200004, 50.071430777000046 ], [ 14.418867712000065, 50.071337981000056 ], [ 14.418838661000052, 50.071329879000075 ], [ 14.418773461000058, 50.071422232000032 ] ] ] ] } },
{ "type": "Feature", "properties": { "objectid": 64508, "zps_id": "2697", "id_poskyt": 38, "shape_area_1": 0.0, "globalid": "{B2882FB4-0B6B-4205-96B5-D1D9070AF758}", "shape_Length": 0.00056363987940699644, "shape_Area": 4.8763985731437399e-09 }, "geometry": { "type": "MultiPolygon", "coordinates": [ [ [ [ 14.42491831500007, 50.06838947600005 ], [ 14.424928230000035, 50.068372638000028 ], [ 14.424672519000069, 50.068311806000054 ], [ 14.424663369000029, 50.068328622000081 ], [ 14.42491831500007, 50.06838947600005 ] ] ] ] } },
{ "type": "Feature", "properties": { "objectid": 64509, "zps_id": "12367", "id_poskyt": 38, "shape_area_1": 0.0, "globalid": "{5D19DC18-5530-44A2-AA97-D8750628233D}", "shape_Length": 0.0002623099154208394, "shape_Area": 2.2103773952487002e-09 }, "geometry": { "type": "MultiPolygon", "coordinates": [ [ [ [ 14.427488371000038, 50.068165527000076 ], [ 14.427588623000076, 50.068214571000055 ], [ 14.427602125000021, 50.068198168000038 ], [ 14.427504601000066, 50.068151599000032 ], [ 14.427488371000038, 50.068165527000076 ] ] ] ] } },
{ "type": "Feature", "properties": { "objectid": 64510, "zps_id": "2721", "id_poskyt": 38, "shape_area_1": 0.0, "globalid": "{B72B91CF-2DA9-4704-B5DF-E47E0EA767D0}", "shape_Length": 0.00035705367053636436, "shape_Area": 2.9733770576504936e-09 }, "geometry": { "type": "MultiPolygon", "coordinates": [ [ [ [ 14.428519566000034, 50.068384356000081 ], [ 14.428676070000051, 50.068412647000059 ], [ 14.428684075000035, 50.068395240000029 ], [ 14.428527031000044, 50.068366638000043 ], [ 14.428519566000034, 50.068384356000081 ] ] ] ] } },
{ "type": "Feature", "properties": { "objectid": 64511, "zps_id": "2737", "id_poskyt": 38, "shape_area_1": 0.0, "globalid": "{79B07CA1-D408-40B2-B0DC-D7C9458CBE62}", "shape_Length": 0.00028150699619204129, "shape_Area": 2.3454536144044449e-09 }, "geometry": { "type": "MultiPolygon", "coordinates": [ [ [ [ 14.426695213000073, 50.065659806000042 ], [ 14.426696227000036, 50.065639421000071 ], [ 14.426574389000052, 50.065637720000041 ], [ 14.426574258000073, 50.065655950000064 ], [ 14.426695213000073, 50.065659806000042 ] ] ] ] } },
{ "type": "Feature", "properties": { "objectid": 64512, "zps_id": "2762", "id_poskyt": 38, "shape_area_1": 0.0, "globalid": "{7C22BEED-BA08-446B-A1F7-FC5826129FE2}", "shape_Length": 0.00033056843121985783, "shape_Area": 3.096458046939388e-09 }, "geometry": { "type": "MultiPolygon", "coordinates": [ [ [ [ 14.425264364000043, 50.063991179000027 ], [ 14.425263523000069, 50.064013658000079 ], [ 14.425406834000057, 50.064015737000034 ], [ 14.425408425000057, 50.06399516700003 ], [ 14.425264364000043, 50.063991179000027 ] ] ] ] } },
{ "type": "Feature", "properties": { "objectid": 64513, "zps_id": "2787", "id_poskyt": 38, "shape_area_1": 0.0, "globalid": "{9F775A6A-2FE6-4D51-8B15-6EFF993EA5B2}", "shape_Length": 0.00024714170879979277, "shape_Area": 2.4067134916401435e-09 }, "geometry": { "type": "MultiPolygon", "coordinates": [ [ [ [ 14.432036034000078, 50.066002026000035 ], [ 14.432060070000034, 50.065993525000067 ], [ 14.431997487000046, 50.065919811000072 ], [ 14.431971447000024, 50.065929377000032 ], [ 14.432036034000078, 50.066002026000035 ] ] ] ] } },
{ "type": "Feature", "properties": { "objectid": 64514, "zps_id": "2794", "id_poskyt": 38, "shape_area_1": 0.0, "globalid": "{0DDC0524-0514-4602-B5B8-0E19BDC65FFF}", "shape_Length": 0.00031630228643203485, "shape_Area": 2.49692368445818e-09 }, "geometry": { "type": "MultiPolygon", "coordinates": [ [ [ [ 14.42929362700005, 50.075245169000027 ], [ 14.429294192000043, 50.075263126000038 ], [ 14.429434763000074, 50.075260355000069 ], [ 14.429433713000037, 50.075242755000033 ], [ 14.42929362700005, 50.075245169000027 ] ] ] ] } },
{ "type": "Feature", "properties": { "objectid": 64515, "zps_id": "2796", "id_poskyt": 38, "shape_area_1": 0.0, "globalid": "{FCAC798C-C6C0-4059-87BF-0217A5DB69A8}", "shape_Length": 0.00029223662714800445, "shape_Area": 3.676689108281383e-09 }, "geometry": { "type": "MultiPolygon", "coordinates": [ [ [ [ 14.429238032000058, 50.074420325000062 ], [ 14.429272652000066, 50.074412008000081 ], [ 14.429281386000071, 50.074311994000027 ], [ 14.429250133000039, 50.074298665000072 ], [ 14.429238032000058, 50.074420325000062 ] ] ] ] } },
{ "type": "Feature", "properties": { "objectid": 64516, "zps_id": "2798", "id_poskyt": 38, "shape_area_1": 0.0, "globalid": "{3BCE976B-64F2-4585-B5DB-52894F788F8F}", "shape_Length": 0.00041714783287437888, "shape_Area": 5.6742073384001534e-09 }, "geometry": { "type": "MultiPolygon", "coordinates": [ [ [ [ 14.43019240700005, 50.074153581000076 ], [ 14.430224087000056, 50.074155260000055 ], [ 14.43024932700007, 50.07397777400007 ], [ 14.430224155000076, 50.073976908000077 ], [ 14.430214615000068, 50.073991929000044 ], [ 14.43019240700005, 50.074153581000076 ] ] ] ] } },
{ "type": "Feature", "properties": { "objectid": 64517, "zps_id": "2799", "id_poskyt": 38, "shape_area_1": 0.0, "globalid": "{24F95301-A2E6-40D2-8405-B379449310DC}", "shape_Length": 0.00027499630991378019, "shape_Area": 3.597905515907296e-09 }, "geometry": { "type": "MultiPolygon", "coordinates": [ [ [ [ 14.430370402000051, 50.074518629000067 ], [ 14.43040568300006, 50.074520163000045 ], [ 14.430409792000034, 50.074488644000041 ], [ 14.430417918000046, 50.074418663000074 ], [ 14.430383145000064, 50.074416801000041 ], [ 14.430370402000051, 50.074518629000067 ] ] ] ] } },
{ "type": "Feature", "properties": { "objectid": 64518, "zps_id": "2801", "id_poskyt": 38, "shape_area_1": 0.0, "globalid": "{94B44CB5-43DD-457A-8C2E-75B4C6B414C6}", "shape_Length": 0.00051481766483462289, "shape_Area": 5.2458933698007412e-09 }, "geometry": { "type": "MultiPolygon", "coordinates": [ [ [ [ 14.429682960000036, 50.073655603000077 ], [ 14.429450907000046, 50.073621101000072 ], [ 14.429443200000037, 50.073642654000025 ], [ 14.429675289000045, 50.073676979000027 ], [ 14.429682960000036, 50.073655603000077 ] ] ] ] } },
{ "type": "Feature", "properties": { "objectid": 64519, "zps_id": "2803", "id_poskyt": 38, "shape_area_1": 0.0, "globalid": "{785F7256-B5A5-486F-B32E-65BB5EC7CFB1}", "shape_Length": 0.00075696356271662268, "shape_Area": 7.2426131197293617e-09 }, "geometry": { "type": "MultiPolygon", "coordinates": [ [ [ [ 14.430987887000072, 50.073762974000033 ], [ 14.430969686000026, 50.073739645000046 ], [ 14.430633640000053, 50.073689137000031 ], [ 14.430625614000064, 50.073708819000046 ], [ 14.430987887000072, 50.073762974000033 ] ] ] ] } },
{ "type": "Feature", "properties": { "objectid": 64520, "zps_id": "2809", "id_poskyt": 38, "shape_area_1": 0.0, "globalid": "{1A3033C6-0B1A-4FFA-AFED-F4E7A755F7CC}", "shape_Length": 0.00034608996818540072, "shape_Area": 2.7903938543561055e-09 }, "geometry": { "type": "MultiPolygon", "coordinates": [ [ [ [ 14.430293403000064, 50.071684689000051 ], [ 14.430447561000051, 50.071698875000038 ], [ 14.430451495000057, 50.071680455000035 ], [ 14.430297053000061, 50.071667605000073 ], [ 14.430293403000064, 50.071684689000051 ] ] ] ] } },
{ "type": "Feature", "properties": { "objectid": 64521, "zps_id": "2810", "id_poskyt": 38, "shape_area_1": 0.0, "globalid": "{501C158E-C75B-4D7B-954C-371E0E9F9443}", "shape_Length": 0.0003206462793228982, "shape_Area": 5.2511760755218017e-09 }, "geometry": { "type": "MultiPolygon", "coordinates": [ [ [ [ 14.430631102000063, 50.072547363000069 ], [ 14.430584271000043, 50.072544391000065 ], [ 14.430569340000034, 50.072657922000076 ], [ 14.430614685000023, 50.072659993000059 ], [ 14.430631102000063, 50.072547363000069 ] ] ] ] } },
{ "type": "Feature", "properties": { "objectid": 64522, "zps_id": "2813", "id_poskyt": 38, "shape_area_1": 0.0, "globalid": "{F4B9C40D-B61B-4D86-B6C4-77627FC06328}", "shape_Length": 0.00076069504678631628, "shape_Area": 1.1128724353474349e-08 }, "geometry": { "type": "MultiPolygon", "coordinates": [ [ [ [ 14.430588911000029, 50.071197968000035 ], [ 14.430620215000033, 50.071211446000063 ], [ 14.430669205000072, 50.070855084000073 ], [ 14.430634380000072, 50.070873757000072 ], [ 14.430588911000029, 50.071197968000035 ] ] ] ] } },
{ "type": "Feature", "properties": { "objectid": 64523, "zps_id": "2815", "id_poskyt": 38, "shape_area_1": 0.0, "globalid": "{F025D5FC-A97A-4BFC-B59B-211DD0775B66}", "shape_Length": 0.0003702839975389308, "shape_Area": 4.421505682115261e-09 }, "geometry": { "type": "MultiPolygon", "coordinates": [ [ [ [ 14.430744676000074, 50.070263597000064 ], [ 14.43070412700007, 50.070318093000026 ], [ 14.430690953000067, 50.070423995000056 ], [ 14.430723301000057, 50.070425450000073 ], [ 14.430744676000074, 50.070263597000064 ] ] ] ] } },
{ "type": "Feature", "properties": { "objectid": 64524, "zps_id": "2816", "id_poskyt": 38, "shape_area_1": 0.0, "globalid": "{3CBF5CD5-A72D-4B01-8C91-7AFE27BB1005}", "shape_Length": 0.00049147843212942561, "shape_Area": 8.0913174650433173e-09 }, "geometry": { "type": "MultiPolygon", "coordinates": [ [ [ [ 14.430510192000042, 50.073104453000042 ], [ 14.430548638000062, 50.073107210000046 ], [ 14.430579214000034, 50.072903143000076 ], [ 14.430539311000075, 50.072899957000061 ], [ 14.430510192000042, 50.073104453000042 ] ] ] ] } },
{ "type": "Feature", "properties": { "objectid": 64525, "zps_id": "2817", "id_poskyt": 38, "shape_area_1": 0.0, "globalid": "{5164D6E5-5714-4E2C-95E9-223CC4A6E070}", "shape_Length": 0.00054430495727858822, "shape_Area": 8.9277054573124886e-09 }, "geometry": { "type": "MultiPolygon", "coordinates": [ [ [ [ 14.430498131000036, 50.07353263300007 ], [ 14.430544197000074, 50.073492655000052 ], [ 14.430570070000044, 50.073312195000028 ], [ 14.430531819000066, 50.073282382000059 ], [ 14.430498131000036, 50.07353263300007 ] ] ] ] } },
{ "type": "Feature", "properties": { "objectid": 64526, "zps_id": "2818", "id_poskyt": 38, "shape_area_1": 0.0, "globalid": "{6329BC41-3F61-411F-87FC-D83CC86E0DF5}", "shape_Length": 0.00058138829091767446, "shape_Area": 8.4901777197499254e-09 }, "geometry": { "type": "MultiPolygon", "coordinates": [ [ [ [ 14.429028136000056, 50.07435154500007 ], [ 14.429060715000048, 50.074353447000078 ], [ 14.429084222000029, 50.07409616800004 ], [ 14.429050873000051, 50.074095505000059 ], [ 14.429028136000056, 50.07435154500007 ] ] ] ] } },
{ "type": "Feature", "properties": { "objectid": 64527, "zps_id": "3020", "id_poskyt": 38, "shape_area_1": 0.0, "globalid": "{1E876860-407F-46D2-881C-416B909E9A11}", "shape_Length": 0.00021350137217335193, "shape_Area": 2.5204182385768389e-09 }, "geometry": { "type": "MultiPolygon", "coordinates": [ [ [ [ 14.43210442700007, 50.070877057000075 ], [ 14.432137791000059, 50.070874618000062 ], [ 14.432131963000074, 50.070804646000056 ], [ 14.432094513000038, 50.070805362000044 ], [ 14.43210442700007, 50.070877057000075 ] ] ] ] } },
{ "type": "Feature", "properties": { "objectid": 64528, "zps_id": "2827", "id_poskyt": 38, "shape_area_1": 0.0, "globalid": "{30DEE9D7-BB16-4786-B38C-8C65B960B963}", "shape_Length": 0.00020653337159993757, "shape_Area": 2.5077919908874524e-09 }, "geometry": { "type": "MultiPolygon", "coordinates": [ [ [ [ 14.429571391000025, 50.069960774000037 ], [ 14.429609896000045, 50.069961115000069 ], [ 14.429615537000075, 50.069897811000033 ], [ 14.429575628000066, 50.069896376000031 ], [ 14.429571391000025, 50.069960774000037 ] ] ] ] } },
{ "type": "Feature", "properties": { "objectid": 64529, "zps_id": "2827", "id_poskyt": 38, "shape_area_1": 0.0, "globalid": "{9AE00AC1-7EBC-4E9B-8C8D-80396951CD13}", "shape_Length": 0.00051310817866742837, "shape_Area": 9.2727574074081983e-09 }, "geometry": { "type": "MultiPolygon", "coordinates": [ [ [ [ 14.429568795000023, 50.070284142000048 ], [ 14.429610472000036, 50.070285616000035 ], [ 14.429629605000059, 50.070073421000075 ], [ 14.429584159000058, 50.070071822000045 ], [ 14.429568795000023, 50.070284142000048 ] ] ] ] } },
{ "type": "Feature", "properties": { "objectid": 64530, "zps_id": "2835", "id_poskyt": 38, "shape_area_1": 0.0, "globalid": "{1033012B-CEF4-4AC9-A60A-08BB2D1EACB2}", "shape_Length": 0.00030434726221391888, "shape_Area": 2.6523757805998934e-09 }, "geometry": { "type": "MultiPolygon", "coordinates": [ [ [ [ 14.433299658000067, 50.068016544000045 ], [ 14.433315538000045, 50.068000415000029 ], [ 14.43319318500005, 50.067952234000074 ], [ 14.433179710000047, 50.067968197000027 ], [ 14.433299658000067, 50.068016544000045 ] ] ] ] } },
{ "type": "Feature", "properties": { "objectid": 64531, "zps_id": "2845", "id_poskyt": 38, "shape_area_1": 0.0, "globalid": "{DF9B24F0-8514-492D-8108-A42E85CD0F26}", "shape_Length": 0.00030547424907936306, "shape_Area": 3.76214045970356e-09 }, "geometry": { "type": "MultiPolygon", "coordinates": [ [ [ [ 14.433520790000046, 50.06709928600003 ], [ 14.433532785000068, 50.067117999000061 ], [ 14.433539142000029, 50.067125730000043 ], [ 14.433552671000029, 50.067135930000063 ], [ 14.433589281000025, 50.06715571400008 ], [ 14.433610530000067, 50.067160536000074 ], [ 14.433619990000068, 50.067148320000058 ], [ 14.433624382000062, 50.067137129000059 ], [ 14.433603162000054, 50.067130841000051 ], [ 14.433580924000069, 50.067118581000045 ], [ 14.433567389000075, 50.067107083000053 ], [ 14.433558414000061, 50.067095635000044 ], [ 14.433554361000063, 50.067085165000037 ], [ 14.433551842000043, 50.067075567000074 ], [ 14.433512392000068, 50.06707575300004 ], [ 14.433520790000046, 50.06709928600003 ] ] ] ] } },
{ "type": "Feature", "properties": { "objectid": 64532, "zps_id": "2862", "id_poskyt": 38, "shape_area_1": 0.0, "globalid": "{CF47F697-0D99-4364-8D54-1240396696AF}", "shape_Length": 0.00030865248211480107, "shape_Area": 2.8653433307289427e-09 }, "geometry": { "type": "MultiPolygon", "coordinates": [ [ [ [ 14.439226580000025, 50.077540103000047 ], [ 14.439218470000071, 50.077519692000067 ], [ 14.439088109000068, 50.077541803000031 ], [ 14.439096409000058, 50.077562576000048 ], [ 14.439226580000025, 50.077540103000047 ] ] ] ] } },
{ "type": "Feature", "properties": { "objectid": 64533, "zps_id": "2868", "id_poskyt": 38, "shape_area_1": 0.0, "globalid": "{3EF57CD4-D9CA-48E4-97D8-0619979CCCE2}", "shape_Length": 0.00033491002635105708, "shape_Area": 4.8402672161551168e-09 }, "geometry": { "type": "MultiPolygon", "coordinates": [ [ [ [ 14.432108475000064, 50.078184702000044 ], [ 14.432101485000032, 50.078229117000035 ], [ 14.432217003000062, 50.078190499000073 ], [ 14.432225767000034, 50.078146557000082 ], [ 14.432108475000064, 50.078184702000044 ] ] ] ] } },
{ "type": "Feature", "properties": { "objectid": 64534, "zps_id": "2880", "id_poskyt": 38, "shape_area_1": 0.0, "globalid": "{7FF2E4AE-AEB8-4A29-B501-2ED92EC9FCF5}", "shape_Length": 0.00022632606215913599, "shape_Area": 2.3151046236316578e-09 }, "geometry": { "type": "MultiPolygon", "coordinates": [ [ [ [ 14.43356017800005, 50.076664265000034 ], [ 14.433612942000025, 50.076729412000077 ], [ 14.433640341000057, 50.076719791000073 ], [ 14.433587680000073, 50.076654154000039 ], [ 14.43356017800005, 50.076664265000034 ] ] ] ] } },
{ "type": "Feature", "properties": { "objectid": 64535, "zps_id": "12449", "id_poskyt": 38, "shape_area_1": 0.0, "globalid": "{3844C739-4D69-4CF1-8E20-E92D08BA5B24}", "shape_Length": 0.00027558992253222858, "shape_Area": 3.0724043602645446e-09 }, "geometry": { "type": "MultiPolygon", "coordinates": [ [ [ [ 14.432980846000078, 50.076079288000074 ], [ 14.433009224000045, 50.076084085000048 ], [ 14.433055887000023, 50.075986175000025 ], [ 14.433026344000041, 50.07598095600008 ], [ 14.432980846000078, 50.076079288000074 ] ] ] ] } },
{ "type": "Feature", "properties": { "objectid": 64536, "zps_id": "2907", "id_poskyt": 38, "shape_area_1": 0.0, "globalid": "{FF2A7516-1D29-413B-8661-6E64C34F2308}", "shape_Length": 0.00028317185589590518, "shape_Area": 2.6217802748646552e-09 }, "geometry": { "type": "MultiPolygon", "coordinates": [ [ [ [ 14.437802974000022, 50.080358127000068 ], [ 14.437817664000022, 50.080375661000062 ], [ 14.437928953000039, 50.080336174000081 ], [ 14.437913570000035, 50.080317326000056 ], [ 14.437802974000022, 50.080358127000068 ] ] ] ] } },
{ "type": "Feature", "properties": { "objectid": 64537, "zps_id": "2916", "id_poskyt": 38, "shape_area_1": 0.0, "globalid": "{C4E45E0A-3C07-469B-9B6D-0AB3BE45BC31}", "shape_Length": 0.00028623365015383484, "shape_Area": 2.9563294229733559e-09 }, "geometry": { "type": "MultiPolygon", "coordinates": [ [ [ [ 14.435392193000041, 50.07902929200003 ], [ 14.435468585000024, 50.079116095000074 ], [ 14.435494346000041, 50.079107400000055 ], [ 14.435419051000054, 50.079020340000056 ], [ 14.435392193000041, 50.07902929200003 ] ] ] ] } },
{ "type": "Feature", "properties": { "objectid": 64538, "zps_id": "2917", "id_poskyt": 38, "shape_area_1": 0.0, "globalid": "{9ACC5AFE-F999-4BB9-8A20-E387F4AE5DA9}", "shape_Length": 0.00020570604307201172, "shape_Area": 2.1112435429117567e-09 }, "geometry": { "type": "MultiPolygon", "coordinates": [ [ [ [ 14.435174331000042, 50.078679091000026 ], [ 14.435218606000035, 50.07873468300005 ], [ 14.435250060000044, 50.078724097000077 ], [ 14.435205254000039, 50.078670990000035 ], [ 14.435174331000042, 50.078679091000026 ] ] ] ] } },
{ "type": "Feature", "properties": { "objectid": 64539, "zps_id": "2926", "id_poskyt": 38, "shape_area_1": 0.0, "globalid": "{B471D580-6B4C-4199-8F15-CC47A6483DCE}", "shape_Length": 0.00023623734311876559, "shape_Area": 2.036212321755788e-09 }, "geometry": { "type": "MultiPolygon", "coordinates": [ [ [ [ 14.439592262000076, 50.078697430000034 ], [ 14.43959594100005, 50.078718049000031 ], [ 14.43969302000005, 50.078702688000078 ], [ 14.439686847000075, 50.078682375000028 ], [ 14.439592262000076, 50.078697430000034 ] ] ] ] } },
{ "type": "Feature", "properties": { "objectid": 64540, "zps_id": "2950", "id_poskyt": 38, "shape_area_1": 0.0, "globalid": "{0DF0D9F1-CFAD-42B3-AE2F-08786F09A2F5}", "shape_Length": 0.00028746414042635449, "shape_Area": 3.6843478551308633e-09 }, "geometry": { "type": "MultiPolygon", "coordinates": [ [ [ [ 14.44209313500005, 50.077980715000081 ], [ 14.442126264000024, 50.077979258000028 ], [ 14.442109186000039, 50.077870477000033 ], [ 14.442074999000056, 50.077872265000053 ], [ 14.44209313500005, 50.077980715000081 ] ] ] ] } },
{ "type": "Feature", "properties": { "objectid": 64541, "zps_id": "2968", "id_poskyt": 38, "shape_area_1": 0.0, "globalid": "{FD6525E4-5529-4586-B76A-265F74A5C3E1}", "shape_Length": 0.00026171952367575314, "shape_Area": 3.0783472599822636e-09 }, "geometry": { "type": "MultiPolygon", "coordinates": [ [ [ [ 14.440707948000068, 50.077100500000029 ], [ 14.44074106100004, 50.077097128000048 ], [ 14.440708498000049, 50.077003031000061 ], [ 14.440678407000064, 50.077006452000035 ], [ 14.440707948000068, 50.077100500000029 ] ] ] ] } },
{ "type": "Feature", "properties": { "objectid": 64542, "zps_id": "2973", "id_poskyt": 38, "shape_area_1": 0.0, "globalid": "{B9B28835-7259-4AC8-8351-CD9A9706CD69}", "shape_Length": 0.00027273546945897026, "shape_Area": 4.2825665465311877e-09 }, "geometry": { "type": "MultiPolygon", "coordinates": [ [ [ [ 14.441960326000071, 50.076065216000075 ], [ 14.44196106000004, 50.07600771500006 ], [ 14.441887388000055, 50.076031843000067 ], [ 14.441885656000068, 50.076090644000033 ], [ 14.441960326000071, 50.076065216000075 ] ] ] ] } },
{ "type": "Feature", "properties": { "objectid": 64543, "zps_id": "2987", "id_poskyt": 38, "shape_area_1": 0.0, "globalid": "{45896C60-8B65-40C4-92D0-9D5B79C39F9E}", "shape_Length": 0.00024787337125911684, "shape_Area": 2.9677972092022478e-09 }, "geometry": { "type": "MultiPolygon", "coordinates": [ [ [ [ 14.436847125000043, 50.076778481000076 ], [ 14.436846616000025, 50.076790308000056 ], [ 14.436886541000035, 50.076785424000036 ], [ 14.436853940000049, 50.076705744000037 ], [ 14.436818427000048, 50.076710372000036 ], [ 14.436847125000043, 50.076778481000076 ] ] ] ] } },
{ "type": "Feature", "properties": { "objectid": 64544, "zps_id": "2990", "id_poskyt": 38, "shape_area_1": 0.0, "globalid": "{D22455C8-ED67-4857-8D8A-2CC7D48056FE}", "shape_Length": 0.00033072593169273233, "shape_Area": 3.172653492691909e-09 }, "geometry": { "type": "MultiPolygon", "coordinates": [ [ [ [ 14.437676700000054, 50.075908610000056 ], [ 14.437668002000066, 50.075887592000072 ], [ 14.437527748000036, 50.075913445000026 ], [ 14.437536446000024, 50.075934462000077 ], [ 14.437676700000054, 50.075908610000056 ] ] ] ] } },
{ "type": "Feature", "properties": { "objectid": 64545, "zps_id": "3000", "id_poskyt": 38, "shape_area_1": 0.0, "globalid": "{5974A772-9F23-4C39-B87E-26B5E8E275C2}", "shape_Length": 0.00032664747140333537, "shape_Area": 4.0778606327675924e-09 }, "geometry": { "type": "MultiPolygon", "coordinates": [ [ [ [ 14.439105141000027, 50.074988352000048 ], [ 14.439135109000063, 50.074988615000052 ], [ 14.439137699000071, 50.074856358000034 ], [ 14.439106150000043, 50.074855520000028 ], [ 14.439105141000027, 50.074988352000048 ] ] ] ] } },
{ "type": "Feature", "properties": { "objectid": 64546, "zps_id": "3001", "id_poskyt": 38, "shape_area_1": 0.0, "globalid": "{FF8074A7-A8D6-4443-9790-246BA174A84A}", "shape_Length": 0.0006453880980323316, "shape_Area": 9.1257859825609347e-09 }, "geometry": { "type": "MultiPolygon", "coordinates": [ [ [ [ 14.438945165000064, 50.075022183000044 ], [ 14.438974510000037, 50.075021528000036 ], [ 14.438980872000059, 50.074730238000029 ], [ 14.438947545000076, 50.074730849000048 ], [ 14.438945165000064, 50.075022183000044 ] ] ] ] } },
{ "type": "Feature", "properties": { "objectid": 64547, "zps_id": "3006", "id_poskyt": 38, "shape_area_1": 0.0, "globalid": "{50EB2C0B-E720-41DC-BF58-36F254591F09}", "shape_Length": 0.00030881578497586262, "shape_Area": 5.5990192645167333e-09 }, "geometry": { "type": "MultiPolygon", "coordinates": [ [ [ [ 14.44062457900003, 50.073667262000072 ], [ 14.440557840000054, 50.073690568000075 ], [ 14.440557851000051, 50.073773973000073 ], [ 14.440624832000026, 50.073751251000033 ], [ 14.44062457900003, 50.073667262000072 ] ] ] ] } },
{ "type": "Feature", "properties": { "objectid": 64548, "zps_id": "3014", "id_poskyt": 38, "shape_area_1": 0.0, "globalid": "{483F67E7-6509-4B3D-B30F-8DA2BF5D2156}", "shape_Length": 0.00026502718566127041, "shape_Area": 2.8365408449619292e-09 }, "geometry": { "type": "MultiPolygon", "coordinates": [ [ [ [ 14.431864466000036, 50.072966271000041 ], [ 14.431895994000058, 50.07297096700006 ], [ 14.43193418900006, 50.072877254000048 ], [ 14.431906609000066, 50.072871827000029 ], [ 14.431871317000059, 50.072957902000041 ], [ 14.431864466000036, 50.072966271000041 ] ] ] ] } },
{ "type": "Feature", "properties": { "objectid": 64549, "zps_id": "12404", "id_poskyt": 38, "shape_area_1": 0.0, "globalid": "{2385EF9A-D2B3-4565-A194-B86668CEF549}", "shape_Length": 0.00021692284065740134, "shape_Area": 2.2246952271854688e-09 }, "geometry": { "type": "MultiPolygon", "coordinates": [ [ [ [ 14.431102621000036, 50.074827227000071 ], [ 14.431130383000038, 50.07483239700008 ], [ 14.431160711000075, 50.07475802700003 ], [ 14.431132507000029, 50.074753272000066 ], [ 14.431102621000036, 50.074827227000071 ] ] ] ] } },
{ "type": "Feature", "properties": { "objectid": 64550, "zps_id": "3025", "id_poskyt": 38, "shape_area_1": 0.0, "globalid": "{DC3D6668-BF23-4883-AF6C-67AE1929938D}", "shape_Length": 0.00035721053479652017, "shape_Area": 4.3001708518055205e-09 }, "geometry": { "type": "MultiPolygon", "coordinates": [ [ [ [ 14.432040272000052, 50.074764853000033 ], [ 14.432069678000062, 50.07476986000006 ], [ 14.432126305000054, 50.074632034000047 ], [ 14.432097326000076, 50.074627211000063 ], [ 14.432040272000052, 50.074764853000033 ] ] ] ] } },
{ "type": "Feature", "properties": { "objectid": 64551, "zps_id": "3027", "id_poskyt": 38, "shape_area_1": 0.0, "globalid": "{6E15BD5D-B4CB-4B89-B4AF-D607738D5B65}", "shape_Length": 0.00021229294997243556, "shape_Area": 2.2015643985467654e-09 }, "geometry": { "type": "MultiPolygon", "coordinates": [ [ [ [ 14.432547541000076, 50.07496947900006 ], [ 14.43257688500006, 50.074974308000037 ], [ 14.432605112000033, 50.074903092000056 ], [ 14.432576593000022, 50.074898163000057 ], [ 14.432547541000076, 50.07496947900006 ] ] ] ] } },
{ "type": "Feature", "properties": { "objectid": 64552, "zps_id": "3036", "id_poskyt": 38, "shape_area_1": 0.0, "globalid": "{B21B3F80-2FC8-4AD5-B384-60458BE84541}", "shape_Length": 0.00024549333893587812, "shape_Area": 2.5286522333501991e-09 }, "geometry": { "type": "MultiPolygon", "coordinates": [ [ [ [ 14.433390667000026, 50.075249534000079 ], [ 14.433417069000029, 50.075254538000081 ], [ 14.433458056000063, 50.075168332000032 ], [ 14.433430732000033, 50.075163028000077 ], [ 14.433390667000026, 50.075249534000079 ] ] ] ] } },
{ "type": "Feature", "properties": { "objectid": 64553, "zps_id": "3047", "id_poskyt": 38, "shape_area_1": 0.0, "globalid": "{8AE10C22-1D18-4F58-8249-BCE7F3F03A6B}", "shape_Length": 0.00017613708597412459, "shape_Area": 1.7237346883761427e-09 }, "geometry": { "type": "MultiPolygon", "coordinates": [ [ [ [ 14.435805794000032, 50.073562021000043 ], [ 14.435826289000033, 50.073508626000034 ], [ 14.435795837000057, 50.073503637000044 ], [ 14.435775571000022, 50.073557471000072 ], [ 14.435805794000032, 50.073562021000043 ] ] ] ] } },
{ "type": "Feature", "properties": { "objectid": 64554, "zps_id": "3047", "id_poskyt": 38, "shape_area_1": 0.0, "globalid": "{970D6944-1B12-4F28-97E6-5C2473FA4EEA}", "shape_Length": 0.00028558380141104962, "shape_Area": 3.2515650701048868e-09 }, "geometry": { "type": "MultiPolygon", "coordinates": [ [ [ [ 14.435495424000067, 50.074351610000065 ], [ 14.43552371100003, 50.074355918000037 ], [ 14.435561120000045, 50.074248530000034 ], [ 14.435532490000071, 50.074244656000076 ], [ 14.435494517000052, 50.074351567000065 ], [ 14.435495424000067, 50.074351610000065 ] ] ] ] } },
{ "type": "Feature", "properties": { "objectid": 64555, "zps_id": "3064", "id_poskyt": 38, "shape_area_1": 0.0, "globalid": "{BBAE3085-CEF3-4BC6-B7F2-14028F94F5C0}", "shape_Length": 0.00032603128357884016, "shape_Area": 3.0088014988764772e-09 }, "geometry": { "type": "MultiPolygon", "coordinates": [ [ [ [ 14.437397452000027, 50.073607213000059 ], [ 14.437530631000072, 50.073651462000043 ], [ 14.437545150000062, 50.073633388000076 ], [ 14.437412809000023, 50.073589839000078 ], [ 14.437397452000027, 50.073607213000059 ] ] ] ] } },
{ "type": "Feature", "properties": { "objectid": 64556, "zps_id": "12437", "id_poskyt": 38, "shape_area_1": 0.0, "globalid": "{EAE8D72E-7420-4F23-BF6C-41C13E50C62F}", "shape_Length": 0.00034817414236112634, "shape_Area": 3.8524817840799554e-09 }, "geometry": { "type": "MultiPolygon", "coordinates": [ [ [ [ 14.438582378000035, 50.074204952000059 ], [ 14.438479133000044, 50.074102307000032 ], [ 14.438452746000053, 50.074113815000032 ], [ 14.438556300000073, 50.074215996000078 ], [ 14.438582378000035, 50.074204952000059 ] ] ] ] } },
{ "type": "Feature", "properties": { "objectid": 64557, "zps_id": "3072", "id_poskyt": 38, "shape_area_1": 0.0, "globalid": "{41D8BBEF-9E01-48A0-99F9-B7C3DE9C7319}", "shape_Length": 0.00021380046579804661, "shape_Area": 2.5453962681972736e-09 }, "geometry": { "type": "MultiPolygon", "coordinates": [ [ [ [ 14.43932277600004, 50.072771525000064 ], [ 14.439318755000045, 50.072700907000069 ], [ 14.43928309100005, 50.072701774000052 ], [ 14.439286847000062, 50.072773105000067 ], [ 14.43932277600004, 50.072771525000064 ] ] ] ] } },
{ "type": "Feature", "properties": { "objectid": 64558, "zps_id": "3084", "id_poskyt": 38, "shape_area_1": 0.0, "globalid": "{79B8D741-C8A8-4269-ADAC-DF72CC32D5A5}", "shape_Length": 0.00023453800934266717, "shape_Area": 2.5267457503506974e-09 }, "geometry": { "type": "MultiPolygon", "coordinates": [ [ [ [ 14.434724235000033, 50.072521878000032 ], [ 14.434684515000072, 50.072461823000026 ], [ 14.434675318000075, 50.072449892000066 ], [ 14.434645691000071, 50.072459597000034 ], [ 14.43468774300004, 50.072519023000041 ], [ 14.434690774000046, 50.072528004000048 ], [ 14.434724235000033, 50.072521878000032 ] ] ] ] } },
{ "type": "Feature", "properties": { "objectid": 64559, "zps_id": "12410", "id_poskyt": 38, "shape_area_1": 0.0, "globalid": "{A6578BCA-42C5-439E-A5ED-A922D81F2BE0}", "shape_Length": 0.0002474972607454503, "shape_Area": 2.0569563717030181e-09 }, "geometry": { "type": "MultiPolygon", "coordinates": [ [ [ [ 14.434941937000076, 50.072496436000051 ], [ 14.435040180000044, 50.072524701000077 ], [ 14.435052557000063, 50.072507418000043 ], [ 14.434953630000052, 50.072478919000048 ], [ 14.434941937000076, 50.072496436000051 ] ] ] ] } },
{ "type": "Feature", "properties": { "objectid": 64560, "zps_id": "3105", "id_poskyt": 38, "shape_area_1": 0.0, "globalid": "{0DBCA64F-87A5-4F52-A996-0973295DBA75}", "shape_Length": 0.00056297119708316782, "shape_Area": 6.1706467796682722e-09 }, "geometry": { "type": "MultiPolygon", "coordinates": [ [ [ [ 14.436185465000051, 50.070599457000071 ], [ 14.43641787200005, 50.070703698000045 ], [ 14.436437080000076, 50.07068632000005 ], [ 14.436203631000069, 50.070580689000053 ], [ 14.436185465000051, 50.070599457000071 ] ] ] ] } },
{ "type": "Feature", "properties": { "objectid": 64561, "zps_id": "3113", "id_poskyt": 38, "shape_area_1": 0.0, "globalid": "{9BA4CFF6-DC28-4C02-8C6F-B801A38371A3}", "shape_Length": 0.00025397250248096172, "shape_Area": 2.2521360589712101e-09 }, "geometry": { "type": "MultiPolygon", "coordinates": [ [ [ [ 14.441470867000078, 50.072925637000026 ], [ 14.441564843000037, 50.072968510000067 ], [ 14.441582438000069, 50.072952795000049 ], [ 14.441488941000046, 50.072909663000075 ], [ 14.441470867000078, 50.072925637000026 ] ] ] ] } },
{ "type": "Feature", "properties": { "objectid": 64562, "zps_id": "3118", "id_poskyt": 38, "shape_area_1": 0.0, "globalid": "{11E92275-7DC0-42D5-A70E-C4FA4ED89355}", "shape_Length": 0.00028654951849581707, "shape_Area": 2.5061624080175514e-09 }, "geometry": { "type": "MultiPolygon", "coordinates": [ [ [ [ 14.438595951000025, 50.072523305000061 ], [ 14.438710638000032, 50.072564391000071 ], [ 14.438724026000045, 50.072547388000032 ], [ 14.438610280000034, 50.072506384000064 ], [ 14.438595951000025, 50.072523305000061 ] ] ] ] } },
{ "type": "Feature", "properties": { "objectid": 64563, "zps_id": "3133", "id_poskyt": 38, "shape_area_1": 0.0, "globalid": "{0665BE2D-9D9A-4ADB-8BE1-74FDCBBD229A}", "shape_Length": 0.00071876155057667935, "shape_Area": 7.7337601246202976e-09 }, "geometry": { "type": "MultiPolygon", "coordinates": [ [ [ [ 14.441087362000076, 50.073215418000075 ], [ 14.441018220000046, 50.073217548000059 ], [ 14.440779441000075, 50.073316330000068 ], [ 14.440762600000028, 50.073351552000076 ], [ 14.441087362000076, 50.073215418000075 ] ] ] ] } },
{ "type": "Feature", "properties": { "objectid": 64564, "zps_id": "3134", "id_poskyt": 38, "shape_area_1": 0.0, "globalid": "{3F05A51F-B515-46C9-86FB-D9131E14DA9D}", "shape_Length": 0.00035453153545482409, "shape_Area": 5.3472163660967148e-09 }, "geometry": { "type": "MultiPolygon", "coordinates": [ [ [ [ 14.432461383000032, 50.069111063000037 ], [ 14.432501758000058, 50.069120144000067 ], [ 14.432527078000021, 50.069072567000035 ], [ 14.432565854000075, 50.069000015000029 ], [ 14.432527198000059, 50.068990660000054 ], [ 14.432461383000032, 50.069111063000037 ] ] ] ] } },
{ "type": "Feature", "properties": { "objectid": 64565, "zps_id": "3137", "id_poskyt": 38, "shape_area_1": 0.0, "globalid": "{F1B61C97-B4B2-4521-A20C-E96E6AA766BB}", "shape_Length": 0.00029281330452452252, "shape_Area": 3.1533046927764932e-09 }, "geometry": { "type": "MultiPolygon", "coordinates": [ [ [ [ 14.434561984000027, 50.069860838000068 ], [ 14.434587644000032, 50.069872137000061 ], [ 14.43467548600006, 50.069794632000026 ], [ 14.434648004000053, 50.06978136500004 ], [ 14.434561984000027, 50.069860838000068 ] ] ] ] } },
{ "type": "Feature", "properties": { "objectid": 64566, "zps_id": "3177", "id_poskyt": 38, "shape_area_1": 0.0, "globalid": "{673BD332-555E-4F46-A133-A1568BA835B0}", "shape_Length": 0.0003025441860648427, "shape_Area": 2.9792099215205893e-09 }, "geometry": { "type": "MultiPolygon", "coordinates": [ [ [ [ 14.441649748000032, 50.070429146000038 ], [ 14.441764644000045, 50.070482657000071 ], [ 14.441783051000073, 50.070464780000066 ], [ 14.44167116400007, 50.070412970000064 ], [ 14.441649748000032, 50.070429146000038 ] ] ] ] } },
{ "type": "Feature", "properties": { "objectid": 64567, "zps_id": "3186", "id_poskyt": 38, "shape_area_1": 0.0, "globalid": "{2FB5EEE7-C6E1-43DD-A797-358AA1C52588}", "shape_Length": 0.00060579984412120703, "shape_Area": 6.3467990622304694e-09 }, "geometry": { "type": "MultiPolygon", "coordinates": [ [ [ [ 14.439035654000065, 50.067910153000071 ], [ 14.439056976000074, 50.067925470000034 ], [ 14.439300318000051, 50.067794433000074 ], [ 14.439282434000063, 50.067778931000078 ], [ 14.439035654000065, 50.067910153000071 ] ] ] ] } },
{ "type": "Feature", "properties": { "objectid": 64568, "zps_id": "3197", "id_poskyt": 38, "shape_area_1": 0.0, "globalid": "{48E59304-9F98-49A1-8428-685BCC645220}", "shape_Length": 0.00020136929395540566, "shape_Area": 2.0558567618795119e-09 }, "geometry": { "type": "MultiPolygon", "coordinates": [ [ [ [ 14.44490316100007, 50.078987650000045 ], [ 14.444933235000065, 50.078992185000061 ], [ 14.444957965000071, 50.078926313000068 ], [ 14.44493004900005, 50.078920725000046 ], [ 14.44490316100007, 50.078987650000045 ] ] ] ] } },
{ "type": "Feature", "properties": { "objectid": 64569, "zps_id": "3199", "id_poskyt": 38, "shape_area_1": 0.0, "globalid": "{3FBF0B57-E001-4495-B745-9F9057712382}", "shape_Length": 0.00020047220106354005, "shape_Area": 1.5351302131161713e-09 }, "geometry": { "type": "MultiPolygon", "coordinates": [ [ [ [ 14.443939538000052, 50.081500353000081 ], [ 14.443932451000023, 50.081481875000065 ], [ 14.443853294000064, 50.081490964000068 ], [ 14.443857979000029, 50.081509329000028 ], [ 14.443898163000028, 50.081504947000042 ], [ 14.443939538000052, 50.081500353000081 ] ] ] ] } },
{ "type": "Feature", "properties": { "objectid": 64570, "zps_id": "3203", "id_poskyt": 38, "shape_area_1": 0.0, "globalid": "{791740BA-0C87-4FF9-ADAD-7D19FE0D92DD}", "shape_Length": 0.00036367060942981425, "shape_Area": 3.9234236488211477e-09 }, "geometry": { "type": "MultiPolygon", "coordinates": [ [ [ [ 14.446013488000062, 50.080665099000043 ], [ 14.446026352000047, 50.080670574000067 ], [ 14.446040198000048, 50.080679384000064 ], [ 14.446054615000037, 50.080701250000061 ], [ 14.446086875000049, 50.080692173000045 ], [ 14.446063999000046, 50.080657272000053 ], [ 14.446045598000069, 50.08064878700003 ], [ 14.446033297000042, 50.080645893000053 ], [ 14.44594253300005, 50.080629200000033 ], [ 14.445931453000071, 50.080649539000035 ], [ 14.446013488000062, 50.080665099000043 ] ] ] ] } },
{ "type": "Feature", "properties": { "objectid": 64571, "zps_id": "3205", "id_poskyt": 38, "shape_area_1": 0.0, "globalid": "{70EC7564-CD3F-4268-AEA2-0A9FC8E4D72B}", "shape_Length": 0.00031872998598476439, "shape_Area": 2.590505331935503e-09 }, "geometry": { "type": "MultiPolygon", "coordinates": [ [ [ [ 14.445864881000034, 50.079844844000036 ], [ 14.446003576000066, 50.079867505000038 ], [ 14.446010213000022, 50.079849014000047 ], [ 14.445871156000067, 50.079828056000053 ], [ 14.445864881000034, 50.079844844000036 ] ] ] ] } },
{ "type": "Feature", "properties": { "objectid": 64572, "zps_id": "3215", "id_poskyt": 38, "shape_area_1": 0.0, "globalid": "{38A1B79A-7077-463F-9786-743DDE3C56B7}", "shape_Length": 0.00043202660082557155, "shape_Area": 4.0641292076019766e-09 }, "geometry": { "type": "MultiPolygon", "coordinates": [ [ [ [ 14.447933866000028, 50.07896660800003 ], [ 14.447941030000038, 50.078946639000037 ], [ 14.447749055000031, 50.078916915000036 ], [ 14.447741077000046, 50.078936856000041 ], [ 14.447933866000028, 50.07896660800003 ] ] ] ] } },
{ "type": "Feature", "properties": { "objectid": 64573, "zps_id": "3218", "id_poskyt": 38, "shape_area_1": 0.0, "globalid": "{A953AF7F-32B2-43D1-AED1-0C51B4CBDA84}", "shape_Length": 0.00022721347256343891, "shape_Area": 2.7260065704947739e-09 }, "geometry": { "type": "MultiPolygon", "coordinates": [ [ [ [ 14.446066546000054, 50.077729293000061 ], [ 14.446101577000036, 50.077731861000075 ], [ 14.446114274000024, 50.077653372000043 ], [ 14.446079715000053, 50.077652406000027 ], [ 14.446066546000054, 50.077729293000061 ] ] ] ] } },
{ "type": "Feature", "properties": { "objectid": 64574, "zps_id": "3222", "id_poskyt": 38, "shape_area_1": 0.0, "globalid": "{83CA448E-01DD-4294-9D77-66D17DCDF198}", "shape_Length": 0.00023523597467569281, "shape_Area": 2.630105916167057e-09 }, "geometry": { "type": "MultiPolygon", "coordinates": [ [ [ [ 14.443819693000023, 50.077224932000036 ], [ 14.443827704000057, 50.077138069000057 ], [ 14.443799228000046, 50.077136307000046 ], [ 14.443788052000059, 50.07722338800005 ], [ 14.443819693000023, 50.077224932000036 ] ] ] ] } },
{ "type": "Feature", "properties": { "objectid": 64575, "zps_id": "3240", "id_poskyt": 38, "shape_area_1": 0.0, "globalid": "{9C7B7B49-E2C3-4B95-B9BA-7A90B88E75D7}", "shape_Length": 0.00017003455535984796, "shape_Area": 1.6566402840903862e-09 }, "geometry": { "type": "MultiPolygon", "coordinates": [ [ [ [ 14.443851261000077, 50.07684634900005 ], [ 14.443881309000062, 50.07684624500007 ], [ 14.443882489000032, 50.076791398000069 ], [ 14.443852002000028, 50.076791716000059 ], [ 14.443851261000077, 50.07684634900005 ] ] ] ] } },
{ "type": "Feature", "properties": { "objectid": 64576, "zps_id": "3258", "id_poskyt": 38, "shape_area_1": 0.0, "globalid": "{83EEA43A-CDEE-4DA3-BC79-F23D1F1E80E3}", "shape_Length": 0.00024912449775911559, "shape_Area": 2.9629554219156235e-09 }, "geometry": { "type": "MultiPolygon", "coordinates": [ [ [ [ 14.443946881000045, 50.075231196000061 ], [ 14.443979521000074, 50.075230830000066 ], [ 14.443983736000064, 50.075134730000059 ], [ 14.44395041100006, 50.075146234000044 ], [ 14.443946881000045, 50.075231196000061 ] ] ] ] } },
{ "type": "Feature", "properties": { "objectid": 64577, "zps_id": "3262", "id_poskyt": 38, "shape_area_1": 0.0, "globalid": "{2D61B5D8-FB8A-4239-9E41-3DEE61598CB1}", "shape_Length": 0.00024128311516832449, "shape_Area": 1.9297984159538552e-09 }, "geometry": { "type": "MultiPolygon", "coordinates": [ [ [ [ 14.445956577000061, 50.07531313000004 ], [ 14.446058153000024, 50.07531532400003 ], [ 14.446058008000023, 50.075295635000032 ], [ 14.44598267300006, 50.075295053000048 ], [ 14.445956412000044, 50.075294737000036 ], [ 14.445956577000061, 50.07531313000004 ] ] ] ] } },
{ "type": "Feature", "properties": { "objectid": 64578, "zps_id": "3288", "id_poskyt": 38, "shape_area_1": 0.0, "globalid": "{BFB79672-6FC7-42CA-8907-929BB08FDB7D}", "shape_Length": 0.00034000621213958022, "shape_Area": 3.1837738542844759e-09 }, "geometry": { "type": "MultiPolygon", "coordinates": [ [ [ [ 14.441953155000022, 50.073196105000079 ], [ 14.441968459000066, 50.073176983000053 ], [ 14.44182746000007, 50.073131705000037 ], [ 14.44181489500005, 50.073148963000051 ], [ 14.441953155000022, 50.073196105000079 ] ] ] ] } },
{ "type": "Feature", "properties": { "objectid": 64579, "zps_id": "3290", "id_poskyt": 38, "shape_area_1": 0.0, "globalid": "{28D43A7A-C489-4376-A5EF-F87BB99099F4}", "shape_Length": 0.00021322949910587675, "shape_Area": 2.26989109447276e-09 }, "geometry": { "type": "MultiPolygon", "coordinates": [ [ [ [ 14.442053249000026, 50.074230491000037 ], [ 14.442082713000048, 50.074230526000065 ], [ 14.442083860000025, 50.074153650000028 ], [ 14.442054535000068, 50.074152954000056 ], [ 14.442053249000026, 50.074230491000037 ] ] ] ] } },
{ "type": "Feature", "properties": { "objectid": 64580, "zps_id": "3295", "id_poskyt": 38, "shape_area_1": 0.0, "globalid": "{096B22C2-5A58-47B3-8E9C-286A28D3F99E}", "shape_Length": 0.00022015443371614738, "shape_Area": 1.9177141807346923e-09 }, "geometry": { "type": "MultiPolygon", "coordinates": [ [ [ [ 14.445999011000026, 50.073493248000034 ], [ 14.445998941000028, 50.073515532000044 ], [ 14.446087641000076, 50.073516444000063 ], [ 14.446087004000049, 50.073495305000051 ], [ 14.445999011000026, 50.073493248000034 ] ] ] ] } },
{ "type": "Feature", "properties": { "objectid": 64581, "zps_id": "3303", "id_poskyt": 38, "shape_area_1": 0.0, "globalid": "{62368548-C1C1-4418-BED4-4BCC7071427D}", "shape_Length": 0.00021263350301901467, "shape_Area": 2.2539217794227939e-09 }, "geometry": { "type": "MultiPolygon", "coordinates": [ [ [ [ 14.435439172000031, 50.083759195000027 ], [ 14.435393503000057, 50.083699942000067 ], [ 14.435363353000071, 50.083710408000059 ], [ 14.435407612000063, 50.083768476000046 ], [ 14.435439172000031, 50.083759195000027 ] ] ] ] } },
{ "type": "Feature", "properties": { "objectid": 64582, "zps_id": "3304", "id_poskyt": 38, "shape_area_1": 0.0, "globalid": "{825BDEFE-7AB8-476C-B870-8922C3603A5F}", "shape_Length": 0.00027710301841252401, "shape_Area": 2.7675915943814332e-09 }, "geometry": { "type": "MultiPolygon", "coordinates": [ [ [ [ 14.437841856000034, 50.074758762000044 ], [ 14.437857635000057, 50.074772501000041 ], [ 14.43787597000005, 50.074769911000033 ], [ 14.437964864000037, 50.074730496000029 ], [ 14.437943595000036, 50.074711753000031 ], [ 14.437841856000034, 50.074758762000044 ] ] ] ] } },
{ "type": "Feature", "properties": { "objectid": 64583, "zps_id": "3333", "id_poskyt": 38, "shape_area_1": 0.0, "globalid": "{BEBE61C7-6AEC-4927-9945-16E139A918A9}", "shape_Length": 0.00033750379886055779, "shape_Area": 3.2222314195731943e-09 }, "geometry": { "type": "MultiPolygon", "coordinates": [ [ [ [ 14.389988266000046, 50.087778101000026 ], [ 14.39013161500003, 50.087807005000059 ], [ 14.390140901000052, 50.087787717000026 ], [ 14.389998399000035, 50.087756391000028 ], [ 14.389988266000046, 50.087778101000026 ] ] ] ] } },
{ "type": "Feature", "properties": { "objectid": 64584, "zps_id": "3334", "id_poskyt": 38, "shape_area_1": 0.0, "globalid": "{D95A64CA-81F0-4C28-B6FC-09C375780998}", "shape_Length": 0.00020474280952242631, "shape_Area": 2.2762518783959698e-09 }, "geometry": { "type": "MultiPolygon", "coordinates": [ [ [ [ 14.390379042000063, 50.087783978000061 ], [ 14.390414755000052, 50.087788874000069 ], [ 14.39042065600006, 50.087764457000048 ], [ 14.390431653000064, 50.087744367000028 ], [ 14.390439525000033, 50.087732594000045 ], [ 14.390397579000023, 50.08772321400005 ], [ 14.390379042000063, 50.087783978000061 ] ] ] ] } },
{ "type": "Feature", "properties": { "objectid": 64585, "zps_id": "3336", "id_poskyt": 38, "shape_area_1": 0.0, "globalid": "{589DE1D5-8248-4364-9E86-7C50668E3397}", "shape_Length": 0.0003402048383779384, "shape_Area": 2.9495038894934312e-09 }, "geometry": { "type": "MultiPolygon", "coordinates": [ [ [ [ 14.38950397800005, 50.087522756000055 ], [ 14.389652051000041, 50.087544619000028 ], [ 14.389658734000022, 50.087525508000056 ], [ 14.389509617000044, 50.087503968000078 ], [ 14.38950397800005, 50.087522756000055 ] ] ] ] } },
{ "type": "Feature", "properties": { "objectid": 64586, "zps_id": "3353", "id_poskyt": 38, "shape_area_1": 0.0, "globalid": "{B2EB579B-A003-43ED-9682-ACB46DDE4F71}", "shape_Length": 0.00033603559099909015, "shape_Area": 3.1180402419066901e-09 }, "geometry": { "type": "MultiPolygon", "coordinates": [ [ [ [ 14.400581595000062, 50.088501712000038 ], [ 14.400578230000065, 50.08852267900005 ], [ 14.400724979000074, 50.088530207000076 ], [ 14.400727794000034, 50.08850891000003 ], [ 14.400581595000062, 50.088501712000038 ] ] ] ] } },
{ "type": "Feature", "properties": { "objectid": 64587, "zps_id": "12170", "id_poskyt": 38, "shape_area_1": 0.0, "globalid": "{7999D585-D7BD-48A4-9F62-3E7607085DD8}", "shape_Length": 0.00024650351845725832, "shape_Area": 2.3073711886043368e-09 }, "geometry": { "type": "MultiPolygon", "coordinates": [ [ [ [ 14.399754889000064, 50.08848211600008 ], [ 14.39976075900006, 50.088503302000049 ], [ 14.399859226000046, 50.088497518000054 ], [ 14.399858209000058, 50.088475272000039 ], [ 14.399816336000072, 50.088476214000082 ], [ 14.399754889000064, 50.08848211600008 ] ] ] ] } },
{ "type": "Feature", "properties": { "objectid": 64588, "zps_id": "3352", "id_poskyt": 38, "shape_area_1": 0.0, "globalid": "{7F38326F-EFF4-452C-BF74-8AE45F59CA34}", "shape_Length": 0.00031532925132821225, "shape_Area": 2.8444287139520941e-09 }, "geometry": { "type": "MultiPolygon", "coordinates": [ [ [ [ 14.396741538000072, 50.088495048000027 ], [ 14.396877819000053, 50.088508250000075 ], [ 14.396881184000051, 50.088488536000057 ], [ 14.396745256000031, 50.088473694000072 ], [ 14.396741538000072, 50.088495048000027 ] ] ] ] } },
{ "type": "Feature", "properties": { "objectid": 64589, "zps_id": "3456", "id_poskyt": 38, "shape_area_1": 0.0, "globalid": "{40FF934D-DACB-4ECF-BD32-308049C189E6}", "shape_Length": 0.00019464763191691351, "shape_Area": 1.4996687760611671e-09 }, "geometry": { "type": "MultiPolygon", "coordinates": [ [ [ [ 14.403993333000074, 50.087645984000062 ], [ 14.403997278000077, 50.087664568000037 ], [ 14.40407486600003, 50.087658308000073 ], [ 14.40407108900007, 50.087638938000055 ], [ 14.403993333000074, 50.087645984000062 ] ] ] ] } },
{ "type": "Feature", "properties": { "objectid": 64590, "zps_id": "3385", "id_poskyt": 38, "shape_area_1": 0.0, "globalid": "{EEF737A4-B2D2-4C01-B387-4F969D265B58}", "shape_Length": 0.00017686256435317098, "shape_Area": 1.7297794627166122e-09 }, "geometry": { "type": "MultiPolygon", "coordinates": [ [ [ [ 14.400976918000026, 50.087443380000082 ], [ 14.401006195000036, 50.08744211000004 ], [ 14.400999308000053, 50.087383275000036 ], [ 14.400969964000069, 50.087384857000075 ], [ 14.400976918000026, 50.087443380000082 ] ] ] ] } },
{ "type": "Feature", "properties": { "objectid": 64591, "zps_id": "12161", "id_poskyt": 38, "shape_area_1": 0.0, "globalid": "{4D75994F-9173-4E5C-BB80-30FB4716B2D0}", "shape_Length": 0.00017348074037017142, "shape_Area": 1.5840296720491923e-09 }, "geometry": { "type": "MultiPolygon", "coordinates": [ [ [ [ 14.40379985800007, 50.086735329000078 ], [ 14.403825405000077, 50.086742106000031 ], [ 14.403852875000041, 50.086688560000027 ], [ 14.40382515500005, 50.08668257100004 ], [ 14.40379985800007, 50.086735329000078 ] ] ] ] } },
{ "type": "Feature", "properties": { "objectid": 64592, "zps_id": "3390", "id_poskyt": 38, "shape_area_1": 0.0, "globalid": "{6D19D798-E207-4B43-88FF-4FCB237FF263}", "shape_Length": 0.00015121099367404082, "shape_Area": 1.2813576550406642e-09 }, "geometry": { "type": "MultiPolygon", "coordinates": [ [ [ [ 14.404320985000027, 50.083871545000079 ], [ 14.404346333000035, 50.083873121000067 ], [ 14.404352863000042, 50.083823210000048 ], [ 14.40432658800006, 50.083822668000039 ], [ 14.404320985000027, 50.083871545000079 ] ] ] ] } },
{ "type": "Feature", "properties": { "objectid": 64593, "zps_id": "3393", "id_poskyt": 38, "shape_area_1": 0.0, "globalid": "{FA996748-5382-4EFF-ADDB-4919C26CCF19}", "shape_Length": 0.00016378861165885697, "shape_Area": 1.5894316437372719e-09 }, "geometry": { "type": "MultiPolygon", "coordinates": [ [ [ [ 14.404507552000041, 50.082959536000033 ], [ 14.404506517000073, 50.083010263000062 ], [ 14.404538094000031, 50.083010085000069 ], [ 14.404539211000042, 50.082960292000053 ], [ 14.404507552000041, 50.082959536000033 ] ] ] ] } },
{ "type": "Feature", "properties": { "objectid": 64594, "zps_id": "3415", "id_poskyt": 38, "shape_area_1": 0.0, "globalid": "{38CE60AE-C2CD-4162-926B-9351E25FB6F8}", "shape_Length": 0.0004008609054241649, "shape_Area": 3.3540002307532114e-09 }, "geometry": { "type": "MultiPolygon", "coordinates": [ [ [ [ 14.404744268000059, 50.084316671000067 ], [ 14.404925791000039, 50.084312203000081 ], [ 14.404925396000067, 50.084293825000032 ], [ 14.404743041000074, 50.084298219000061 ], [ 14.404744268000059, 50.084316671000067 ] ] ] ] } },
{ "type": "Feature", "properties": { "objectid": 64595, "zps_id": "3416", "id_poskyt": 38, "shape_area_1": 0.0, "globalid": "{73D48F79-2EDD-4005-AC81-807C2A79B118}", "shape_Length": 0.00024215479899127441, "shape_Area": 2.6831382484099663e-09 }, "geometry": { "type": "MultiPolygon", "coordinates": [ [ [ [ 14.40558272800007, 50.084781176000035 ], [ 14.405611324000063, 50.084783069000082 ], [ 14.405638336000038, 50.084696672000064 ], [ 14.405607129000032, 50.084692942000061 ], [ 14.40558272800007, 50.084781176000035 ] ] ] ] } },
{ "type": "Feature", "properties": { "objectid": 64596, "zps_id": "3453", "id_poskyt": 38, "shape_area_1": 0.0, "globalid": "{1CF4F2EB-16E7-4911-865C-784B25288DAC}", "shape_Length": 0.00020897416940573297, "shape_Area": 1.6161678362875314e-09 }, "geometry": { "type": "MultiPolygon", "coordinates": [ [ [ [ 14.405660436000062, 50.087369897000031 ], [ 14.405670455000063, 50.087387984000031 ], [ 14.405753012000048, 50.087370508000049 ], [ 14.405743104000067, 50.087353548000067 ], [ 14.405660436000062, 50.087369897000031 ] ] ] ] } },
{ "type": "Feature", "properties": { "objectid": 64597, "zps_id": "20895", "id_poskyt": 38, "shape_area_1": 0.0, "globalid": "{468CAD25-B24E-44A2-B677-BF2F0F911873}", "shape_Length": 0.00025597206506408491, "shape_Area": 2.1864521190215776e-09 }, "geometry": { "type": "MultiPolygon", "coordinates": [ [ [ [ 14.408613738000042, 50.087556373000041 ], [ 14.408596253000042, 50.087571359000037 ], [ 14.408693117000041, 50.087613411000063 ], [ 14.408709731000044, 50.087597810000034 ], [ 14.408613738000042, 50.087556373000041 ] ] ] ] } },
{ "type": "Feature", "properties": { "objectid": 64598, "zps_id": "3479", "id_poskyt": 38, "shape_area_1": 0.0, "globalid": "{9F822172-77AC-46A2-A1A1-EDBA050CA9F6}", "shape_Length": 0.00017480073114295441, "shape_Area": 1.6855018342253754e-09 }, "geometry": { "type": "MultiPolygon", "coordinates": [ [ [ [ 14.404855155000064, 50.08897604200007 ], [ 14.404883144000053, 50.088974729000029 ], [ 14.404878482000072, 50.088916682000047 ], [ 14.404848857000047, 50.088917468000034 ], [ 14.404855155000064, 50.08897604200007 ] ] ] ] } },
{ "type": "Feature", "properties": { "objectid": 64599, "zps_id": "3497", "id_poskyt": 38, "shape_area_1": 0.0, "globalid": "{11972121-9F4A-4C4C-AC2A-E0EEF798B821}", "shape_Length": 0.00024782800944884184, "shape_Area": 3.0013713410261437e-09 }, "geometry": { "type": "MultiPolygon", "coordinates": [ [ [ [ 14.414988319000031, 50.090021211000078 ], [ 14.41498395800005, 50.090043895000065 ], [ 14.415018587000077, 50.090047272000049 ], [ 14.415023390000044, 50.090020215000038 ], [ 14.414998344000026, 50.08995828500008 ], [ 14.414964551000025, 50.089964768000073 ], [ 14.414988319000031, 50.090021211000078 ] ] ] ] } },
{ "type": "Feature", "properties": { "objectid": 64600, "zps_id": "3568", "id_poskyt": 38, "shape_area_1": 0.0, "globalid": "{2DA14831-3A85-4357-A306-B0D3D58C3A29}", "shape_Length": 0.00018460579750417296, "shape_Area": 2.1216301644738557e-09 }, "geometry": { "type": "MultiPolygon", "coordinates": [ [ [ [ 14.42476393100003, 50.091114073000028 ], [ 14.424777070000061, 50.091071763000059 ], [ 14.424727756000038, 50.09105906800005 ], [ 14.424720669000067, 50.091103302000079 ], [ 14.42476393100003, 50.091114073000028 ] ] ] ] } },
{ "type": "Feature", "properties": { "objectid": 64601, "zps_id": "3577", "id_poskyt": 38, "shape_area_1": 0.0, "globalid": "{29177692-F786-4853-8824-779D7F54877D}", "shape_Length": 0.00033295753230148007, "shape_Area": 3.2600063180134802e-09 }, "geometry": { "type": "MultiPolygon", "coordinates": [ [ [ [ 14.422807398000032, 50.090446296000039 ], [ 14.422937156000046, 50.090502426000057 ], [ 14.422955572000035, 50.090484380000078 ], [ 14.422825140000043, 50.090429633000042 ], [ 14.422807398000032, 50.090446296000039 ] ] ] ] } },
{ "type": "Feature", "properties": { "objectid": 64602, "zps_id": "3578", "id_poskyt": 38, "shape_area_1": 0.0, "globalid": "{61700D03-8B20-4040-BB28-3B2894A02670}", "shape_Length": 0.00021255594895006313, "shape_Area": 1.858359118289479e-09 }, "geometry": { "type": "MultiPolygon", "coordinates": [ [ [ [ 14.423064809000039, 50.090620775000048 ], [ 14.423058874000048, 50.090597932000037 ], [ 14.422975860000065, 50.090609307000079 ], [ 14.422981204000052, 50.090629703000047 ], [ 14.423064809000039, 50.090620775000048 ] ] ] ] } },
{ "type": "Feature", "properties": { "objectid": 64603, "zps_id": "12138", "id_poskyt": 38, "shape_area_1": 0.0, "globalid": "{97A38CE6-2189-4120-BE4A-D8C9982CCC44}", "shape_Length": 0.00024926095495837242, "shape_Area": 2.966737559365413e-09 }, "geometry": { "type": "MultiPolygon", "coordinates": [ [ [ [ 14.422759849000045, 50.089585643000078 ], [ 14.42281364300004, 50.089605344000063 ], [ 14.422870728000078, 50.089582607000068 ], [ 14.422792093000055, 50.089552421000064 ], [ 14.422759849000045, 50.089585643000078 ] ] ] ] } },
{ "type": "Feature", "properties": { "objectid": 64604, "zps_id": "3601", "id_poskyt": 38, "shape_area_1": 0.0, "globalid": "{988B5D8C-A3FB-4990-BBDF-BDFB5456112A}", "shape_Length": 0.00020403087241714914, "shape_Area": 2.4686736135497882e-09 }, "geometry": { "type": "MultiPolygon", "coordinates": [ [ [ [ 14.419786655000053, 50.088646077000078 ], [ 14.419814940000037, 50.088685449000081 ], [ 14.419846605000032, 50.088637854000069 ], [ 14.419813717000068, 50.088603259000081 ], [ 14.419786655000053, 50.088646077000078 ] ] ] ] } },
{ "type": "Feature", "properties": { "objectid": 64605, "zps_id": "3610", "id_poskyt": 38, "shape_area_1": 0.0, "globalid": "{53E8A208-8893-4731-9E08-ED060B58C25E}", "shape_Length": 0.00018594755415519032, "shape_Area": 1.723780824192874e-09 }, "geometry": { "type": "MultiPolygon", "coordinates": [ [ [ [ 14.416746287000024, 50.088603161000037 ], [ 14.416772784000045, 50.088598592000039 ], [ 14.416745871000046, 50.088536017000081 ], [ 14.416721094000025, 50.088543035000043 ], [ 14.416746287000024, 50.088603161000037 ] ] ] ] } },
{ "type": "Feature", "properties": { "objectid": 64606, "zps_id": "12066", "id_poskyt": 38, "shape_area_1": 0.0, "globalid": "{CD03531C-AB18-4C42-8A8A-5D8890CAA5F8}", "shape_Length": 0.00049903861305215867, "shape_Area": 7.927094110004909e-09 }, "geometry": { "type": "MultiPolygon", "coordinates": [ [ [ [ 14.418357764000064, 50.087460209000028 ], [ 14.418374803000063, 50.087503067000057 ], [ 14.418575565000026, 50.087538137000081 ], [ 14.418557763000024, 50.08749573700004 ], [ 14.418357764000064, 50.087460209000028 ] ] ] ] } },
{ "type": "Feature", "properties": { "objectid": 64607, "zps_id": "4039", "id_poskyt": 38, "shape_area_1": 0.0, "globalid": "{DCEFC940-2506-4658-8945-EFACAD59CC85}", "shape_Length": 0.0003050235809589961, "shape_Area": 3.8933732053559493e-09 }, "geometry": { "type": "MultiPolygon", "coordinates": [ [ [ [ 14.419205194000028, 50.087198432000037 ], [ 14.419240345000048, 50.087204041000064 ], [ 14.419296876000033, 50.087102532000074 ], [ 14.419263752000063, 50.087094625000077 ], [ 14.419205194000028, 50.087198432000037 ] ] ] ] } },
{ "type": "Feature", "properties": { "objectid": 64608, "zps_id": "4083", "id_poskyt": 38, "shape_area_1": 0.0, "globalid": "{FE76D793-B88D-45B4-A7B0-81286459DC09}", "shape_Length": 0.00027975795286021125, "shape_Area": 3.0644239470967115e-09 }, "geometry": { "type": "MultiPolygon", "coordinates": [ [ [ [ 14.426077676000034, 50.088791666000077 ], [ 14.42610496900005, 50.088793791000057 ], [ 14.426130940000064, 50.088684920000048 ], [ 14.426103385000033, 50.08868190000004 ], [ 14.426077676000034, 50.088791666000077 ] ] ] ] } },
{ "type": "Feature", "properties": { "objectid": 64609, "zps_id": "4064", "id_poskyt": 38, "shape_area_1": 0.0, "globalid": "{829D03FE-8762-42CE-8B03-A4403559FD35}", "shape_Length": 0.00019882710333615463, "shape_Area": 1.7400573551965844e-09 }, "geometry": { "type": "MultiPolygon", "coordinates": [ [ [ [ 14.424462319000042, 50.087742730000059 ], [ 14.424469566000027, 50.087721054000042 ], [ 14.424396689000048, 50.08770596200003 ], [ 14.424386150000032, 50.087727348000044 ], [ 14.424462319000042, 50.087742730000059 ] ] ] ] } },
{ "type": "Feature", "properties": { "objectid": 64610, "zps_id": "4069", "id_poskyt": 38, "shape_area_1": 0.0, "globalid": "{608A1733-E5ED-43C1-B1C8-CA532DD14149}", "shape_Length": 0.00023237295119715094, "shape_Area": 1.8713031323853015e-09 }, "geometry": { "type": "MultiPolygon", "coordinates": [ [ [ [ 14.424573183000064, 50.087667374000034 ], [ 14.424570267000036, 50.087687283000037 ], [ 14.424668257000064, 50.087689612000077 ], [ 14.424668668000038, 50.087670934000073 ], [ 14.424573183000064, 50.087667374000034 ] ] ] ] } },
{ "type": "Feature", "properties": { "objectid": 64611, "zps_id": "4091", "id_poskyt": 38, "shape_area_1": 0.0, "globalid": "{14EA9C59-2984-4274-A190-3D629D2DB155}", "shape_Length": 0.0002388637798676587, "shape_Area": 2.3166250478307839e-09 }, "geometry": { "type": "MultiPolygon", "coordinates": [ [ [ [ 14.427771872000051, 50.090344601000027 ], [ 14.427795411000034, 50.090347201000043 ], [ 14.427816534000044, 50.09025452800006 ], [ 14.427791218000038, 50.090251917000046 ], [ 14.427771872000051, 50.090344601000027 ] ] ] ] } },
{ "type": "Feature", "properties": { "objectid": 64612, "zps_id": "4162", "id_poskyt": 38, "shape_area_1": 0.0, "globalid": "{9CBD97EF-4727-425D-8AA4-A45553D21DCD}", "shape_Length": 0.00020353705227373108, "shape_Area": 1.6136025850043517e-09 }, "geometry": { "type": "MultiPolygon", "coordinates": [ [ [ [ 14.43222439300007, 50.091613023000036 ], [ 14.43230447600007, 50.091630469000052 ], [ 14.43231359300006, 50.091612960000077 ], [ 14.432235905000027, 50.09159433800005 ], [ 14.43222439300007, 50.091613023000036 ] ] ] ] } },
{ "type": "Feature", "properties": { "objectid": 64613, "zps_id": "3337", "id_poskyt": 38, "shape_area_1": 0.0, "globalid": "{8EC8AC57-4C1C-427B-94A9-6FF181BF5D1A}", "shape_Length": 0.00020802609525467664, "shape_Area": 2.2116782299572564e-09 }, "geometry": { "type": "MultiPolygon", "coordinates": [ [ [ [ 14.388342981000051, 50.088108200000079 ], [ 14.38831351500005, 50.088105682000048 ], [ 14.388298807000069, 50.088178113000026 ], [ 14.38832928000005, 50.088180866000073 ], [ 14.388342981000051, 50.088108200000079 ] ] ] ] } },
{ "type": "Feature", "properties": { "objectid": 64614, "zps_id": "3698", "id_poskyt": 38, "shape_area_1": 0.0, "globalid": "{CD12B77C-4D85-4D1D-8DA9-76D8131490CC}", "shape_Length": 0.00038581136769221642, "shape_Area": 3.6306779303763347e-09 }, "geometry": { "type": "MultiPolygon", "coordinates": [ [ [ [ 14.421581827000068, 50.084439553000038 ], [ 14.421601514000031, 50.084426710000059 ], [ 14.421461451000027, 50.084333897000079 ], [ 14.421440170000039, 50.084345418000055 ], [ 14.421581827000068, 50.084439553000038 ] ] ] ] } },
{ "type": "Feature", "properties": { "objectid": 64615, "zps_id": "3716", "id_poskyt": 38, "shape_area_1": 0.0, "globalid": "{B51555EE-2165-4784-B1DC-7852C6D1B9E5}", "shape_Length": 0.00031774225151003435, "shape_Area": 2.8953375420761173e-09 }, "geometry": { "type": "MultiPolygon", "coordinates": [ [ [ [ 14.41986027300004, 50.083622174000027 ], [ 14.419866828000067, 50.083642431000044 ], [ 14.420002970000041, 50.083621469000036 ], [ 14.419995920000076, 50.083601213000065 ], [ 14.41986027300004, 50.083622174000027 ] ] ] ] } },
{ "type": "Feature", "properties": { "objectid": 64616, "zps_id": "3756", "id_poskyt": 38, "shape_area_1": 0.0, "globalid": "{8398F380-92C3-4CFE-9B36-8931C280DCEF}", "shape_Length": 0.00020469023721076432, "shape_Area": 1.5112091037543792e-09 }, "geometry": { "type": "MultiPolygon", "coordinates": [ [ [ [ 14.414628261000075, 50.082904326000062 ], [ 14.414708330000053, 50.082924517000038 ], [ 14.414718931000039, 50.082907469000077 ], [ 14.414636823000023, 50.082888704000027 ], [ 14.414628261000075, 50.082904326000062 ] ] ] ] } },
{ "type": "Feature", "properties": { "objectid": 64617, "zps_id": "3780", "id_poskyt": 38, "shape_area_1": 0.0, "globalid": "{8F63F713-1099-451B-B74D-9ABC36FEEF09}", "shape_Length": 0.00070605519140304719, "shape_Area": 1.0549713498164061e-08 }, "geometry": { "type": "MultiPolygon", "coordinates": [ [ [ [ 14.419163981000054, 50.082129454000039 ], [ 14.419197582000038, 50.08213635900006 ], [ 14.419328476000032, 50.081845216000033 ], [ 14.419295517000023, 50.081838865000066 ], [ 14.419163981000054, 50.082129454000039 ] ] ] ] } },
{ "type": "Feature", "properties": { "objectid": 64618, "zps_id": "3790", "id_poskyt": 38, "shape_area_1": 0.0, "globalid": "{50D01830-9DFA-416F-9C0F-EA3B71894907}", "shape_Length": 0.00021408199863264056, "shape_Area": 1.8168955275246591e-09 }, "geometry": { "type": "MultiPolygon", "coordinates": [ [ [ [ 14.415478798000038, 50.079818544000034 ], [ 14.415559815000051, 50.07984371100008 ], [ 14.415572757000064, 50.079824818000077 ], [ 14.415492801000028, 50.079800562000059 ], [ 14.415478798000038, 50.079818544000034 ] ] ] ] } },
{ "type": "Feature", "properties": { "objectid": 64619, "zps_id": "3812", "id_poskyt": 38, "shape_area_1": 0.0, "globalid": "{6C4A46AD-9EB9-44CC-9077-5246DA5057ED}", "shape_Length": 0.00027705449193572154, "shape_Area": 3.6020466402850881e-09 }, "geometry": { "type": "MultiPolygon", "coordinates": [ [ [ [ 14.414336924000054, 50.07816318600004 ], [ 14.414371223000046, 50.078166226000064 ], [ 14.414385628000048, 50.078063247000046 ], [ 14.414350636000052, 50.078060554000047 ], [ 14.414336924000054, 50.07816318600004 ] ] ] ] } },
{ "type": "Feature", "properties": { "objectid": 64620, "zps_id": "3813", "id_poskyt": 38, "shape_area_1": 0.0, "globalid": "{9FDAA694-0EAE-4E6B-BE38-201B603AB4F2}", "shape_Length": 0.0002884537820380381, "shape_Area": 3.8777272032867235e-09 }, "geometry": { "type": "MultiPolygon", "coordinates": [ [ [ [ 14.414403426000035, 50.077657384000076 ], [ 14.414438011000072, 50.077660729000058 ], [ 14.414460728000051, 50.077554556000052 ], [ 14.41442343500006, 50.077551542000037 ], [ 14.414403426000035, 50.077657384000076 ] ] ] ] } },
{ "type": "Feature", "properties": { "objectid": 64621, "zps_id": "3857", "id_poskyt": 38, "shape_area_1": 0.0, "globalid": "{6A6C930C-25D1-4FA9-9A30-3CCDEF1251D6}", "shape_Length": 0.00019762292224912895, "shape_Area": 1.9625410817727659e-09 }, "geometry": { "type": "MultiPolygon", "coordinates": [ [ [ [ 14.422282993000067, 50.082209138000053 ], [ 14.422345278000023, 50.082188433000056 ], [ 14.422350384000026, 50.082156901000076 ], [ 14.422286952000036, 50.08217540000004 ], [ 14.422282993000067, 50.082209138000053 ] ] ] ] } },
{ "type": "Feature", "properties": { "objectid": 64622, "zps_id": "3859", "id_poskyt": 38, "shape_area_1": 0.0, "globalid": "{DEA84F4B-17D6-41FE-9182-81106E58996C}", "shape_Length": 0.00025762057754159405, "shape_Area": 3.2434082356278687e-09 }, "geometry": { "type": "MultiPolygon", "coordinates": [ [ [ [ 14.422262763000049, 50.082681299000058 ], [ 14.422296923000033, 50.082685004000041 ], [ 14.422321052000029, 50.082594457000027 ], [ 14.422285999000053, 50.082589992000067 ], [ 14.422262763000049, 50.082681299000058 ] ] ] ] } },
{ "type": "Feature", "properties": { "objectid": 64623, "zps_id": "3866", "id_poskyt": 38, "shape_area_1": 0.0, "globalid": "{E4FA89E5-E250-4995-B592-07BE03347369}", "shape_Length": 0.0001980809740671485, "shape_Area": 2.0774039172877376e-09 }, "geometry": { "type": "MultiPolygon", "coordinates": [ [ [ [ 14.422458059000064, 50.081129162000082 ], [ 14.422486852000077, 50.081129523000072 ], [ 14.422487964000027, 50.081060801000035 ], [ 14.422456403000069, 50.081060194000031 ], [ 14.422458059000064, 50.081129162000082 ] ] ] ] } },
{ "type": "Feature", "properties": { "objectid": 64624, "zps_id": "3879", "id_poskyt": 38, "shape_area_1": 0.0, "globalid": "{955476A0-796F-431B-8CF5-0906059DEDFF}", "shape_Length": 0.00015004661051888269, "shape_Area": 1.3508770357038793e-09 }, "geometry": { "type": "MultiPolygon", "coordinates": [ [ [ [ 14.422639325000034, 50.07758283000004 ], [ 14.422671272000059, 50.077579977000028 ], [ 14.422661962000063, 50.077536850000058 ], [ 14.422632916000055, 50.077538534000041 ], [ 14.422639325000034, 50.07758283000004 ] ] ] ] } },
{ "type": "Feature", "properties": { "objectid": 64625, "zps_id": "3883", "id_poskyt": 38, "shape_area_1": 0.0, "globalid": "{5DE664A4-550E-4DC5-8781-A3B9107E952A}", "shape_Length": 0.00025696970068604208, "shape_Area": 2.5692714840698954e-09 }, "geometry": { "type": "MultiPolygon", "coordinates": [ [ [ [ 14.424274165000043, 50.078513405000081 ], [ 14.424299888000064, 50.078509322000059 ], [ 14.424266514000067, 50.078411914000071 ], [ 14.424242154000069, 50.078415094000036 ], [ 14.424274165000043, 50.078513405000081 ] ] ] ] } },
{ "type": "Feature", "properties": { "objectid": 64626, "zps_id": "12015", "id_poskyt": 38, "shape_area_1": 0.0, "globalid": "{0C6B6A5E-4E6F-4F47-A972-D6E2C0FA9D24}", "shape_Length": 0.00033393325341604766, "shape_Area": 6.1323595351431988e-09 }, "geometry": { "type": "MultiPolygon", "coordinates": [ [ [ [ 14.42521348300005, 50.078518824000071 ], [ 14.425165943000025, 50.078546981000045 ], [ 14.42520389200007, 50.078640563000079 ], [ 14.425260163000075, 50.078629816000046 ], [ 14.42521348300005, 50.078518824000071 ] ] ] ] } },
{ "type": "Feature", "properties": { "objectid": 64627, "zps_id": "3892", "id_poskyt": 38, "shape_area_1": 0.0, "globalid": "{88328926-0BBA-42CD-8EFC-9066E31BF27E}", "shape_Length": 0.00025351500955869937, "shape_Area": 2.8163639610726041e-09 }, "geometry": { "type": "MultiPolygon", "coordinates": [ [ [ [ 14.426445169000033, 50.08081251200008 ], [ 14.426475702000062, 50.080806058000064 ], [ 14.426424935000057, 50.080723603000081 ], [ 14.426395430000071, 50.080731719000028 ], [ 14.426445169000033, 50.08081251200008 ] ] ] ] } },
{ "type": "Feature", "properties": { "objectid": 64628, "zps_id": "12008", "id_poskyt": 38, "shape_area_1": 0.0, "globalid": "{1761941E-AB59-4D06-AD37-E7071079B71A}", "shape_Length": 0.00032983067237033858, "shape_Area": 3.1648387784014387e-09 }, "geometry": { "type": "MultiPolygon", "coordinates": [ [ [ [ 14.424636762000034, 50.081008417000078 ], [ 14.424658739000051, 50.080996395000057 ], [ 14.424545513000055, 50.080913249000048 ], [ 14.424524250000047, 50.080925497000067 ], [ 14.424636762000034, 50.081008417000078 ] ] ] ] } },
{ "type": "Feature", "properties": { "objectid": 64629, "zps_id": "3897", "id_poskyt": 38, "shape_area_1": 0.0, "globalid": "{CEEE9B16-0984-4C78-A6D7-59234972714B}", "shape_Length": 0.00051314179230287419, "shape_Area": 5.5315675548028544e-09 }, "geometry": { "type": "MultiPolygon", "coordinates": [ [ [ [ 14.425046384000041, 50.081329749000076 ], [ 14.425069368000038, 50.081318832000079 ], [ 14.42488994100006, 50.08117483400008 ], [ 14.424865492000038, 50.081187664000026 ], [ 14.425046384000041, 50.081329749000076 ] ] ] ] } },
{ "type": "Feature", "properties": { "objectid": 64630, "zps_id": "3898", "id_poskyt": 38, "shape_area_1": 0.0, "globalid": "{B8D547E6-B532-4EFF-B83B-0EEFA82C8279}", "shape_Length": 0.00029773916012222108, "shape_Area": 3.020296151793177e-09 }, "geometry": { "type": "MultiPolygon", "coordinates": [ [ [ [ 14.424176729000067, 50.080630309000071 ], [ 14.424085, 50.080551650000075 ], [ 14.424058673000047, 50.080563296000037 ], [ 14.424151743000039, 50.080640703000029 ], [ 14.424176729000067, 50.080630309000071 ] ] ] ] } },
{ "type": "Feature", "properties": { "objectid": 64631, "zps_id": "3900", "id_poskyt": 38, "shape_area_1": 0.0, "globalid": "{47967ECA-A00B-4B86-AF7D-0DC349D3AFC2}", "shape_Length": 0.00032852415203968538, "shape_Area": 3.8517745855118923e-09 }, "geometry": { "type": "MultiPolygon", "coordinates": [ [ [ [ 14.426112454000076, 50.082141442000079 ], [ 14.426140625000073, 50.082158248000042 ], [ 14.426248887000042, 50.082082780000064 ], [ 14.426221789000067, 50.082066886000064 ], [ 14.426112454000076, 50.082141442000079 ] ] ] ] } },
{ "type": "Feature", "properties": { "objectid": 64632, "zps_id": "12021", "id_poskyt": 38, "shape_area_1": 0.0, "globalid": "{3BCD5634-B2EB-4110-99D1-92911F889F50}", "shape_Length": 0.00018467979126588741, "shape_Area": 1.7989514803246957e-09 }, "geometry": { "type": "MultiPolygon", "coordinates": [ [ [ [ 14.42726461500007, 50.079380884000045 ], [ 14.427292801000021, 50.079376835000062 ], [ 14.427266703000043, 50.079320560000042 ], [ 14.427234892000058, 50.079326739000066 ], [ 14.42726461500007, 50.079380884000045 ] ] ] ] } },
{ "type": "Feature", "properties": { "objectid": 64633, "zps_id": "12019", "id_poskyt": 38, "shape_area_1": 0.0, "globalid": "{4BE89A1C-FF4B-4550-B0E2-0CE305296110}", "shape_Length": 0.0001880977425740479, "shape_Area": 1.6888387768205629e-09 }, "geometry": { "type": "MultiPolygon", "coordinates": [ [ [ [ 14.428286459000049, 50.080392478000078 ], [ 14.42831269900006, 50.080381168000031 ], [ 14.428263236000078, 50.080337611000061 ], [ 14.428237508000052, 50.080348966000031 ], [ 14.428286459000049, 50.080392478000078 ] ] ] ] } },
{ "type": "Feature", "properties": { "objectid": 64634, "zps_id": "12027", "id_poskyt": 38, "shape_area_1": 0.0, "globalid": "{81B08B06-D639-4AE1-AEBB-2B4E9C110488}", "shape_Length": 0.00025023924295906278, "shape_Area": 3.7654569976455903e-09 }, "geometry": { "type": "MultiPolygon", "coordinates": [ [ [ [ 14.428129461000026, 50.07851151400007 ], [ 14.428174321000029, 50.07847707600007 ], [ 14.428148719000035, 50.078414402000078 ], [ 14.428102284000033, 50.078449282000065 ], [ 14.428129461000026, 50.07851151400007 ] ] ] ] } },
{ "type": "Feature", "properties": { "objectid": 64635, "zps_id": "12028", "id_poskyt": 38, "shape_area_1": 0.0, "globalid": "{BE9DDE85-1A18-4740-A06B-DE8E1ED71272}", "shape_Length": 0.00021595579763307858, "shape_Area": 2.8129749005061915e-09 }, "geometry": { "type": "MultiPolygon", "coordinates": [ [ [ [ 14.427686023000035, 50.077446426000051 ], [ 14.427725838000072, 50.077416115000062 ], [ 14.427703973000064, 50.077363146000039 ], [ 14.427663433000077, 50.077392223000061 ], [ 14.427686023000035, 50.077446426000051 ] ] ] ] } },
{ "type": "Feature", "properties": { "objectid": 64636, "zps_id": "3909", "id_poskyt": 38, "shape_area_1": 0.0, "globalid": "{86C575C8-A027-403D-9BF2-313ED10F0846}", "shape_Length": 0.00048097544949502705, "shape_Area": 5.1271896798276062e-09 }, "geometry": { "type": "MultiPolygon", "coordinates": [ [ [ [ 14.428735764000066, 50.077251685000078 ], [ 14.428733710000074, 50.077228224000066 ], [ 14.428517037000063, 50.077234607000037 ], [ 14.428519029000029, 50.077258344000029 ], [ 14.428735764000066, 50.077251685000078 ] ] ] ] } },
{ "type": "Feature", "properties": { "objectid": 64637, "zps_id": "3913", "id_poskyt": 38, "shape_area_1": 0.0, "globalid": "{841D307F-5941-4D8D-95DC-74360EE3809C}", "shape_Length": 0.00044214907905339894, "shape_Area": 4.634683718100194e-09 }, "geometry": { "type": "MultiPolygon", "coordinates": [ [ [ [ 14.429987441000037, 50.077193486000056 ], [ 14.430183209000063, 50.077184225000053 ], [ 14.430181766000032, 50.077161208000064 ], [ 14.429982970000026, 50.077169785000081 ], [ 14.429987441000037, 50.077193486000056 ] ] ] ] } },
{ "type": "Feature", "properties": { "objectid": 64638, "zps_id": "3943", "id_poskyt": 38, "shape_area_1": 0.0, "globalid": "{7F2BA0FF-E537-4738-8AEF-8B1E1950E814}", "shape_Length": 0.00036020392649054142, "shape_Area": 5.0065705018102543e-09 }, "geometry": { "type": "MultiPolygon", "coordinates": [ [ [ [ 14.431999594000047, 50.086570904000041 ], [ 14.432034368000075, 50.086565802000052 ], [ 14.431981976000031, 50.086430334000056 ], [ 14.431946947000029, 50.086436637000077 ], [ 14.431999594000047, 50.086570904000041 ] ] ] ] } },
{ "type": "Feature", "properties": { "objectid": 64639, "zps_id": "3957", "id_poskyt": 38, "shape_area_1": 0.0, "globalid": "{B33E0B92-9DC1-4F6D-B597-50384BE955D0}", "shape_Length": 0.00018457163616586344, "shape_Area": 1.4671779335221909e-09 }, "geometry": { "type": "MultiPolygon", "coordinates": [ [ [ [ 14.430299566000031, 50.083801246000064 ], [ 14.43036115600006, 50.083833105000053 ], [ 14.430378953000059, 50.083817926000052 ], [ 14.430317187000071, 50.083786904000078 ], [ 14.430299566000031, 50.083801246000064 ] ] ] ] } },
{ "type": "Feature", "properties": { "objectid": 64640, "zps_id": "3969", "id_poskyt": 38, "shape_area_1": 0.0, "globalid": "{D6EB0684-CCA5-4B9A-A83B-69797AB8C4B0}", "shape_Length": 0.00026203968489972937, "shape_Area": 2.7489186710382297e-09 }, "geometry": { "type": "MultiPolygon", "coordinates": [ [ [ [ 14.428003462000049, 50.083756549000043 ], [ 14.427918679000072, 50.083700774000079 ], [ 14.42789351600004, 50.083717008000065 ], [ 14.427977730000066, 50.083772016000069 ], [ 14.428003462000049, 50.083756549000043 ] ] ] ] } },
{ "type": "Feature", "properties": { "objectid": 64641, "zps_id": "3981", "id_poskyt": 38, "shape_area_1": 0.0, "globalid": "{887730D3-155B-4F8B-A6E9-D8CF4841E4E8}", "shape_Length": 0.00023734446307987201, "shape_Area": 2.0950611504988316e-09 }, "geometry": { "type": "MultiPolygon", "coordinates": [ [ [ [ 14.426594593000061, 50.084815897000055 ], [ 14.426617921000059, 50.084828188000074 ], [ 14.426693379000028, 50.084774893000031 ], [ 14.426673763000053, 50.08476259300005 ], [ 14.426594593000061, 50.084815897000055 ] ] ] ] } },
{ "type": "Feature", "properties": { "objectid": 64642, "zps_id": "3983", "id_poskyt": 38, "shape_area_1": 0.0, "globalid": "{A95C5022-C25F-4E0F-A560-D86D4970B124}", "shape_Length": 0.00058090036639225429, "shape_Area": 7.1462183640902649e-09 }, "geometry": { "type": "MultiPolygon", "coordinates": [ [ [ [ 14.426995896000051, 50.083953631000043 ], [ 14.427020620000064, 50.083937078000076 ], [ 14.426795721000076, 50.083805080000047 ], [ 14.426771164000058, 50.08382335500005 ], [ 14.426995896000051, 50.083953631000043 ] ] ] ] } },
{ "type": "Feature", "properties": { "objectid": 64643, "zps_id": "3984", "id_poskyt": 38, "shape_area_1": 0.0, "globalid": "{DA7D5CBA-62A7-4818-8874-9A05264C01A7}", "shape_Length": 0.0003157805554911336, "shape_Area": 3.073002733378242e-09 }, "geometry": { "type": "MultiPolygon", "coordinates": [ [ [ [ 14.427667405000022, 50.084050782000077 ], [ 14.427689685000075, 50.084063617000027 ], [ 14.427797175000023, 50.083985829000028 ], [ 14.42777411700007, 50.083973996000054 ], [ 14.427667405000022, 50.084050782000077 ] ] ] ] } },
{ "type": "Feature", "properties": { "objectid": 64644, "zps_id": "3985", "id_poskyt": 38, "shape_area_1": 0.0, "globalid": "{9B18A82E-B14F-4911-A651-E353E274CADF}", "shape_Length": 0.00025765422584333601, "shape_Area": 2.3806757035747272e-09 }, "geometry": { "type": "MultiPolygon", "coordinates": [ [ [ [ 14.427924435000023, 50.083963038000036 ], [ 14.427902558000028, 50.08395069200003 ], [ 14.427817875000073, 50.084010005000039 ], [ 14.427840039000046, 50.08402293000006 ], [ 14.427924435000023, 50.083963038000036 ] ] ] ] } },
{ "type": "Feature", "properties": { "objectid": 64645, "zps_id": "3988", "id_poskyt": 38, "shape_area_1": 0.0, "globalid": "{D2C2E8A1-0908-4103-8CB9-D732ADA1A44A}", "shape_Length": 0.00040993321708356794, "shape_Area": 5.2047188847616058e-09 }, "geometry": { "type": "MultiPolygon", "coordinates": [ [ [ [ 14.428346297000076, 50.084013934000041 ], [ 14.428375429000027, 50.083996890000037 ], [ 14.428235021000035, 50.083896004000053 ], [ 14.428207911000072, 50.083912901000076 ], [ 14.428346297000076, 50.084013934000041 ] ] ] ] } },
{ "type": "Feature", "properties": { "objectid": 64646, "zps_id": "4013", "id_poskyt": 38, "shape_area_1": 0.0, "globalid": "{A39F8F23-9B2C-4B9B-B716-0F16F95FA383}", "shape_Length": 0.00017450804457748263, "shape_Area": 1.489950851899884e-09 }, "geometry": { "type": "MultiPolygon", "coordinates": [ [ [ [ 14.428408921000027, 50.087947049000036 ], [ 14.428472589000023, 50.087946293000073 ], [ 14.428472598000042, 50.08792302300003 ], [ 14.428408363000074, 50.087923729000067 ], [ 14.428408921000027, 50.087947049000036 ] ] ] ] } },
{ "type": "Feature", "properties": { "objectid": 64647, "zps_id": "4013", "id_poskyt": 38, "shape_area_1": 0.0, "globalid": "{5C3D0D71-E6B7-4F1A-9635-62ABCF7EE3AE}", "shape_Length": 0.00025913012261702129, "shape_Area": 4.1712199377949058e-09 }, "geometry": { "type": "MultiPolygon", "coordinates": [ [ [ [ 14.428390205000028, 50.087600614000053 ], [ 14.428451593000034, 50.087598640000067 ], [ 14.428446336000036, 50.087530705000063 ], [ 14.428383887000052, 50.08753387400003 ], [ 14.428387507000025, 50.087567967000041 ], [ 14.428390205000028, 50.087600614000053 ] ] ] ] } },
{ "type": "Feature", "properties": { "objectid": 64648, "zps_id": "4085", "id_poskyt": 38, "shape_area_1": 0.0, "globalid": "{F4FD9196-77E4-4182-9B05-1BE14F85E2E7}", "shape_Length": 0.00029094199312298426, "shape_Area": 3.8666032156744076e-09 }, "geometry": { "type": "MultiPolygon", "coordinates": [ [ [ [ 14.426125628000023, 50.089383530000077 ], [ 14.426160938000066, 50.08938524000007 ], [ 14.426178972000059, 50.089276809000069 ], [ 14.426143760000059, 50.089274638000063 ], [ 14.426125628000023, 50.089383530000077 ] ] ] ] } },
{ "type": "Feature", "properties": { "objectid": 64649, "zps_id": "4169", "id_poskyt": 38, "shape_area_1": 0.0, "globalid": "{AA2223D2-A3C2-4D8F-97C0-E91C0646071F}", "shape_Length": 0.00034604225435845657, "shape_Area": 4.9009904159398239e-09 }, "geometry": { "type": "MultiPolygon", "coordinates": [ [ [ [ 14.428091370000061, 50.089901538000049 ], [ 14.428127169000049, 50.089905049000038 ], [ 14.428160809000076, 50.089772416000073 ], [ 14.428124497000056, 50.08976885800007 ], [ 14.428091370000061, 50.089901538000049 ] ] ] ] } },
{ "type": "Feature", "properties": { "objectid": 64650, "zps_id": "12152", "id_poskyt": 38, "shape_area_1": 0.0, "globalid": "{CB723BDF-442D-4F66-83F9-080E333F1AFF}", "shape_Length": 0.00022882641671630234, "shape_Area": 2.5349419359203894e-09 }, "geometry": { "type": "MultiPolygon", "coordinates": [ [ [ [ 14.43227388400004, 50.090227093000067 ], [ 14.432304507000026, 50.090232525000033 ], [ 14.432340256000032, 50.090158170000052 ], [ 14.432308803000069, 50.090151678000041 ], [ 14.43227388400004, 50.090227093000067 ] ] ] ] } },
{ "type": "Feature", "properties": { "objectid": 64651, "zps_id": "12152", "id_poskyt": 38, "shape_area_1": 0.0, "globalid": "{F3D348B6-B929-497A-82FB-4C3C36E8058D}", "shape_Length": 0.00036430134883086538, "shape_Area": 5.0253626778452206e-09 }, "geometry": { "type": "MultiPolygon", "coordinates": [ [ [ [ 14.432423848000042, 50.089912179000066 ], [ 14.432457919000058, 50.089920020000079 ], [ 14.432523179000043, 50.089788087000045 ], [ 14.432488619000026, 50.089780483000027 ], [ 14.432423848000042, 50.089912179000066 ] ] ] ] } },
{ "type": "Feature", "properties": { "objectid": 64652, "zps_id": "4180", "id_poskyt": 38, "shape_area_1": 0.0, "globalid": "{935355E0-45C7-4C2E-901E-E443D6DA764A}", "shape_Length": 0.00046091618103392913, "shape_Area": 5.3128702577847293e-09 }, "geometry": { "type": "MultiPolygon", "coordinates": [ [ [ [ 14.432375878000073, 50.089669246000028 ], [ 14.43217855100005, 50.089619549000076 ], [ 14.432164842000077, 50.089643041000045 ], [ 14.432361462000074, 50.089692612000078 ], [ 14.432375878000073, 50.089669246000028 ] ] ] ] } },
{ "type": "Feature", "properties": { "objectid": 64653, "zps_id": "4181", "id_poskyt": 38, "shape_area_1": 0.0, "globalid": "{C0E131E3-7A1E-4A81-BA1B-51729912469D}", "shape_Length": 0.00058719346039733458, "shape_Area": 7.0110198883237869e-09 }, "geometry": { "type": "MultiPolygon", "coordinates": [ [ [ [ 14.433043325000028, 50.089837561000081 ], [ 14.433167725000033, 50.089856212000029 ], [ 14.433176285000059, 50.089831856000046 ], [ 14.433061204000069, 50.089813829000036 ], [ 14.432915300000047, 50.089784445000078 ], [ 14.432903322000072, 50.089809088000038 ], [ 14.433043325000028, 50.089837561000081 ] ] ] ] } },
{ "type": "Feature", "properties": { "objectid": 64654, "zps_id": "4210", "id_poskyt": 38, "shape_area_1": 0.0, "globalid": "{9DB5421E-C829-447D-803C-90023C0A7D94}", "shape_Length": 0.0003513284775988179, "shape_Area": 3.6874395108861461e-09 }, "geometry": { "type": "MultiPolygon", "coordinates": [ [ [ [ 14.405203958000072, 50.088515717000064 ], [ 14.405354952000039, 50.088518314000055 ], [ 14.405356527000038, 50.08849417600004 ], [ 14.405205032000026, 50.088491143000056 ], [ 14.405203958000072, 50.088515717000064 ] ] ] ] } },
{ "type": "Feature", "properties": { "objectid": 64655, "zps_id": "4212", "id_poskyt": 38, "shape_area_1": 0.0, "globalid": "{BEA34CC0-0814-45F7-8945-39134A67620A}", "shape_Length": 0.00025917060468978211, "shape_Area": 3.3975668150847346e-09 }, "geometry": { "type": "MultiPolygon", "coordinates": [ [ [ [ 14.414098969000065, 50.077195317000076 ], [ 14.414139362000071, 50.077192225000033 ], [ 14.414113604000022, 50.077102677000028 ], [ 14.414079625000056, 50.077106055000058 ], [ 14.414098969000065, 50.077195317000076 ] ] ] ] } },
{ "type": "Feature", "properties": { "objectid": 64656, "zps_id": "4221", "id_poskyt": 38, "shape_area_1": 0.0, "globalid": "{19FECF93-5E41-4A14-B758-72FBDD504BAC}", "shape_Length": 0.00028774602850185297, "shape_Area": 3.2567907799478058e-09 }, "geometry": { "type": "MultiPolygon", "coordinates": [ [ [ [ 14.423807919000069, 50.080855068000062 ], [ 14.423787523000044, 50.08083212400004 ], [ 14.423681225000053, 50.080869835000044 ], [ 14.423701787000027, 50.080893529000036 ], [ 14.423807919000069, 50.080855068000062 ] ] ] ] } },
{ "type": "Feature", "properties": { "objectid": 64657, "zps_id": "4233", "id_poskyt": 38, "shape_area_1": 0.0, "globalid": "{A17C75A9-E1B1-465C-BA5B-4DE9DF73303E}", "shape_Length": 0.00022663091661827341, "shape_Area": 2.2383048184745635e-09 }, "geometry": { "type": "MultiPolygon", "coordinates": [ [ [ [ 14.422716609000076, 50.079631319000043 ], [ 14.422740975000067, 50.07961643200008 ], [ 14.422670872000026, 50.079570754000031 ], [ 14.422645216000035, 50.079587505000063 ], [ 14.422716609000076, 50.079631319000043 ] ] ] ] } },
{ "type": "Feature", "properties": { "objectid": 64658, "zps_id": "4006", "id_poskyt": 38, "shape_area_1": 0.0, "globalid": "{2A08D1ED-3D77-4E02-ACA3-E750895D8F2B}", "shape_Length": 0.00035925894004830222, "shape_Area": 4.0039579262902496e-09 }, "geometry": { "type": "MultiPolygon", "coordinates": [ [ [ [ 14.427425766000056, 50.085416398000064 ], [ 14.427451425000072, 50.085430594000059 ], [ 14.427573058000064, 50.085342549000075 ], [ 14.42754747500004, 50.08532806900007 ], [ 14.427425766000056, 50.085416398000064 ] ] ] ] } },
{ "type": "Feature", "properties": { "objectid": 64659, "zps_id": "4238", "id_poskyt": 38, "shape_area_1": 0.0, "globalid": "{922BCA98-9C20-4247-8711-1424B24644C7}", "shape_Length": 0.00027236796479436373, "shape_Area": 2.700551083656202e-09 }, "geometry": { "type": "MultiPolygon", "coordinates": [ [ [ [ 14.420072695000044, 50.07920372500007 ], [ 14.419959784000071, 50.079207329000042 ], [ 14.419961983000064, 50.079231474000039 ], [ 14.42007307800003, 50.079227718000027 ], [ 14.420072695000044, 50.07920372500007 ] ] ] ] } },
{ "type": "Feature", "properties": { "objectid": 64660, "zps_id": "4242", "id_poskyt": 38, "shape_area_1": 0.0, "globalid": "{30EEAE89-1DBC-4AC1-B216-CEA1AB616BB1}", "shape_Length": 0.00029325629986453217, "shape_Area": 4.7698253062294439e-09 }, "geometry": { "type": "MultiPolygon", "coordinates": [ [ [ [ 14.426492994000057, 50.082344213000056 ], [ 14.42643948500006, 50.082312857000034 ], [ 14.426370614000064, 50.082363259000033 ], [ 14.426423563000071, 50.08239328600007 ], [ 14.426492994000057, 50.082344213000056 ] ] ] ] } },
{ "type": "Feature", "properties": { "objectid": 64661, "zps_id": "4213", "id_poskyt": 38, "shape_area_1": 0.0, "globalid": "{0B9CBDE4-8457-49F4-88A4-606963967F3D}", "shape_Length": 0.00076439668925885147, "shape_Area": 1.1037365168770334e-08 }, "geometry": { "type": "MultiPolygon", "coordinates": [ [ [ [ 14.429186332000029, 50.08632185700003 ], [ 14.429215223000028, 50.086326328000041 ], [ 14.429310715000042, 50.085987602000046 ], [ 14.429276186000038, 50.085985028000039 ], [ 14.429186332000029, 50.08632185700003 ] ] ] ] } },
{ "type": "Feature", "properties": { "objectid": 64662, "zps_id": "3860", "id_poskyt": 38, "shape_area_1": 0.0, "globalid": "{B73237FB-B6A7-4092-BAAB-9185C18BFF3D}", "shape_Length": 0.00016168540926231561, "shape_Area": 1.4836179328515296e-09 }, "geometry": { "type": "MultiPolygon", "coordinates": [ [ [ [ 14.422401342000057, 50.082116878000079 ], [ 14.42242922500003, 50.082117350000033 ], [ 14.422435133000022, 50.08206550500006 ], [ 14.422406365000029, 50.08206429300003 ], [ 14.422401342000057, 50.082116878000079 ] ] ] ] } },
{ "type": "Feature", "properties": { "objectid": 64663, "zps_id": "4267", "id_poskyt": 38, "shape_area_1": 0.0, "globalid": "{92CC3A3D-DC20-442C-9E51-9CE058605780}", "shape_Length": 0.0002673748168203746, "shape_Area": 2.1278983583632443e-09 }, "geometry": { "type": "MultiPolygon", "coordinates": [ [ [ [ 14.452531702000044, 50.075454492000063 ], [ 14.452620999000032, 50.07545573200008 ], [ 14.452645546000042, 50.075457463000077 ], [ 14.452647356000057, 50.07543740400007 ], [ 14.452532200000064, 50.075436339000078 ], [ 14.452531702000044, 50.075454492000063 ] ] ] ] } },
{ "type": "Feature", "properties": { "objectid": 64664, "zps_id": "4270", "id_poskyt": 38, "shape_area_1": 0.0, "globalid": "{4242AB2E-1725-4DCA-98FD-E0279AF076EA}", "shape_Length": 0.00043791380585873262, "shape_Area": 3.6306471610336029e-09 }, "geometry": { "type": "MultiPolygon", "coordinates": [ [ [ [ 14.453392276000045, 50.076387435000072 ], [ 14.453593098000056, 50.07639944400006 ], [ 14.453595803000042, 50.076381651000077 ], [ 14.453395859000068, 50.076369372000045 ], [ 14.453392276000045, 50.076387435000072 ] ] ] ] } },
{ "type": "Feature", "properties": { "objectid": 64665, "zps_id": "4272", "id_poskyt": 38, "shape_area_1": 0.0, "globalid": "{5DD87CD7-F8E3-430C-9DB1-7B131056661F}", "shape_Length": 0.00049792961878136646, "shape_Area": 6.9735968655173324e-09 }, "geometry": { "type": "MultiPolygon", "coordinates": [ [ [ [ 14.454206495000051, 50.076028719000078 ], [ 14.454239071000075, 50.076033093000035 ], [ 14.454321479000043, 50.075834274000044 ], [ 14.454288242000075, 50.075828645000058 ], [ 14.454206495000051, 50.076028719000078 ] ] ] ] } },
{ "type": "Feature", "properties": { "objectid": 64666, "zps_id": "4273", "id_poskyt": 38, "shape_area_1": 0.0, "globalid": "{A4346535-ECC8-4CFF-A4F2-70793BE86754}", "shape_Length": 0.0001682669379377202, "shape_Area": 1.5294401112265094e-09 }, "geometry": { "type": "MultiPolygon", "coordinates": [ [ [ [ 14.455999718000044, 50.076480690000039 ], [ 14.456039707000059, 50.076482631000033 ], [ 14.456023286000061, 50.076445933000059 ], [ 14.45597857100006, 50.076443002000076 ], [ 14.455999718000044, 50.076480690000039 ] ] ] ] } },
{ "type": "Feature", "properties": { "objectid": 64667, "zps_id": "4300", "id_poskyt": 38, "shape_area_1": 0.0, "globalid": "{C09074A1-A1B8-4799-AC9C-30139E91EA2D}", "shape_Length": 0.00026481626391534571, "shape_Area": 2.7756370374070061e-09 }, "geometry": { "type": "MultiPolygon", "coordinates": [ [ [ [ 14.461148779000041, 50.077364202000069 ], [ 14.461174565000022, 50.077367674000072 ], [ 14.461203838000074, 50.077278297000078 ], [ 14.461203477000026, 50.077266885000029 ], [ 14.461172953000073, 50.077265989000068 ], [ 14.46117603700003, 50.077275545000077 ], [ 14.461148779000041, 50.077364202000069 ] ] ] ] } },
{ "type": "Feature", "properties": { "objectid": 64668, "zps_id": "4315", "id_poskyt": 38, "shape_area_1": 0.0, "globalid": "{A559AC45-BB54-4BF8-A7EF-2B0F1D56FAA7}", "shape_Length": 0.00035302442652890016, "shape_Area": 4.4898903017588728e-09 }, "geometry": { "type": "MultiPolygon", "coordinates": [ [ [ [ 14.46628282000006, 50.076932118000059 ], [ 14.466312663000053, 50.076933625000038 ], [ 14.466331718000049, 50.076789530000042 ], [ 14.466299886000058, 50.076787240000044 ], [ 14.46628282000006, 50.076932118000059 ] ] ] ] } },
{ "type": "Feature", "properties": { "objectid": 64669, "zps_id": "4321", "id_poskyt": 38, "shape_area_1": 0.0, "globalid": "{17AE99EC-0BA6-45FB-89DC-E3DB30D7F339}", "shape_Length": 0.00025540718111761925, "shape_Area": 3.0821562757099977e-09 }, "geometry": { "type": "MultiPolygon", "coordinates": [ [ [ [ 14.468393412000069, 50.077251725000053 ], [ 14.468389692000073, 50.077284176000035 ], [ 14.468484974000035, 50.077288698000075 ], [ 14.468488490000027, 50.077256747000035 ], [ 14.468393412000069, 50.077251725000053 ] ] ] ] } },
{ "type": "Feature", "properties": { "objectid": 64670, "zps_id": "4335", "id_poskyt": 38, "shape_area_1": 0.0, "globalid": "{A301BC74-0DCA-4C2C-B38B-2096BDE92835}", "shape_Length": 0.00022437986268862567, "shape_Area": 1.6467082486353076e-09 }, "geometry": { "type": "MultiPolygon", "coordinates": [ [ [ [ 14.468692788000055, 50.078117569000028 ], [ 14.46869072800007, 50.078134867000074 ], [ 14.468785375000039, 50.078139669000052 ], [ 14.468787446000022, 50.07812238200006 ], [ 14.468692788000055, 50.078117569000028 ] ] ] ] } },
{ "type": "Feature", "properties": { "objectid": 64671, "zps_id": "4341", "id_poskyt": 38, "shape_area_1": 0.0, "globalid": "{F06BDF79-E094-44FA-B465-52CAEA5AC096}", "shape_Length": 0.00054663483865346964, "shape_Area": 5.4002454203264755e-09 }, "geometry": { "type": "MultiPolygon", "coordinates": [ [ [ [ 14.448736028000042, 50.078349762000073 ], [ 14.448987662000036, 50.078368090000026 ], [ 14.448991074000048, 50.078347726000061 ], [ 14.448740730000054, 50.078327714000068 ], [ 14.448736028000042, 50.078349762000073 ] ] ] ] } },
{ "type": "Feature", "properties": { "objectid": 64672, "zps_id": "4342", "id_poskyt": 38, "shape_area_1": 0.0, "globalid": "{859EEBFB-D8B0-4BA0-9642-BFC11A57925C}", "shape_Length": 0.00055631870244410037, "shape_Area": 4.5798380361613585e-09 }, "geometry": { "type": "MultiPolygon", "coordinates": [ [ [ [ 14.448723676000043, 50.078404502000069 ], [ 14.448983569000063, 50.078426237000031 ], [ 14.448987376000048, 50.078408377000073 ], [ 14.448728322000022, 50.078387751000037 ], [ 14.448723676000043, 50.078404502000069 ] ] ] ] } },
{ "type": "Feature", "properties": { "objectid": 64673, "zps_id": "4346", "id_poskyt": 38, "shape_area_1": 0.0, "globalid": "{D94DAC56-BF0A-4157-9CA3-B710767F7ED9}", "shape_Length": 0.0002011642746119333, "shape_Area": 1.4728089344776883e-09 }, "geometry": { "type": "MultiPolygon", "coordinates": [ [ [ [ 14.450525307000078, 50.078544466000039 ], [ 14.450607214000058, 50.078551490000052 ], [ 14.450611392000042, 50.078533346000029 ], [ 14.450528603000066, 50.078527487000031 ], [ 14.450525207000055, 50.07854341400008 ], [ 14.450525307000078, 50.078544466000039 ] ] ] ] } },
{ "type": "Feature", "properties": { "objectid": 64674, "zps_id": "4368", "id_poskyt": 38, "shape_area_1": 0.0, "globalid": "{E513B38D-EF35-4AAE-9B09-1AAB02A5A65B}", "shape_Length": 0.00020174925819546231, "shape_Area": 1.4976488898984647e-09 }, "geometry": { "type": "MultiPolygon", "coordinates": [ [ [ [ 14.453524753000067, 50.078902868000057 ], [ 14.453606724000053, 50.078914286000042 ], [ 14.453612037000028, 50.078896705000034 ], [ 14.453530732000047, 50.078885335000052 ], [ 14.453524753000067, 50.078902868000057 ] ] ] ] } },
{ "type": "Feature", "properties": { "objectid": 64675, "zps_id": "4373", "id_poskyt": 38, "shape_area_1": 0.0, "globalid": "{AAB9D716-F265-4C7D-85D2-BFD1F623760C}", "shape_Length": 0.00036402842447364869, "shape_Area": 3.498646223299342e-09 }, "geometry": { "type": "MultiPolygon", "coordinates": [ [ [ [ 14.452199541000027, 50.077964731000066 ], [ 14.452352751000035, 50.077979691000053 ], [ 14.452366668000025, 50.077958994000028 ], [ 14.452204760000029, 50.077942903000064 ], [ 14.452199541000027, 50.077964731000066 ] ] ] ] } },
{ "type": "Feature", "properties": { "objectid": 64676, "zps_id": "4402", "id_poskyt": 38, "shape_area_1": 0.0, "globalid": "{F95BDDFD-AED1-4D25-8FCA-ABE0AB61E274}", "shape_Length": 0.00019979052368899477, "shape_Area": 2.0689763157534782e-09 }, "geometry": { "type": "MultiPolygon", "coordinates": [ [ [ [ 14.45413691300007, 50.081105962000038 ], [ 14.454165422000074, 50.081110629000079 ], [ 14.454195965000054, 50.081048462000069 ], [ 14.454162950000068, 50.081042963000073 ], [ 14.45413691300007, 50.081105962000038 ] ] ] ] } },
{ "type": "Feature", "properties": { "objectid": 64677, "zps_id": "4407", "id_poskyt": 38, "shape_area_1": 0.0, "globalid": "{C6358D32-07B6-4EB4-9B5E-7CED5B4CB582}", "shape_Length": 0.00015764804270528143, "shape_Area": 1.5034698141999129e-09 }, "geometry": { "type": "MultiPolygon", "coordinates": [ [ [ [ 14.455863915000066, 50.07998398400008 ], [ 14.455899937000027, 50.079989659000034 ], [ 14.455915740000023, 50.079950116000077 ], [ 14.45587959900007, 50.079944929000078 ], [ 14.455863915000066, 50.07998398400008 ] ] ] ] } },
{ "type": "Feature", "properties": { "objectid": 64678, "zps_id": "4417", "id_poskyt": 38, "shape_area_1": 0.0, "globalid": "{1CEB6DE4-8DD7-41A3-8796-1E3C02D13FE1}", "shape_Length": 0.00048372078746521341, "shape_Area": 4.4832607140623143e-09 }, "geometry": { "type": "MultiPolygon", "coordinates": [ [ [ [ 14.457012786000064, 50.081912204000048 ], [ 14.457232274000035, 50.081947181000032 ], [ 14.45723894200006, 50.08192800300003 ], [ 14.457022086000052, 50.081892850000031 ], [ 14.457012786000064, 50.081912204000048 ] ] ] ] } },
{ "type": "Feature", "properties": { "objectid": 64679, "zps_id": "4421", "id_poskyt": 38, "shape_area_1": 0.0, "globalid": "{0CA87DA4-1372-4BBA-B646-FFA1AFDB62F3}", "shape_Length": 0.00026243908551564215, "shape_Area": 4.2590109631851916e-09 }, "geometry": { "type": "MultiPolygon", "coordinates": [ [ [ [ 14.457979200000068, 50.081967378000058 ], [ 14.458034766000026, 50.081989751000037 ], [ 14.458060291000038, 50.081926352000039 ], [ 14.458007721000058, 50.081898391000038 ], [ 14.457979200000068, 50.081967378000058 ] ] ] ] } },
{ "type": "Feature", "properties": { "objectid": 64680, "zps_id": "4437", "id_poskyt": 38, "shape_area_1": 0.0, "globalid": "{B32444A2-42E4-4421-9454-8F559DAD3AF7}", "shape_Length": 0.00020595411845809557, "shape_Area": 1.7948602047963301e-09 }, "geometry": { "type": "MultiPolygon", "coordinates": [ [ [ [ 14.446255520000022, 50.08076056200008 ], [ 14.446276610000041, 50.080773823000072 ], [ 14.446341335000056, 50.080730433000042 ], [ 14.446319522000067, 50.080716926000036 ], [ 14.446255520000022, 50.08076056200008 ] ] ] ] } },
{ "type": "Feature", "properties": { "objectid": 64681, "zps_id": "4456", "id_poskyt": 38, "shape_area_1": 0.0, "globalid": "{A647F525-74EE-4D19-8666-B8E2A3741B93}", "shape_Length": 0.00022775681153534426, "shape_Area": 2.3154231855278768e-09 }, "geometry": { "type": "MultiPolygon", "coordinates": [ [ [ [ 14.447704754000029, 50.081519283000034 ], [ 14.447732769000027, 50.081528981000076 ], [ 14.447789076000049, 50.081467067000062 ], [ 14.447761524000043, 50.081456256000081 ], [ 14.447704754000029, 50.081519283000034 ] ] ] ] } },
{ "type": "Feature", "properties": { "objectid": 64682, "zps_id": "4466", "id_poskyt": 38, "shape_area_1": 0.0, "globalid": "{0F858A0F-711D-49AE-BF11-F4EA80061EBC}", "shape_Length": 0.00019671978110307457, "shape_Area": 1.7114653762640172e-09 }, "geometry": { "type": "MultiPolygon", "coordinates": [ [ [ [ 14.452454234000072, 50.082408040000075 ], [ 14.452497727000036, 50.082411153000066 ], [ 14.452538089000029, 50.082373668000059 ], [ 14.452497218000076, 50.082370542000035 ], [ 14.452454234000072, 50.082408040000075 ] ] ] ] } },
{ "type": "Feature", "properties": { "objectid": 64683, "zps_id": "4477", "id_poskyt": 38, "shape_area_1": 0.0, "globalid": "{2C6D2612-6406-4852-BEB6-7B4CBBE3BD6A}", "shape_Length": 0.0002582346712395316, "shape_Area": 4.1353237064460672e-09 }, "geometry": { "type": "MultiPolygon", "coordinates": [ [ [ [ 14.447639514000059, 50.082338134000054 ], [ 14.447692207000046, 50.08236867100004 ], [ 14.447723575000055, 50.082310690000043 ], [ 14.447675138000022, 50.082275855000034 ], [ 14.447639514000059, 50.082338134000054 ] ] ] ] } },
{ "type": "Feature", "properties": { "objectid": 64684, "zps_id": "4478", "id_poskyt": 38, "shape_area_1": 0.0, "globalid": "{0EDD27B3-B7A0-459D-9B0F-22D7876AB11B}", "shape_Length": 0.00030684301588686886, "shape_Area": 4.1242124516026642e-09 }, "geometry": { "type": "MultiPolygon", "coordinates": [ [ [ [ 14.449075007000033, 50.08234815600008 ], [ 14.449103708000052, 50.082462772000042 ], [ 14.449139446000061, 50.082458940000038 ], [ 14.449109493000037, 50.082344714000044 ], [ 14.449075007000033, 50.08234815600008 ] ] ] ] } },
{ "type": "Feature", "properties": { "objectid": 64685, "zps_id": "4485", "id_poskyt": 38, "shape_area_1": 0.0, "globalid": "{0DF0DD77-DE24-41C8-A36B-B8F013BBF532}", "shape_Length": 0.00025260010536655604, "shape_Area": 3.0027807848778262e-09 }, "geometry": { "type": "MultiPolygon", "coordinates": [ [ [ [ 14.453433949000043, 50.082705740000051 ], [ 14.453466073000072, 50.082710989000077 ], [ 14.453502833000073, 50.082625286000052 ], [ 14.453469522000034, 50.082619777000048 ], [ 14.453433949000043, 50.082705740000051 ] ] ] ] } },
{ "type": "Feature", "properties": { "objectid": 64686, "zps_id": "12849", "id_poskyt": 38, "shape_area_1": 0.0, "globalid": "{F2BC1DB0-1166-4693-932C-067ACCD95347}", "shape_Length": 0.00036314599881815421, "shape_Area": 3.6447569223123442e-09 }, "geometry": { "type": "MultiPolygon", "coordinates": [ [ [ [ 14.452786784000068, 50.083435930000064 ], [ 14.452746088000026, 50.083444817000043 ], [ 14.452672617000076, 50.083454350000068 ], [ 14.452678138000067, 50.083475429000032 ], [ 14.452798003000055, 50.083460635000051 ], [ 14.452840049000031, 50.083446866000031 ], [ 14.45281434900005, 50.083427963000076 ], [ 14.452786784000068, 50.083435930000064 ] ] ] ] } },
{ "type": "Feature", "properties": { "objectid": 64687, "zps_id": "4488", "id_poskyt": 38, "shape_area_1": 0.0, "globalid": "{4E64CEC2-C334-45D9-8D88-6BB991B23D36}", "shape_Length": 0.00020690856053200989, "shape_Area": 1.5340731158838799e-09 }, "geometry": { "type": "MultiPolygon", "coordinates": [ [ [ [ 14.450732359000028, 50.08350295300005 ], [ 14.450815013000067, 50.083522584000036 ], [ 14.450824198000078, 50.083505842000079 ], [ 14.450742498000068, 50.083486895000078 ], [ 14.450732359000028, 50.08350295300005 ] ] ] ] } },
{ "type": "Feature", "properties": { "objectid": 64688, "zps_id": "4490", "id_poskyt": 38, "shape_area_1": 0.0, "globalid": "{C5C1EB2A-21BA-4C2F-8303-ABE8D55CADA3}", "shape_Length": 0.00020724056950911999, "shape_Area": 1.8357820719108815e-09 }, "geometry": { "type": "MultiPolygon", "coordinates": [ [ [ [ 14.449060932000066, 50.083063509000056 ], [ 14.449138115000039, 50.083081805000063 ], [ 14.449150380000049, 50.083060671000055 ], [ 14.449072718000025, 50.083042833000036 ], [ 14.449060932000066, 50.083063509000056 ] ] ] ] } },
{ "type": "Feature", "properties": { "objectid": 64689, "zps_id": "4499", "id_poskyt": 38, "shape_area_1": 0.0, "globalid": "{81027541-0C7D-4109-806C-1AC09AB54703}", "shape_Length": 0.00021432751494198721, "shape_Area": 1.9609765224378797e-09 }, "geometry": { "type": "MultiPolygon", "coordinates": [ [ [ [ 14.445440551000047, 50.083168748000048 ], [ 14.445427805000065, 50.083190337000076 ], [ 14.445508248000067, 50.08320967800006 ], [ 14.445520194000039, 50.083188262000078 ], [ 14.445440551000047, 50.083168748000048 ] ] ] ] } },
{ "type": "Feature", "properties": { "objectid": 64690, "zps_id": "13513", "id_poskyt": 38, "shape_area_1": 0.0, "globalid": "{708BD994-EB79-4744-A96A-91B474999ACC}", "shape_Length": 0.00022913746639565926, "shape_Area": 2.0524623013294989e-09 }, "geometry": { "type": "MultiPolygon", "coordinates": [ [ [ [ 14.441789120000067, 50.086163536000072 ], [ 14.441795011000067, 50.086141821000069 ], [ 14.441705782000042, 50.086131831000046 ], [ 14.44170374600003, 50.086131652000063 ], [ 14.441697530000056, 50.086153446000026 ], [ 14.441789120000067, 50.086163536000072 ] ] ] ] } },
{ "type": "Feature", "properties": { "objectid": 64691, "zps_id": "4523", "id_poskyt": 38, "shape_area_1": 0.0, "globalid": "{896FFD49-9263-4317-84D8-CDCF9B7BC04C}", "shape_Length": 0.00036670672937335957, "shape_Area": 3.565162239109623e-09 }, "geometry": { "type": "MultiPolygon", "coordinates": [ [ [ [ 14.446011234000025, 50.08622077900003 ], [ 14.44601454900004, 50.086242336000055 ], [ 14.446175555000025, 50.086229603000049 ], [ 14.446171452000044, 50.086207369000078 ], [ 14.446011234000025, 50.08622077900003 ] ] ] ] } },
{ "type": "Feature", "properties": { "objectid": 64692, "zps_id": "4533", "id_poskyt": 38, "shape_area_1": 0.0, "globalid": "{4ED62275-B754-48E7-9D29-D13D1B71A1F4}", "shape_Length": 0.00020740546383736643, "shape_Area": 2.2473130527944418e-09 }, "geometry": { "type": "MultiPolygon", "coordinates": [ [ [ [ 14.448071674000062, 50.085640917000035 ], [ 14.448105325000029, 50.085649924000052 ], [ 14.448144792000051, 50.085593711000058 ], [ 14.448112269000035, 50.085583970000073 ], [ 14.448071674000062, 50.085640917000035 ] ] ] ] } },
{ "type": "Feature", "properties": { "objectid": 64693, "zps_id": "12794", "id_poskyt": 38, "shape_area_1": 0.0, "globalid": "{580F0A29-9F4B-4854-8533-B2A0BA7F5FA3}", "shape_Length": 0.00036380245762458307, "shape_Area": 3.5508163503620764e-09 }, "geometry": { "type": "MultiPolygon", "coordinates": [ [ [ [ 14.455853990000037, 50.083227643000043 ], [ 14.456015752000042, 50.083241917000066 ], [ 14.456021028000066, 50.083219740000061 ], [ 14.455869151000059, 50.083206338000082 ], [ 14.455853990000037, 50.083227643000043 ] ] ] ] } },
{ "type": "Feature", "properties": { "objectid": 64694, "zps_id": "4547", "id_poskyt": 38, "shape_area_1": 0.0, "globalid": "{8EC5288E-107D-49FB-B75B-6622082740FC}", "shape_Length": 0.00065988912086113001, "shape_Area": 9.5361724185068234e-09 }, "geometry": { "type": "MultiPolygon", "coordinates": [ [ [ [ 14.456390575000057, 50.082926537000048 ], [ 14.456422552000049, 50.08293115400005 ], [ 14.456531608000034, 50.082655368000076 ], [ 14.456498837000026, 50.082649245000027 ], [ 14.456390575000057, 50.082926537000048 ] ] ] ] } },
{ "type": "Feature", "properties": { "objectid": 64695, "zps_id": "4551", "id_poskyt": 38, "shape_area_1": 0.0, "globalid": "{38DD5FBF-0405-45A6-ACA0-2AE71BB770E8}", "shape_Length": 0.00026124993660305072, "shape_Area": 2.8495301696067351e-09 }, "geometry": { "type": "MultiPolygon", "coordinates": [ [ [ [ 14.45501654800006, 50.084216154000046 ], [ 14.455045893000033, 50.084204875000069 ], [ 14.454966924000075, 50.084131684000056 ], [ 14.45494767200006, 50.084152528000061 ], [ 14.45501654800006, 50.084216154000046 ] ] ] ] } },
{ "type": "Feature", "properties": { "objectid": 64696, "zps_id": "4565", "id_poskyt": 38, "shape_area_1": 0.0, "globalid": "{1A315BA3-FACA-4826-A5DB-0F99A01A3F66}", "shape_Length": 0.00022617556782026792, "shape_Area": 2.6651644809011256e-09 }, "geometry": { "type": "MultiPolygon", "coordinates": [ [ [ [ 14.442955233000077, 50.087224635000041 ], [ 14.442991429000074, 50.087229983000043 ], [ 14.443020075000049, 50.087158286000033 ], [ 14.442986572000052, 50.087152748000051 ], [ 14.442955233000077, 50.087224635000041 ] ] ] ] } },
{ "type": "Feature", "properties": { "objectid": 64697, "zps_id": "4602", "id_poskyt": 38, "shape_area_1": 0.0, "globalid": "{C014FE8C-F842-4BFE-BEEA-22D97193DA88}", "shape_Length": 0.00020450994334710149, "shape_Area": 1.8143016461225449e-09 }, "geometry": { "type": "MultiPolygon", "coordinates": [ [ [ [ 14.467200365000053, 50.088129843000047 ], [ 14.467209952000076, 50.088107602000036 ], [ 14.467133053000055, 50.088093754000056 ], [ 14.46712304600004, 50.088114915000062 ], [ 14.467200365000053, 50.088129843000047 ] ] ] ] } },
{ "type": "Feature", "properties": { "objectid": 64698, "zps_id": "4605", "id_poskyt": 38, "shape_area_1": 0.0, "globalid": "{AC9A7F2E-16F0-4CFC-A1E9-21BF08D74CF3}", "shape_Length": 0.0017377850039361859, "shape_Area": 2.1429674268997262e-08 }, "geometry": { "type": "MultiPolygon", "coordinates": [ [ [ [ 14.465953400000046, 50.086343895000027 ], [ 14.466368161000048, 50.086527535000073 ], [ 14.466387439000073, 50.086509397000043 ], [ 14.465618250000034, 50.086164240000073 ], [ 14.465599724000072, 50.086182019000034 ], [ 14.465953400000046, 50.086343895000027 ] ] ] ] } },
{ "type": "Feature", "properties": { "objectid": 64699, "zps_id": "4631", "id_poskyt": 38, "shape_area_1": 0.0, "globalid": "{4BAEDB26-D4D1-4CC5-AB0F-48CDF054F802}", "shape_Length": 0.00024931879021053703, "shape_Area": 1.9874604207677939e-09 }, "geometry": { "type": "MultiPolygon", "coordinates": [ [ [ [ 14.463013643000068, 50.087961070000063 ], [ 14.463022183000078, 50.087943500000051 ], [ 14.462918698000067, 50.087923812000042 ], [ 14.462910558000033, 50.087941562000026 ], [ 14.463013643000068, 50.087961070000063 ] ] ] ] } },
{ "type": "Feature", "properties": { "objectid": 64700, "zps_id": "4634", "id_poskyt": 38, "shape_area_1": 0.0, "globalid": "{43AC7253-17F6-4646-AE19-486208C3D1F3}", "shape_Length": 0.00035999795438381116, "shape_Area": 4.3649547533861327e-09 }, "geometry": { "type": "MultiPolygon", "coordinates": [ [ [ [ 14.46276098800007, 50.087703028000078 ], [ 14.462789480000026, 50.087709579000034 ], [ 14.462852976000022, 50.087572988000034 ], [ 14.46282339000004, 50.087566739000067 ], [ 14.46276098800007, 50.087703028000078 ] ] ] ] } },
{ "type": "Feature", "properties": { "objectid": 64701, "zps_id": "4636", "id_poskyt": 38, "shape_area_1": 0.0, "globalid": "{35264D25-880B-41DB-8E2E-2C042458E2C4}", "shape_Length": 0.00027491178949058849, "shape_Area": 3.3232589256743694e-09 }, "geometry": { "type": "MultiPolygon", "coordinates": [ [ [ [ 14.461834812000063, 50.087752024000054 ], [ 14.461922298000047, 50.087770012000078 ], [ 14.46195986500004, 50.087738540000032 ], [ 14.461875736000025, 50.087721883000029 ], [ 14.461834812000063, 50.087752024000054 ] ] ] ] } },
{ "type": "Feature", "properties": { "objectid": 64702, "zps_id": "4641", "id_poskyt": 38, "shape_area_1": 0.0, "globalid": "{4A7F22FF-4984-4B33-8BB7-4F2D0E331E71}", "shape_Length": 0.00021523256606561364, "shape_Area": 2.2201890200608302e-09 }, "geometry": { "type": "MultiPolygon", "coordinates": [ [ [ [ 14.460638907000032, 50.087442486000043 ], [ 14.460706455000036, 50.08744262600004 ], [ 14.460729961000027, 50.087411203000045 ], [ 14.460662890000037, 50.087408827000047 ], [ 14.460638907000032, 50.087442486000043 ] ] ] ] } },
{ "type": "Feature", "properties": { "objectid": 64703, "zps_id": "4653", "id_poskyt": 38, "shape_area_1": 0.0, "globalid": "{D849D4F3-7066-40D2-98A6-B698757C1512}", "shape_Length": 0.00023364939574234414, "shape_Area": 1.7765111154723791e-09 }, "geometry": { "type": "MultiPolygon", "coordinates": [ [ [ [ 14.456125148000069, 50.086890268000047 ], [ 14.456136670000035, 50.08687492100006 ], [ 14.456044170000041, 50.086845870000047 ], [ 14.456031809000024, 50.08686130500007 ], [ 14.456125148000069, 50.086890268000047 ] ] ] ] } },
{ "type": "Feature", "properties": { "objectid": 64704, "zps_id": "12798", "id_poskyt": 38, "shape_area_1": 0.0, "globalid": "{BAB5C326-70C8-4ADD-965A-3494030B8A57}", "shape_Length": 0.00025411289109482897, "shape_Area": 3.0452442036912176e-09 }, "geometry": { "type": "MultiPolygon", "coordinates": [ [ [ [ 14.466904303000035, 50.089292590000071 ], [ 14.466938164000055, 50.089300566000077 ], [ 14.466984289000038, 50.089220594000039 ], [ 14.466951833000053, 50.089212118000034 ], [ 14.466904303000035, 50.089292590000071 ] ] ] ] } },
{ "type": "Feature", "properties": { "objectid": 64705, "zps_id": "4691", "id_poskyt": 38, "shape_area_1": 0.0, "globalid": "{BB1DC5E2-DDF0-4E01-9040-5DE7B9019582}", "shape_Length": 0.00028493545955441974, "shape_Area": 2.1793984879193469e-09 }, "geometry": { "type": "MultiPolygon", "coordinates": [ [ [ [ 14.468049098000051, 50.08928135900004 ], [ 14.468171746000053, 50.089302566000072 ], [ 14.46817941200004, 50.089285564000079 ], [ 14.46805706400005, 50.089265417000036 ], [ 14.468049098000051, 50.08928135900004 ] ] ] ] } },
{ "type": "Feature", "properties": { "objectid": 64706, "zps_id": "4696", "id_poskyt": 38, "shape_area_1": 0.0, "globalid": "{B54D9840-817C-4283-BF91-7F047DA03C3C}", "shape_Length": 0.0003094487994966749, "shape_Area": 3.1147406504068779e-09 }, "geometry": { "type": "MultiPolygon", "coordinates": [ [ [ [ 14.463050352000039, 50.089308331000041 ], [ 14.463061410000023, 50.08928523000003 ], [ 14.462933062000047, 50.089261789000034 ], [ 14.462923229000069, 50.08928351000003 ], [ 14.463050352000039, 50.089308331000041 ] ] ] ] } },
{ "type": "Feature", "properties": { "objectid": 64707, "zps_id": "4714", "id_poskyt": 38, "shape_area_1": 0.0, "globalid": "{CFFBA108-CDFF-44C5-83E0-F0A45357EB3F}", "shape_Length": 0.00020456566241992407, "shape_Area": 2.1341926148643215e-09 }, "geometry": { "type": "MultiPolygon", "coordinates": [ [ [ [ 14.475600453000027, 50.077123500000027 ], [ 14.475629697000045, 50.07712113000008 ], [ 14.475615466000022, 50.07704973500006 ], [ 14.475585843000033, 50.07705229000004 ], [ 14.475600453000027, 50.077123500000027 ] ] ] ] } },
{ "type": "Feature", "properties": { "objectid": 64708, "zps_id": "12698", "id_poskyt": 38, "shape_area_1": 0.0, "globalid": "{50D44622-8240-4C47-B566-35CD5DB08A81}", "shape_Length": 0.0002253257702857765, "shape_Area": 2.9622033004773525e-09 }, "geometry": { "type": "MultiPolygon", "coordinates": [ [ [ [ 14.470069299000045, 50.088580904000025 ], [ 14.470134850000022, 50.088593150000065 ], [ 14.470153735000054, 50.088551679000034 ], [ 14.470085831000063, 50.088539952000076 ], [ 14.470069299000045, 50.088580904000025 ] ] ] ] } },
{ "type": "Feature", "properties": { "objectid": 64709, "zps_id": "4728", "id_poskyt": 38, "shape_area_1": 0.0, "globalid": "{EE1E4651-FC32-4C37-99E0-BD052FDCA4A9}", "shape_Length": 0.00017383769954188935, "shape_Area": 1.8229909890924468e-09 }, "geometry": { "type": "MultiPolygon", "coordinates": [ [ [ [ 14.47217730400007, 50.088960787000076 ], [ 14.472195390000024, 50.088916823000034 ], [ 14.472157034000077, 50.088910421000037 ], [ 14.47213778400004, 50.088953557000082 ], [ 14.47217730400007, 50.088960787000076 ] ] ] ] } },
{ "type": "Feature", "properties": { "objectid": 64710, "zps_id": "4729", "id_poskyt": 38, "shape_area_1": 0.0, "globalid": "{C6310475-F7BA-49DB-99D6-CBDFD7465783}", "shape_Length": 0.00030123186656300864, "shape_Area": 2.9689060797638653e-09 }, "geometry": { "type": "MultiPolygon", "coordinates": [ [ [ [ 14.469328919000077, 50.088516739000056 ], [ 14.469453875000056, 50.088538485000072 ], [ 14.469463580000024, 50.088516625000068 ], [ 14.469339862000027, 50.088494487000048 ], [ 14.469328919000077, 50.088516739000056 ] ] ] ] } },
{ "type": "Feature", "properties": { "objectid": 64711, "zps_id": "4733", "id_poskyt": 38, "shape_area_1": 0.0, "globalid": "{58C58A10-830F-4691-ABBF-1BCECB661C67}", "shape_Length": 0.00021370783138700581, "shape_Area": 1.8059821165262866e-09 }, "geometry": { "type": "MultiPolygon", "coordinates": [ [ [ [ 14.469857976000071, 50.089662899000075 ], [ 14.469941624000057, 50.089676739000026 ], [ 14.469950848000053, 50.089657061000025 ], [ 14.469867351000062, 50.089642516000026 ], [ 14.469857976000071, 50.089662899000075 ] ] ] ] } },
{ "type": "Feature", "properties": { "objectid": 64712, "zps_id": "4735", "id_poskyt": 38, "shape_area_1": 0.0, "globalid": "{3A08C280-4E6A-4A96-AA23-EFF525E59FA7}", "shape_Length": 0.00026247406021422213, "shape_Area": 2.2303456572205259e-09 }, "geometry": { "type": "MultiPolygon", "coordinates": [ [ [ [ 14.471988741000075, 50.090015718000075 ], [ 14.471880295000062, 50.089995975000079 ], [ 14.471872138000037, 50.090015149000067 ], [ 14.471981452000023, 50.090034724000077 ], [ 14.471988741000075, 50.090015718000075 ] ] ] ] } },
{ "type": "Feature", "properties": { "objectid": 64713, "zps_id": "4753", "id_poskyt": 38, "shape_area_1": 0.0, "globalid": "{426BAFE3-2BF2-4304-8542-9428FCA774F2}", "shape_Length": 0.00019123136118164651, "shape_Area": 2.0661912393698911e-09 }, "geometry": { "type": "MultiPolygon", "coordinates": [ [ [ [ 14.478967668000053, 50.089482610000061 ], [ 14.479002229000059, 50.089487894000058 ], [ 14.479021977000059, 50.089429729000074 ], [ 14.478988393000066, 50.089425276000043 ], [ 14.478967668000053, 50.089482610000061 ] ] ] ] } },
{ "type": "Feature", "properties": { "objectid": 64714, "zps_id": "4757", "id_poskyt": 38, "shape_area_1": 0.0, "globalid": "{5B6C5CD5-1CBB-46C6-9F10-5278E53A7726}", "shape_Length": 0.00022987352383525887, "shape_Area": 2.077585869903823e-09 }, "geometry": { "type": "MultiPolygon", "coordinates": [ [ [ [ 14.480328904000032, 50.090450043000033 ], [ 14.480419802000029, 50.090466019000075 ], [ 14.48042889900006, 50.090444805000061 ], [ 14.480339913000023, 50.090428650000035 ], [ 14.480328904000032, 50.090450043000033 ] ] ] ] } },
{ "type": "Feature", "properties": { "objectid": 64715, "zps_id": "12652", "id_poskyt": 38, "shape_area_1": 0.0, "globalid": "{BF0493D1-5D0E-4EA9-B8DB-876E8A5C9E4D}", "shape_Length": 0.00020747059030070791, "shape_Area": 1.7421613452152188e-09 }, "geometry": { "type": "MultiPolygon", "coordinates": [ [ [ [ 14.482921650000037, 50.090885429000082 ], [ 14.483001640000055, 50.090899708000052 ], [ 14.483011734000058, 50.090879625000071 ], [ 14.482931305000022, 50.090865561000044 ], [ 14.482921650000037, 50.090885429000082 ] ] ] ] } },
{ "type": "Feature", "properties": { "objectid": 64716, "zps_id": "4759", "id_poskyt": 38, "shape_area_1": 0.0, "globalid": "{75ADFDDB-6E58-4CBC-B390-0EBCC4DD66B7}", "shape_Length": 0.00036487897397961746, "shape_Area": 3.4382169291717158e-09 }, "geometry": { "type": "MultiPolygon", "coordinates": [ [ [ [ 14.482779436000044, 50.090862678000065 ], [ 14.482788871000025, 50.090842047000081 ], [ 14.482630966000045, 50.090814676000036 ], [ 14.48262174000007, 50.090834327000039 ], [ 14.482779436000044, 50.090862678000065 ] ] ] ] } },
{ "type": "Feature", "properties": { "objectid": 64717, "zps_id": "4769", "id_poskyt": 38, "shape_area_1": 0.0, "globalid": "{29CB5B6D-100D-49F6-BFE7-6118327F3F03}", "shape_Length": 0.00024812646769188646, "shape_Area": 2.3625853360583505e-09 }, "geometry": { "type": "MultiPolygon", "coordinates": [ [ [ [ 14.478593657000033, 50.091024719000075 ], [ 14.478693214000032, 50.091037993000043 ], [ 14.478700254000046, 50.091015036000044 ], [ 14.478601452000078, 50.091002001000049 ], [ 14.478593657000033, 50.091024719000075 ] ] ] ] } },
{ "type": "Feature", "properties": { "objectid": 64718, "zps_id": "4796", "id_poskyt": 38, "shape_area_1": 0.0, "globalid": "{6472E44B-4021-4F84-B73E-B666B8C6E9CD}", "shape_Length": 0.00023372091602807038, "shape_Area": 2.1642232877619336e-09 }, "geometry": { "type": "MultiPolygon", "coordinates": [ [ [ [ 14.480587504000027, 50.094110105000027 ], [ 14.480677738000054, 50.094131023000045 ], [ 14.480689281000025, 50.09410957800003 ], [ 14.480598995000037, 50.094088902000067 ], [ 14.480587504000027, 50.094110105000027 ] ] ] ] } },
{ "type": "Feature", "properties": { "objectid": 64719, "zps_id": "4797", "id_poskyt": 38, "shape_area_1": 0.0, "globalid": "{82849266-B836-49CB-A166-AA882323D23E}", "shape_Length": 0.0002258948831081506, "shape_Area": 1.9834502018780746e-09 }, "geometry": { "type": "MultiPolygon", "coordinates": [ [ [ [ 14.482286542000054, 50.093789640000068 ], [ 14.482294964000062, 50.093769002000045 ], [ 14.482206596000026, 50.093752705000043 ], [ 14.482197038000038, 50.093773380000073 ], [ 14.482286542000054, 50.093789640000068 ] ] ] ] } },
{ "type": "Feature", "properties": { "objectid": 64720, "zps_id": "4799", "id_poskyt": 38, "shape_area_1": 0.0, "globalid": "{B0A59B43-83AB-4C0B-A59D-028DF16BBA49}", "shape_Length": 0.00024739848742991172, "shape_Area": 2.336724945173254e-09 }, "geometry": { "type": "MultiPolygon", "coordinates": [ [ [ [ 14.481211318000021, 50.092967229000067 ], [ 14.481205248000037, 50.092990671000052 ], [ 14.481305639000027, 50.093000305000032 ], [ 14.481310238000049, 50.092977940000026 ], [ 14.481211318000021, 50.092967229000067 ] ] ] ] } },
{ "type": "Feature", "properties": { "objectid": 64721, "zps_id": "4820", "id_poskyt": 38, "shape_area_1": 0.0, "globalid": "{95A5EA55-9601-4596-B2E9-E029DC91214B}", "shape_Length": 0.00018764520818762749, "shape_Area": 1.5714091393862902e-09 }, "geometry": { "type": "MultiPolygon", "coordinates": [ [ [ [ 14.45676521200005, 50.078330172000051 ], [ 14.456829279000033, 50.078318203000038 ], [ 14.456840216000046, 50.078292150000038 ], [ 14.456775621000077, 50.07830350200004 ], [ 14.45676521200005, 50.078330172000051 ] ] ] ] } },
{ "type": "Feature", "properties": { "objectid": 64722, "zps_id": "4855", "id_poskyt": 38, "shape_area_1": 0.0, "globalid": "{DA120398-EE5F-4EAE-AFA9-BF611642135C}", "shape_Length": 0.00038649581906138538, "shape_Area": 3.5361611529555559e-09 }, "geometry": { "type": "MultiPolygon", "coordinates": [ [ [ [ 14.448788126000068, 50.082156679000036 ], [ 14.448954364000031, 50.082200010000065 ], [ 14.448965848000057, 50.082181286000036 ], [ 14.448799792000045, 50.082138814000075 ], [ 14.448788126000068, 50.082156679000036 ] ] ] ] } },
{ "type": "Feature", "properties": { "objectid": 64723, "zps_id": "4858", "id_poskyt": 38, "shape_area_1": 0.0, "globalid": "{44114268-CC4D-49A4-BDEF-FEB54F0C9C1B}", "shape_Length": 0.00036323632954510655, "shape_Area": 5.9000503733562861e-09 }, "geometry": { "type": "MultiPolygon", "coordinates": [ [ [ [ 14.454624368000054, 50.082564782000077 ], [ 14.454656973000056, 50.082616339000026 ], [ 14.454777374000059, 50.082624960000032 ], [ 14.454745273000071, 50.082573946000082 ], [ 14.454624368000054, 50.082564782000077 ] ] ] ] } },
{ "type": "Feature", "properties": { "objectid": 64724, "zps_id": "4906", "id_poskyt": 38, "shape_area_1": 0.0, "globalid": "{734993D7-33B1-49E7-A6B6-27B63742BC1F}", "shape_Length": 0.0003300548445720581, "shape_Area": 2.8170115822340866e-09 }, "geometry": { "type": "MultiPolygon", "coordinates": [ [ [ [ 14.45264067200003, 50.086724332000074 ], [ 14.452639654000052, 50.086704894000036 ], [ 14.452494132000027, 50.086708068000064 ], [ 14.452494889000036, 50.086727274000054 ], [ 14.45264067200003, 50.086724332000074 ] ] ] ] } },
{ "type": "Feature", "properties": { "objectid": 64725, "zps_id": "4932", "id_poskyt": 38, "shape_area_1": 0.0, "globalid": "{5863DFB2-5FFF-4575-BAB7-2CEFBB29E0D5}", "shape_Length": 0.00023038361440562823, "shape_Area": 2.1408035183669265e-09 }, "geometry": { "type": "MultiPolygon", "coordinates": [ [ [ [ 14.468831662000071, 50.08782535000006 ], [ 14.468920001000072, 50.087844570000073 ], [ 14.468931733000034, 50.087822853000034 ], [ 14.468842826000071, 50.08780371000006 ], [ 14.468831662000071, 50.08782535000006 ] ] ] ] } },
{ "type": "Feature", "properties": { "objectid": 64726, "zps_id": "4937", "id_poskyt": 38, "shape_area_1": 0.0, "globalid": "{CA2C5E50-9D89-40FF-98BA-283C7DFD6526}", "shape_Length": 0.00024708045964588971, "shape_Area": 3.3510696710500815e-09 }, "geometry": { "type": "MultiPolygon", "coordinates": [ [ [ [ 14.45941173600005, 50.083589749000055 ], [ 14.459420225000031, 50.083549905000041 ], [ 14.459337561000041, 50.083542757000032 ], [ 14.459329486000058, 50.083582775000082 ], [ 14.45941173600005, 50.083589749000055 ] ] ] ] } },
{ "type": "Feature", "properties": { "objectid": 64727, "zps_id": "4938", "id_poskyt": 38, "shape_area_1": 0.0, "globalid": "{09309DA9-874F-43AF-8EC3-6B83D9CD75EE}", "shape_Length": 0.00022169580950225239, "shape_Area": 2.589096154504707e-09 }, "geometry": { "type": "MultiPolygon", "coordinates": [ [ [ [ 14.461467452000022, 50.083939820000069 ], [ 14.461500498000078, 50.083942735000051 ], [ 14.461516795000023, 50.083867560000044 ], [ 14.46148247900004, 50.083864180000035 ], [ 14.461467452000022, 50.083939820000069 ] ] ] ] } },
{ "type": "Feature", "properties": { "objectid": 64728, "zps_id": "4939", "id_poskyt": 38, "shape_area_1": 0.0, "globalid": "{139D3179-D226-4B81-9067-2386945EBEC5}", "shape_Length": 0.00021023003439056952, "shape_Area": 2.3895912874676564e-09 }, "geometry": { "type": "MultiPolygon", "coordinates": [ [ [ [ 14.461709029000076, 50.083755137000026 ], [ 14.461742325000046, 50.083758672000044 ], [ 14.461763234000045, 50.083691299000066 ], [ 14.461728687000061, 50.08368656500005 ], [ 14.461709029000076, 50.083755137000026 ] ] ] ] } },
{ "type": "Feature", "properties": { "objectid": 64729, "zps_id": "5002", "id_poskyt": 38, "shape_area_1": 0.0, "globalid": "{3A85822C-955F-4C90-AF17-44E0CF6E3647}", "shape_Length": 0.0002422427260977365, "shape_Area": 1.9743773732412138e-09 }, "geometry": { "type": "MultiPolygon", "coordinates": [ [ [ [ 14.478010188000042, 50.093381423000039 ], [ 14.478105909000021, 50.093410239000036 ], [ 14.478117983000061, 50.09339299800007 ], [ 14.478020903000072, 50.093364479000059 ], [ 14.478010188000042, 50.093381423000039 ] ] ] ] } },
{ "type": "Feature", "properties": { "objectid": 64730, "zps_id": "5021", "id_poskyt": 38, "shape_area_1": 0.0, "globalid": "{8B05A171-A196-4BDE-813E-97709905B424}", "shape_Length": 0.00025262294710993468, "shape_Area": 3.6178428901566844e-09 }, "geometry": { "type": "MultiPolygon", "coordinates": [ [ [ [ 14.485996340000042, 50.094881906000069 ], [ 14.486075747000029, 50.094884424000043 ], [ 14.486086213000021, 50.094840625000074 ], [ 14.486003554000035, 50.094837074000054 ], [ 14.485996340000042, 50.094881906000069 ] ] ] ] } },
{ "type": "Feature", "properties": { "objectid": 64731, "zps_id": "12566", "id_poskyt": 38, "shape_area_1": 0.0, "globalid": "{0FE11EB1-951B-4F61-9146-6114C9FC20EA}", "shape_Length": 0.00020498964911641647, "shape_Area": 1.5447202734232867e-09 }, "geometry": { "type": "MultiPolygon", "coordinates": [ [ [ [ 14.495850312000073, 50.094937021000078 ], [ 14.495862799000065, 50.094921403000058 ], [ 14.495784620000052, 50.094896221000056 ], [ 14.495771672000046, 50.094911835000062 ], [ 14.495850312000073, 50.094937021000078 ] ] ] ] } },
{ "type": "Feature", "properties": { "objectid": 64732, "zps_id": "5037", "id_poskyt": 38, "shape_area_1": 0.0, "globalid": "{A9C74A95-59E6-4C09-8A53-E7B963F6C1E8}", "shape_Length": 0.00031330066629437945, "shape_Area": 3.4695864243225882e-09 }, "geometry": { "type": "MultiPolygon", "coordinates": [ [ [ [ 14.492412414000057, 50.09508909200008 ], [ 14.492440128000055, 50.095075629000064 ], [ 14.492341958000054, 50.094995555000025 ], [ 14.492315326000039, 50.095008432000043 ], [ 14.492412414000057, 50.09508909200008 ] ] ] ] } },
{ "type": "Feature", "properties": { "objectid": 64733, "zps_id": "5041", "id_poskyt": 38, "shape_area_1": 0.0, "globalid": "{DBE7BC54-5DF5-4273-A550-425FA472F3B7}", "shape_Length": 0.00044343245277593811, "shape_Area": 4.3778113484454851e-09 }, "geometry": { "type": "MultiPolygon", "coordinates": [ [ [ [ 14.490679735000072, 50.093804541000054 ], [ 14.490699898000059, 50.093790107000075 ], [ 14.490526603000035, 50.093693624000082 ], [ 14.490508170000055, 50.09370841100008 ], [ 14.490679735000072, 50.093804541000054 ] ] ] ] } },
{ "type": "Feature", "properties": { "objectid": 64734, "zps_id": "5064", "id_poskyt": 38, "shape_area_1": 0.0, "globalid": "{A72D1FD2-45A1-4631-B0FF-7465F2191DEE}", "shape_Length": 0.0003517848840166579, "shape_Area": 3.0258844758006125e-09 }, "geometry": { "type": "MultiPolygon", "coordinates": [ [ [ [ 14.489241273000061, 50.092549958000063 ], [ 14.48924562600007, 50.092568916000062 ], [ 14.489399825000078, 50.092559707000078 ], [ 14.489399315000071, 50.092540197000062 ], [ 14.489241273000061, 50.092549958000063 ] ] ] ] } },
{ "type": "Feature", "properties": { "objectid": 64735, "zps_id": "5088", "id_poskyt": 38, "shape_area_1": 0.0, "globalid": "{D9115714-0ED9-4640-958D-77ACC396D5F2}", "shape_Length": 0.00022354858790747653, "shape_Area": 2.8969585294952893e-09 }, "geometry": { "type": "MultiPolygon", "coordinates": [ [ [ [ 14.495029616000068, 50.091409954000028 ], [ 14.495066905000044, 50.091448767000031 ], [ 14.495120712000073, 50.091426279000075 ], [ 14.495078095000054, 50.091387170000075 ], [ 14.495029616000068, 50.091409954000028 ] ] ] ] } },
{ "type": "Feature", "properties": { "objectid": 64736, "zps_id": "5165", "id_poskyt": 38, "shape_area_1": 0.0, "globalid": "{F95447F4-38D1-4513-84E8-19B6F12A4FBC}", "shape_Length": 0.0002605574300547446, "shape_Area": 2.8529547366770482e-09 }, "geometry": { "type": "MultiPolygon", "coordinates": [ [ [ [ 14.489137477000043, 50.090952814000048 ], [ 14.489163046000044, 50.090952967000078 ], [ 14.489149183000052, 50.090851709000049 ], [ 14.489118199000075, 50.090852877000032 ], [ 14.489137477000043, 50.090952814000048 ] ] ] ] } },
{ "type": "Feature", "properties": { "objectid": 64737, "zps_id": "5174", "id_poskyt": 38, "shape_area_1": 0.0, "globalid": "{9F4E8111-46DB-4F29-85F1-313DA39541E3}", "shape_Length": 0.00026300253175696672, "shape_Area": 2.9267908061440067e-09 }, "geometry": { "type": "MultiPolygon", "coordinates": [ [ [ [ 14.488076909000029, 50.087980034000054 ], [ 14.488106035000044, 50.087985346000039 ], [ 14.488148042000034, 50.087892522000061 ], [ 14.488118935000045, 50.087887185000056 ], [ 14.488076909000029, 50.087980034000054 ] ] ] ] } },
{ "type": "Feature", "properties": { "objectid": 64738, "zps_id": "5511", "id_poskyt": 38, "shape_area_1": 0.0, "globalid": "{9ABC4A4D-D18F-4956-BF98-14BE5BEF9704}", "shape_Length": 0.00063930319493223369, "shape_Area": 5.776531522084914e-09 }, "geometry": { "type": "MultiPolygon", "coordinates": [ [ [ [ 14.422755601000063, 50.09990289600006 ], [ 14.422760136000022, 50.099883994000038 ], [ 14.42246121900007, 50.099856231000047 ], [ 14.422456669000042, 50.099875134000058 ], [ 14.422755601000063, 50.09990289600006 ] ] ] ] } },
{ "type": "Feature", "properties": { "objectid": 64739, "zps_id": "5532", "id_poskyt": 38, "shape_area_1": 0.0, "globalid": "{58029476-F727-4D73-8D82-9D3645F2890B}", "shape_Length": 0.00034824361271171029, "shape_Area": 3.3322167332215207e-09 }, "geometry": { "type": "MultiPolygon", "coordinates": [ [ [ [ 14.437572098000032, 50.108735945000035 ], [ 14.43757322600004, 50.108757999000034 ], [ 14.437724535000029, 50.108757681000043 ], [ 14.437725209000064, 50.108735951000028 ], [ 14.437572098000032, 50.108735945000035 ] ] ] ] } },
{ "type": "Feature", "properties": { "objectid": 64740, "zps_id": "5533", "id_poskyt": 38, "shape_area_1": 0.0, "globalid": "{05FEDD3A-E2A2-4709-A651-8C6339BFA27E}", "shape_Length": 0.00046105084917151236, "shape_Area": 6.1375425845317315e-09 }, "geometry": { "type": "MultiPolygon", "coordinates": [ [ [ [ 14.435856990000048, 50.105312530000049 ], [ 14.43596580600007, 50.105147523000028 ], [ 14.43593407000003, 50.10513861000004 ], [ 14.435825688000023, 50.105304428000068 ], [ 14.435856990000048, 50.105312530000049 ] ] ] ] } },
{ "type": "Feature", "properties": { "objectid": 64741, "zps_id": "5551", "id_poskyt": 38, "shape_area_1": 0.0, "globalid": "{B20CA281-5FF6-42FE-BCCB-210F7F585D74}", "shape_Length": 0.00028150773751060875, "shape_Area": 2.3380774624632708e-09 }, "geometry": { "type": "MultiPolygon", "coordinates": [ [ [ [ 14.444539075000023, 50.10804990500003 ], [ 14.444543492000037, 50.108069336000028 ], [ 14.444664025000066, 50.108057680000059 ], [ 14.444660185000032, 50.108039173000066 ], [ 14.444539075000023, 50.10804990500003 ] ] ] ] } },
{ "type": "Feature", "properties": { "objectid": 64742, "zps_id": "5702", "id_poskyt": 38, "shape_area_1": 0.0, "globalid": "{86AF554F-C57D-45DE-9344-2ED829D83FD1}", "shape_Length": 0.00023567146673241212, "shape_Area": 2.5947328418442881e-09 }, "geometry": { "type": "MultiPolygon", "coordinates": [ [ [ [ 14.45008617600007, 50.102837057000045 ], [ 14.450115036000057, 50.102837436000073 ], [ 14.450119048000033, 50.102749250000045 ], [ 14.450089283000068, 50.102748358000042 ], [ 14.45008617600007, 50.102837057000045 ] ] ] ] } },
{ "type": "Feature", "properties": { "objectid": 64743, "zps_id": "5739", "id_poskyt": 38, "shape_area_1": 0.0, "globalid": "{4F6A511F-B60D-4022-8C67-5D71E67C193C}", "shape_Length": 0.00016076267063837494, "shape_Area": 1.5791707930738634e-09 }, "geometry": { "type": "MultiPolygon", "coordinates": [ [ [ [ 14.424548650000077, 50.097172685000032 ], [ 14.424585963000027, 50.097177921000082 ], [ 14.424599372000046, 50.097136997000064 ], [ 14.424562578000064, 50.09713210700005 ], [ 14.424548650000077, 50.097172685000032 ] ] ] ] } },
{ "type": "Feature", "properties": { "objectid": 64744, "zps_id": "5740", "id_poskyt": 38, "shape_area_1": 0.0, "globalid": "{3FB9C18F-6BD7-47F6-84B2-F13EDD440443}", "shape_Length": 0.00014886191582020239, "shape_Area": 1.331498319714141e-09 }, "geometry": { "type": "MultiPolygon", "coordinates": [ [ [ [ 14.425249661000066, 50.097273008000059 ], [ 14.425282742000036, 50.097277051000049 ], [ 14.425297029000035, 50.097238545000039 ], [ 14.425264464000065, 50.097234130000061 ], [ 14.425249661000066, 50.097273008000059 ] ] ] ] } },
{ "type": "Feature", "properties": { "objectid": 64745, "zps_id": "5741", "id_poskyt": 38, "shape_area_1": 0.0, "globalid": "{94317161-11F1-45C4-81F6-DDB6D325F8BE}", "shape_Length": 0.00026301599032161645, "shape_Area": 2.6735697729322381e-09 }, "geometry": { "type": "MultiPolygon", "coordinates": [ [ [ [ 14.417724694000071, 50.101270409000051 ], [ 14.417751305000024, 50.101259206000066 ], [ 14.417674420000026, 50.101186944000062 ], [ 14.417651160000048, 50.10119930500008 ], [ 14.417724694000071, 50.101270409000051 ] ] ] ] } },
{ "type": "Feature", "properties": { "objectid": 64746, "zps_id": "5742", "id_poskyt": 38, "shape_area_1": 0.0, "globalid": "{B1CA9864-F15A-4680-8933-0D2F183AABBA}", "shape_Length": 0.00027048439693501186, "shape_Area": 2.3941479239459794e-09 }, "geometry": { "type": "MultiPolygon", "coordinates": [ [ [ [ 14.420627409000076, 50.099759553000069 ], [ 14.420635302000051, 50.099739486000033 ], [ 14.42052304300006, 50.099721480000028 ], [ 14.420515169000055, 50.099741541000071 ], [ 14.420627409000076, 50.099759553000069 ] ] ] ] } },
{ "type": "Feature", "properties": { "objectid": 64747, "zps_id": "5743", "id_poskyt": 38, "shape_area_1": 0.0, "globalid": "{6AB42DC2-86AE-487D-88EE-BAA53F212311}", "shape_Length": 0.00037086028904421292, "shape_Area": 7.1350922817971581e-09 }, "geometry": { "type": "MultiPolygon", "coordinates": [ [ [ [ 14.415782880000052, 50.101282964000063 ], [ 14.415815676000022, 50.101242739000043 ], [ 14.415721559000076, 50.101149598000063 ], [ 14.415687677000051, 50.101197069000079 ], [ 14.415782880000052, 50.101282964000063 ] ] ] ] } },
{ "type": "Feature", "properties": { "objectid": 64748, "zps_id": "5746", "id_poskyt": 38, "shape_area_1": 0.0, "globalid": "{D25D1DF0-E892-4BCB-AEC5-1CC110D2CC82}", "shape_Length": 0.00019317004357541825, "shape_Area": 1.6716790107130157e-09 }, "geometry": { "type": "MultiPolygon", "coordinates": [ [ [ [ 14.419914747000064, 50.101256791000026 ], [ 14.419966496000029, 50.101305490000072 ], [ 14.419989525000062, 50.101295794000066 ], [ 14.419938672000058, 50.101246267000079 ], [ 14.419914747000064, 50.101256791000026 ] ] ] ] } },
{ "type": "Feature", "properties": { "objectid": 64749, "zps_id": "5747", "id_poskyt": 38, "shape_area_1": 0.0, "globalid": "{2AC7D569-4AB0-4644-A3B7-059AB812B94A}", "shape_Length": 0.00027778133257821112, "shape_Area": 3.122695290330703e-09 }, "geometry": { "type": "MultiPolygon", "coordinates": [ [ [ [ 14.422545547000027, 50.100686065000048 ], [ 14.422590358000036, 50.100586467000028 ], [ 14.422562265000067, 50.100581331000058 ], [ 14.422515698000041, 50.100680620000048 ], [ 14.422545547000027, 50.100686065000048 ] ] ] ] } },
{ "type": "Feature", "properties": { "objectid": 64750, "zps_id": "5752", "id_poskyt": 38, "shape_area_1": 0.0, "globalid": "{28930594-AB7B-44D5-9513-BCD83151E6D1}", "shape_Length": 0.00022653228655080787, "shape_Area": 2.4930314067780032e-09 }, "geometry": { "type": "MultiPolygon", "coordinates": [ [ [ [ 14.426639187000035, 50.101315132000082 ], [ 14.426667895000037, 50.101322083000071 ], [ 14.426705770000069, 50.101248170000076 ], [ 14.426673179000034, 50.101241884000046 ], [ 14.426639187000035, 50.101315132000082 ] ] ] ] } },
{ "type": "Feature", "properties": { "objectid": 64751, "zps_id": "5754", "id_poskyt": 38, "shape_area_1": 0.0, "globalid": "{51EF9BCB-EF2F-41A0-9F39-6036984DA043}", "shape_Length": 0.00026165056130421062, "shape_Area": 2.9359967098937108e-09 }, "geometry": { "type": "MultiPolygon", "coordinates": [ [ [ [ 14.424975860000075, 50.098465155000042 ], [ 14.425006713000073, 50.098470263000081 ], [ 14.425044884000044, 50.09837740200004 ], [ 14.425016834000076, 50.098372324000081 ], [ 14.424975860000075, 50.098465155000042 ] ] ] ] } },
{ "type": "Feature", "properties": { "objectid": 64752, "zps_id": "5755", "id_poskyt": 38, "shape_area_1": 0.0, "globalid": "{91EF68B9-1FA3-42B4-B18C-12E101B2EB74}", "shape_Length": 0.00029364623574108036, "shape_Area": 3.8307502617749627e-09 }, "geometry": { "type": "MultiPolygon", "coordinates": [ [ [ [ 14.424498118000031, 50.099888624000073 ], [ 14.424531974000047, 50.099894071000051 ], [ 14.424576474000048, 50.099791821000053 ], [ 14.424540643000057, 50.099785583000028 ], [ 14.424498118000031, 50.099888624000073 ] ] ] ] } },
{ "type": "Feature", "properties": { "objectid": 64753, "zps_id": "5330", "id_poskyt": 38, "shape_area_1": 0.0, "globalid": "{23E34AA3-AB6E-4768-9714-6C14C035B4CE}", "shape_Length": 0.0002318335859541004, "shape_Area": 2.8980975167419364e-09 }, "geometry": { "type": "MultiPolygon", "coordinates": [ [ [ [ 14.426533676000076, 50.098175955000045 ], [ 14.426570763000029, 50.098180469000056 ], [ 14.426595826000039, 50.098106678000079 ], [ 14.426557932000037, 50.098101510000049 ], [ 14.426533676000076, 50.098175955000045 ] ] ] ] } },
{ "type": "Feature", "properties": { "objectid": 64754, "zps_id": "5757", "id_poskyt": 38, "shape_area_1": 0.0, "globalid": "{F354F94A-F261-4F61-855C-68F75FDB9368}", "shape_Length": 0.0002327812415298556, "shape_Area": 2.5978162019103199e-09 }, "geometry": { "type": "MultiPolygon", "coordinates": [ [ [ [ 14.428091777000077, 50.098383929000079 ], [ 14.428100439000048, 50.09829806700003 ], [ 14.42807096100006, 50.098296176000076 ], [ 14.428061093000053, 50.098381796000069 ], [ 14.428091777000077, 50.098383929000079 ] ] ] ] } },
{ "type": "Feature", "properties": { "objectid": 64755, "zps_id": "5759", "id_poskyt": 38, "shape_area_1": 0.0, "globalid": "{0244AA8E-8F78-4D8A-9DA1-33667D35467A}", "shape_Length": 0.00031860325756503916, "shape_Area": 2.6280004548757042e-09 }, "geometry": { "type": "MultiPolygon", "coordinates": [ [ [ [ 14.431268852000073, 50.097628476000068 ], [ 14.431268332000059, 50.097647744000028 ], [ 14.431408675000057, 50.097653810000054 ], [ 14.431409410000072, 50.097635715000081 ], [ 14.431268852000073, 50.097628476000068 ] ] ] ] } },
{ "type": "Feature", "properties": { "objectid": 64756, "zps_id": "5763", "id_poskyt": 38, "shape_area_1": 0.0, "globalid": "{67C70DE9-1C91-467F-BE21-B80ED693EE23}", "shape_Length": 0.00021461564322299129, "shape_Area": 2.2670450283492551e-09 }, "geometry": { "type": "MultiPolygon", "coordinates": [ [ [ [ 14.421592384000064, 50.100110212000061 ], [ 14.421620861000065, 50.100115337000034 ], [ 14.421653308000032, 50.100045121000051 ], [ 14.421622132000039, 50.100039557000059 ], [ 14.421592384000064, 50.100110212000061 ] ] ] ] } },
{ "type": "Feature", "properties": { "objectid": 64757, "zps_id": "5766", "id_poskyt": 38, "shape_area_1": 0.0, "globalid": "{E60A124C-A9BF-477E-822B-259ED61C54A7}", "shape_Length": 0.00016610283499716148, "shape_Area": 1.5516382662137569e-09 }, "geometry": { "type": "MultiPolygon", "coordinates": [ [ [ [ 14.430377986000053, 50.099768984000036 ], [ 14.430407652000042, 50.099770736000039 ], [ 14.430416377000029, 50.099717299000076 ], [ 14.430388487000073, 50.099715704000062 ], [ 14.430377986000053, 50.099768984000036 ] ] ] ] } },
{ "type": "Feature", "properties": { "objectid": 64758, "zps_id": "5769", "id_poskyt": 38, "shape_area_1": 0.0, "globalid": "{86A8D255-29C2-4B03-9971-5A4BA8AE12FD}", "shape_Length": 0.00023547296506123741, "shape_Area": 2.4995207829409334e-09 }, "geometry": { "type": "MultiPolygon", "coordinates": [ [ [ [ 14.429085672000042, 50.100478686000031 ], [ 14.429148840000039, 50.100480270000048 ], [ 14.429187697000032, 50.100442657000031 ], [ 14.42912313000005, 50.100440351000032 ], [ 14.429085672000042, 50.100478686000031 ] ] ] ] } },
{ "type": "Feature", "properties": { "objectid": 64759, "zps_id": "5772", "id_poskyt": 38, "shape_area_1": 0.0, "globalid": "{7316155D-CFD8-4D17-B1F9-FEFBF9DFD875}", "shape_Length": 0.00028390419322272588, "shape_Area": 3.5695630082610718e-09 }, "geometry": { "type": "MultiPolygon", "coordinates": [ [ [ [ 14.432819785000049, 50.100503710000055 ], [ 14.432918310000048, 50.100505377000047 ], [ 14.432942536000041, 50.100469583000063 ], [ 14.432842389000029, 50.100468325000065 ], [ 14.432819785000049, 50.100503710000055 ] ] ] ] } },
{ "type": "Feature", "properties": { "objectid": 64760, "zps_id": "5774", "id_poskyt": 38, "shape_area_1": 0.0, "globalid": "{80F09535-B238-4A20-B689-61A1E7E2E2CD}", "shape_Length": 0.00032913991855707046, "shape_Area": 3.1675383967998478e-09 }, "geometry": { "type": "MultiPolygon", "coordinates": [ [ [ [ 14.425464454000064, 50.100032766000027 ], [ 14.425467773000037, 50.100054343000068 ], [ 14.425609914000063, 50.100046825000049 ], [ 14.425606208000033, 50.10002417100003 ], [ 14.425464454000064, 50.100032766000027 ] ] ] ] } },
{ "type": "Feature", "properties": { "objectid": 64761, "zps_id": "5396", "id_poskyt": 38, "shape_area_1": 0.0, "globalid": "{C380177E-AF93-44BF-BF50-58AF75A206A6}", "shape_Length": 0.00065333940527873436, "shape_Area": 6.4288226547779041e-09 }, "geometry": { "type": "MultiPolygon", "coordinates": [ [ [ [ 14.433773529000064, 50.098748139000065 ], [ 14.433777097000075, 50.09876928400007 ], [ 14.433891477000032, 50.09876137100008 ], [ 14.434081263000053, 50.098747755000034 ], [ 14.434080286000039, 50.098728220000055 ], [ 14.433887688000027, 50.098739808000062 ], [ 14.433773529000064, 50.098748139000065 ] ] ] ] } },
{ "type": "Feature", "properties": { "objectid": 64762, "zps_id": "5738", "id_poskyt": 38, "shape_area_1": 0.0, "globalid": "{33AFF8FA-D6B8-4211-A95C-1E97CD98775F}", "shape_Length": 0.00030004844428652974, "shape_Area": 5.5415798898527605e-09 }, "geometry": { "type": "MultiPolygon", "coordinates": [ [ [ [ 14.434273784000027, 50.098568651000051 ], [ 14.434340747000022, 50.098564877000058 ], [ 14.434330135000039, 50.098483664000071 ], [ 14.434263067000074, 50.098485351000079 ], [ 14.434273784000027, 50.098568651000051 ] ] ] ] } },
{ "type": "Feature", "properties": { "objectid": 64763, "zps_id": "5776", "id_poskyt": 38, "shape_area_1": 0.0, "globalid": "{090C37F6-E8C4-4E18-8DDE-F79CD7F58DF5}", "shape_Length": 0.00020127471211071638, "shape_Area": 2.2701502406015463e-09 }, "geometry": { "type": "MultiPolygon", "coordinates": [ [ [ [ 14.437050544000044, 50.09882705900003 ], [ 14.437053724000066, 50.098868062000065 ], [ 14.437118181000073, 50.098866245000067 ], [ 14.437116339000056, 50.098837211000045 ], [ 14.437050544000044, 50.09882705900003 ] ] ] ] } },
{ "type": "Feature", "properties": { "objectid": 64764, "zps_id": "5777", "id_poskyt": 38, "shape_area_1": 0.0, "globalid": "{E7724A26-CD6C-4F73-A2A1-32BB383E635A}", "shape_Length": 0.00028769665921909928, "shape_Area": 4.89997629349515e-09 }, "geometry": { "type": "MultiPolygon", "coordinates": [ [ [ [ 14.434392084000024, 50.099112165000065 ], [ 14.434444886000051, 50.099079187000029 ], [ 14.434431475000054, 50.099012321000032 ], [ 14.434370728000033, 50.099018368000031 ], [ 14.434392084000024, 50.099112165000065 ] ] ] ] } },
{ "type": "Feature", "properties": { "objectid": 64765, "zps_id": "5778", "id_poskyt": 38, "shape_area_1": 0.0, "globalid": "{72101551-482C-4434-970A-695477F7569E}", "shape_Length": 0.00035422389268420631, "shape_Area": 3.9525434789251105e-09 }, "geometry": { "type": "MultiPolygon", "coordinates": [ [ [ [ 14.434887969000044, 50.099722966000058 ], [ 14.434894106000058, 50.09969767900003 ], [ 14.434745219000035, 50.099681722000071 ], [ 14.434737473000041, 50.099707801000079 ], [ 14.434887969000044, 50.099722966000058 ] ] ] ] } },
{ "type": "Feature", "properties": { "objectid": 64766, "zps_id": "5779", "id_poskyt": 38, "shape_area_1": 0.0, "globalid": "{4F6EBD27-9EC1-4E64-BC8F-49CC49CFFC69}", "shape_Length": 0.00029123605086193397, "shape_Area": 2.6582658211109699e-09 }, "geometry": { "type": "MultiPolygon", "coordinates": [ [ [ [ 14.434729661000063, 50.101365256000065 ], [ 14.434605533000024, 50.101353585000027 ], [ 14.434602107000046, 50.101374692000036 ], [ 14.434725066000055, 50.101386423000065 ], [ 14.434729661000063, 50.101365256000065 ] ] ] ] } },
{ "type": "Feature", "properties": { "objectid": 64767, "zps_id": "5780", "id_poskyt": 38, "shape_area_1": 0.0, "globalid": "{E0A95ADD-65B7-4977-8709-1CA4FD78F26A}", "shape_Length": 0.00018639504244088328, "shape_Area": 1.5612548064004746e-09 }, "geometry": { "type": "MultiPolygon", "coordinates": [ [ [ [ 14.436213767000027, 50.100609837000036 ], [ 14.436284495000052, 50.100604108000027 ], [ 14.436281385000029, 50.100582877000079 ], [ 14.436210111000037, 50.100587587000064 ], [ 14.436213767000027, 50.100609837000036 ] ] ] ] } },
{ "type": "Feature", "properties": { "objectid": 64768, "zps_id": "5782", "id_poskyt": 38, "shape_area_1": 0.0, "globalid": "{8D4CCBE5-B94E-4C42-B49E-AD5D0E652B42}", "shape_Length": 0.0003264085203449301, "shape_Area": 2.5245132340211683e-09 }, "geometry": { "type": "MultiPolygon", "coordinates": [ [ [ [ 14.434370857000033, 50.10329495600007 ], [ 14.434226146000071, 50.103276828000048 ], [ 14.434221029000071, 50.103292658000044 ], [ 14.434364902000027, 50.103312655000082 ], [ 14.434370857000033, 50.10329495600007 ] ] ] ] } },
{ "type": "Feature", "properties": { "objectid": 64769, "zps_id": "5784", "id_poskyt": 38, "shape_area_1": 0.0, "globalid": "{4892215D-CA25-431B-9DC7-3DC093626505}", "shape_Length": 0.00024075772167588244, "shape_Area": 2.9218178167701057e-09 }, "geometry": { "type": "MultiPolygon", "coordinates": [ [ [ [ 14.432985570000028, 50.103894239000056 ], [ 14.433030709000036, 50.103824062000058 ], [ 14.432995041000027, 50.103814602000057 ], [ 14.432950050000045, 50.103885281000032 ], [ 14.432985570000028, 50.103894239000056 ] ] ] ] } },
{ "type": "Feature", "properties": { "objectid": 64770, "zps_id": "5785", "id_poskyt": 38, "shape_area_1": 0.0, "globalid": "{FFF41B66-78DB-4E3C-B777-AD2263D990E5}", "shape_Length": 0.00041385624922857906, "shape_Area": 5.0587308532218786e-09 }, "geometry": { "type": "MultiPolygon", "coordinates": [ [ [ [ 14.434916173000033, 50.102763370000048 ], [ 14.434945288000051, 50.102769955000042 ], [ 14.435029393000036, 50.102613792000056 ], [ 14.435000512000045, 50.102607636000073 ], [ 14.434916173000033, 50.102763370000048 ] ] ] ] } },
{ "type": "Feature", "properties": { "objectid": 64771, "zps_id": "5786", "id_poskyt": 38, "shape_area_1": 0.0, "globalid": "{A739FF34-D33E-4A03-90D8-5A9222555EA4}", "shape_Length": 0.00025652619464628599, "shape_Area": 2.0060696099993052e-09 }, "geometry": { "type": "MultiPolygon", "coordinates": [ [ [ [ 14.448241386000063, 50.110526402000062 ], [ 14.448245625000027, 50.110544364000077 ], [ 14.448354719000065, 50.110533228000065 ], [ 14.448350911000034, 50.110515304000046 ], [ 14.448241386000063, 50.110526402000062 ] ] ] ] } },
{ "type": "Feature", "properties": { "objectid": 64772, "zps_id": "5787", "id_poskyt": 38, "shape_area_1": 0.0, "globalid": "{7554FC62-1744-4DD9-9504-5CEB92B52FC5}", "shape_Length": 0.00025079535289152649, "shape_Area": 2.7257585692227835e-09 }, "geometry": { "type": "MultiPolygon", "coordinates": [ [ [ [ 14.450124755000047, 50.108016260000056 ], [ 14.450153490000048, 50.108004194000046 ], [ 14.450085786000045, 50.107937450000065 ], [ 14.450057869000034, 50.107950706000054 ], [ 14.450124755000047, 50.108016260000056 ] ] ] ] } },
{ "type": "Feature", "properties": { "objectid": 64773, "zps_id": "5793", "id_poskyt": 38, "shape_area_1": 0.0, "globalid": "{0AD923DA-FA42-421D-98A4-57655135CDE9}", "shape_Length": 0.00027466943916560114, "shape_Area": 2.3651472285105812e-09 }, "geometry": { "type": "MultiPolygon", "coordinates": [ [ [ [ 14.454203732000053, 50.10608075600004 ], [ 14.454217872000072, 50.106097623000039 ], [ 14.454326218000062, 50.106056722000062 ], [ 14.454311604000054, 50.106040612000072 ], [ 14.454203732000053, 50.10608075600004 ] ] ] ] } },
{ "type": "Feature", "properties": { "objectid": 64774, "zps_id": "5794", "id_poskyt": 38, "shape_area_1": 0.0, "globalid": "{7F6C63E0-50E8-4AD4-ABE3-C2EE866FB4F7}", "shape_Length": 0.00025917889015425314, "shape_Area": 2.1026067987816468e-09 }, "geometry": { "type": "MultiPolygon", "coordinates": [ [ [ [ 14.452585299000077, 50.105067579000035 ], [ 14.452584707000028, 50.105086422000056 ], [ 14.452695227000049, 50.105087714000035 ], [ 14.452695903000063, 50.105068535000044 ], [ 14.452585299000077, 50.105067579000035 ] ] ] ] } },
{ "type": "Feature", "properties": { "objectid": 64775, "zps_id": "5796", "id_poskyt": 38, "shape_area_1": 0.0, "globalid": "{7ED7BD7A-8473-4D48-843A-6CE9E9B0976C}", "shape_Length": 0.00029122344789593195, "shape_Area": 5.0711762360684664e-09 }, "geometry": { "type": "MultiPolygon", "coordinates": [ [ [ [ 14.45240960700005, 50.10597144500008 ], [ 14.452467877000061, 50.105971540000041 ], [ 14.452469045000043, 50.105883703000075 ], [ 14.45241194700003, 50.10588346600008 ], [ 14.45240960700005, 50.10597144500008 ] ] ] ] } },
{ "type": "Feature", "properties": { "objectid": 64776, "zps_id": "5798", "id_poskyt": 38, "shape_area_1": 0.0, "globalid": "{7E8D309B-979D-40D0-9231-9C1385DDDCE4}", "shape_Length": 0.00017322274378677273, "shape_Area": 1.861015747052402e-09 }, "geometry": { "type": "MultiPolygon", "coordinates": [ [ [ [ 14.445936380000035, 50.104968148000069 ], [ 14.445936096000025, 50.105008809000026 ], [ 14.445982674000049, 50.105008355000052 ], [ 14.445983798000043, 50.104969839000034 ], [ 14.445936380000035, 50.104968148000069 ] ] ] ] } },
{ "type": "Feature", "properties": { "objectid": 64777, "zps_id": "5799", "id_poskyt": 38, "shape_area_1": 0.0, "globalid": "{B3F2F3FD-1E2C-4512-9ED7-B67908975BDB}", "shape_Length": 0.00026800256340130807, "shape_Area": 2.3109186281150895e-09 }, "geometry": { "type": "MultiPolygon", "coordinates": [ [ [ [ 14.447052579000058, 50.107738320000067 ], [ 14.447057013000062, 50.107758341000078 ], [ 14.447169971000051, 50.107749889000047 ], [ 14.447165871000038, 50.107729698000071 ], [ 14.447052579000058, 50.107738320000067 ] ] ] ] } },
{ "type": "Feature", "properties": { "objectid": 64778, "zps_id": "5801", "id_poskyt": 38, "shape_area_1": 0.0, "globalid": "{60CFED22-519D-4192-AFDA-64DD4C882A24}", "shape_Length": 0.00022537385587952587, "shape_Area": 2.0046163863335082e-09 }, "geometry": { "type": "MultiPolygon", "coordinates": [ [ [ [ 14.448765088000073, 50.107712717000027 ], [ 14.448769387000027, 50.107733959000029 ], [ 14.448858972000039, 50.107727519000036 ], [ 14.448855762000051, 50.107704873000046 ], [ 14.448765088000073, 50.107712717000027 ] ] ] ] } },
{ "type": "Feature", "properties": { "objectid": 64779, "zps_id": "5802", "id_poskyt": 38, "shape_area_1": 0.0, "globalid": "{EB75B2AF-493B-4075-B3AC-685AEAF8D51E}", "shape_Length": 0.00027028675784287581, "shape_Area": 4.0901601535098625e-09 }, "geometry": { "type": "MultiPolygon", "coordinates": [ [ [ [ 14.446880255000053, 50.104888148000043 ], [ 14.446925967000027, 50.104888708000033 ], [ 14.446928898000067, 50.10479900100006 ], [ 14.446883011000068, 50.104799262000029 ], [ 14.446880255000053, 50.104888148000043 ] ] ] ] } },
{ "type": "Feature", "properties": { "objectid": 64780, "zps_id": "5805", "id_poskyt": 38, "shape_area_1": 0.0, "globalid": "{6CB1D480-5CA9-4C3A-8199-1AD14607DD44}", "shape_Length": 0.00023082611844099367, "shape_Area": 2.859510079010755e-09 }, "geometry": { "type": "MultiPolygon", "coordinates": [ [ [ [ 14.450025253000035, 50.103494527000066 ], [ 14.450061214000073, 50.103494089000037 ], [ 14.450063460000024, 50.10341524100005 ], [ 14.450027342000055, 50.103414694000037 ], [ 14.450025253000035, 50.103494527000066 ] ] ] ] } },
{ "type": "Feature", "properties": { "objectid": 64781, "zps_id": "5806", "id_poskyt": 38, "shape_area_1": 0.0, "globalid": "{5B75E686-F182-408A-BBAB-3EA1FC87847C}", "shape_Length": 0.00036123519410008085, "shape_Area": 4.3963276741206399e-09 }, "geometry": { "type": "MultiPolygon", "coordinates": [ [ [ [ 14.452394769000023, 50.103583197000034 ], [ 14.452424197000028, 50.103583634000074 ], [ 14.452429465000023, 50.10343197800006 ], [ 14.452400877000059, 50.103431852000028 ], [ 14.452394769000023, 50.103583197000034 ] ] ] ] } },
{ "type": "Feature", "properties": { "objectid": 64782, "zps_id": "5807", "id_poskyt": 38, "shape_area_1": 0.0, "globalid": "{757C520E-B7CD-42D3-923D-25E7F6F40421}", "shape_Length": 0.00031276217916902831, "shape_Area": 3.0109497320236474e-09 }, "geometry": { "type": "MultiPolygon", "coordinates": [ [ [ [ 14.443676608000033, 50.103016492000052 ], [ 14.443675747000043, 50.103039949000049 ], [ 14.443809956000052, 50.103040784000029 ], [ 14.443810145000043, 50.103019273000029 ], [ 14.443676608000033, 50.103016492000052 ] ] ] ] } },
{ "type": "Feature", "properties": { "objectid": 64783, "zps_id": "5808", "id_poskyt": 38, "shape_area_1": 0.0, "globalid": "{BA67CEA1-3DC4-4DA4-8A3E-7DBBC5F86B80}", "shape_Length": 0.00018063873403032939, "shape_Area": 1.7539117694443543e-09 }, "geometry": { "type": "MultiPolygon", "coordinates": [ [ [ [ 14.447021684000049, 50.102364462000025 ], [ 14.44702288700006, 50.10233528200007 ], [ 14.44696467700004, 50.102318517000072 ], [ 14.446963057000062, 50.10234859500008 ], [ 14.447021684000049, 50.102364462000025 ] ] ] ] } },
{ "type": "Feature", "properties": { "objectid": 64784, "zps_id": "5809", "id_poskyt": 38, "shape_area_1": 0.0, "globalid": "{BABC02EA-B198-45A0-82B4-4F0D3EF841D1}", "shape_Length": 0.00050573018972744775, "shape_Area": 4.2626522178658768e-09 }, "geometry": { "type": "MultiPolygon", "coordinates": [ [ [ [ 14.44449092800005, 50.100850403000038 ], [ 14.444489033000025, 50.100833020000039 ], [ 14.444254398000055, 50.100841332000073 ], [ 14.444256617000065, 50.100860150000074 ], [ 14.44449092800005, 50.100850403000038 ] ] ] ] } },
{ "type": "Feature", "properties": { "objectid": 64785, "zps_id": "5810", "id_poskyt": 38, "shape_area_1": 0.0, "globalid": "{17A96808-6D06-4534-921C-327631485DAB}", "shape_Length": 0.00022093905371955479, "shape_Area": 2.5262118696390907e-09 }, "geometry": { "type": "MultiPolygon", "coordinates": [ [ [ [ 14.441636430000074, 50.09956161000008 ], [ 14.441673079000054, 50.099551588000054 ], [ 14.441626055000029, 50.099492644000065 ], [ 14.441592678000063, 50.099504117000038 ], [ 14.441636430000074, 50.09956161000008 ] ] ] ] } },
{ "type": "Feature", "properties": { "objectid": 64786, "zps_id": "5812", "id_poskyt": 38, "shape_area_1": 0.0, "globalid": "{8FF2F1CA-EDC5-49FD-9209-398E7CC9A5F8}", "shape_Length": 0.00033430831688334168, "shape_Area": 2.8000235900893889e-09 }, "geometry": { "type": "MultiPolygon", "coordinates": [ [ [ [ 14.442177913000023, 50.098540019000041 ], [ 14.442179955000029, 50.098520669000038 ], [ 14.442032003000065, 50.098516276000055 ], [ 14.442029644000058, 50.098534590000042 ], [ 14.442177913000023, 50.098540019000041 ] ] ] ] } },
{ "type": "Feature", "properties": { "objectid": 64787, "zps_id": "5816", "id_poskyt": 38, "shape_area_1": 0.0, "globalid": "{BB653327-3CF2-4B44-96B8-F6EF1B4372A5}", "shape_Length": 0.00040389020903349701, "shape_Area": 6.0935650940938231e-09 }, "geometry": { "type": "MultiPolygon", "coordinates": [ [ [ [ 14.450321032000033, 50.101873616000034 ], [ 14.450344449000056, 50.10191339000005 ], [ 14.450500687000044, 50.101915499000029 ], [ 14.450476368000068, 50.101876308000044 ], [ 14.450321032000033, 50.101873616000034 ] ] ] ] } },
{ "type": "Feature", "properties": { "objectid": 64788, "zps_id": "5817", "id_poskyt": 38, "shape_area_1": 0.0, "globalid": "{6F2774F9-0E6A-4837-988B-2119354C7D1F}", "shape_Length": 0.00017045047878127385, "shape_Area": 1.6962884771566808e-09 }, "geometry": { "type": "MultiPolygon", "coordinates": [ [ [ [ 14.42828957200004, 50.099878739000076 ], [ 14.428321866000033, 50.099874597000053 ], [ 14.428307747000076, 50.099824086000069 ], [ 14.428275366000037, 50.099827837000078 ], [ 14.428277832000049, 50.099836768000046 ], [ 14.42828957200004, 50.099878739000076 ] ] ] ] } },
{ "type": "Feature", "properties": { "objectid": 64789, "zps_id": "7005", "id_poskyt": 38, "shape_area_1": 0.0, "globalid": "{CF99D89E-9036-4071-9B80-24616EF4172B}", "shape_Length": 0.00017027685979056182, "shape_Area": 1.53295796989042e-09 }, "geometry": { "type": "MultiPolygon", "coordinates": [ [ [ [ 14.420017100000052, 50.08426055700005 ], [ 14.420043580000026, 50.084266477000028 ], [ 14.420071414000063, 50.084216139000034 ], [ 14.42004378300004, 50.084209863000069 ], [ 14.420017100000052, 50.08426055700005 ] ] ] ] } },
{ "type": "Feature", "properties": { "objectid": 64790, "zps_id": "7021", "id_poskyt": 38, "shape_area_1": 0.0, "globalid": "{B741119D-E323-4D68-8DCE-E158437C5332}", "shape_Length": 0.00044015766364114529, "shape_Area": 5.9154630260784254e-09 }, "geometry": { "type": "MultiPolygon", "coordinates": [ [ [ [ 14.430530399000077, 50.090652778000049 ], [ 14.430525906000071, 50.090667926000037 ], [ 14.430691121000052, 50.090717654000059 ], [ 14.430730509000057, 50.090695136000079 ], [ 14.430621992000056, 50.090659 ], [ 14.43059515300007, 50.090653948000067 ], [ 14.430530399000077, 50.090652778000049 ] ] ] ] } },
{ "type": "Feature", "properties": { "objectid": 64791, "zps_id": "12042", "id_poskyt": 38, "shape_area_1": 0.0, "globalid": "{DEB99097-066F-4401-B69C-8F95F1E58C0F}", "shape_Length": 0.0001975623948378787, "shape_Area": 1.6254603784433157e-09 }, "geometry": { "type": "MultiPolygon", "coordinates": [ [ [ [ 14.429608320000057, 50.085775492000039 ], [ 14.429631283000049, 50.085757421000039 ], [ 14.429554579000069, 50.085741032000044 ], [ 14.429543271000057, 50.085761478000052 ], [ 14.429608320000057, 50.085775492000039 ] ] ] ] } },
{ "type": "Feature", "properties": { "objectid": 64792, "zps_id": "7026", "id_poskyt": 38, "shape_area_1": 0.0, "globalid": "{95EE4118-07D7-43A7-BB0B-9EC64E51E093}", "shape_Length": 0.0002723979621767729, "shape_Area": 2.4424277455679343e-09 }, "geometry": { "type": "MultiPolygon", "coordinates": [ [ [ [ 14.418009334000033, 50.088175927000066 ], [ 14.41801663800004, 50.088151552000056 ], [ 14.417898512000022, 50.088181078000048 ], [ 14.417909611000027, 50.088200605000054 ], [ 14.418009334000033, 50.088175927000066 ] ] ] ] } },
{ "type": "Feature", "properties": { "objectid": 64793, "zps_id": "7033", "id_poskyt": 38, "shape_area_1": 0.0, "globalid": "{33AF5623-5810-4AB8-B150-585FA9E48797}", "shape_Length": 0.00030811510763579825, "shape_Area": 3.8405410664917137e-09 }, "geometry": { "type": "MultiPolygon", "coordinates": [ [ [ [ 14.445906764000028, 50.07463888500007 ], [ 14.445910276000063, 50.074512274000028 ], [ 14.445878726000046, 50.074512092000077 ], [ 14.445875586000057, 50.074629352000045 ], [ 14.445906764000028, 50.07463888500007 ] ] ] ] } },
{ "type": "Feature", "properties": { "objectid": 64794, "zps_id": "8301", "id_poskyt": 38, "shape_area_1": 0.0, "globalid": "{81DAF595-CD84-44E4-AFF4-FF118145362E}", "shape_Length": 0.00035900140246611953, "shape_Area": 3.0969432046229198e-09 }, "geometry": { "type": "MultiPolygon", "coordinates": [ [ [ [ 14.395106944000077, 50.105498573000034 ], [ 14.395265833000053, 50.105506663000028 ], [ 14.395269126000073, 50.105487959000072 ], [ 14.395108312000048, 50.105478781000045 ], [ 14.395106944000077, 50.105498573000034 ] ] ] ] } },
{ "type": "Feature", "properties": { "objectid": 64795, "zps_id": "7957", "id_poskyt": 38, "shape_area_1": 0.0, "globalid": "{E10ADBB1-22F0-4BEA-AC17-3CFEEABE665F}", "shape_Length": 0.00017189279050158031, "shape_Area": 1.511450259855801e-09 }, "geometry": { "type": "MultiPolygon", "coordinates": [ [ [ [ 14.345200048000038, 50.086227430000065 ], [ 14.345257778000075, 50.086241113000028 ], [ 14.345271275000073, 50.086219198000038 ], [ 14.345214002000034, 50.086203732000058 ], [ 14.345200048000038, 50.086227430000065 ] ] ] ] } },
{ "type": "Feature", "properties": { "objectid": 64796, "zps_id": "9119", "id_poskyt": 38, "shape_area_1": 0.0, "globalid": "{8A1AA99D-B30C-49FD-AF1D-441677D3B41E}", "shape_Length": 0.00033640981393726001, "shape_Area": 2.8985405571333446e-09 }, "geometry": { "type": "MultiPolygon", "coordinates": [ [ [ [ 14.348470915000064, 50.087806056000034 ], [ 14.348613664000027, 50.087843238000062 ], [ 14.348624576000077, 50.087825068000029 ], [ 14.348481069000059, 50.087789106000059 ], [ 14.348470915000064, 50.087806056000034 ] ] ] ] } },
{ "type": "Feature", "properties": { "objectid": 64797, "zps_id": "7968", "id_poskyt": 38, "shape_area_1": 0.0, "globalid": "{0CF25B46-40BC-4D86-9BC6-CC3036541FA6}", "shape_Length": 0.00036663704224523542, "shape_Area": 3.1751363245153751e-09 }, "geometry": { "type": "MultiPolygon", "coordinates": [ [ [ [ 14.363903392000054, 50.083826858000066 ], [ 14.364064813000027, 50.083847920000039 ], [ 14.364071391000039, 50.083829463000029 ], [ 14.363908388000027, 50.083807695000075 ], [ 14.363903392000054, 50.083826858000066 ] ] ] ] } },
{ "type": "Feature", "properties": { "objectid": 64798, "zps_id": "7656", "id_poskyt": 38, "shape_area_1": 0.0, "globalid": "{1E66661C-736C-4514-A7C0-0D3989A44D0C}", "shape_Length": 0.00021364463974820756, "shape_Area": 1.9314751772420984e-09 }, "geometry": { "type": "MultiPolygon", "coordinates": [ [ [ [ 14.35913127200007, 50.083143082000049 ], [ 14.359212477000028, 50.083154964000073 ], [ 14.359221537000053, 50.083132998000053 ], [ 14.359138399000074, 50.083120444000031 ], [ 14.35913127200007, 50.083143082000049 ] ] ] ] } },
{ "type": "Feature", "properties": { "objectid": 64799, "zps_id": "7810", "id_poskyt": 38, "shape_area_1": 0.0, "globalid": "{7C6A9F06-3B28-4861-9FDE-1A01AA575866}", "shape_Length": 0.00023362119296076563, "shape_Area": 3.2861294575031754e-09 }, "geometry": { "type": "MultiPolygon", "coordinates": [ [ [ [ 14.346213504000048, 50.084873340000058 ], [ 14.346272010000064, 50.084885177000046 ], [ 14.346296641000038, 50.084843803000069 ], [ 14.346221996000054, 50.084825471000045 ], [ 14.346214881000037, 50.084850126000049 ], [ 14.346213504000048, 50.084873340000058 ] ] ] ] } },
{ "type": "Feature", "properties": { "objectid": 64800, "zps_id": "11974", "id_poskyt": 38, "shape_area_1": 0.0, "globalid": "{07E76503-EC7D-4424-B50B-0AA09CAB1EAC}", "shape_Length": 0.00026995878407749097, "shape_Area": 2.8509693175677883e-09 }, "geometry": { "type": "MultiPolygon", "coordinates": [ [ [ [ 14.346836554000049, 50.089025274000051 ], [ 14.346893402000035, 50.08893482600007 ], [ 14.346866200000022, 50.088927234000039 ], [ 14.346809880000023, 50.089018701000043 ], [ 14.346836554000049, 50.089025274000051 ] ] ] ] } },
{ "type": "Feature", "properties": { "objectid": 64801, "zps_id": "7835", "id_poskyt": 38, "shape_area_1": 0.0, "globalid": "{FE66F422-C2AE-4819-B42C-D2E25E4E587E}", "shape_Length": 0.00039081768472755478, "shape_Area": 3.118621646665447e-09 }, "geometry": { "type": "MultiPolygon", "coordinates": [ [ [ [ 14.383696221000037, 50.088052026000071 ], [ 14.383872619000044, 50.088071867000053 ], [ 14.38387728500004, 50.088054656000054 ], [ 14.383700555000075, 50.088034920000041 ], [ 14.383696221000037, 50.088052026000071 ] ] ] ] } },
{ "type": "Feature", "properties": { "objectid": 64802, "zps_id": "7942", "id_poskyt": 38, "shape_area_1": 0.0, "globalid": "{E2DBACA5-3FA0-4957-A3E8-A385CA5C3A7C}", "shape_Length": 0.00036961923837332543, "shape_Area": 3.1636896509994043e-09 }, "geometry": { "type": "MultiPolygon", "coordinates": [ [ [ [ 14.376581277000071, 50.08462004200004 ], [ 14.376743637000061, 50.084646536000037 ], [ 14.376751805000026, 50.084628210000062 ], [ 14.376588175000052, 50.084601985000063 ], [ 14.376581277000071, 50.08462004200004 ] ] ] ] } },
{ "type": "Feature", "properties": { "objectid": 64803, "zps_id": "7842", "id_poskyt": 38, "shape_area_1": 0.0, "globalid": "{38800497-77E9-4CCD-9D85-1B0AF1847493}", "shape_Length": 0.00033121986306859695, "shape_Area": 2.8211383129799407e-09 }, "geometry": { "type": "MultiPolygon", "coordinates": [ [ [ [ 14.373835437000025, 50.084339120000038 ], [ 14.373843650000026, 50.084320854000055 ], [ 14.373700005000046, 50.084295631000032 ], [ 14.373692151000057, 50.084313867000049 ], [ 14.373835437000025, 50.084339120000038 ] ] ] ] } },
{ "type": "Feature", "properties": { "objectid": 64804, "zps_id": "7845", "id_poskyt": 38, "shape_area_1": 0.0, "globalid": "{9077355B-B69B-4026-86CE-0C455714FA2D}", "shape_Length": 0.00038509311352256167, "shape_Area": 3.2720002408401166e-09 }, "geometry": { "type": "MultiPolygon", "coordinates": [ [ [ [ 14.369337342000051, 50.085698186000059 ], [ 14.369509377000043, 50.085676265000075 ], [ 14.36950300500007, 50.085658070000079 ], [ 14.369331272000068, 50.08567989200003 ], [ 14.369337342000051, 50.085698186000059 ] ] ] ] } },
{ "type": "Feature", "properties": { "objectid": 64805, "zps_id": "8987", "id_poskyt": 38, "shape_area_1": 0.0, "globalid": "{6ACF81C8-E3AE-4546-A5A3-CCD7E2CD484C}", "shape_Length": 0.00034094563429987385, "shape_Area": 2.9251640344365959e-09 }, "geometry": { "type": "MultiPolygon", "coordinates": [ [ [ [ 14.374911093000037, 50.084345645000042 ], [ 14.375058502000059, 50.08437232600005 ], [ 14.375067520000073, 50.084354049000069 ], [ 14.374918971000056, 50.08432743000003 ], [ 14.374911093000037, 50.084345645000042 ] ] ] ] } },
{ "type": "Feature", "properties": { "objectid": 64806, "zps_id": "7923", "id_poskyt": 38, "shape_area_1": 0.0, "globalid": "{C5D89110-47BB-44D0-A649-7602307B5E77}", "shape_Length": 0.0004782800967136901, "shape_Area": 4.3242447104282674e-09 }, "geometry": { "type": "MultiPolygon", "coordinates": [ [ [ [ 14.369472719000044, 50.083899148000057 ], [ 14.369691774000046, 50.083890316000065 ], [ 14.369689176000065, 50.083870178000041 ], [ 14.369469954000067, 50.083880049000072 ], [ 14.369472719000044, 50.083899148000057 ] ] ] ] } },
{ "type": "Feature", "properties": { "objectid": 64807, "zps_id": "7954", "id_poskyt": 38, "shape_area_1": 0.0, "globalid": "{2D553F51-2522-4283-87F4-24F26515217A}", "shape_Length": 0.00039686133926881073, "shape_Area": 3.4669951363745517e-09 }, "geometry": { "type": "MultiPolygon", "coordinates": [ [ [ [ 14.378404139000054, 50.085093435000033 ], [ 14.378580793000026, 50.085121042000026 ], [ 14.378587913000047, 50.085103123000067 ], [ 14.378412063000042, 50.085074416000054 ], [ 14.378404139000054, 50.085093435000033 ] ] ] ] } },
{ "type": "Feature", "properties": { "objectid": 64808, "zps_id": "7656", "id_poskyt": 38, "shape_area_1": 0.0, "globalid": "{19CD9BA5-980A-408B-89D0-80450633A782}", "shape_Length": 0.00021394062394105589, "shape_Area": 1.9598885740459488e-09 }, "geometry": { "type": "MultiPolygon", "coordinates": [ [ [ [ 14.358982063000042, 50.08312165600006 ], [ 14.359063632000073, 50.083133571000076 ], [ 14.359072180000055, 50.083110631000068 ], [ 14.358989793000035, 50.083099108000056 ], [ 14.358982063000042, 50.08312165600006 ] ] ] ] } },
{ "type": "Feature", "properties": { "objectid": 64809, "zps_id": "11992", "id_poskyt": 38, "shape_area_1": 0.0, "globalid": "{E2ADEAB8-67F2-4993-9090-CCD5416AED8A}", "shape_Length": 0.00024785715525241155, "shape_Area": 3.3751088604060558e-09 }, "geometry": { "type": "MultiPolygon", "coordinates": [ [ [ [ 14.372489061000067, 50.083887268000069 ], [ 14.372571268000058, 50.083895753000036 ], [ 14.372582264000073, 50.083855886000038 ], [ 14.372500729000024, 50.083847079000066 ], [ 14.372489061000067, 50.083887268000069 ] ] ] ] } },
{ "type": "Feature", "properties": { "objectid": 64810, "zps_id": "7956", "id_poskyt": 38, "shape_area_1": 0.0, "globalid": "{4556EB12-F62C-468B-B772-B69D4A1F68E7}", "shape_Length": 0.00037562102966074622, "shape_Area": 3.302328861897702e-09 }, "geometry": { "type": "MultiPolygon", "coordinates": [ [ [ [ 14.368933479000077, 50.084105814000054 ], [ 14.368931234000058, 50.084086261000039 ], [ 14.368763131000037, 50.08409365600005 ], [ 14.368765698000061, 50.084113218000027 ], [ 14.368933479000077, 50.084105814000054 ] ] ] ] } },
{ "type": "Feature", "properties": { "objectid": 64811, "zps_id": "7970", "id_poskyt": 38, "shape_area_1": 0.0, "globalid": "{E93CC487-7893-4066-9DD9-E9DD75193A4C}", "shape_Length": 0.00017410873652729772, "shape_Area": 1.2972890097155168e-09 }, "geometry": { "type": "MultiPolygon", "coordinates": [ [ [ [ 14.364439013000037, 50.083901465000054 ], [ 14.364505442000052, 50.083911046000026 ], [ 14.36451235100003, 50.083892490000039 ], [ 14.36444530600005, 50.08388302700007 ], [ 14.364439013000037, 50.083901465000054 ] ] ] ] } },
{ "type": "Feature", "properties": { "objectid": 64812, "zps_id": "8963", "id_poskyt": 38, "shape_area_1": 0.0, "globalid": "{CB42D07F-E253-4BED-9B9E-DC0EA15D1921}", "shape_Length": 0.00032178674448951053, "shape_Area": 2.6773430516849209e-09 }, "geometry": { "type": "MultiPolygon", "coordinates": [ [ [ [ 14.366423986000029, 50.084002875000067 ], [ 14.366565232000028, 50.084003739000082 ], [ 14.366566128000045, 50.083985538000036 ], [ 14.366423341000029, 50.08398337400007 ], [ 14.366423986000029, 50.084002875000067 ] ] ] ] } },
{ "type": "Feature", "properties": { "objectid": 64813, "zps_id": "8782", "id_poskyt": 38, "shape_area_1": 0.0, "globalid": "{C8FD0ACC-A7D2-49CF-8412-832464C41821}", "shape_Length": 0.0003281935878730468, "shape_Area": 2.5705218302215914e-09 }, "geometry": { "type": "MultiPolygon", "coordinates": [ [ [ [ 14.357700312000077, 50.098454008000033 ], [ 14.357708420000051, 50.098437258000047 ], [ 14.357564058000037, 50.098412508000081 ], [ 14.357557177000047, 50.098428924000075 ], [ 14.357700312000077, 50.098454008000033 ] ] ] ] } },
{ "type": "Feature", "properties": { "objectid": 64814, "zps_id": "8618", "id_poskyt": 38, "shape_area_1": 0.0, "globalid": "{0BA13C13-0B8B-47C3-B02C-1F144FC990F1}", "shape_Length": 0.00019615217885683467, "shape_Area": 1.6987003300613399e-09 }, "geometry": { "type": "MultiPolygon", "coordinates": [ [ [ [ 14.394134245000032, 50.107100477000074 ], [ 14.394209571000033, 50.107101897000064 ], [ 14.394210875000056, 50.107079433000081 ], [ 14.394135038000059, 50.107078030000082 ], [ 14.394134245000032, 50.107100477000074 ] ] ] ] } },
{ "type": "Feature", "properties": { "objectid": 64815, "zps_id": "8250", "id_poskyt": 38, "shape_area_1": 0.0, "globalid": "{19FE7F0D-848C-4C34-A8FF-B5E4EBCB151D}", "shape_Length": 0.00038742544910166812, "shape_Area": 3.3084320515486498e-09 }, "geometry": { "type": "MultiPolygon", "coordinates": [ [ [ [ 14.404593330000068, 50.097117104000063 ], [ 14.404765086000054, 50.097150085000067 ], [ 14.404772756000057, 50.097131080000054 ], [ 14.404602272000034, 50.09710052500003 ], [ 14.404593330000068, 50.097117104000063 ] ] ] ] } },
{ "type": "Feature", "properties": { "objectid": 64816, "zps_id": "7683", "id_poskyt": 38, "shape_area_1": 0.0, "globalid": "{6CC1F4D3-20AD-4A61-97F4-BB325E25FC89}", "shape_Length": 0.00047483700609336044, "shape_Area": 4.3113381104752068e-09 }, "geometry": { "type": "MultiPolygon", "coordinates": [ [ [ [ 14.403646924000043, 50.099144355000078 ], [ 14.403861982000024, 50.099175206000041 ], [ 14.403868394000028, 50.099156477000065 ], [ 14.403653499000029, 50.099124861000064 ], [ 14.403646924000043, 50.099144355000078 ] ] ] ] } },
{ "type": "Feature", "properties": { "objectid": 64817, "zps_id": "8642", "id_poskyt": 38, "shape_area_1": 0.0, "globalid": "{33FF5D13-FCE6-44E1-8E08-FC114C7EE270}", "shape_Length": 0.00040223503806374749, "shape_Area": 3.5888365616141947e-09 }, "geometry": { "type": "MultiPolygon", "coordinates": [ [ [ [ 14.388283254000044, 50.100356333000036 ], [ 14.388286825000023, 50.100335094000059 ], [ 14.388127987000075, 50.100327106000066 ], [ 14.388097600000037, 50.100328909000041 ], [ 14.38812666900003, 50.100347248000048 ], [ 14.388283254000044, 50.100356333000036 ] ] ] ] } },
{ "type": "Feature", "properties": { "objectid": 64818, "zps_id": "8524", "id_poskyt": 38, "shape_area_1": 0.0, "globalid": "{5B3B7055-3401-4FE5-A0C5-99E8D205655F}", "shape_Length": 0.00031054316348994861, "shape_Area": 3.5412540114960726e-09 }, "geometry": { "type": "MultiPolygon", "coordinates": [ [ [ [ 14.396638768000059, 50.100227854000082 ], [ 14.396660702000077, 50.100215133000063 ], [ 14.396560345000069, 50.100141060000055 ], [ 14.396534209000038, 50.100157383000067 ], [ 14.396634367000047, 50.100230938000038 ], [ 14.396638768000059, 50.100227854000082 ] ] ] ] } },
{ "type": "Feature", "properties": { "objectid": 64819, "zps_id": "8531", "id_poskyt": 38, "shape_area_1": 0.0, "globalid": "{9D56B861-7D1D-4A45-8173-CA2EE594ED59}", "shape_Length": 0.00032441930283246239, "shape_Area": 3.1324728431091385e-09 }, "geometry": { "type": "MultiPolygon", "coordinates": [ [ [ [ 14.39772623600004, 50.100788127000044 ], [ 14.397865481000053, 50.100794897000071 ], [ 14.397869015000026, 50.100772821000078 ], [ 14.397729254000069, 50.10076562200004 ], [ 14.39772623600004, 50.100788127000044 ] ] ] ] } },
{ "type": "Feature", "properties": { "objectid": 64820, "zps_id": "7726", "id_poskyt": 38, "shape_area_1": 0.0, "globalid": "{590D776F-6627-4489-B268-2A2D999D1C47}", "shape_Length": 0.00033953045144218018, "shape_Area": 2.9460376281001745e-09 }, "geometry": { "type": "MultiPolygon", "coordinates": [ [ [ [ 14.402163764000022, 50.09892964200003 ], [ 14.402311599000029, 50.098951283000076 ], [ 14.402318607000041, 50.098932600000069 ], [ 14.402170258000069, 50.098910531000058 ], [ 14.402163764000022, 50.09892964200003 ] ] ] ] } },
{ "type": "Feature", "properties": { "objectid": 64821, "zps_id": "8515", "id_poskyt": 38, "shape_area_1": 0.0, "globalid": "{4D5F38A0-548F-44E7-829B-FBECE4382C37}", "shape_Length": 0.0002958617063489842, "shape_Area": 4.86173572642761e-09 }, "geometry": { "type": "MultiPolygon", "coordinates": [ [ [ [ 14.400062658000024, 50.098450243000059 ], [ 14.400081387000057, 50.09852525000008 ], [ 14.40014844600006, 50.09854277900007 ], [ 14.400132316000054, 50.09846684200005 ], [ 14.400062658000024, 50.098450243000059 ] ] ] ] } },
{ "type": "Feature", "properties": { "objectid": 64822, "zps_id": "8251", "id_poskyt": 38, "shape_area_1": 0.0, "globalid": "{F5A6232E-B9FC-41E4-9439-2A69372823B9}", "shape_Length": 0.00030375152964763662, "shape_Area": 2.6328902831050152e-09 }, "geometry": { "type": "MultiPolygon", "coordinates": [ [ [ [ 14.402648293000027, 50.096708758000034 ], [ 14.402773508000053, 50.096746110000026 ], [ 14.402785807000043, 50.096727896000061 ], [ 14.402660264000076, 50.096692057000041 ], [ 14.402648293000027, 50.096708758000034 ] ] ] ] } },
{ "type": "Feature", "properties": { "objectid": 64823, "zps_id": "9009", "id_poskyt": 38, "shape_area_1": 0.0, "globalid": "{34B2D30F-F8C7-41A5-88C8-16D69A5E68C1}", "shape_Length": 0.00017600651554676238, "shape_Area": 1.8311952563716724e-09 }, "geometry": { "type": "MultiPolygon", "coordinates": [ [ [ [ 14.403150197000059, 50.096839353000064 ], [ 14.403188172000057, 50.096846959000061 ], [ 14.403211210000052, 50.096803840000064 ], [ 14.403174061000072, 50.096795146000034 ], [ 14.403150197000059, 50.096839353000064 ] ] ] ] } },
{ "type": "Feature", "properties": { "objectid": 64824, "zps_id": "11941", "id_poskyt": 38, "shape_area_1": 0.0, "globalid": "{E110C929-E3A1-4B19-80EA-05AF6FE5DD9A}", "shape_Length": 0.00039924307560919992, "shape_Area": 4.7575494310789447e-09 }, "geometry": { "type": "MultiPolygon", "coordinates": [ [ [ [ 14.399616223000066, 50.098624434000044 ], [ 14.399752182000043, 50.09865854800006 ], [ 14.399807802000055, 50.098638478000055 ], [ 14.39967428600005, 50.098603171000036 ], [ 14.399616223000066, 50.098624434000044 ] ] ] ] } },
{ "type": "Feature", "properties": { "objectid": 64825, "zps_id": "7765", "id_poskyt": 38, "shape_area_1": 0.0, "globalid": "{E6ED18A2-F4F1-4413-9633-419F49A3E577}", "shape_Length": 0.00026578313116834454, "shape_Area": 4.2936291401982244e-09 }, "geometry": { "type": "MultiPolygon", "coordinates": [ [ [ [ 14.402498148000063, 50.100608309000052 ], [ 14.402558787000032, 50.100599791000036 ], [ 14.402534221000053, 50.100532373000078 ], [ 14.402473504000056, 50.100541265000061 ], [ 14.402498148000063, 50.100608309000052 ] ] ] ] } },
{ "type": "Feature", "properties": { "objectid": 64826, "zps_id": "8596", "id_poskyt": 38, "shape_area_1": 0.0, "globalid": "{1A407439-5F18-4396-BAE8-AE6CBC6E2893}", "shape_Length": 0.0002940643421428579, "shape_Area": 3.2455907823219567e-09 }, "geometry": { "type": "MultiPolygon", "coordinates": [ [ [ [ 14.400569034000057, 50.102257030000033 ], [ 14.400596488000076, 50.102264293000076 ], [ 14.400657481000053, 50.102162321000037 ], [ 14.400629403000039, 50.102155657000026 ], [ 14.400569034000057, 50.102257030000033 ] ] ] ] } },
{ "type": "Feature", "properties": { "objectid": 64827, "zps_id": "8695", "id_poskyt": 38, "shape_area_1": 0.0, "globalid": "{4F54E528-D0A3-440B-8BC6-C1CD6CE92997}", "shape_Length": 0.00023605945900000567, "shape_Area": 3.201738420610557e-09 }, "geometry": { "type": "MultiPolygon", "coordinates": [ [ [ [ 14.39891850600003, 50.102248397000039 ], [ 14.398987437000073, 50.102265122000063 ], [ 14.399011225000038, 50.102224129000035 ], [ 14.398942727000076, 50.102207761000045 ], [ 14.39891850600003, 50.102248397000039 ] ] ] ] } },
{ "type": "Feature", "properties": { "objectid": 64828, "zps_id": "8638", "id_poskyt": 38, "shape_area_1": 0.0, "globalid": "{4012ED9F-4EA8-41B9-B998-3F360AF1C611}", "shape_Length": 0.0005466447496671813, "shape_Area": 5.6354871056707072e-09 }, "geometry": { "type": "MultiPolygon", "coordinates": [ [ [ [ 14.387500334000038, 50.105772676000072 ], [ 14.387718006000057, 50.105652755000051 ], [ 14.387697580000065, 50.105638390000081 ], [ 14.387480157000027, 50.105757542000049 ], [ 14.387500334000038, 50.105772676000072 ] ] ] ] } },
{ "type": "Feature", "properties": { "objectid": 64829, "zps_id": "8023", "id_poskyt": 38, "shape_area_1": 0.0, "globalid": "{F6F06915-1915-449F-B422-29553579446A}", "shape_Length": 0.00023191622383687759, "shape_Area": 3.0205306548556957e-09 }, "geometry": { "type": "MultiPolygon", "coordinates": [ [ [ [ 14.380799829000068, 50.09889911700003 ], [ 14.380877035000026, 50.098902892000069 ], [ 14.38088130400007, 50.098863508000079 ], [ 14.380806517000053, 50.098859566000044 ], [ 14.380799829000068, 50.09889911700003 ] ] ] ] } },
{ "type": "Feature", "properties": { "objectid": 64830, "zps_id": "8566", "id_poskyt": 38, "shape_area_1": 0.0, "globalid": "{0CE06B2C-E122-4BB3-B601-72747228E1F3}", "shape_Length": 0.00027883281084811089, "shape_Area": 2.9676942118265699e-09 }, "geometry": { "type": "MultiPolygon", "coordinates": [ [ [ [ 14.402230026000041, 50.102712405000034 ], [ 14.402257190000057, 50.102718590000052 ], [ 14.402314288000071, 50.102623379000079 ], [ 14.402287600000022, 50.102616021000074 ], [ 14.402230026000041, 50.102712405000034 ] ] ] ] } },
{ "type": "Feature", "properties": { "objectid": 64831, "zps_id": "9127", "id_poskyt": 38, "shape_area_1": 0.0, "globalid": "{116ECF2B-F74E-454D-984A-0346C0E0D64E}", "shape_Length": 0.00039678981239125966, "shape_Area": 4.8379523361602275e-09 }, "geometry": { "type": "MultiPolygon", "coordinates": [ [ [ [ 14.402924218000067, 50.104884904000073 ], [ 14.40295334700005, 50.104891344000066 ], [ 14.403039713000055, 50.104747484000029 ], [ 14.403010356000038, 50.104739735000067 ], [ 14.402924218000067, 50.104884904000073 ] ] ] ] } },
{ "type": "Feature", "properties": { "objectid": 64832, "zps_id": "8320", "id_poskyt": 38, "shape_area_1": 0.0, "globalid": "{F8A35164-A43A-4338-95A0-A7C9B5E0E87C}", "shape_Length": 0.00024267041406257975, "shape_Area": 3.6219240356594252e-09 }, "geometry": { "type": "MultiPolygon", "coordinates": [ [ [ [ 14.39096594800003, 50.108543317000056 ], [ 14.391033173000039, 50.10854493800008 ], [ 14.391036862000021, 50.108491578000041 ], [ 14.390967787000022, 50.10849049400008 ], [ 14.39096594800003, 50.108543317000056 ] ] ] ] } },
{ "type": "Feature", "properties": { "objectid": 64833, "zps_id": "8621", "id_poskyt": 38, "shape_area_1": 0.0, "globalid": "{E0CD22B4-9484-412B-882E-174CEB2BC8D6}", "shape_Length": 0.00026138774769557209, "shape_Area": 2.9806952620285126e-09 }, "geometry": { "type": "MultiPolygon", "coordinates": [ [ [ [ 14.395287836000023, 50.103205934000073 ], [ 14.395317861000024, 50.103206928000077 ], [ 14.395329837000077, 50.103106818000072 ], [ 14.395300758000076, 50.103105354000036 ], [ 14.395287836000023, 50.103205934000073 ] ] ] ] } },
{ "type": "Feature", "properties": { "objectid": 64834, "zps_id": "8283", "id_poskyt": 38, "shape_area_1": 0.0, "globalid": "{6E033FEA-C028-4E85-88C0-194D46BE0AED}", "shape_Length": 0.00029953445425755102, "shape_Area": 3.6463605005940546e-09 }, "geometry": { "type": "MultiPolygon", "coordinates": [ [ [ [ 14.397866222000061, 50.106782390000035 ], [ 14.397959588000049, 50.106804632000035 ], [ 14.398005657000056, 50.106777559000079 ], [ 14.397916065000061, 50.106753838000031 ], [ 14.397866222000061, 50.106782390000035 ] ] ] ] } },
{ "type": "Feature", "properties": { "objectid": 64835, "zps_id": "8131", "id_poskyt": 38, "shape_area_1": 0.0, "globalid": "{E6AB76D4-F6C8-480E-8789-C1A62319DC79}", "shape_Length": 0.0002086076158712246, "shape_Area": 1.6708568876459231e-09 }, "geometry": { "type": "MultiPolygon", "coordinates": [ [ [ [ 14.393576850000045, 50.110368741000059 ], [ 14.393661580000071, 50.110372193000046 ], [ 14.393663657000047, 50.110352454000065 ], [ 14.393579629000044, 50.110349073000066 ], [ 14.393576850000045, 50.110368741000059 ] ] ] ] } },
{ "type": "Feature", "properties": { "objectid": 64836, "zps_id": "8236", "id_poskyt": 38, "shape_area_1": 0.0, "globalid": "{208B4102-1AA9-40CD-AA49-1F5BCCC313C6}", "shape_Length": 0.00030586876511455547, "shape_Area": 3.021641331895507e-09 }, "geometry": { "type": "MultiPolygon", "coordinates": [ [ [ [ 14.397118593000073, 50.099426108000046 ], [ 14.397142259000077, 50.099413730000038 ], [ 14.397040461000074, 50.099337761000072 ], [ 14.397017729000027, 50.099350266000044 ], [ 14.397118593000073, 50.099426108000046 ] ] ] ] } },
{ "type": "Feature", "properties": { "objectid": 64837, "zps_id": "8524", "id_poskyt": 38, "shape_area_1": 0.0, "globalid": "{510D6D58-BA16-4A2C-B572-377E1D7B6BE7}", "shape_Length": 0.00024954157651251805, "shape_Area": 2.6377259614647734e-09 }, "geometry": { "type": "MultiPolygon", "coordinates": [ [ [ [ 14.396915616000058, 50.100442030000067 ], [ 14.396942849000027, 50.100426974000072 ], [ 14.396868007000023, 50.100370514000076 ], [ 14.396840956000062, 50.100384723000047 ], [ 14.396915616000058, 50.100442030000067 ] ] ] ] } },
{ "type": "Feature", "properties": { "objectid": 64838, "zps_id": "8239", "id_poskyt": 38, "shape_area_1": 0.0, "globalid": "{E9F7C7B6-3E2D-484C-A31D-DCC9790FC702}", "shape_Length": 0.0002435809979745239, "shape_Area": 2.2010796509138389e-09 }, "geometry": { "type": "MultiPolygon", "coordinates": [ [ [ [ 14.398005061000049, 50.098616238000034 ], [ 14.398025971000038, 50.098606048000079 ], [ 14.39795487400005, 50.098540482000033 ], [ 14.397931652000068, 50.098551391000058 ], [ 14.398005061000049, 50.098616238000034 ] ] ] ] } },
{ "type": "Feature", "properties": { "objectid": 64839, "zps_id": "8218", "id_poskyt": 38, "shape_area_1": 0.0, "globalid": "{A4A00B0B-4C28-458E-AB14-BB8F1AF59A57}", "shape_Length": 0.00029614875156738437, "shape_Area": 2.3105659344697491e-09 }, "geometry": { "type": "MultiPolygon", "coordinates": [ [ [ [ 14.396280154000067, 50.098168147000081 ], [ 14.396279012000036, 50.098149983000042 ], [ 14.39614369800006, 50.098156428000038 ], [ 14.396168122000063, 50.098174325000059 ], [ 14.396280154000067, 50.098168147000081 ] ] ] ] } },
{ "type": "Feature", "properties": { "objectid": 64840, "zps_id": "8314", "id_poskyt": 38, "shape_area_1": 0.0, "globalid": "{6B562B74-79AC-4448-8817-0FD9278E830B}", "shape_Length": 0.00037644620941213467, "shape_Area": 3.2000846079518429e-09 }, "geometry": { "type": "MultiPolygon", "coordinates": [ [ [ [ 14.394295928000076, 50.105815200000052 ], [ 14.394465008000054, 50.105823359000055 ], [ 14.394467195000061, 50.105804539000076 ], [ 14.394298118000052, 50.105796378000036 ], [ 14.394295928000076, 50.105815200000052 ] ] ] ] } },
{ "type": "Feature", "properties": { "objectid": 64841, "zps_id": "11935", "id_poskyt": 38, "shape_area_1": 0.0, "globalid": "{12E75AC3-845B-48BB-A812-BE28DCEFB44B}", "shape_Length": 0.00024860717827239725, "shape_Area": 2.722733244126183e-09 }, "geometry": { "type": "MultiPolygon", "coordinates": [ [ [ [ 14.406970601000069, 50.102495131000069 ], [ 14.406999216000031, 50.10249804700004 ], [ 14.407024694000029, 50.102406259000077 ], [ 14.40699578400006, 50.102403017000029 ], [ 14.406970601000069, 50.102495131000069 ] ] ] ] } },
{ "type": "Feature", "properties": { "objectid": 64842, "zps_id": "8379", "id_poskyt": 38, "shape_area_1": 0.0, "globalid": "{FC1DD08D-0DEB-454B-A98C-0A3309F7F74C}", "shape_Length": 0.00034430964198804573, "shape_Area": 4.003960993768299e-09 }, "geometry": { "type": "MultiPolygon", "coordinates": [ [ [ [ 14.352782159000071, 50.095086312000035 ], [ 14.35272337400005, 50.09521774600006 ], [ 14.352752184000053, 50.095221430000038 ], [ 14.352810615000067, 50.095091644000036 ], [ 14.352782159000071, 50.095086312000035 ] ] ] ] } },
{ "type": "Feature", "properties": { "objectid": 64843, "zps_id": "7994", "id_poskyt": 38, "shape_area_1": 0.0, "globalid": "{D3828404-60CA-4C3A-AE11-22E23EC297EF}", "shape_Length": 0.00021567869343396313, "shape_Area": 2.3435125481798357e-09 }, "geometry": { "type": "MultiPolygon", "coordinates": [ [ [ [ 14.398186493000026, 50.103823792000071 ], [ 14.398259909000046, 50.103839816000061 ], [ 14.398276400000043, 50.103812136000045 ], [ 14.398203548000026, 50.103794991000029 ], [ 14.398186493000026, 50.103823792000071 ] ] ] ] } },
{ "type": "Feature", "properties": { "objectid": 64844, "zps_id": "7994", "id_poskyt": 38, "shape_area_1": 0.0, "globalid": "{2FE41F31-59F4-4C96-9B11-9D34E172C4DA}", "shape_Length": 0.00021082659607610669, "shape_Area": 2.1699904815860365e-09 }, "geometry": { "type": "MultiPolygon", "coordinates": [ [ [ [ 14.398151263000045, 50.103883047000068 ], [ 14.39822425400007, 50.103899671000079 ], [ 14.398239953000029, 50.10387331700008 ], [ 14.398166644000071, 50.103857057000027 ], [ 14.398151263000045, 50.103883047000068 ] ] ] ] } },
{ "type": "Feature", "properties": { "objectid": 64845, "zps_id": "8057", "id_poskyt": 38, "shape_area_1": 0.0, "globalid": "{EB8DB905-3E59-47FA-9E50-46CD2777138C}", "shape_Length": 0.00025618025329788538, "shape_Area": 2.8242115887805397e-09 }, "geometry": { "type": "MultiPolygon", "coordinates": [ [ [ [ 14.346611645000053, 50.096539354000072 ], [ 14.346581558000025, 50.096635157000037 ], [ 14.346611364000069, 50.096638287000076 ], [ 14.346638910000024, 50.096544117000064 ], [ 14.346611645000053, 50.096539354000072 ] ] ] ] } },
{ "type": "Feature", "properties": { "objectid": 64846, "zps_id": "9068", "id_poskyt": 38, "shape_area_1": 0.0, "globalid": "{6A435A41-5D79-4516-8D16-D48CE37F65FA}", "shape_Length": 0.0002215690393386297, "shape_Area": 1.9517429505085244e-09 }, "geometry": { "type": "MultiPolygon", "coordinates": [ [ [ [ 14.393450986000062, 50.106930883000075 ], [ 14.393539137000062, 50.106932316000041 ], [ 14.393540881000035, 50.106910369000047 ], [ 14.393451500000026, 50.106908892000035 ], [ 14.393450986000062, 50.106930883000075 ] ] ] ] } },
{ "type": "Feature", "properties": { "objectid": 64847, "zps_id": "8529", "id_poskyt": 38, "shape_area_1": 0.0, "globalid": "{29177534-3F2B-4E84-8BD4-B4AA5E9E4885}", "shape_Length": 0.00016697795367685186, "shape_Area": 1.4059293793697734e-09 }, "geometry": { "type": "MultiPolygon", "coordinates": [ [ [ [ 14.397720460000073, 50.101299242000039 ], [ 14.397733234000043, 50.10127757500004 ], [ 14.397676923000063, 50.101263930000073 ], [ 14.397663678000072, 50.101285745000041 ], [ 14.397720460000073, 50.101299242000039 ] ] ] ] } },
{ "type": "Feature", "properties": { "objectid": 64848, "zps_id": "8119", "id_poskyt": 38, "shape_area_1": 0.0, "globalid": "{DC9253ED-3B61-4DA2-AC5B-2CA8FCC1B8A1}", "shape_Length": 0.00029520685747405536, "shape_Area": 5.6153453605896161e-09 }, "geometry": { "type": "MultiPolygon", "coordinates": [ [ [ [ 14.402686237000069, 50.109481225000081 ], [ 14.402711439000029, 50.109542210000029 ], [ 14.402735964000044, 50.109564351000074 ], [ 14.402745178000032, 50.109559287000081 ], [ 14.402781490000052, 50.10951913100007 ], [ 14.402732436000065, 50.109456841000053 ], [ 14.402686237000069, 50.109481225000081 ] ] ] ] } },
{ "type": "Feature", "properties": { "objectid": 64849, "zps_id": "8924", "id_poskyt": 38, "shape_area_1": 0.0, "globalid": "{5650EFDA-440E-4167-A1A7-FE5271C429A8}", "shape_Length": 0.00027439295963226898, "shape_Area": 2.9350319675860176e-09 }, "geometry": { "type": "MultiPolygon", "coordinates": [ [ [ [ 14.367164665000075, 50.097926181000048 ], [ 14.367192107000051, 50.097932489000073 ], [ 14.367247977000034, 50.097839297000064 ], [ 14.367220683000028, 50.097832229000062 ], [ 14.367164665000075, 50.097926181000048 ] ] ] ] } },
{ "type": "Feature", "properties": { "objectid": 64850, "zps_id": "8906", "id_poskyt": 38, "shape_area_1": 0.0, "globalid": "{A39068E4-9BFF-43E3-A98E-BB2143751FCE}", "shape_Length": 0.00027032843221878015, "shape_Area": 3.4141396600845934e-09 }, "geometry": { "type": "MultiPolygon", "coordinates": [ [ [ [ 14.394229050000035, 50.108588464000036 ], [ 14.394262136000066, 50.10859140000008 ], [ 14.394285024000055, 50.108492811000076 ], [ 14.394250248000048, 50.108489725000027 ], [ 14.394229050000035, 50.108588464000036 ] ] ] ] } },
{ "type": "Feature", "properties": { "objectid": 64851, "zps_id": "8066", "id_poskyt": 38, "shape_area_1": 0.0, "globalid": "{092678A2-7EC4-4B26-9F3D-C3794E19FA25}", "shape_Length": 0.00022524068550219722, "shape_Area": 1.6715580120881078e-09 }, "geometry": { "type": "MultiPolygon", "coordinates": [ [ [ [ 14.361204504000057, 50.096607124000059 ], [ 14.361295425000037, 50.09662957200004 ], [ 14.361305700000059, 50.096613758000046 ], [ 14.361214472000029, 50.096591229000069 ], [ 14.361204504000057, 50.096607124000059 ] ] ] ] } },
{ "type": "Feature", "properties": { "objectid": 64852, "zps_id": "7934", "id_poskyt": 38, "shape_area_1": 0.0, "globalid": "{EC6978AA-5741-40FB-AEC3-B96DC857572C}", "shape_Length": 0.00021746187145453482, "shape_Area": 2.8745949610418467e-09 }, "geometry": { "type": "MultiPolygon", "coordinates": [ [ [ [ 14.368566424000051, 50.08596655100007 ], [ 14.368629312000053, 50.085971739000058 ], [ 14.368636969000022, 50.085926746000041 ], [ 14.368574934000037, 50.085920925000039 ], [ 14.368566424000051, 50.08596655100007 ] ] ] ] } },
{ "type": "Feature", "properties": { "objectid": 64853, "zps_id": "11936", "id_poskyt": 38, "shape_area_1": 0.0, "globalid": "{1505D440-4067-450F-8BF3-21E81F163BF8}", "shape_Length": 0.00042842261327850564, "shape_Area": 4.6245584702044307e-09 }, "geometry": { "type": "MultiPolygon", "coordinates": [ [ [ [ 14.404748366000035, 50.098018097000079 ], [ 14.404936965000047, 50.098030698000059 ], [ 14.404942546000029, 50.098005581000052 ], [ 14.404752735000045, 50.097994941000081 ], [ 14.404748366000035, 50.098018097000079 ] ] ] ] } },
{ "type": "Feature", "properties": { "objectid": 64854, "zps_id": "8604", "id_poskyt": 38, "shape_area_1": 0.0, "globalid": "{E167FD39-C838-4D15-A2FB-D319B5DD62A6}", "shape_Length": 0.00033963839544827625, "shape_Area": 2.7744792460322399e-09 }, "geometry": { "type": "MultiPolygon", "coordinates": [ [ [ [ 14.395402446000048, 50.104329021000069 ], [ 14.39540432900003, 50.104310772000076 ], [ 14.39525223000004, 50.104303148000042 ], [ 14.395251954000059, 50.104321467000034 ], [ 14.395402446000048, 50.104329021000069 ] ] ] ] } },
{ "type": "Feature", "properties": { "objectid": 64855, "zps_id": "7980", "id_poskyt": 38, "shape_area_1": 0.0, "globalid": "{9B8C2B43-6AFF-46C5-9980-CDAD62341FB1}", "shape_Length": 0.00034377947889856274, "shape_Area": 2.9759090843635853e-09 }, "geometry": { "type": "MultiPolygon", "coordinates": [ [ [ [ 14.371063617000061, 50.084022226000059 ], [ 14.371063336000077, 50.084002985000041 ], [ 14.37103948500004, 50.084002043000055 ], [ 14.370910183000035, 50.084002582000039 ], [ 14.370911104000072, 50.084021408000069 ], [ 14.371063617000061, 50.084022226000059 ] ] ] ] } },
{ "type": "Feature", "properties": { "objectid": 64856, "zps_id": "10322", "id_poskyt": 38, "shape_area_1": 0.0, "globalid": "{02918691-C541-44BA-8731-04E5339DA15B}", "shape_Length": 0.00019395540916869206, "shape_Area": 1.9215261660913997e-09 }, "geometry": { "type": "MultiPolygon", "coordinates": [ [ [ [ 14.405275621000044, 50.077797933000056 ], [ 14.405247519000056, 50.077794668000081 ], [ 14.405229209000026, 50.077860599000076 ], [ 14.405257176000077, 50.077864432000069 ], [ 14.405275621000044, 50.077797933000056 ] ] ] ] } },
{ "type": "Feature", "properties": { "objectid": 64857, "zps_id": "9174", "id_poskyt": 38, "shape_area_1": 0.0, "globalid": "{6674C80A-9DCF-48FA-9DBA-B3FD3AC285FD}", "shape_Length": 0.00051389096641984424, "shape_Area": 4.7751367152344702e-09 }, "geometry": { "type": "MultiPolygon", "coordinates": [ [ [ [ 14.439782170000058, 50.09151286000008 ], [ 14.439791975000048, 50.091494486000045 ], [ 14.439561678000075, 50.091440846000069 ], [ 14.439552526000057, 50.091459594000071 ], [ 14.439782170000058, 50.09151286000008 ] ] ] ] } },
{ "type": "Feature", "properties": { "objectid": 64858, "zps_id": "10334", "id_poskyt": 38, "shape_area_1": 0.0, "globalid": "{7351EE3C-9A7A-4C70-B4D0-FB878A633D57}", "shape_Length": 0.00023135630495728525, "shape_Area": 3.0469360283400463e-09 }, "geometry": { "type": "MultiPolygon", "coordinates": [ [ [ [ 14.59840730600007, 50.03117724100008 ], [ 14.598401247000027, 50.031125849000034 ], [ 14.598367329000041, 50.031128330000058 ], [ 14.598355549000075, 50.031138356000042 ], [ 14.598370746000057, 50.031214668000075 ], [ 14.59840730600007, 50.03117724100008 ] ] ] ] } },
{ "type": "Feature", "properties": { "objectid": 64859, "zps_id": "10335", "id_poskyt": 38, "shape_area_1": 0.0, "globalid": "{DE0457A7-CE61-4CA2-9F36-77A22DCA8823}", "shape_Length": 0.00022821073693074311, "shape_Area": 3.0900789865640199e-09 }, "geometry": { "type": "MultiPolygon", "coordinates": [ [ [ [ 14.598668348000047, 50.030963550000081 ], [ 14.598660560000042, 50.030913958000042 ], [ 14.598626210000077, 50.030916492000074 ], [ 14.598614380000072, 50.030927021000082 ], [ 14.598625377000076, 50.030998513000043 ], [ 14.598668348000047, 50.030963550000081 ] ] ] ] } },
{ "type": "Feature", "properties": { "objectid": 64860, "zps_id": "6410", "id_poskyt": 38, "shape_area_1": 0.0, "globalid": "{B896DC0F-1710-47E3-8C70-6A97338010C4}", "shape_Length": 0.00022676955240100402, "shape_Area": 2.981204396571301e-09 }, "geometry": { "type": "MultiPolygon", "coordinates": [ [ [ [ 14.414205613000036, 50.088291053000034 ], [ 14.414273991000073, 50.088278578000029 ], [ 14.414256264000073, 50.088238017000037 ], [ 14.414188521000028, 50.088250357000049 ], [ 14.414205613000036, 50.088291053000034 ] ] ] ] } },
{ "type": "Feature", "properties": { "objectid": 64861, "zps_id": "7411", "id_poskyt": 38, "shape_area_1": 0.0, "globalid": "{D9AF6935-BA23-4484-976E-38902239F6E0}", "shape_Length": 0.00016923526996897033, "shape_Area": 1.6334370819759613e-09 }, "geometry": { "type": "MultiPolygon", "coordinates": [ [ [ [ 14.406068201000039, 50.081071966000081 ], [ 14.406098569000051, 50.081072164000034 ], [ 14.406100869000056, 50.08101762900003 ], [ 14.406071542000063, 50.081017116000055 ], [ 14.406068201000039, 50.081071966000081 ] ] ] ] } },
{ "type": "Feature", "properties": { "objectid": 64862, "zps_id": "7445", "id_poskyt": 38, "shape_area_1": 0.0, "globalid": "{F33D4F30-9F53-46A8-9EAC-5AC11040FF76}", "shape_Length": 0.00027688953348197864, "shape_Area": 4.2950499790732569e-09 }, "geometry": { "type": "MultiPolygon", "coordinates": [ [ [ [ 14.406991195000046, 50.08028794300003 ], [ 14.407062625000037, 50.080260986000042 ], [ 14.407068727000024, 50.080200753000042 ], [ 14.406993777000025, 50.080227616000059 ], [ 14.406991195000046, 50.08028794300003 ] ] ] ] } },
{ "type": "Feature", "properties": { "objectid": 64863, "zps_id": "7147", "id_poskyt": 38, "shape_area_1": 0.0, "globalid": "{0F322122-FC74-427A-8D1B-272EF1932742}", "shape_Length": 0.00023467159309284376, "shape_Area": 2.5858961411069088e-09 }, "geometry": { "type": "MultiPolygon", "coordinates": [ [ [ [ 14.405147380000074, 50.077763867000044 ], [ 14.405176963000031, 50.077766138000072 ], [ 14.405199173000028, 50.07768192900005 ], [ 14.40516888600007, 50.077679061000026 ], [ 14.405147380000074, 50.077763867000044 ] ] ] ] } },
{ "type": "Feature", "properties": { "objectid": 64864, "zps_id": "7592", "id_poskyt": 38, "shape_area_1": 0.0, "globalid": "{9B8447D9-D474-48C0-B1B7-9A964757CDFC}", "shape_Length": 0.00035187676036864781, "shape_Area": 2.9050071370478112e-09 }, "geometry": { "type": "MultiPolygon", "coordinates": [ [ [ [ 14.406966238000052, 50.078409257000033 ], [ 14.406968784000071, 50.078390849000073 ], [ 14.406812052000078, 50.078379102000042 ], [ 14.406809005000071, 50.078397282000026 ], [ 14.406966238000052, 50.078409257000033 ] ] ] ] } },
{ "type": "Feature", "properties": { "objectid": 64865, "zps_id": "7492", "id_poskyt": 38, "shape_area_1": 0.0, "globalid": "{8163992E-D894-4D08-9959-8D4B8F310932}", "shape_Length": 0.00027777305989856407, "shape_Area": 3.1522993805732755e-09 }, "geometry": { "type": "MultiPolygon", "coordinates": [ [ [ [ 14.408247605000042, 50.077404930000057 ], [ 14.408275045000039, 50.077406283000073 ], [ 14.408285154000055, 50.077296677000049 ], [ 14.408255512000039, 50.077294693000056 ], [ 14.408247605000042, 50.077404930000057 ] ] ] ] } },
{ "type": "Feature", "properties": { "objectid": 64866, "zps_id": "7562", "id_poskyt": 38, "shape_area_1": 0.0, "globalid": "{339F2A43-96C4-4C99-AC30-6031B6789541}", "shape_Length": 0.0003464304450579826, "shape_Area": 2.7900601836828481e-09 }, "geometry": { "type": "MultiPolygon", "coordinates": [ [ [ [ 14.40745477300004, 50.07783838000006 ], [ 14.407460749000052, 50.077821020000044 ], [ 14.407307183000057, 50.077799696000056 ], [ 14.407301510000025, 50.077817091000043 ], [ 14.40745477300004, 50.07783838000006 ] ] ] ] } },
{ "type": "Feature", "properties": { "objectid": 64867, "zps_id": "7379", "id_poskyt": 38, "shape_area_1": 0.0, "globalid": "{4FB0D0E0-1A73-467E-9F16-791C7ED321BE}", "shape_Length": 0.0003984038430377875, "shape_Area": 3.2499781031487306e-09 }, "geometry": { "type": "MultiPolygon", "coordinates": [ [ [ [ 14.405595146000053, 50.077580526000077 ], [ 14.405600955000068, 50.077562826000076 ], [ 14.405421406000073, 50.077538233000041 ], [ 14.405416181000078, 50.077555259000064 ], [ 14.405595146000053, 50.077580526000077 ] ] ] ] } },
{ "type": "Feature", "properties": { "objectid": 64868, "zps_id": "7568", "id_poskyt": 38, "shape_area_1": 0.0, "globalid": "{1E220C53-D63D-407F-AEA2-5EC215EB7777}", "shape_Length": 0.00022918939369776675, "shape_Area": 2.3601090952199066e-09 }, "geometry": { "type": "MultiPolygon", "coordinates": [ [ [ [ 14.404242374000034, 50.077051854000047 ], [ 14.404268548000061, 50.077051743000027 ], [ 14.404268400000035, 50.076964326000052 ], [ 14.404240725000022, 50.07696394900006 ], [ 14.404242374000034, 50.077051854000047 ] ] ] ] } },
{ "type": "Feature", "properties": { "objectid": 64869, "zps_id": "7427", "id_poskyt": 38, "shape_area_1": 0.0, "globalid": "{0CB050CC-4223-4EE0-8B39-9579409B030B}", "shape_Length": 0.00032642038004945643, "shape_Area": 4.000398377829331e-09 }, "geometry": { "type": "MultiPolygon", "coordinates": [ [ [ [ 14.404048038000042, 50.076477127000032 ], [ 14.404077772000051, 50.076475263000077 ], [ 14.404060779000076, 50.076343702000031 ], [ 14.404030257000045, 50.076344888000051 ], [ 14.404048038000042, 50.076477127000032 ] ] ] ] } },
{ "type": "Feature", "properties": { "objectid": 64870, "zps_id": "7454", "id_poskyt": 38, "shape_area_1": 0.0, "globalid": "{3B788459-F2DF-4902-8F15-8647069BD786}", "shape_Length": 0.00026851738820492298, "shape_Area": 3.2408636478373043e-09 }, "geometry": { "type": "MultiPolygon", "coordinates": [ [ [ [ 14.404070577000027, 50.07588234900004 ], [ 14.404101180000055, 50.075878400000079 ], [ 14.404079714000034, 50.07577930900004 ], [ 14.404046840000035, 50.07578181100007 ], [ 14.404070577000027, 50.07588234900004 ] ] ] ] } },
{ "type": "Feature", "properties": { "objectid": 64871, "zps_id": "7595", "id_poskyt": 38, "shape_area_1": 0.0, "globalid": "{CC8347F0-07CC-4704-892B-9E2656896D88}", "shape_Length": 0.00027565728716328947, "shape_Area": 3.2047995018585063e-09 }, "geometry": { "type": "MultiPolygon", "coordinates": [ [ [ [ 14.402172854000071, 50.076294064000081 ], [ 14.402203292000024, 50.076293852000049 ], [ 14.402195408000068, 50.07618576200008 ], [ 14.402166503000046, 50.076186320000033 ], [ 14.402172854000071, 50.076294064000081 ] ] ] ] } },
{ "type": "Feature", "properties": { "objectid": 64872, "zps_id": "7587", "id_poskyt": 38, "shape_area_1": 0.0, "globalid": "{103DBFDF-4C01-4494-ABA5-40F5B7A15625}", "shape_Length": 0.00019020372681097844, "shape_Area": 1.9654917929930223e-09 }, "geometry": { "type": "MultiPolygon", "coordinates": [ [ [ [ 14.403697138000041, 50.074376815000051 ], [ 14.403701676000026, 50.074311778000038 ], [ 14.403671040000063, 50.074311210000076 ], [ 14.403667028000029, 50.074375304000057 ], [ 14.403697138000041, 50.074376815000051 ] ] ] ] } },
{ "type": "Feature", "properties": { "objectid": 64873, "zps_id": "10366", "id_poskyt": 38, "shape_area_1": 0.0, "globalid": "{AB41049D-5893-4F08-A9DB-506CF518FD6A}", "shape_Length": 0.00026941724274789496, "shape_Area": 3.1358357373866397e-09 }, "geometry": { "type": "MultiPolygon", "coordinates": [ [ [ [ 14.405276542000024, 50.072910221000029 ], [ 14.405305720000058, 50.07291310800008 ], [ 14.405323715000065, 50.072809521000067 ], [ 14.405292962000033, 50.072807392000072 ], [ 14.405276542000024, 50.072910221000029 ] ] ] ] } },
{ "type": "Feature", "properties": { "objectid": 64874, "zps_id": "7060", "id_poskyt": 38, "shape_area_1": 0.0, "globalid": "{2D5C6894-7EA6-4DC2-B485-9FFBACE29992}", "shape_Length": 0.00035395496931793903, "shape_Area": 2.9939320809721659e-09 }, "geometry": { "type": "MultiPolygon", "coordinates": [ [ [ [ 14.407984906000024, 50.073161562000053 ], [ 14.407989203000056, 50.073143 ], [ 14.407831457000043, 50.073129221000045 ], [ 14.407828073000076, 50.07314806200003 ], [ 14.407984906000024, 50.073161562000053 ] ] ] ] } },
{ "type": "Feature", "properties": { "objectid": 64875, "zps_id": "10368", "id_poskyt": 38, "shape_area_1": 0.0, "globalid": "{1190E151-787D-453F-878B-B725ACC04193}", "shape_Length": 0.00025182834182410098, "shape_Area": 2.3236479837948892e-09 }, "geometry": { "type": "MultiPolygon", "coordinates": [ [ [ [ 14.407150843000068, 50.072338301000059 ], [ 14.407156753000038, 50.072316099000034 ], [ 14.407053231000077, 50.072306673000071 ], [ 14.407048895000059, 50.072328761000051 ], [ 14.407150843000068, 50.072338301000059 ] ] ] ] } },
{ "type": "Feature", "properties": { "objectid": 64876, "zps_id": "10369", "id_poskyt": 38, "shape_area_1": 0.0, "globalid": "{BC4AE709-AFA5-4D8A-8888-9A731BDDAF47}", "shape_Length": 0.0021710333681973989, "shape_Area": 2.091679189962221e-08 }, "geometry": { "type": "MultiPolygon", "coordinates": [ [ [ [ 14.410106861000031, 50.072623793000048 ], [ 14.410110995000025, 50.072604474000059 ], [ 14.409050356000023, 50.072500074000061 ], [ 14.409046222000029, 50.072519383000042 ], [ 14.410106861000031, 50.072623793000048 ] ] ] ] } },
{ "type": "Feature", "properties": { "objectid": 64877, "zps_id": "7381", "id_poskyt": 38, "shape_area_1": 0.0, "globalid": "{F0EEF707-FF08-42B6-8532-5D13084A555E}", "shape_Length": 0.00036129045866726677, "shape_Area": 3.1635907319108964e-09 }, "geometry": { "type": "MultiPolygon", "coordinates": [ [ [ [ 14.404973518000077, 50.072139874000072 ], [ 14.404977769000027, 50.072120019000067 ], [ 14.40481800200007, 50.072105094000051 ], [ 14.404813198000056, 50.072123899000076 ], [ 14.404973518000077, 50.072139874000072 ] ] ] ] } },
{ "type": "Feature", "properties": { "objectid": 64878, "zps_id": "7550", "id_poskyt": 38, "shape_area_1": 0.0, "globalid": "{FD64D5EE-81CF-4F7B-B8CD-D3EDF7E98345}", "shape_Length": 0.0003452909168119284, "shape_Area": 2.9658070014986552e-09 }, "geometry": { "type": "MultiPolygon", "coordinates": [ [ [ [ 14.406008304000068, 50.072237862000065 ], [ 14.406011822000039, 50.072218925000072 ], [ 14.405859799000041, 50.072204051000028 ], [ 14.405855419000034, 50.072223258000065 ], [ 14.406008304000068, 50.072237862000065 ] ] ] ] } },
{ "type": "Feature", "properties": { "objectid": 64879, "zps_id": "7225", "id_poskyt": 38, "shape_area_1": 0.0, "globalid": "{EE6A7B11-BAFC-40E4-8FAB-EABA08FBDDEE}", "shape_Length": 0.00015933689627724708, "shape_Area": 1.4738234916446936e-09 }, "geometry": { "type": "MultiPolygon", "coordinates": [ [ [ [ 14.40684492500003, 50.072195848000035 ], [ 14.406874703000028, 50.072198697000033 ], [ 14.40688401400007, 50.072149160000038 ], [ 14.40685469500005, 50.072147186000052 ], [ 14.40684492500003, 50.072195848000035 ] ] ] ] } },
{ "type": "Feature", "properties": { "objectid": 64880, "zps_id": "7190", "id_poskyt": 38, "shape_area_1": 0.0, "globalid": "{5AFD999A-CBAF-40B6-9DFD-11FC65DC054E}", "shape_Length": 0.00034562014516666389, "shape_Area": 2.9536887652897963e-09 }, "geometry": { "type": "MultiPolygon", "coordinates": [ [ [ [ 14.409547147000069, 50.070794595000052 ], [ 14.409550530000047, 50.070775173000072 ], [ 14.409397149000029, 50.070764821000068 ], [ 14.409394310000039, 50.070783547000076 ], [ 14.409547147000069, 50.070794595000052 ] ] ] ] } },
{ "type": "Feature", "properties": { "objectid": 64881, "zps_id": "10372", "id_poskyt": 38, "shape_area_1": 0.0, "globalid": "{5E574C6B-67BC-416D-A8E0-B2CD73F1332F}", "shape_Length": 0.0004848041068083332, "shape_Area": 5.5960333386460643e-09 }, "geometry": { "type": "MultiPolygon", "coordinates": [ [ [ [ 14.404934280000077, 50.070734412000036 ], [ 14.404960638000034, 50.07074177800007 ], [ 14.405070757000033, 50.070556281000052 ], [ 14.405044728000064, 50.070550016000027 ], [ 14.404934280000077, 50.070734412000036 ] ] ] ] } },
{ "type": "Feature", "properties": { "objectid": 64882, "zps_id": "7462", "id_poskyt": 38, "shape_area_1": 0.0, "globalid": "{550C0DE0-731B-4063-BBBC-8C8E5DD72D11}", "shape_Length": 0.00016780501702392912, "shape_Area": 1.4588187916040779e-09 }, "geometry": { "type": "MultiPolygon", "coordinates": [ [ [ [ 14.405346903000066, 50.070047662000036 ], [ 14.405372005000061, 50.070054255000059 ], [ 14.405403798000066, 50.070006929000044 ], [ 14.405377328000043, 50.069999163000034 ], [ 14.405346903000066, 50.070047662000036 ] ] ] ] } },
{ "type": "Feature", "properties": { "objectid": 64883, "zps_id": "7479", "id_poskyt": 38, "shape_area_1": 0.0, "globalid": "{5A8067A6-C696-46AE-824A-A2DD548C1858}", "shape_Length": 0.00038343955818451354, "shape_Area": 5.2147484177930619e-09 }, "geometry": { "type": "MultiPolygon", "coordinates": [ [ [ [ 14.405447929000047, 50.069325192000065 ], [ 14.405457472000023, 50.069293328000072 ], [ 14.405299954000043, 50.069273355000064 ], [ 14.405291129000034, 50.069305538000037 ], [ 14.405447929000047, 50.069325192000065 ] ] ] ] } },
{ "type": "Feature", "properties": { "objectid": 64884, "zps_id": "7263", "id_poskyt": 38, "shape_area_1": 0.0, "globalid": "{F269827F-8EBC-46B3-8139-A0AF5CB2634F}", "shape_Length": 0.00035667371734655331, "shape_Area": 3.1550919320406192e-09 }, "geometry": { "type": "MultiPolygon", "coordinates": [ [ [ [ 14.404653582000037, 50.070326894000061 ], [ 14.404648967000071, 50.070346261000054 ], [ 14.404805551000038, 50.070365245000062 ], [ 14.40481113900006, 50.070345664000058 ], [ 14.404653582000037, 50.070326894000061 ] ] ] ] } },
{ "type": "Feature", "properties": { "objectid": 64885, "zps_id": "7573", "id_poskyt": 38, "shape_area_1": 0.0, "globalid": "{4481A840-870B-483B-B3C9-73DDB3B66D6C}", "shape_Length": 0.00032267831101369837, "shape_Area": 3.9058241447966234e-09 }, "geometry": { "type": "MultiPolygon", "coordinates": [ [ [ [ 14.401052696000022, 50.070896165000079 ], [ 14.401082848000044, 50.07089884100003 ], [ 14.401112538000064, 50.070771114000081 ], [ 14.401082905000067, 50.07076818400003 ], [ 14.401052696000022, 50.070896165000079 ] ] ] ] } },
{ "type": "Feature", "properties": { "objectid": 64886, "zps_id": "7339", "id_poskyt": 38, "shape_area_1": 0.0, "globalid": "{D3FF4BED-9FD7-44B9-991E-0E0FB22177DC}", "shape_Length": 0.00025202341911172713, "shape_Area": 2.8624939565636766e-09 }, "geometry": { "type": "MultiPolygon", "coordinates": [ [ [ [ 14.399775118000036, 50.071560461000047 ], [ 14.399804922000044, 50.071562607000033 ], [ 14.399819862000072, 50.071467533000032 ], [ 14.399790005000057, 50.071465638000063 ], [ 14.399775118000036, 50.071560461000047 ] ] ] ] } },
{ "type": "Feature", "properties": { "objectid": 64887, "zps_id": "7146", "id_poskyt": 38, "shape_area_1": 0.0, "globalid": "{AF21B38A-2DAC-4318-98B3-BE4BC0BE5F52}", "shape_Length": 0.00024219637961746666, "shape_Area": 2.8025705406332792e-09 }, "geometry": { "type": "MultiPolygon", "coordinates": [ [ [ [ 14.399424219000025, 50.068585377000034 ], [ 14.399454701000025, 50.068584615000077 ], [ 14.399452972000063, 50.068495078000069 ], [ 14.399421122000035, 50.068495129000041 ], [ 14.399424219000025, 50.068585377000034 ] ] ] ] } },
{ "type": "Feature", "properties": { "objectid": 64888, "zps_id": "7362", "id_poskyt": 38, "shape_area_1": 0.0, "globalid": "{A6A4C69C-8D65-499D-938F-FBCC334A0BCB}", "shape_Length": 0.00037660051374780411, "shape_Area": 3.6667657391049378e-09 }, "geometry": { "type": "MultiPolygon", "coordinates": [ [ [ [ 14.372374174000072, 50.069942198000035 ], [ 14.372371906000069, 50.069920321000041 ], [ 14.372205350000058, 50.06992948900006 ], [ 14.372208928000077, 50.06995149100004 ], [ 14.372374174000072, 50.069942198000035 ] ] ] ] } },
{ "type": "Feature", "properties": { "objectid": 64889, "zps_id": "7248", "id_poskyt": 38, "shape_area_1": 0.0, "globalid": "{15CE1A17-B8FF-4971-AB53-59E1644956ED}", "shape_Length": 0.00020803094172853716, "shape_Area": 2.0299169157396897e-09 }, "geometry": { "type": "MultiPolygon", "coordinates": [ [ [ [ 14.370498049000048, 50.069919049000077 ], [ 14.370497363000027, 50.069944884000051 ], [ 14.370575391000045, 50.06994665600007 ], [ 14.370575960000053, 50.069920447000072 ], [ 14.370498049000048, 50.069919049000077 ] ] ] ] } },
{ "type": "Feature", "properties": { "objectid": 64890, "zps_id": "7495", "id_poskyt": 38, "shape_area_1": 0.0, "globalid": "{95D25D6C-E93C-4B27-8F21-64B247980A9F}", "shape_Length": 0.00038094703379195298, "shape_Area": 3.6584531024776455e-09 }, "geometry": { "type": "MultiPolygon", "coordinates": [ [ [ [ 14.375705115000073, 50.070592809000061 ], [ 14.375752524000063, 50.07059702600003 ], [ 14.375824436000073, 50.070599766000043 ], [ 14.375874550000049, 50.070602028000053 ], [ 14.375878831000023, 50.070582096000066 ], [ 14.375710259000073, 50.070571491000067 ], [ 14.375705115000073, 50.070592809000061 ] ] ] ] } },
{ "type": "Feature", "properties": { "objectid": 64891, "zps_id": "7495", "id_poskyt": 38, "shape_area_1": 0.0, "globalid": "{C4664F6B-7D39-4995-BB45-7F771167510E}", "shape_Length": 0.00034123004969081481, "shape_Area": 3.3625783613218167e-09 }, "geometry": { "type": "MultiPolygon", "coordinates": [ [ [ [ 14.374527962000059, 50.070359238000037 ], [ 14.374540909000075, 50.070338624000044 ], [ 14.374399238000024, 50.070302046000052 ], [ 14.374386131000051, 50.070322101000045 ], [ 14.374527962000059, 50.070359238000037 ] ] ] ] } },
{ "type": "Feature", "properties": { "objectid": 64892, "zps_id": "7361", "id_poskyt": 38, "shape_area_1": 0.0, "globalid": "{64B70783-961A-4128-B61C-2A4C5F8E4CB5}", "shape_Length": 0.00024927991558088388, "shape_Area": 3.8283419001487521e-09 }, "geometry": { "type": "MultiPolygon", "coordinates": [ [ [ [ 14.387213777000056, 50.07180007200003 ], [ 14.387274173000037, 50.071823882000047 ], [ 14.387289891000023, 50.071769686000039 ], [ 14.387228386000061, 50.071741566000071 ], [ 14.387213777000056, 50.07180007200003 ] ] ] ] } },
{ "type": "Feature", "properties": { "objectid": 64893, "zps_id": "7253", "id_poskyt": 38, "shape_area_1": 0.0, "globalid": "{7F848866-A61E-465C-A2CD-686A0D933A15}", "shape_Length": 0.000242328709384456, "shape_Area": 2.6741297541619043e-09 }, "geometry": { "type": "MultiPolygon", "coordinates": [ [ [ [ 14.389514041000041, 50.072195042000033 ], [ 14.389541977000022, 50.072198404000062 ], [ 14.38957149600003, 50.072111668000048 ], [ 14.389540270000055, 50.072107795000079 ], [ 14.389514041000041, 50.072195042000033 ] ] ] ] } },
{ "type": "Feature", "properties": { "objectid": 64894, "zps_id": "7333", "id_poskyt": 38, "shape_area_1": 0.0, "globalid": "{F444208F-1AEF-4731-A129-89A9AD3FC4AA}", "shape_Length": 0.00020364272719040544, "shape_Area": 2.5253100923534947e-09 }, "geometry": { "type": "MultiPolygon", "coordinates": [ [ [ [ 14.393396395000025, 50.072460936000027 ], [ 14.393453316000034, 50.072468288000039 ], [ 14.39346501600005, 50.072425552000027 ], [ 14.393407952000075, 50.072418078000055 ], [ 14.393396395000025, 50.072460936000027 ] ] ] ] } },
{ "type": "Feature", "properties": { "objectid": 64895, "zps_id": "7229", "id_poskyt": 38, "shape_area_1": 0.0, "globalid": "{38524883-3B6B-4CD9-97E6-9ED2A48A39C1}", "shape_Length": 0.00038986672821972356, "shape_Area": 3.946766267640283e-09 }, "geometry": { "type": "MultiPolygon", "coordinates": [ [ [ [ 14.399502509000058, 50.066301942000052 ], [ 14.39948277600007, 50.066285188000052 ], [ 14.399329614000067, 50.06635667200004 ], [ 14.399348488000044, 50.066373352000028 ], [ 14.399502509000058, 50.066301942000052 ] ] ] ] } },
{ "type": "Feature", "properties": { "objectid": 64896, "zps_id": "7472", "id_poskyt": 38, "shape_area_1": 0.0, "globalid": "{58DC5036-3BAC-4B5F-9341-B7BB494487D2}", "shape_Length": 0.00039491265982117857, "shape_Area": 3.4338726549518331e-09 }, "geometry": { "type": "MultiPolygon", "coordinates": [ [ [ [ 14.407503614000063, 50.067328450000048 ], [ 14.407506292000051, 50.067309292000061 ], [ 14.407328646000053, 50.067298654000069 ], [ 14.40732569000005, 50.067317788000025 ], [ 14.407503614000063, 50.067328450000048 ] ] ] ] } },
{ "type": "Feature", "properties": { "objectid": 64897, "zps_id": "7204", "id_poskyt": 38, "shape_area_1": 0.0, "globalid": "{BFFB44AF-6A4C-443C-A3A3-A034692EBF1C}", "shape_Length": 0.00034593306253466151, "shape_Area": 3.0431833434096763e-09 }, "geometry": { "type": "MultiPolygon", "coordinates": [ [ [ [ 14.408790463000059, 50.066338515000041 ], [ 14.408793942000045, 50.066318900000056 ], [ 14.408641080000052, 50.066310208000061 ], [ 14.408637913000064, 50.066330077000032 ], [ 14.408790463000059, 50.066338515000041 ] ] ] ] } },
{ "type": "Feature", "properties": { "objectid": 64898, "zps_id": "7192", "id_poskyt": 38, "shape_area_1": 0.0, "globalid": "{39444AB9-DA92-4672-B8F8-2980F1978427}", "shape_Length": 0.00046426619668196614, "shape_Area": 4.3390239705738002e-09 }, "geometry": { "type": "MultiPolygon", "coordinates": [ [ [ [ 14.410281259000044, 50.062976343000059 ], [ 14.410286425000038, 50.062956224000061 ], [ 14.41007637000007, 50.062935101000051 ], [ 14.410070776000055, 50.062955171000056 ], [ 14.410281259000044, 50.062976343000059 ] ] ] ] } },
{ "type": "Feature", "properties": { "objectid": 64899, "zps_id": "7196", "id_poskyt": 38, "shape_area_1": 0.0, "globalid": "{6F77829F-BF7A-42D8-BE13-BA6C3BD99C7A}", "shape_Length": 0.0001834309600224196, "shape_Area": 2.0652851690788436e-09 }, "geometry": { "type": "MultiPolygon", "coordinates": [ [ [ [ 14.409372594000047, 50.062249283000028 ], [ 14.409377390000031, 50.062197702000049 ], [ 14.409337530000073, 50.062196183000026 ], [ 14.409332559000063, 50.062247612000078 ], [ 14.409372594000047, 50.062249283000028 ] ] ] ] } },
{ "type": "Feature", "properties": { "objectid": 64900, "zps_id": "7097", "id_poskyt": 38, "shape_area_1": 0.0, "globalid": "{B40A9A2E-854D-4B9C-A68C-FB017CED1AC9}", "shape_Length": 0.00032807794433651108, "shape_Area": 3.1345817882554294e-09 }, "geometry": { "type": "MultiPolygon", "coordinates": [ [ [ [ 14.404660979000028, 50.062751678000041 ], [ 14.404678154000067, 50.062734487000057 ], [ 14.404547579000052, 50.062683330000027 ], [ 14.404531165000037, 50.062701178000054 ], [ 14.404660979000028, 50.062751678000041 ] ] ] ] } },
{ "type": "Feature", "properties": { "objectid": 64901, "zps_id": "9314", "id_poskyt": 38, "shape_area_1": 0.0, "globalid": "{F962FFAA-BC3F-433F-AC78-2706789F3424}", "shape_Length": 0.0003322408157877862, "shape_Area": 4.1979084817555758e-09 }, "geometry": { "type": "MultiPolygon", "coordinates": [ [ [ [ 14.458755284000063, 50.092291513000077 ], [ 14.458786798000062, 50.092298466000045 ], [ 14.458849937000025, 50.092180521000046 ], [ 14.458817339000063, 50.092173952000053 ], [ 14.458755284000063, 50.092291513000077 ] ] ] ] } },
{ "type": "Feature", "properties": { "objectid": 64902, "zps_id": "10399", "id_poskyt": 38, "shape_area_1": 0.0, "globalid": "{BB650598-A5BE-4F5C-8B33-1528B25235B2}", "shape_Length": 0.00038169890644169262, "shape_Area": 3.316043782488586e-09 }, "geometry": { "type": "MultiPolygon", "coordinates": [ [ [ [ 14.43893306800004, 50.04050621600004 ], [ 14.439102444000071, 50.040537510000036 ], [ 14.439108762000046, 50.040519718000041 ], [ 14.438942130000044, 50.040487442000028 ], [ 14.43893306800004, 50.04050621600004 ] ] ] ] } },
{ "type": "Feature", "properties": { "objectid": 64903, "zps_id": "10408", "id_poskyt": 38, "shape_area_1": 0.0, "globalid": "{115AC705-DE4D-4F0D-AB9D-5B8E9E7D5AB0}", "shape_Length": 0.00033517918631017704, "shape_Area": 2.8701987657114391e-09 }, "geometry": { "type": "MultiPolygon", "coordinates": [ [ [ [ 14.443259984000065, 50.039911804000042 ], [ 14.443277145000025, 50.039925827000047 ], [ 14.443407318000027, 50.039860161000036 ], [ 14.443391086000076, 50.039846927000042 ], [ 14.443259984000065, 50.039911804000042 ] ] ] ] } },
{ "type": "Feature", "properties": { "objectid": 64904, "zps_id": "10449", "id_poskyt": 38, "shape_area_1": 0.0, "globalid": "{FC71F752-5D46-4714-8D14-D092485C9860}", "shape_Length": 0.00029699690347687556, "shape_Area": 3.7688194038089823e-09 }, "geometry": { "type": "MultiPolygon", "coordinates": [ [ [ [ 14.438695404000043, 50.041835932000026 ], [ 14.438728870000034, 50.041833702000076 ], [ 14.438706196000055, 50.04172006400006 ], [ 14.438674181000067, 50.041722422000078 ], [ 14.438695404000043, 50.041835932000026 ] ] ] ] } },
{ "type": "Feature", "properties": { "objectid": 64905, "zps_id": "10451", "id_poskyt": 38, "shape_area_1": 0.0, "globalid": "{9CC282F6-0FDD-432C-9978-31753BB996E3}", "shape_Length": 0.000385829098466462, "shape_Area": 3.1565887131493926e-09 }, "geometry": { "type": "MultiPolygon", "coordinates": [ [ [ [ 14.438988, 50.042461801000059 ], [ 14.439159262000032, 50.042493942000078 ], [ 14.439166463000049, 50.042477354000027 ], [ 14.438995042000045, 50.042444255000078 ], [ 14.438988, 50.042461801000059 ] ] ] ] } },
{ "type": "Feature", "properties": { "objectid": 64906, "zps_id": "10468", "id_poskyt": 38, "shape_area_1": 0.0, "globalid": "{9DFB9741-BF1C-4809-89A1-030E101B2350}", "shape_Length": 0.00060534945878952323, "shape_Area": 5.4092182115166668e-09 }, "geometry": { "type": "MultiPolygon", "coordinates": [ [ [ [ 14.447500603000037, 50.042511034000029 ], [ 14.447492836000038, 50.042515739000066 ], [ 14.447472668000046, 50.042526271000042 ], [ 14.447449017000054, 50.042534090000061 ], [ 14.447426388000054, 50.042538372000081 ], [ 14.447404162000055, 50.042539573000056 ], [ 14.447379090000027, 50.042537458000027 ], [ 14.447239884000055, 50.042514661000041 ], [ 14.447233574000052, 50.042531764000046 ], [ 14.447326559000032, 50.042548152000052 ], [ 14.447405014000026, 50.042558654000061 ], [ 14.447422539000058, 50.042558615000075 ], [ 14.447440994000033, 50.042556388000037 ], [ 14.447457888000031, 50.042552836000027 ], [ 14.447475699000051, 50.04254708600007 ], [ 14.447492657000055, 50.042539663000071 ], [ 14.447519806000059, 50.042525673000057 ], [ 14.447500603000037, 50.042511034000029 ] ] ] ] } },
{ "type": "Feature", "properties": { "objectid": 64907, "zps_id": "10469", "id_poskyt": 38, "shape_area_1": 0.0, "globalid": "{6A963BCD-3A77-474F-9C43-B6C4F10DD6CF}", "shape_Length": 0.00042364934378981227, "shape_Area": 4.97118551568919e-09 }, "geometry": { "type": "MultiPolygon", "coordinates": [ [ [ [ 14.445255125000074, 50.042322631000047 ], [ 14.445229611000059, 50.042316835000065 ], [ 14.445206903000042, 50.042375243000038 ], [ 14.445162058000051, 50.042489289000059 ], [ 14.445190299000046, 50.042494380000051 ], [ 14.445255125000074, 50.042322631000047 ] ] ] ] } },
{ "type": "Feature", "properties": { "objectid": 64908, "zps_id": "10477", "id_poskyt": 38, "shape_area_1": 0.0, "globalid": "{D877153B-B7E9-409C-9DC7-69B3F35DFB30}", "shape_Length": 0.00034536082514853496, "shape_Area": 3.5912139590727615e-09 }, "geometry": { "type": "MultiPolygon", "coordinates": [ [ [ [ 14.448481489000073, 50.042509836000079 ], [ 14.448615967000023, 50.042567916000053 ], [ 14.448634085000037, 50.042548762000081 ], [ 14.448499214000037, 50.042491065000036 ], [ 14.448481489000073, 50.042509836000079 ] ] ] ] } },
{ "type": "Feature", "properties": { "objectid": 64909, "zps_id": "10478", "id_poskyt": 38, "shape_area_1": 0.0, "globalid": "{83106D69-611E-4C7E-8BE0-27C7E3647A12}", "shape_Length": 0.00037467406147102334, "shape_Area": 6.9007821155066107e-09 }, "geometry": { "type": "MultiPolygon", "coordinates": [ [ [ [ 14.440781119000064, 50.041785359000073 ], [ 14.440846230000034, 50.04177727800004 ], [ 14.440895896000029, 50.041666366000072 ], [ 14.440827642000045, 50.041676302000042 ], [ 14.440781119000064, 50.041785359000073 ] ] ] ] } },
{ "type": "Feature", "properties": { "objectid": 64910, "zps_id": "10483", "id_poskyt": 38, "shape_area_1": 0.0, "globalid": "{46A3BB1F-2BEC-4EB5-889A-890ABD08BA3C}", "shape_Length": 0.00028878410674992638, "shape_Area": 3.6853736402017106e-09 }, "geometry": { "type": "MultiPolygon", "coordinates": [ [ [ [ 14.445144406000054, 50.043403126000044 ], [ 14.445238305000032, 50.043417344000034 ], [ 14.445274685000072, 50.043382399000052 ], [ 14.445186603000025, 50.043368993000058 ], [ 14.445144406000054, 50.043403126000044 ] ] ] ] } },
{ "type": "Feature", "properties": { "objectid": 64911, "zps_id": "10483", "id_poskyt": 38, "shape_area_1": 0.0, "globalid": "{43B5D7C1-F42B-48FA-B77D-03E3E7E0FF62}", "shape_Length": 0.00025658956410557182, "shape_Area": 3.1667758251394304e-09 }, "geometry": { "type": "MultiPolygon", "coordinates": [ [ [ [ 14.445297509000056, 50.043426127000032 ], [ 14.445378778000077, 50.043439230000047 ], [ 14.445410085000049, 50.043404433000035 ], [ 14.445333324000046, 50.043391729000064 ], [ 14.445297509000056, 50.043426127000032 ] ] ] ] } },
{ "type": "Feature", "properties": { "objectid": 64912, "zps_id": "10521", "id_poskyt": 38, "shape_area_1": 0.0, "globalid": "{6E2F75E3-AA9E-4F9F-9BE0-3DA9AAF41995}", "shape_Length": 0.00019979787452631352, "shape_Area": 1.9834984774290675e-09 }, "geometry": { "type": "MultiPolygon", "coordinates": [ [ [ [ 14.449284487000057, 50.045051736000062 ], [ 14.449312249000059, 50.045068730000025 ], [ 14.449368800000059, 50.045033304000071 ], [ 14.449342042000069, 50.045015166000042 ], [ 14.449284487000057, 50.045051736000062 ] ] ] ] } },
{ "type": "Feature", "properties": { "objectid": 64913, "zps_id": "10531", "id_poskyt": 38, "shape_area_1": 0.0, "globalid": "{789F7EC9-1A32-46B6-8507-5E333C6E9E65}", "shape_Length": 0.00036118203987894014, "shape_Area": 3.6187753792481705e-09 }, "geometry": { "type": "MultiPolygon", "coordinates": [ [ [ [ 14.445751759000075, 50.047237153000026 ], [ 14.445773700000075, 50.04725092700005 ], [ 14.445905006000032, 50.047170090000066 ], [ 14.44588402100004, 50.04715542100007 ], [ 14.445751759000075, 50.047237153000026 ] ] ] ] } },
{ "type": "Feature", "properties": { "objectid": 64914, "zps_id": "10571", "id_poskyt": 38, "shape_area_1": 0.0, "globalid": "{A199A687-8460-47F6-982A-94D71EFE66FC}", "shape_Length": 0.00037118522493135968, "shape_Area": 3.7598823884642144e-09 }, "geometry": { "type": "MultiPolygon", "coordinates": [ [ [ [ 14.444477910000046, 50.047058996000032 ], [ 14.444610429000022, 50.047148452000044 ], [ 14.444632155000022, 50.047134400000061 ], [ 14.444499035000035, 50.04704524400006 ], [ 14.444477910000046, 50.047058996000032 ] ] ] ] } },
{ "type": "Feature", "properties": { "objectid": 64915, "zps_id": "10634", "id_poskyt": 38, "shape_area_1": 0.0, "globalid": "{F313F834-7934-44D5-9D29-5C1FA04C83D0}", "shape_Length": 0.00041499162664135249, "shape_Area": 4.8499812425282622e-09 }, "geometry": { "type": "MultiPolygon", "coordinates": [ [ [ [ 14.436078446000067, 50.046071230000052 ], [ 14.436105636000036, 50.046072927000068 ], [ 14.436148603000049, 50.04589818200003 ], [ 14.436121325000045, 50.045895968000082 ], [ 14.436078446000067, 50.046071230000052 ] ] ] ] } },
{ "type": "Feature", "properties": { "objectid": 64916, "zps_id": "10635", "id_poskyt": 38, "shape_area_1": 0.0, "globalid": "{B9730CEF-467E-4EF4-82F6-FF7813A7AC48}", "shape_Length": 0.00034073803510363055, "shape_Area": 5.7815137775384363e-09 }, "geometry": { "type": "MultiPolygon", "coordinates": [ [ [ [ 14.435677749000035, 50.045635851000043 ], [ 14.435688906000053, 50.045682235000072 ], [ 14.435810296000056, 50.04567099500008 ], [ 14.435801325000057, 50.045624805000045 ], [ 14.435677749000035, 50.045635851000043 ] ] ] ] } },
{ "type": "Feature", "properties": { "objectid": 64917, "zps_id": "10673", "id_poskyt": 38, "shape_area_1": 0.0, "globalid": "{9949B72B-4D98-4988-917B-EFBB0CE438CA}", "shape_Length": 0.00035820219972824589, "shape_Area": 5.8166770838640254e-09 }, "geometry": { "type": "MultiPolygon", "coordinates": [ [ [ [ 14.431999325000049, 50.046966101000066 ], [ 14.432024170000034, 50.046928276000074 ], [ 14.431895490000045, 50.046893687000079 ], [ 14.431870481000033, 50.04693313100006 ], [ 14.431999325000049, 50.046966101000066 ] ] ] ] } },
{ "type": "Feature", "properties": { "objectid": 64918, "zps_id": "10679", "id_poskyt": 38, "shape_area_1": 0.0, "globalid": "{AEB41ECF-0968-4D51-9DB9-76354BADEF3D}", "shape_Length": 0.00041728030392840427, "shape_Area": 5.0236450893130575e-09 }, "geometry": { "type": "MultiPolygon", "coordinates": [ [ [ [ 14.430405562000033, 50.045444924000037 ], [ 14.430433429000061, 50.045447155000033 ], [ 14.430469809000044, 50.045270213000038 ], [ 14.430441797000071, 50.045268014000044 ], [ 14.430405562000033, 50.045444924000037 ] ] ] ] } },
{ "type": "Feature", "properties": { "objectid": 64919, "zps_id": "10694", "id_poskyt": 38, "shape_area_1": 0.0, "globalid": "{D987935B-DA13-4F2A-B606-D9FD380BA627}", "shape_Length": 0.00028867472509978262, "shape_Area": 3.1259407119309217e-09 }, "geometry": { "type": "MultiPolygon", "coordinates": [ [ [ [ 14.456895258000031, 50.039760608000051 ], [ 14.456922883000061, 50.039764418000061 ], [ 14.456938222000076, 50.039707400000054 ], [ 14.456941053000037, 50.039647907000074 ], [ 14.456912903000045, 50.039649015000066 ], [ 14.456910762000064, 50.03970651700007 ], [ 14.456904695000048, 50.039736275000053 ], [ 14.456895258000031, 50.039760608000051 ] ] ] ] } },
{ "type": "Feature", "properties": { "objectid": 64920, "zps_id": "10701", "id_poskyt": 38, "shape_area_1": 0.0, "globalid": "{CEBE9BDD-3AA2-4248-A87B-ED35A57EDA73}", "shape_Length": 0.00030413562752851166, "shape_Area": 3.9137418700936174e-09 }, "geometry": { "type": "MultiPolygon", "coordinates": [ [ [ [ 14.459713488000034, 50.040283439000063 ], [ 14.459747715000049, 50.040277949000028 ], [ 14.459708897000041, 50.040165190000039 ], [ 14.459677365000061, 50.040170928000066 ], [ 14.459713488000034, 50.040283439000063 ] ] ] ] } },
{ "type": "Feature", "properties": { "objectid": 64921, "zps_id": "10736", "id_poskyt": 38, "shape_area_1": 0.0, "globalid": "{C41105A0-E176-443C-84E3-7522AC25ECEB}", "shape_Length": 0.00054774140734156177, "shape_Area": 4.9563708419016054e-09 }, "geometry": { "type": "MultiPolygon", "coordinates": [ [ [ [ 14.457153179000045, 50.044040779000056 ], [ 14.457166710000024, 50.044057057000032 ], [ 14.457406058000061, 50.043977029000075 ], [ 14.457393934000038, 50.043960575000028 ], [ 14.457153179000045, 50.044040779000056 ] ] ] ] } },
{ "type": "Feature", "properties": { "objectid": 64922, "zps_id": "10738", "id_poskyt": 38, "shape_area_1": 0.0, "globalid": "{2A8FD21F-6B70-48DF-A461-82E52AD21CF4}", "shape_Length": 0.00039532726756928086, "shape_Area": 3.3276060256568449e-09 }, "geometry": { "type": "MultiPolygon", "coordinates": [ [ [ [ 14.45693800500004, 50.044158499000048 ], [ 14.456945175000044, 50.044174460000079 ], [ 14.456988510000031, 50.044169765000049 ], [ 14.457122348000041, 50.044140699000081 ], [ 14.457112669000026, 50.044124080000074 ], [ 14.457019800000069, 50.044143994000081 ], [ 14.45693800500004, 50.044158499000048 ] ] ] ] } },
{ "type": "Feature", "properties": { "objectid": 64923, "zps_id": "10760", "id_poskyt": 38, "shape_area_1": 0.0, "globalid": "{361EA7FB-049A-4803-A0FD-8F74220E20D6}", "shape_Length": 0.00042312302934664075, "shape_Area": 3.894436970200095e-09 }, "geometry": { "type": "MultiPolygon", "coordinates": [ [ [ [ 14.455595136000056, 50.044779143000028 ], [ 14.455592057000047, 50.04475952100006 ], [ 14.45540113900006, 50.044768598000076 ], [ 14.455404417000068, 50.044789471000058 ], [ 14.455595136000056, 50.044779143000028 ] ] ] ] } },
{ "type": "Feature", "properties": { "objectid": 64924, "zps_id": "11839", "id_poskyt": 38, "shape_area_1": 0.0, "globalid": "{363346EC-4B32-494C-848E-759C2955F7DC}", "shape_Length": 0.0005760670675502128, "shape_Area": 4.901233976909147e-09 }, "geometry": { "type": "MultiPolygon", "coordinates": [ [ [ [ 14.451261792000025, 50.046191315000044 ], [ 14.451260177000051, 50.046172766000041 ], [ 14.450990249000029, 50.046187643000053 ], [ 14.450992839000037, 50.046205250000071 ], [ 14.451261792000025, 50.046191315000044 ] ] ] ] } },
{ "type": "Feature", "properties": { "objectid": 64925, "zps_id": "10790", "id_poskyt": 38, "shape_area_1": 0.0, "globalid": "{83987EBB-D09C-4257-8D41-5AFC8C03EF97}", "shape_Length": 0.00048660312422298428, "shape_Area": 4.510599510047932e-09 }, "geometry": { "type": "MultiPolygon", "coordinates": [ [ [ [ 14.448562819000074, 50.047118879000038 ], [ 14.448581225000055, 50.047130796000033 ], [ 14.448770775000071, 50.047017287000074 ], [ 14.448750904000065, 50.047004523000055 ], [ 14.448562819000074, 50.047118879000038 ] ] ] ] } },
{ "type": "Feature", "properties": { "objectid": 64926, "zps_id": "10866", "id_poskyt": 38, "shape_area_1": 0.0, "globalid": "{F0D2B350-FBAF-4F84-A055-686BF2555AC5}", "shape_Length": 0.00053592207094589031, "shape_Area": 5.2152956188015587e-09 }, "geometry": { "type": "MultiPolygon", "coordinates": [ [ [ [ 14.434317318000069, 50.053779355000074 ], [ 14.43433450200007, 50.053763367000045 ], [ 14.434110760000067, 50.05366370400003 ], [ 14.434094041000037, 50.053679231000046 ], [ 14.434317318000069, 50.053779355000074 ] ] ] ] } },
{ "type": "Feature", "properties": { "objectid": 64927, "zps_id": "10891", "id_poskyt": 38, "shape_area_1": 0.0, "globalid": "{97982B86-0591-454D-BF8A-306EEEEA50C4}", "shape_Length": 0.00061439213339478833, "shape_Area": 1.3519796264139892e-08 }, "geometry": { "type": "MultiPolygon", "coordinates": [ [ [ [ 14.436764314000072, 50.054541766000057 ], [ 14.436819291000063, 50.054566123000029 ], [ 14.436848411000028, 50.054538659000059 ], [ 14.436990817000037, 50.054404938000062 ], [ 14.436959825000031, 50.054361774000029 ], [ 14.436764314000072, 50.054541766000057 ] ] ] ] } },
{ "type": "Feature", "properties": { "objectid": 64928, "zps_id": "10900", "id_poskyt": 38, "shape_area_1": 0.0, "globalid": "{82415FC5-8016-46EA-8DE3-BE73E81EAD6F}", "shape_Length": 0.00046735405318772203, "shape_Area": 4.1110217629821041e-09 }, "geometry": { "type": "MultiPolygon", "coordinates": [ [ [ [ 14.437441138000054, 50.055033177000041 ], [ 14.437458917000072, 50.055043136000052 ], [ 14.437627879000047, 50.054913379000027 ], [ 14.437608641000054, 50.054903056000057 ], [ 14.437441138000054, 50.055033177000041 ] ] ] ] } },
{ "type": "Feature", "properties": { "objectid": 64929, "zps_id": "10972", "id_poskyt": 38, "shape_area_1": 0.0, "globalid": "{01268AD2-F461-41A5-A2DE-B6F935ADF154}", "shape_Length": 0.00030714986748216411, "shape_Area": 5.6447514602763621e-09 }, "geometry": { "type": "MultiPolygon", "coordinates": [ [ [ [ 14.458607254000071, 50.09329346700008 ], [ 14.458678294000038, 50.093309698000041 ], [ 14.458717389000071, 50.093238847000066 ], [ 14.458646802000032, 50.093222810000043 ], [ 14.458607254000071, 50.09329346700008 ] ] ] ] } },
{ "type": "Feature", "properties": { "objectid": 64930, "zps_id": "10971", "id_poskyt": 38, "shape_area_1": 0.0, "globalid": "{3991B510-57C2-4673-966D-BB0FCCE186A0}", "shape_Length": 0.0003084314528432674, "shape_Area": 5.7101083404879078e-09 }, "geometry": { "type": "MultiPolygon", "coordinates": [ [ [ [ 14.457935063000036, 50.093144252000059 ], [ 14.458007709000071, 50.093160887000067 ], [ 14.458045170000048, 50.093089311000028 ], [ 14.457973709000044, 50.093074133000073 ], [ 14.457935063000036, 50.093144252000059 ] ] ] ] } },
{ "type": "Feature", "properties": { "objectid": 64931, "zps_id": "9199", "id_poskyt": 38, "shape_area_1": 0.0, "globalid": "{6A49FDA1-50D3-42C9-A66A-2942F645C81B}", "shape_Length": 0.00030216535875553078, "shape_Area": 5.26823210324227e-09 }, "geometry": { "type": "MultiPolygon", "coordinates": [ [ [ [ 14.446284375000062, 50.092787540000074 ], [ 14.446343145000071, 50.092801623000071 ], [ 14.446387314000049, 50.092722147000075 ], [ 14.446328426000036, 50.092708617000028 ], [ 14.446284375000062, 50.092787540000074 ] ] ] ] } },
{ "type": "Feature", "properties": { "objectid": 64932, "zps_id": "11002", "id_poskyt": 38, "shape_area_1": 0.0, "globalid": "{5656238F-A2AD-4BCC-8F5D-698EB280565D}", "shape_Length": 0.00030562586019160698, "shape_Area": 4.0628094060014486e-09 }, "geometry": { "type": "MultiPolygon", "coordinates": [ [ [ [ 14.419789668000021, 50.059305523000035 ], [ 14.419888337000032, 50.059308240000064 ], [ 14.419924804000061, 50.059269222000069 ], [ 14.419825349000064, 50.059265031000052 ], [ 14.419789668000021, 50.059305523000035 ] ] ] ] } },
{ "type": "Feature", "properties": { "objectid": 64933, "zps_id": "11009", "id_poskyt": 38, "shape_area_1": 0.0, "globalid": "{09FE17AF-FBCD-4D5C-AFEB-B6CD30518AFC}", "shape_Length": 0.00017575909875293633, "shape_Area": 1.6529836190993223e-09 }, "geometry": { "type": "MultiPolygon", "coordinates": [ [ [ [ 14.421329770000057, 50.059010647000036 ], [ 14.421357754000041, 50.059006620000048 ], [ 14.421338967000054, 50.058949673000029 ], [ 14.421311511000056, 50.05895373900006 ], [ 14.421329770000057, 50.059010647000036 ] ] ] ] } },
{ "type": "Feature", "properties": { "objectid": 64934, "zps_id": "11047", "id_poskyt": 38, "shape_area_1": 0.0, "globalid": "{BEEBF4DF-F4B8-49AB-A79B-A451A5761E53}", "shape_Length": 0.0004097733312942055, "shape_Area": 4.8429954590208506e-09 }, "geometry": { "type": "MultiPolygon", "coordinates": [ [ [ [ 14.422137885000041, 50.057129287000066 ], [ 14.422164855000062, 50.057127828000034 ], [ 14.422153136000077, 50.056950490000077 ], [ 14.422125663000031, 50.056952195000065 ], [ 14.422137885000041, 50.057129287000066 ] ] ] ] } },
{ "type": "Feature", "properties": { "objectid": 64935, "zps_id": "11059", "id_poskyt": 38, "shape_area_1": 0.0, "globalid": "{45D34F8B-9113-45A0-94DC-3B54E6648EFD}", "shape_Length": 0.00033014785440021056, "shape_Area": 3.4778568278963424e-09 }, "geometry": { "type": "MultiPolygon", "coordinates": [ [ [ [ 14.42279589900005, 50.058037100000035 ], [ 14.422820822000062, 50.058045880000066 ], [ 14.422913252000058, 50.057943340000065 ], [ 14.422886896000023, 50.057933818000038 ], [ 14.42279589900005, 50.058037100000035 ] ] ] ] } },
{ "type": "Feature", "properties": { "objectid": 64936, "zps_id": "11094", "id_poskyt": 38, "shape_area_1": 0.0, "globalid": "{12965043-B6A5-477E-BB9B-35AC125B7B7E}", "shape_Length": 0.00036064592969502749, "shape_Area": 3.1095339458758344e-09 }, "geometry": { "type": "MultiPolygon", "coordinates": [ [ [ [ 14.432595960000071, 50.055929289000062 ], [ 14.432613652000043, 50.055943280000065 ], [ 14.43275323000006, 50.055868369000052 ], [ 14.432737545000066, 50.055855745000031 ], [ 14.432595960000071, 50.055929289000062 ] ] ] ] } },
{ "type": "Feature", "properties": { "objectid": 64937, "zps_id": "11111", "id_poskyt": 38, "shape_area_1": 0.0, "globalid": "{7CECF25F-789D-4A02-9A61-D826CB8E217F}", "shape_Length": 0.00038060429841223588, "shape_Area": 3.0415010146182284e-09 }, "geometry": { "type": "MultiPolygon", "coordinates": [ [ [ [ 14.425178691000042, 50.055037550000065 ], [ 14.425350625000021, 50.055055644000049 ], [ 14.425354730000038, 50.055037939000044 ], [ 14.425183571000048, 50.055020720000073 ], [ 14.425178691000042, 50.055037550000065 ] ] ] ] } },
{ "type": "Feature", "properties": { "objectid": 64938, "zps_id": "11193", "id_poskyt": 38, "shape_area_1": 0.0, "globalid": "{DE2650C1-C57C-4897-94BE-95464EA8F4E4}", "shape_Length": 0.00035920420202553721, "shape_Area": 3.0169367902977582e-09 }, "geometry": { "type": "MultiPolygon", "coordinates": [ [ [ [ 14.428546469000025, 50.060088299000029 ], [ 14.428560968000056, 50.060102525000048 ], [ 14.428707140000029, 50.060038219000035 ], [ 14.428690935000077, 50.060024461000069 ], [ 14.428546469000025, 50.060088299000029 ] ] ] ] } },
{ "type": "Feature", "properties": { "objectid": 64939, "zps_id": "11202", "id_poskyt": 38, "shape_area_1": 0.0, "globalid": "{72D04B24-E52B-4B13-BD5C-93A0C3FC3E28}", "shape_Length": 0.00037786450525699716, "shape_Area": 3.3818992352099985e-09 }, "geometry": { "type": "MultiPolygon", "coordinates": [ [ [ [ 14.432178552000039, 50.058441058000028 ], [ 14.432196043000033, 50.058454678000032 ], [ 14.43234461000003, 50.058381216000043 ], [ 14.432329111000058, 50.058365993000052 ], [ 14.432178552000039, 50.058441058000028 ] ] ] ] } },
{ "type": "Feature", "properties": { "objectid": 64940, "zps_id": "11229", "id_poskyt": 38, "shape_area_1": 0.0, "globalid": "{94D6706C-B7C4-4606-9CCD-5BCCAEDA481F}", "shape_Length": 0.00036788849823144511, "shape_Area": 3.2009252248540131e-09 }, "geometry": { "type": "MultiPolygon", "coordinates": [ [ [ [ 14.430389322000053, 50.060222199000066 ], [ 14.430406682000068, 50.060235035000062 ], [ 14.430551347000062, 50.060162790000049 ], [ 14.430534241000032, 50.060148752000032 ], [ 14.430389322000053, 50.060222199000066 ] ] ] ] } },
{ "type": "Feature", "properties": { "objectid": 64941, "zps_id": "11266", "id_poskyt": 38, "shape_area_1": 0.0, "globalid": "{64431A09-88B1-40B3-BE1C-ED4789D2978C}", "shape_Length": 0.00030044577465967591, "shape_Area": 3.2346638995960158e-09 }, "geometry": { "type": "MultiPolygon", "coordinates": [ [ [ [ 14.434833566000066, 50.059846608000043 ], [ 14.434885580000071, 50.059806421000076 ], [ 14.434800678000045, 50.059809610000059 ], [ 14.434749124000064, 50.05984962000008 ], [ 14.434833566000066, 50.059846608000043 ] ] ] ] } },
{ "type": "Feature", "properties": { "objectid": 64942, "zps_id": "11276", "id_poskyt": 38, "shape_area_1": 0.0, "globalid": "{117EE952-8EE5-4CBF-90D7-1EF5CE1B56B2}", "shape_Length": 0.00024984452157478856, "shape_Area": 3.5926757951686824e-09 }, "geometry": { "type": "MultiPolygon", "coordinates": [ [ [ [ 14.434755748000043, 50.062023812000064 ], [ 14.43481339300007, 50.062052744000027 ], [ 14.434817595000027, 50.061992717000066 ], [ 14.434760032000042, 50.061963393000042 ], [ 14.434755748000043, 50.062023812000064 ] ] ] ] } },
{ "type": "Feature", "properties": { "objectid": 64943, "zps_id": "11286", "id_poskyt": 38, "shape_area_1": 0.0, "globalid": "{EEA17C76-60B1-455C-806B-CD57EEB1A9D9}", "shape_Length": 0.0002862188844295066, "shape_Area": 3.3908605786705145e-09 }, "geometry": { "type": "MultiPolygon", "coordinates": [ [ [ [ 14.435945485000047, 50.061153150000052 ], [ 14.435926390000077, 50.061264934000064 ], [ 14.435956215000033, 50.061266547000059 ], [ 14.435975872000029, 50.061155837000058 ], [ 14.435945485000047, 50.061153150000052 ] ] ] ] } },
{ "type": "Feature", "properties": { "objectid": 64944, "zps_id": "11307", "id_poskyt": 38, "shape_area_1": 0.0, "globalid": "{AE07D9A9-0EE9-4163-80FC-1CFA33C3D254}", "shape_Length": 0.0003192353819269398, "shape_Area": 4.8944468431920687e-09 }, "geometry": { "type": "MultiPolygon", "coordinates": [ [ [ [ 14.432958478000046, 50.063815391000048 ], [ 14.43298790800003, 50.063848907000079 ], [ 14.433096076000027, 50.063813579000055 ], [ 14.433062763000066, 50.063776780000069 ], [ 14.432958478000046, 50.063815391000048 ] ] ] ] } },
{ "type": "Feature", "properties": { "objectid": 64945, "zps_id": "11317", "id_poskyt": 38, "shape_area_1": 0.0, "globalid": "{C6BFEFBD-1D24-4B10-A836-61AD32BA3606}", "shape_Length": 0.0002867960500774504, "shape_Area": 3.4752943184076108e-09 }, "geometry": { "type": "MultiPolygon", "coordinates": [ [ [ [ 14.439926703000026, 50.06447189000005 ], [ 14.44000335800007, 50.064498325000045 ], [ 14.440060075000076, 50.064472229000046 ], [ 14.439982625000027, 50.064446158000067 ], [ 14.439926703000026, 50.06447189000005 ] ] ] ] } },
{ "type": "Feature", "properties": { "objectid": 64946, "zps_id": "21111", "id_poskyt": 38, "shape_area_1": 0.0, "globalid": "{38C80DE0-2DA8-4249-9D57-3AD7F3A42845}", "shape_Length": 0.00061070300675690155, "shape_Area": 5.2686344529442675e-09 }, "geometry": { "type": "MultiPolygon", "coordinates": [ [ [ [ 14.433660838000037, 50.064790206000055 ], [ 14.433668232000059, 50.064772872000049 ], [ 14.433386848000055, 50.064720677000025 ], [ 14.433379117000072, 50.064738254000076 ], [ 14.433579967000071, 50.064775010000062 ], [ 14.433660838000037, 50.064790206000055 ] ] ] ] } },
{ "type": "Feature", "properties": { "objectid": 64947, "zps_id": "11371", "id_poskyt": 38, "shape_area_1": 0.0, "globalid": "{FDA4ABC6-A3AC-4D73-B130-7EC0DC1B2E76}", "shape_Length": 0.00031859765934472308, "shape_Area": 3.6265738093960709e-09 }, "geometry": { "type": "MultiPolygon", "coordinates": [ [ [ [ 14.442497093000043, 50.063832528000034 ], [ 14.442523600000072, 50.063828037000064 ], [ 14.442474522000055, 50.063706569000033 ], [ 14.442445280000072, 50.063712315000032 ], [ 14.442497093000043, 50.063832528000034 ] ] ] ] } },
{ "type": "Feature", "properties": { "objectid": 64948, "zps_id": "11380", "id_poskyt": 38, "shape_area_1": 0.0, "globalid": "{0DBBA92B-9828-488F-BCB4-903CCD22DC3E}", "shape_Length": 0.00022160278480828606, "shape_Area": 2.8959772458451145e-09 }, "geometry": { "type": "MultiPolygon", "coordinates": [ [ [ [ 14.44047454400004, 50.062868938000065 ], [ 14.440542959000027, 50.062873916000058 ], [ 14.440549869000051, 50.06283122800005 ], [ 14.440482925000026, 50.062827078000055 ], [ 14.44047454400004, 50.062868938000065 ] ] ] ] } },
{ "type": "Feature", "properties": { "objectid": 64949, "zps_id": "11385", "id_poskyt": 38, "shape_area_1": 0.0, "globalid": "{44D1D17B-1DF1-4337-A37E-ADB5F14315E9}", "shape_Length": 0.00081254220472466113, "shape_Area": 8.6164884857423603e-09 }, "geometry": { "type": "MultiPolygon", "coordinates": [ [ [ [ 14.439016141000025, 50.06272331100007 ], [ 14.439020115000062, 50.062700982000081 ], [ 14.438637327000038, 50.06267383900007 ], [ 14.438633476000064, 50.062695980000058 ], [ 14.439016141000025, 50.06272331100007 ] ] ] ] } },
{ "type": "Feature", "properties": { "objectid": 64950, "zps_id": "11455", "id_poskyt": 38, "shape_area_1": 0.0, "globalid": "{FD21E234-69ED-4E8B-98D7-261489BFB4A2}", "shape_Length": 0.00026874438077984707, "shape_Area": 2.3648393315050394e-09 }, "geometry": { "type": "MultiPolygon", "coordinates": [ [ [ [ 14.445392341000058, 50.061956760000044 ], [ 14.445412234000059, 50.061969781000073 ], [ 14.445507917000043, 50.061914199000057 ], [ 14.445487143000037, 50.061901273000046 ], [ 14.445392341000058, 50.061956760000044 ] ] ] ] } },
{ "type": "Feature", "properties": { "objectid": 64951, "zps_id": "11457", "id_poskyt": 38, "shape_area_1": 0.0, "globalid": "{DA38F5B3-9842-4360-AC9B-7F5E8D6EBC11}", "shape_Length": 0.00021500794672878968, "shape_Area": 1.937689057091083e-09 }, "geometry": { "type": "MultiPolygon", "coordinates": [ [ [ [ 14.443887377000067, 50.062917934000041 ], [ 14.443906698000035, 50.062934689000031 ], [ 14.443980244000045, 50.062898762000032 ], [ 14.443960623000066, 50.06288182600008 ], [ 14.443887377000067, 50.062917934000041 ] ] ] ] } },
{ "type": "Feature", "properties": { "objectid": 64952, "zps_id": "20801", "id_poskyt": 38, "shape_area_1": 0.0, "globalid": "{11D52466-4B49-4A77-BA60-F9B4A82CAFB4}", "shape_Length": 0.00032879978177220362, "shape_Area": 5.0075634031841746e-09 }, "geometry": { "type": "MultiPolygon", "coordinates": [ [ [ [ 14.451618481000025, 50.060882598000035 ], [ 14.451739001000021, 50.060902317000057 ], [ 14.451754723000022, 50.06086347400003 ], [ 14.451633166000022, 50.060843663000071 ], [ 14.451618481000025, 50.060882598000035 ] ] ] ] } },
{ "type": "Feature", "properties": { "objectid": 64953, "zps_id": "4194", "id_poskyt": 38, "shape_area_1": 0.0, "globalid": "{5E356636-CBFB-4209-8991-49023D73E276}", "shape_Length": 0.00037584302227093396, "shape_Area": 3.2810833076650334e-09 }, "geometry": { "type": "MultiPolygon", "coordinates": [ [ [ [ 14.43087775500004, 50.088265592000027 ], [ 14.430880861000048, 50.088246164000054 ], [ 14.430712632000052, 50.088237982000066 ], [ 14.430709745000058, 50.088257293000026 ], [ 14.43087775500004, 50.088265592000027 ] ] ] ] } },
{ "type": "Feature", "properties": { "objectid": 64954, "zps_id": "11696", "id_poskyt": 38, "shape_area_1": 0.0, "globalid": "{08ACEB48-A463-4908-B8F6-6CBD41ACC6DB}", "shape_Length": 0.00040908754041240643, "shape_Area": 4.9802226115679509e-09 }, "geometry": { "type": "MultiPolygon", "coordinates": [ [ [ [ 14.451207554000064, 50.058142222000072 ], [ 14.451245258000029, 50.05827830700008 ], [ 14.451271817000077, 50.058275326000057 ], [ 14.451243883000075, 50.058163183000033 ], [ 14.451224678000074, 50.058103276000054 ], [ 14.451196765000077, 50.05811003000008 ], [ 14.451207554000064, 50.058142222000072 ] ] ] ] } },
{ "type": "Feature", "properties": { "objectid": 64955, "zps_id": "3782", "id_poskyt": 38, "shape_area_1": 0.0, "globalid": "{7830D84B-A63C-4C33-BB99-9241C18512D5}", "shape_Length": 0.00040795207850461801, "shape_Area": 4.0164293456765269e-09 }, "geometry": { "type": "MultiPolygon", "coordinates": [ [ [ [ 14.41723808100005, 50.08179969300005 ], [ 14.417250185000057, 50.081779428000061 ], [ 14.417075763000071, 50.081734623000045 ], [ 14.41706285600003, 50.081753820000074 ], [ 14.41723808100005, 50.08179969300005 ] ] ] ] } },
{ "type": "Feature", "properties": { "objectid": 64956, "zps_id": "12001", "id_poskyt": 38, "shape_area_1": 0.0, "globalid": "{9160D3E9-5C90-48CD-A49D-03900E3E47F1}", "shape_Length": 0.00022026605255798392, "shape_Area": 2.2975180149222286e-09 }, "geometry": { "type": "MultiPolygon", "coordinates": [ [ [ [ 14.417899840000075, 50.081485073000067 ], [ 14.417929094000044, 50.081493563000038 ], [ 14.417972821000035, 50.081426562000047 ], [ 14.417944311000042, 50.081418401000064 ], [ 14.417899840000075, 50.081485073000067 ] ] ] ] } },
{ "type": "Feature", "properties": { "objectid": 64957, "zps_id": "11719", "id_poskyt": 38, "shape_area_1": 0.0, "globalid": "{074C5072-7D4B-431E-AABD-93AB4F4739AD}", "shape_Length": 0.00038135347579981108, "shape_Area": 4.222234871703905e-09 }, "geometry": { "type": "MultiPolygon", "coordinates": [ [ [ [ 14.452875208000023, 50.053080353000041 ], [ 14.452902529000028, 50.053086677000067 ], [ 14.452995232000035, 50.052954305000071 ], [ 14.452970122000067, 50.052945335000061 ], [ 14.452875208000023, 50.053080353000041 ] ] ] ] } },
{ "type": "Feature", "properties": { "objectid": 64958, "zps_id": "11723", "id_poskyt": 38, "shape_area_1": 0.0, "globalid": "{6B773609-4B24-4623-AC35-5B9BD53A0AD0}", "shape_Length": 0.00027032841622420589, "shape_Area": 4.3385053726489764e-09 }, "geometry": { "type": "MultiPolygon", "coordinates": [ [ [ [ 14.454367274000049, 50.052087406000055 ], [ 14.45443126400005, 50.052104021000048 ], [ 14.45446860800007, 50.052046033000067 ], [ 14.45440465300004, 50.052029258000061 ], [ 14.454367274000049, 50.052087406000055 ] ] ] ] } },
{ "type": "Feature", "properties": { "objectid": 64959, "zps_id": "11747", "id_poskyt": 38, "shape_area_1": 0.0, "globalid": "{627C0BEE-6C96-41A2-B048-96F43F4F7541}", "shape_Length": 0.00058390201961881251, "shape_Area": 5.1985990946647789e-09 }, "geometry": { "type": "MultiPolygon", "coordinates": [ [ [ [ 14.450150626000038, 50.051771170000052 ], [ 14.450213082000062, 50.051782150000065 ], [ 14.450220578000028, 50.051763437000034 ], [ 14.45013545200004, 50.05174878300005 ], [ 14.449951920000046, 50.051717711000038 ], [ 14.44994471900003, 50.051735026000074 ], [ 14.450150626000038, 50.051771170000052 ] ] ] ] } },
{ "type": "Feature", "properties": { "objectid": 64960, "zps_id": "11749", "id_poskyt": 38, "shape_area_1": 0.0, "globalid": "{A8F04489-F24E-4C1C-9DBE-24DD0F82A3E6}", "shape_Length": 0.00052504066938131345, "shape_Area": 4.8047454893074364e-09 }, "geometry": { "type": "MultiPolygon", "coordinates": [ [ [ [ 14.449633088000041, 50.051719381000055 ], [ 14.449722550000047, 50.051745037000046 ], [ 14.449792956000067, 50.051761359000068 ], [ 14.449803537000037, 50.05174405200006 ], [ 14.44972382900005, 50.051724684000078 ], [ 14.449645640000028, 50.051701758000036 ], [ 14.449572, 50.051677255000072 ], [ 14.449559255000054, 50.05169214600005 ], [ 14.449633088000041, 50.051719381000055 ] ] ] ] } },
{ "type": "Feature", "properties": { "objectid": 64961, "zps_id": "11770", "id_poskyt": 38, "shape_area_1": 0.0, "globalid": "{D8827DF0-2F97-40BA-828E-9D176B5E6063}", "shape_Length": 0.00038558994210140013, "shape_Area": 3.2634167535717904e-09 }, "geometry": { "type": "MultiPolygon", "coordinates": [ [ [ [ 14.449700679000046, 50.049662514000033 ], [ 14.449870232000023, 50.04969499200007 ], [ 14.449879137000039, 50.049676558000044 ], [ 14.449707715000045, 50.049645629000054 ], [ 14.449700679000046, 50.049662514000033 ] ] ] ] } },
{ "type": "Feature", "properties": { "objectid": 64962, "zps_id": "11779", "id_poskyt": 38, "shape_area_1": 0.0, "globalid": "{38F59ECC-734C-42AE-9F4C-EA6214ED7E16}", "shape_Length": 0.0003994069749751181, "shape_Area": 4.5437601136091614e-09 }, "geometry": { "type": "MultiPolygon", "coordinates": [ [ [ [ 14.458297275000064, 50.050093710000056 ], [ 14.458302894000042, 50.050068388000057 ], [ 14.458129919000044, 50.050052544000039 ], [ 14.458124978000058, 50.050078925000037 ], [ 14.458297275000064, 50.050093710000056 ] ] ] ] } },
{ "type": "Feature", "properties": { "objectid": 64963, "zps_id": "20816", "id_poskyt": 38, "shape_area_1": 0.0, "globalid": "{E2933AF1-0C01-4DCB-8FEC-744C23E25707}", "shape_Length": 0.00039503947794479639, "shape_Area": 3.1568249779265483e-09 }, "geometry": { "type": "MultiPolygon", "coordinates": [ [ [ [ 14.45901370100006, 50.049158300000045 ], [ 14.459037637000051, 50.049165748000064 ], [ 14.45905556200006, 50.04917596100006 ], [ 14.459070661000055, 50.049160451000034 ], [ 14.459026415000039, 50.049145045000046 ], [ 14.458980524000026, 50.049135858000056 ], [ 14.458893042000057, 50.049125666000066 ], [ 14.458887571000048, 50.049143879000042 ], [ 14.45901370100006, 50.049158300000045 ] ] ] ] } },
{ "type": "Feature", "properties": { "objectid": 64964, "zps_id": "11781", "id_poskyt": 38, "shape_area_1": 0.0, "globalid": "{EDEA2086-1E85-4F33-9433-38315C6C4BB3}", "shape_Length": 0.00032682658622080942, "shape_Area": 3.4905814103773975e-09 }, "geometry": { "type": "MultiPolygon", "coordinates": [ [ [ [ 14.454645471000049, 50.048059601000034 ], [ 14.454638600000067, 50.048084841000048 ], [ 14.454775212000072, 50.048099456000045 ], [ 14.454782565000073, 50.04807525700005 ], [ 14.454645471000049, 50.048059601000034 ] ] ] ] } },
{ "type": "Feature", "properties": { "objectid": 64965, "zps_id": "11807", "id_poskyt": 38, "shape_area_1": 0.0, "globalid": "{9A63D38F-6BE6-42F2-9CFD-5A95163FC19C}", "shape_Length": 0.00022537658817846693, "shape_Area": 2.8725096250496159e-09 }, "geometry": { "type": "MultiPolygon", "coordinates": [ [ [ [ 14.461242483000035, 50.046090195000033 ], [ 14.461219229000051, 50.046053384000061 ], [ 14.461152170000048, 50.046071551000068 ], [ 14.461176493000039, 50.04610817400004 ], [ 14.461242483000035, 50.046090195000033 ] ] ] ] } },
{ "type": "Feature", "properties": { "objectid": 64966, "zps_id": "11811", "id_poskyt": 38, "shape_area_1": 0.0, "globalid": "{3E9C0A75-D830-4B76-A74C-754890760296}", "shape_Length": 0.00032181096330067107, "shape_Area": 5.0272515844172987e-09 }, "geometry": { "type": "MultiPolygon", "coordinates": [ [ [ [ 14.462050220000037, 50.045137178000061 ], [ 14.46215455600003, 50.045182170000032 ], [ 14.462188424000033, 50.045148186000063 ], [ 14.462086674000034, 50.045104012000081 ], [ 14.462050220000037, 50.045137178000061 ] ] ] ] } },
{ "type": "Feature", "properties": { "objectid": 64967, "zps_id": "11818", "id_poskyt": 38, "shape_area_1": 0.0, "globalid": "{87888455-FC45-4A10-8B0A-16974FAE25D7}", "shape_Length": 0.00031755710408224277, "shape_Area": 2.6778562053139912e-09 }, "geometry": { "type": "MultiPolygon", "coordinates": [ [ [ [ 14.462901617000057, 50.04411127000003 ], [ 14.462917438000034, 50.044096268000033 ], [ 14.462791078000066, 50.044041609000033 ], [ 14.462775923000038, 50.044055537000077 ], [ 14.462901617000057, 50.04411127000003 ] ] ] ] } },
{ "type": "Feature", "properties": { "objectid": 64968, "zps_id": "15581", "id_poskyt": 38, "shape_area_1": 0.0, "globalid": "{79B68A98-43AA-4483-AA0A-4F4E5E9D5C43}", "shape_Length": 0.00041504013542894387, "shape_Area": 3.8158898674330693e-09 }, "geometry": { "type": "MultiPolygon", "coordinates": [ [ [ [ 14.452498055000035, 50.054757059000053 ], [ 14.452509844000076, 50.054775088000042 ], [ 14.452689664000047, 50.054727398000068 ], [ 14.452677448000031, 50.054709313000046 ], [ 14.452498055000035, 50.054757059000053 ] ] ] ] } },
{ "type": "Feature", "properties": { "objectid": 64969, "zps_id": "11254", "id_poskyt": 38, "shape_area_1": 0.0, "globalid": "{73923112-032B-4513-B4AF-128094D0C738}", "shape_Length": 0.00036966949609848118, "shape_Area": 5.3351158231226379e-09 }, "geometry": { "type": "MultiPolygon", "coordinates": [ [ [ [ 14.432538186000045, 50.060338668000043 ], [ 14.432572665000066, 50.060356912000032 ], [ 14.432688695000024, 50.06027073100006 ], [ 14.432651839000073, 50.060250280000048 ], [ 14.432538186000045, 50.060338668000043 ] ] ] ] } },
{ "type": "Feature", "properties": { "objectid": 64970, "zps_id": "11370", "id_poskyt": 38, "shape_area_1": 0.0, "globalid": "{FFFE6EC2-9595-46EE-A1C6-7A2F4CE74281}", "shape_Length": 0.00039613982017136398, "shape_Area": 3.2383306752737407e-09 }, "geometry": { "type": "MultiPolygon", "coordinates": [ [ [ [ 14.443212777000042, 50.064149361000034 ], [ 14.443211955000038, 50.064130946000034 ], [ 14.443032015000028, 50.064130605000059 ], [ 14.443032583000047, 50.064148164000073 ], [ 14.443212777000042, 50.064149361000034 ] ] ] ] } },
{ "type": "Feature", "properties": { "objectid": 64971, "zps_id": "10470", "id_poskyt": 38, "shape_area_1": 0.0, "globalid": "{C2582C30-8B40-4715-A59E-A8B896E79259}", "shape_Length": 0.00020016122927882566, "shape_Area": 1.4602140963936614e-09 }, "geometry": { "type": "MultiPolygon", "coordinates": [ [ [ [ 14.442061523000064, 50.042987655000047 ], [ 14.442068736000067, 50.042970948000061 ], [ 14.44198788500006, 50.042957545000036 ], [ 14.441981057000078, 50.042974756000035 ], [ 14.442061523000064, 50.042987655000047 ] ] ] ] } },
{ "type": "Feature", "properties": { "objectid": 64972, "zps_id": "11845", "id_poskyt": 38, "shape_area_1": 0.0, "globalid": "{C7547E82-A017-4D61-A832-CC9542DB8B2D}", "shape_Length": 0.00071133250964722022, "shape_Area": 7.0651624077658772e-09 }, "geometry": { "type": "MultiPolygon", "coordinates": [ [ [ [ 14.441559873000074, 50.09267389200005 ], [ 14.441564205000077, 50.092653600000062 ], [ 14.441230833000077, 50.092623085000071 ], [ 14.441227082000069, 50.092644489000065 ], [ 14.441559873000074, 50.09267389200005 ] ] ] ] } },
{ "type": "Feature", "properties": { "objectid": 64973, "zps_id": "9180", "id_poskyt": 38, "shape_area_1": 0.0, "globalid": "{102D8DEC-8C67-4318-B989-4345E2B0AF57}", "shape_Length": 0.00033369666716999262, "shape_Area": 2.8730460981570227e-09 }, "geometry": { "type": "MultiPolygon", "coordinates": [ [ [ [ 14.440829609000048, 50.091750124000043 ], [ 14.44084004900003, 50.091732088000072 ], [ 14.440697589000024, 50.091699806000065 ], [ 14.440686991000064, 50.091717276000054 ], [ 14.440829609000048, 50.091750124000043 ] ] ] ] } },
{ "type": "Feature", "properties": { "objectid": 64974, "zps_id": "11847", "id_poskyt": 38, "shape_area_1": 0.0, "globalid": "{5D4E5899-C00B-4983-A2FA-92F899763CD3}", "shape_Length": 0.00030973078135716672, "shape_Area": 2.7470026623265261e-09 }, "geometry": { "type": "MultiPolygon", "coordinates": [ [ [ [ 14.441194385000074, 50.09174498200008 ], [ 14.441204304000053, 50.091725476000079 ], [ 14.441073574000029, 50.091697061000048 ], [ 14.441064217000076, 50.091715385000043 ], [ 14.441194385000074, 50.09174498200008 ] ] ] ] } },
{ "type": "Feature", "properties": { "objectid": 64975, "zps_id": "10250", "id_poskyt": 38, "shape_area_1": 0.0, "globalid": "{CEBDE939-86FC-4460-8FAB-AF342642E6B1}", "shape_Length": 0.00032833983156182588, "shape_Area": 2.9357598177568076e-09 }, "geometry": { "type": "MultiPolygon", "coordinates": [ [ [ [ 14.442601215000025, 50.092056838000076 ], [ 14.442610351000042, 50.092037298000037 ], [ 14.44247290900006, 50.092007150000029 ], [ 14.442460476000065, 50.092025019000062 ], [ 14.442601215000025, 50.092056838000076 ] ] ] ] } },
{ "type": "Feature", "properties": { "objectid": 64976, "zps_id": "9196", "id_poskyt": 38, "shape_area_1": 0.0, "globalid": "{2DDAE83A-32BA-416D-A685-5F5BEF56ACC5}", "shape_Length": 0.00042656165542845033, "shape_Area": 9.0498570441120456e-09 }, "geometry": { "type": "MultiPolygon", "coordinates": [ [ [ [ 14.44551404200007, 50.090866136000045 ], [ 14.445584169000028, 50.090872011000044 ], [ 14.445657266000069, 50.090749451000079 ], [ 14.445587388000035, 50.090743015000044 ], [ 14.44551404200007, 50.090866136000045 ] ] ] ] } },
{ "type": "Feature", "properties": { "objectid": 64977, "zps_id": "10147", "id_poskyt": 38, "shape_area_1": 0.0, "globalid": "{E0363D72-B581-4340-A235-BEEFEA17ADB9}", "shape_Length": 0.00018712524245617645, "shape_Area": 1.500056634301437e-09 }, "geometry": { "type": "MultiPolygon", "coordinates": [ [ [ [ 14.444746896000026, 50.09251123100006 ], [ 14.444736440000042, 50.092530282000041 ], [ 14.444806787000061, 50.092545708000046 ], [ 14.44481692100004, 50.092526519000046 ], [ 14.444746896000026, 50.09251123100006 ] ] ] ] } },
{ "type": "Feature", "properties": { "objectid": 64978, "zps_id": "10031", "id_poskyt": 38, "shape_area_1": 0.0, "globalid": "{7F1B05E7-6697-441B-9623-630DA058D220}", "shape_Length": 0.00024179186105855062, "shape_Area": 3.1100870350316571e-09 }, "geometry": { "type": "MultiPolygon", "coordinates": [ [ [ [ 14.448673769000038, 50.094136004000063 ], [ 14.448662513000045, 50.094090167000047 ], [ 14.448590514000045, 50.094073801000036 ], [ 14.448602782000023, 50.094120252000039 ], [ 14.448673769000038, 50.094136004000063 ] ] ] ] } },
{ "type": "Feature", "properties": { "objectid": 64979, "zps_id": "9924", "id_poskyt": 38, "shape_area_1": 0.0, "globalid": "{9FD5D042-D2D0-4D1F-A183-EC3967CFC3D8}", "shape_Length": 0.00021523752064559092, "shape_Area": 1.8032420845962748e-09 }, "geometry": { "type": "MultiPolygon", "coordinates": [ [ [ [ 14.451858402000028, 50.094201131000034 ], [ 14.451869694000038, 50.094181726000045 ], [ 14.451785546000053, 50.094163717000072 ], [ 14.451775296000051, 50.094182751000062 ], [ 14.451858402000028, 50.094201131000034 ] ] ] ] } },
{ "type": "Feature", "properties": { "objectid": 64980, "zps_id": "10121", "id_poskyt": 38, "shape_area_1": 0.0, "globalid": "{ED0CB4DC-0F1F-45CA-95AE-C23FB4496402}", "shape_Length": 0.00032239427220365701, "shape_Area": 2.659858363317587e-09 }, "geometry": { "type": "MultiPolygon", "coordinates": [ [ [ [ 14.451048952000065, 50.093927016000066 ], [ 14.451058534000026, 50.093910074000064 ], [ 14.450919503000023, 50.093878935000077 ], [ 14.450911224000038, 50.09389645400006 ], [ 14.451048952000065, 50.093927016000066 ] ] ] ] } },
{ "type": "Feature", "properties": { "objectid": 64981, "zps_id": "9828", "id_poskyt": 38, "shape_area_1": 0.0, "globalid": "{0411B08F-E4CD-4BA6-8B38-B8479F04713D}", "shape_Length": 0.00025196646352666622, "shape_Area": 2.8018159538033844e-09 }, "geometry": { "type": "MultiPolygon", "coordinates": [ [ [ [ 14.448516477000055, 50.092137833000038 ], [ 14.448546367000063, 50.092143929000031 ], [ 14.448590406000051, 50.092059494000068 ], [ 14.448560843000053, 50.092052792000061 ], [ 14.448516477000055, 50.092137833000038 ] ] ] ] } },
{ "type": "Feature", "properties": { "objectid": 64982, "zps_id": "10245", "id_poskyt": 38, "shape_area_1": 0.0, "globalid": "{F17E5844-380D-4FAA-B1AB-79374944DA34}", "shape_Length": 0.00027023421448065156, "shape_Area": 3.2899678345278485e-09 }, "geometry": { "type": "MultiPolygon", "coordinates": [ [ [ [ 14.448136271000067, 50.093044675000044 ], [ 14.448088485000028, 50.093134497000051 ], [ 14.448121943000046, 50.093141334000052 ], [ 14.448168811000073, 50.093051841000033 ], [ 14.448136271000067, 50.093044675000044 ] ] ] ] } },
{ "type": "Feature", "properties": { "objectid": 64983, "zps_id": "10251", "id_poskyt": 38, "shape_area_1": 0.0, "globalid": "{944C3D1D-2F43-455D-86BF-9E5DEBF46129}", "shape_Length": 0.00028406974885401609, "shape_Area": 4.1620166346061256e-09 }, "geometry": { "type": "MultiPolygon", "coordinates": [ [ [ [ 14.44951526400007, 50.090416621000031 ], [ 14.449584387000073, 50.090410399000064 ], [ 14.449619422000069, 50.090346397000076 ], [ 14.449549943000022, 50.090353704000051 ], [ 14.44951526400007, 50.090416621000031 ] ] ] ] } },
{ "type": "Feature", "properties": { "objectid": 64984, "zps_id": "9874", "id_poskyt": 38, "shape_area_1": 0.0, "globalid": "{3CD1502D-B6F9-43A9-B498-D82A08DA6498}", "shape_Length": 0.00037058642678680003, "shape_Area": 5.5429482804900408e-09 }, "geometry": { "type": "MultiPolygon", "coordinates": [ [ [ [ 14.453117390000045, 50.093003702000033 ], [ 14.453234635000058, 50.093029693000062 ], [ 14.45328951700003, 50.092994807000082 ], [ 14.453171138000073, 50.09296856900005 ], [ 14.453117390000045, 50.093003702000033 ] ] ] ] } },
{ "type": "Feature", "properties": { "objectid": 64985, "zps_id": "10259", "id_poskyt": 38, "shape_area_1": 0.0, "globalid": "{849F1E26-B75B-45BE-BF78-94082B9B281E}", "shape_Length": 0.00019534747223193071, "shape_Area": 1.705654741517437e-09 }, "geometry": { "type": "MultiPolygon", "coordinates": [ [ [ [ 14.452758571000061, 50.092834917000062 ], [ 14.452830971000026, 50.092850845000044 ], [ 14.452842152000073, 50.092829306000056 ], [ 14.452771262000056, 50.092814039000075 ], [ 14.452758571000061, 50.092834917000062 ] ] ] ] } },
{ "type": "Feature", "properties": { "objectid": 64986, "zps_id": "9812", "id_poskyt": 38, "shape_area_1": 0.0, "globalid": "{522E6E12-C461-4522-9E40-A0991AEB393C}", "shape_Length": 0.00025939141386488175, "shape_Area": 2.6734401996394405e-09 }, "geometry": { "type": "MultiPolygon", "coordinates": [ [ [ [ 14.454967284000077, 50.094504746000041 ], [ 14.454992788000027, 50.094510373000048 ], [ 14.455038751000075, 50.094417803000056 ], [ 14.455011735000028, 50.094412507000072 ], [ 14.454967284000077, 50.094504746000041 ] ] ] ] } },
{ "type": "Feature", "properties": { "objectid": 64987, "zps_id": "9855", "id_poskyt": 38, "shape_area_1": 0.0, "globalid": "{4F8226C5-2555-4F3E-B9E2-244CF7FF28A6}", "shape_Length": 0.00022029172550600757, "shape_Area": 1.9997726493227935e-09 }, "geometry": { "type": "MultiPolygon", "coordinates": [ [ [ [ 14.455575331000034, 50.093451887000072 ], [ 14.455658798000059, 50.093471032000082 ], [ 14.455670830000031, 50.093449459000055 ], [ 14.455586643000061, 50.093430986000044 ], [ 14.455575331000034, 50.093451887000072 ] ] ] ] } },
{ "type": "Feature", "properties": { "objectid": 64988, "zps_id": "9976", "id_poskyt": 38, "shape_area_1": 0.0, "globalid": "{7B9998EF-1279-4503-BAF6-554B2F8A5CDC}", "shape_Length": 0.00040611974626154733, "shape_Area": 4.0121861880421724e-09 }, "geometry": { "type": "MultiPolygon", "coordinates": [ [ [ [ 14.45606841700004, 50.095045557000049 ], [ 14.456079557000066, 50.095025386000032 ], [ 14.455904189000023, 50.094986663000043 ], [ 14.455892641000048, 50.095007217000045 ], [ 14.45606841700004, 50.095045557000049 ] ] ] ] } },
{ "type": "Feature", "properties": { "objectid": 64989, "zps_id": "11854", "id_poskyt": 38, "shape_area_1": 0.0, "globalid": "{77C5632A-A8FB-4D70-99F8-9A5F5BDBA510}", "shape_Length": 0.00040556137350990126, "shape_Area": 8.3225365224040651e-09 }, "geometry": { "type": "MultiPolygon", "coordinates": [ [ [ [ 14.463700412000037, 50.093756490000032 ], [ 14.463762462000034, 50.093768903000068 ], [ 14.463826980000022, 50.093644298000072 ], [ 14.46376925800007, 50.093631368000047 ], [ 14.463700412000037, 50.093756490000032 ] ] ] ] } },
{ "type": "Feature", "properties": { "objectid": 64990, "zps_id": "9266", "id_poskyt": 38, "shape_area_1": 0.0, "globalid": "{F787C702-CAC0-4D91-9F56-228D2B1EC3E4}", "shape_Length": 0.00036795711788449218, "shape_Area": 3.6063008663130225e-09 }, "geometry": { "type": "MultiPolygon", "coordinates": [ [ [ [ 14.466899773000023, 50.098615156000051 ], [ 14.466915116000052, 50.098598158000073 ], [ 14.466769677000059, 50.09853256100007 ], [ 14.466752586000041, 50.098550412000066 ], [ 14.466899773000023, 50.098615156000051 ] ] ] ] } },
{ "type": "Feature", "properties": { "objectid": 64991, "zps_id": "11857", "id_poskyt": 38, "shape_area_1": 0.0, "globalid": "{3A8413AE-1263-496C-BD81-6884B1CBF8DA}", "shape_Length": 0.00045603167505655121, "shape_Area": 4.4710702438234614e-09 }, "geometry": { "type": "MultiPolygon", "coordinates": [ [ [ [ 14.473173533000022, 50.101229165000063 ], [ 14.473193671000047, 50.101215356000068 ], [ 14.473017568000046, 50.101110134000066 ], [ 14.47299930500003, 50.101124352000056 ], [ 14.473173533000022, 50.101229165000063 ] ] ] ] } },
{ "type": "Feature", "properties": { "objectid": 64992, "zps_id": "10137", "id_poskyt": 38, "shape_area_1": 0.0, "globalid": "{BF7571A9-E9BB-481C-B58A-6E98BC1D710B}", "shape_Length": 0.00038822253135815054, "shape_Area": 4.3459797021490076e-09 }, "geometry": { "type": "MultiPolygon", "coordinates": [ [ [ [ 14.474522714000045, 50.102671864000058 ], [ 14.474549722000063, 50.102681265000058 ], [ 14.474661887000025, 50.102559761000066 ], [ 14.474635135000028, 50.102550011000062 ], [ 14.474522714000045, 50.102671864000058 ] ] ] ] } },
{ "type": "Feature", "properties": { "objectid": 64993, "zps_id": "9777", "id_poskyt": 38, "shape_area_1": 0.0, "globalid": "{506C69D1-1BC1-4A3E-92D2-B3B6D5589A64}", "shape_Length": 0.00034438214310384432, "shape_Area": 2.934013191618382e-09 }, "geometry": { "type": "MultiPolygon", "coordinates": [ [ [ [ 14.476718669000036, 50.106009695000068 ], [ 14.476723800000059, 50.106027878000077 ], [ 14.476874536000025, 50.106009664000055 ], [ 14.476871367000058, 50.105990201000054 ], [ 14.476718669000036, 50.106009695000068 ] ] ] ] } },
{ "type": "Feature", "properties": { "objectid": 64994, "zps_id": "11860", "id_poskyt": 38, "shape_area_1": 0.0, "globalid": "{A979FAE3-6DBA-4E99-B5F7-12BABB603313}", "shape_Length": 0.00046784086130095544, "shape_Area": 5.3152468837941281e-09 }, "geometry": { "type": "MultiPolygon", "coordinates": [ [ [ [ 14.47054113300004, 50.105143991000034 ], [ 14.470597511000051, 50.105227917000036 ], [ 14.470623642000078, 50.105221426000071 ], [ 14.47056729600007, 50.105135822000079 ], [ 14.470499707000045, 50.105054057000075 ], [ 14.470474479000075, 50.105063986000062 ], [ 14.47054113300004, 50.105143991000034 ] ] ] ] } },
{ "type": "Feature", "properties": { "objectid": 64995, "zps_id": "10311", "id_poskyt": 38, "shape_area_1": 0.0, "globalid": "{9AFE0886-7E6F-41AB-898F-13038BF7F33E}", "shape_Length": 0.00038232554330332831, "shape_Area": 3.4425759630025834e-09 }, "geometry": { "type": "MultiPolygon", "coordinates": [ [ [ [ 14.475373801000046, 50.106479098000079 ], [ 14.475439993000066, 50.106472864000068 ], [ 14.475467438000067, 50.106461458000069 ], [ 14.475489383000024, 50.10644830800004 ], [ 14.47547462600005, 50.10643318800004 ], [ 14.475441448000026, 50.106451375000063 ], [ 14.475404850000075, 50.106456195000078 ], [ 14.475315177000027, 50.106462630000067 ], [ 14.475317199000074, 50.106480649000048 ], [ 14.475373801000046, 50.106479098000079 ] ] ] ] } },
{ "type": "Feature", "properties": { "objectid": 64996, "zps_id": "9906", "id_poskyt": 38, "shape_area_1": 0.0, "globalid": "{8F03C865-BA97-49B2-B718-3C8D1A97FF4D}", "shape_Length": 0.00034339217388276841, "shape_Area": 2.7653776463670615e-09 }, "geometry": { "type": "MultiPolygon", "coordinates": [ [ [ [ 14.473482435000051, 50.110372936000033 ], [ 14.473483533000035, 50.11035505600006 ], [ 14.473329939000052, 50.110349908000046 ], [ 14.473328804000062, 50.11036795900003 ], [ 14.473482435000051, 50.110372936000033 ] ] ] ] } },
{ "type": "Feature", "properties": { "objectid": 64997, "zps_id": "9419", "id_poskyt": 38, "shape_area_1": 0.0, "globalid": "{9F556EBB-8860-4B08-84F4-176A972511B7}", "shape_Length": 0.00034143075240685393, "shape_Area": 3.1653911935427969e-09 }, "geometry": { "type": "MultiPolygon", "coordinates": [ [ [ [ 14.444893328000035, 50.123952984000027 ], [ 14.445029281000075, 50.124011096000061 ], [ 14.445045410000034, 50.123994396000057 ], [ 14.444909639000059, 50.123936890000039 ], [ 14.444893328000035, 50.123952984000027 ] ] ] ] } },
{ "type": "Feature", "properties": { "objectid": 64998, "zps_id": "11871", "id_poskyt": 38, "shape_area_1": 0.0, "globalid": "{F91B6CAF-C971-46FB-B5ED-C1EB2C3AEBB9}", "shape_Length": 0.00026225919505925243, "shape_Area": 2.4541244023983791e-09 }, "geometry": { "type": "MultiPolygon", "coordinates": [ [ [ [ 14.445911447000071, 50.123522277000063 ], [ 14.445918887000062, 50.12349959200003 ], [ 14.445810393000045, 50.123489273000075 ], [ 14.445804999000075, 50.123510967000072 ], [ 14.445911447000071, 50.123522277000063 ] ] ] ] } },
{ "type": "Feature", "properties": { "objectid": 64999, "zps_id": "11875", "id_poskyt": 38, "shape_area_1": 0.0, "globalid": "{FBE22BE3-4684-4F9D-A62C-9AB762B29F6B}", "shape_Length": 0.00030429764415738816, "shape_Area": 4.6430009849666749e-09 }, "geometry": { "type": "MultiPolygon", "coordinates": [ [ [ [ 14.45275642200005, 50.123638018000065 ], [ 14.452798564000034, 50.123636998000052 ], [ 14.452795812000033, 50.123527507000063 ], [ 14.452753461000043, 50.123527792000061 ], [ 14.45275642200005, 50.123638018000065 ] ] ] ] } },
{ "type": "Feature", "properties": { "objectid": 65000, "zps_id": "9445", "id_poskyt": 38, "shape_area_1": 0.0, "globalid": "{5E20292F-563D-4478-A9C8-FE7AAE5AADAF}", "shape_Length": 0.00026563593308708683, "shape_Area": 2.9451909583474511e-09 }, "geometry": { "type": "MultiPolygon", "coordinates": [ [ [ [ 14.454677444000026, 50.123931157000072 ], [ 14.454704690000028, 50.123935838000079 ], [ 14.454729711000027, 50.123833053000055 ], [ 14.454700625000044, 50.123830770000041 ], [ 14.454677444000026, 50.123931157000072 ] ] ] ] } },
{ "type": "Feature", "properties": { "objectid": 65001, "zps_id": "9712", "id_poskyt": 38, "shape_area_1": 0.0, "globalid": "{427F4E8F-3A0E-4D15-8FB3-35BA1EA7558A}", "shape_Length": 0.00032043807183135069, "shape_Area": 2.5811547326349161e-09 }, "geometry": { "type": "MultiPolygon", "coordinates": [ [ [ [ 14.455364262000046, 50.122489757000039 ], [ 14.455377231000057, 50.12250485800007 ], [ 14.455510528000048, 50.122461043000044 ], [ 14.455497559000037, 50.12244594200007 ], [ 14.455364262000046, 50.122489757000039 ] ] ] ] } },
{ "type": "Feature", "properties": { "objectid": 65002, "zps_id": "11877", "id_poskyt": 38, "shape_area_1": 0.0, "globalid": "{E262C52E-2BE7-478D-A96C-49D797D80A26}", "shape_Length": 0.00036767306365233037, "shape_Area": 3.3495781065183219e-09 }, "geometry": { "type": "MultiPolygon", "coordinates": [ [ [ [ 14.455879673000027, 50.122308456000042 ], [ 14.455893640000056, 50.12232576100007 ], [ 14.456047716000057, 50.122277633000067 ], [ 14.456034158000023, 50.122260121000068 ], [ 14.455879673000027, 50.122308456000042 ] ] ] ] } },
{ "type": "Feature", "properties": { "objectid": 65003, "zps_id": "11878", "id_poskyt": 38, "shape_area_1": 0.0, "globalid": "{44444045-5AF6-42D8-9140-0F692464907E}", "shape_Length": 0.00022175275336381488, "shape_Area": 2.9095020112174949e-09 }, "geometry": { "type": "MultiPolygon", "coordinates": [ [ [ [ 14.459849779000024, 50.121392380000032 ], [ 14.459879074000071, 50.121432987000048 ], [ 14.45993625400007, 50.12141532000004 ], [ 14.459908112000051, 50.121373399000049 ], [ 14.459849779000024, 50.121392380000032 ] ] ] ] } },
{ "type": "Feature", "properties": { "objectid": 65004, "zps_id": "9521", "id_poskyt": 38, "shape_area_1": 0.0, "globalid": "{546A8235-7B48-4907-A34D-DE2D2E51B807}", "shape_Length": 0.00034154993339067196, "shape_Area": 2.9071821614436746e-09 }, "geometry": { "type": "MultiPolygon", "coordinates": [ [ [ [ 14.459207499000058, 50.12344031300006 ], [ 14.459279363000064, 50.123443098000052 ], [ 14.459281830000066, 50.123424638000074 ], [ 14.459207221000042, 50.123420904000056 ], [ 14.459128479000071, 50.123421050000047 ], [ 14.459129168000061, 50.12344027000006 ], [ 14.459207499000058, 50.12344031300006 ] ] ] ] } },
{ "type": "Feature", "properties": { "objectid": 65005, "zps_id": "10106", "id_poskyt": 38, "shape_area_1": 0.0, "globalid": "{EBD43A38-22CB-4DDB-B559-F1EDA02CB0E3}", "shape_Length": 0.0003169382805685763, "shape_Area": 3.446853550286857e-09 }, "geometry": { "type": "MultiPolygon", "coordinates": [ [ [ [ 14.460054458000059, 50.124023821000037 ], [ 14.460081470000034, 50.124029605000032 ], [ 14.460142355000073, 50.123913807000065 ], [ 14.460116334000077, 50.123907539000072 ], [ 14.460054458000059, 50.124023821000037 ] ] ] ] } },
{ "type": "Feature", "properties": { "objectid": 65006, "zps_id": "9704", "id_poskyt": 38, "shape_area_1": 0.0, "globalid": "{A394FE1E-16E8-4083-990D-E09B2F5497B2}", "shape_Length": 0.00033167526621888464, "shape_Area": 2.8283816589780254e-09 }, "geometry": { "type": "MultiPolygon", "coordinates": [ [ [ [ 14.460191642000041, 50.125117079000063 ], [ 14.460201432000076, 50.125099375000048 ], [ 14.460058900000035, 50.12506826300006 ], [ 14.460049580000032, 50.125086146000058 ], [ 14.460191642000041, 50.125117079000063 ] ] ] ] } },
{ "type": "Feature", "properties": { "objectid": 65007, "zps_id": "11884", "id_poskyt": 38, "shape_area_1": 0.0, "globalid": "{22737E20-9BF1-4788-8070-B94456490403}", "shape_Length": 0.00020351291281213234, "shape_Area": 2.2337145735308151e-09 }, "geometry": { "type": "MultiPolygon", "coordinates": [ [ [ [ 14.456933419000052, 50.126379114000031 ], [ 14.456966884000053, 50.126387737000073 ], [ 14.456997955000077, 50.12632691400006 ], [ 14.456965005000029, 50.12632003300007 ], [ 14.456933419000052, 50.126379114000031 ] ] ] ] } },
{ "type": "Feature", "properties": { "objectid": 65008, "zps_id": "9703", "id_poskyt": 38, "shape_area_1": 0.0, "globalid": "{25022B59-7CFB-42BA-9BBE-1F454D219481}", "shape_Length": 0.00023989438587079093, "shape_Area": 1.9703277843274808e-09 }, "geometry": { "type": "MultiPolygon", "coordinates": [ [ [ [ 14.456598144000054, 50.127357008000047 ], [ 14.45669444400005, 50.12738093400003 ], [ 14.456704175000027, 50.127362905000041 ], [ 14.456607115000054, 50.127338912000027 ], [ 14.456598144000054, 50.127357008000047 ] ] ] ] } },
{ "type": "Feature", "properties": { "objectid": 65009, "zps_id": "9529", "id_poskyt": 38, "shape_area_1": 0.0, "globalid": "{1FC0E793-3942-42E7-B910-AE0610E4719E}", "shape_Length": 0.0002285918022058548, "shape_Area": 3.0177357805234281e-09 }, "geometry": { "type": "MultiPolygon", "coordinates": [ [ [ [ 14.457968141000038, 50.125776253000026 ], [ 14.458034501000043, 50.125792747000048 ], [ 14.458057205000046, 50.125753602000032 ], [ 14.457989898000051, 50.125736325000048 ], [ 14.457968141000038, 50.125776253000026 ] ] ] ] } },
{ "type": "Feature", "properties": { "objectid": 65010, "zps_id": "11887", "id_poskyt": 38, "shape_area_1": 0.0, "globalid": "{AEC29454-8808-48BC-96CA-644C3AE88FF3}", "shape_Length": 0.00017354315964852516, "shape_Area": 1.5597616161266868e-09 }, "geometry": { "type": "MultiPolygon", "coordinates": [ [ [ [ 14.461449156000072, 50.129189232000044 ], [ 14.461506709000048, 50.129203957000072 ], [ 14.461520979000056, 50.12918019600005 ], [ 14.461463942000023, 50.129165904000047 ], [ 14.461449156000072, 50.129189232000044 ] ] ] ] } },
{ "type": "Feature", "properties": { "objectid": 65011, "zps_id": "11888", "id_poskyt": 38, "shape_area_1": 0.0, "globalid": "{7578C682-4560-4390-A4EF-F682C03E652A}", "shape_Length": 0.00018542189042054363, "shape_Area": 1.9005202802882431e-09 }, "geometry": { "type": "MultiPolygon", "coordinates": [ [ [ [ 14.461406835000048, 50.129274176000081 ], [ 14.461464343000046, 50.129289098000072 ], [ 14.461481598000034, 50.129259881000053 ], [ 14.461424824000062, 50.129245813000068 ], [ 14.461406835000048, 50.129274176000081 ] ] ] ] } },
{ "type": "Feature", "properties": { "objectid": 65012, "zps_id": "9647", "id_poskyt": 38, "shape_area_1": 0.0, "globalid": "{1505895F-527B-4714-9BEA-21C02AB92EE3}", "shape_Length": 0.00049953039183086776, "shape_Area": 4.6134875330695638e-09 }, "geometry": { "type": "MultiPolygon", "coordinates": [ [ [ [ 14.465696223000066, 50.130389681000054 ], [ 14.465706447000059, 50.130371977000038 ], [ 14.46548346000003, 50.130317600000069 ], [ 14.465474110000059, 50.13033663200008 ], [ 14.465696223000066, 50.130389681000054 ] ] ] ] } },
{ "type": "Feature", "properties": { "objectid": 65013, "zps_id": "9790", "id_poskyt": 38, "shape_area_1": 0.0, "globalid": "{5073B01B-04F2-4940-874D-EF778A15C860}", "shape_Length": 0.00026579706357284243, "shape_Area": 4.2739035591395258e-09 }, "geometry": { "type": "MultiPolygon", "coordinates": [ [ [ [ 14.467606271000022, 50.128666963000057 ], [ 14.467653415000029, 50.128717615000028 ], [ 14.467687630000057, 50.128660788000047 ], [ 14.467639293000047, 50.128613624000081 ], [ 14.467606271000022, 50.128666963000057 ] ] ] ] } },
{ "type": "Feature", "properties": { "objectid": 65014, "zps_id": "10215", "id_poskyt": 38, "shape_area_1": 0.0, "globalid": "{109D447D-A8BE-4099-AF51-4F469F84C13B}", "shape_Length": 0.00023798044153627105, "shape_Area": 2.3523630149775572e-09 }, "geometry": { "type": "MultiPolygon", "coordinates": [ [ [ [ 14.467214308000052, 50.127449046000038 ], [ 14.467268260000026, 50.127462238000078 ], [ 14.467324320000046, 50.12743307900007 ], [ 14.467270702000064, 50.127419118000034 ], [ 14.467214308000052, 50.127449046000038 ] ] ] ] } },
{ "type": "Feature", "properties": { "objectid": 65015, "zps_id": "11908", "id_poskyt": 38, "shape_area_1": 0.0, "globalid": "{578B685C-114E-4E46-9537-74B6613D02FC}", "shape_Length": 0.00040578566704383209, "shape_Area": 4.6326410770843497e-09 }, "geometry": { "type": "MultiPolygon", "coordinates": [ [ [ [ 14.468979858000068, 50.12649394500005 ], [ 14.468983846000071, 50.126467734000073 ], [ 14.468808587000069, 50.126455035000049 ], [ 14.468803106000053, 50.126480770000057 ], [ 14.468979858000068, 50.12649394500005 ] ] ] ] } },
{ "type": "Feature", "properties": { "objectid": 65016, "zps_id": "10284", "id_poskyt": 38, "shape_area_1": 0.0, "globalid": "{96A8E947-F343-426B-AC7C-03AC9560952A}", "shape_Length": 0.00018522453366548043, "shape_Area": 1.6413717536203812e-09 }, "geometry": { "type": "MultiPolygon", "coordinates": [ [ [ [ 14.470420601000058, 50.128185089000056 ], [ 14.470434173000058, 50.128162997000061 ], [ 14.470368888000053, 50.128146796000067 ], [ 14.470355964000078, 50.128168564000077 ], [ 14.470420601000058, 50.128185089000056 ] ] ] ] } },
{ "type": "Feature", "properties": { "objectid": 65017, "zps_id": "10230", "id_poskyt": 38, "shape_area_1": 0.0, "globalid": "{07B53525-52DF-4A85-81A6-F64E0401F545}", "shape_Length": 0.00018512471557136583, "shape_Area": 1.7472890501974527e-09 }, "geometry": { "type": "MultiPolygon", "coordinates": [ [ [ [ 14.469315112000061, 50.130046004000064 ], [ 14.469329875000028, 50.130021032000059 ], [ 14.46926707700004, 50.130006473000037 ], [ 14.469253234000064, 50.130030710000028 ], [ 14.469315112000061, 50.130046004000064 ] ] ] ] } },
{ "type": "Feature", "properties": { "objectid": 65018, "zps_id": "9625", "id_poskyt": 38, "shape_area_1": 0.0, "globalid": "{34EEDAD6-67E1-42C3-8624-57718A5182A5}", "shape_Length": 0.00025726124116980776, "shape_Area": 3.6655138145151711e-09 }, "geometry": { "type": "MultiPolygon", "coordinates": [ [ [ [ 14.476022995000051, 50.130931474000079 ], [ 14.476091928000073, 50.130947666000054 ], [ 14.47612889100003, 50.130903021000051 ], [ 14.476061277000042, 50.130886673000077 ], [ 14.476022995000051, 50.130931474000079 ] ] ] ] } },
{ "type": "Feature", "properties": { "objectid": 65019, "zps_id": "10006", "id_poskyt": 38, "shape_area_1": 0.0, "globalid": "{FD729A60-40EA-404D-A4E8-E7B7DEA081CB}", "shape_Length": 0.00022767880111867756, "shape_Area": 2.9295783486369085e-09 }, "geometry": { "type": "MultiPolygon", "coordinates": [ [ [ [ 14.478522582000039, 50.129210909000051 ], [ 14.478549153000074, 50.129174223000064 ], [ 14.478482280000037, 50.129154865000032 ], [ 14.478457153000022, 50.129191669000079 ], [ 14.478522582000039, 50.129210909000051 ] ] ] ] } },
{ "type": "Feature", "properties": { "objectid": 65020, "zps_id": "8815", "id_poskyt": 38, "shape_area_1": 0.0, "globalid": "{7A98D074-E630-42EC-BE25-06CCDA1202C2}", "shape_Length": 0.00019424863859587307, "shape_Area": 1.5234612939306593e-09 }, "geometry": { "type": "MultiPolygon", "coordinates": [ [ [ [ 14.40770808700006, 50.10429578600008 ], [ 14.407630961000052, 50.104288044000043 ], [ 14.407626805000064, 50.104307444000028 ], [ 14.407703401000049, 50.10431514000004 ], [ 14.40770808700006, 50.10429578600008 ] ] ] ] } },
{ "type": "Feature", "properties": { "objectid": 65021, "zps_id": "8800", "id_poskyt": 38, "shape_area_1": 0.0, "globalid": "{5F6724A9-8EE3-4913-846C-2E1CC5750E46}", "shape_Length": 0.00017003172945534166, "shape_Area": 1.3659796491534129e-09 }, "geometry": { "type": "MultiPolygon", "coordinates": [ [ [ [ 14.401693476000048, 50.098092831000031 ], [ 14.40175516100004, 50.098083952000081 ], [ 14.401748510000061, 50.098063042000035 ], [ 14.401685683000039, 50.098071918000073 ], [ 14.401693476000048, 50.098092831000031 ] ] ] ] } },
{ "type": "Feature", "properties": { "objectid": 65022, "zps_id": "10427", "id_poskyt": 38, "shape_area_1": 0.0, "globalid": "{26B0E9D3-4DF0-4229-98AD-891DF41905CF}", "shape_Length": 0.00030059193255526902, "shape_Area": 3.7252271721451167e-09 }, "geometry": { "type": "MultiPolygon", "coordinates": [ [ [ [ 14.444468924000034, 50.041708347000053 ], [ 14.444544845000053, 50.041722456000059 ], [ 14.444607145000077, 50.041682678000029 ], [ 14.444526922000023, 50.04167188200006 ], [ 14.444468924000034, 50.041708347000053 ] ] ] ] } },
{ "type": "Feature", "properties": { "objectid": 65023, "zps_id": "8694", "id_poskyt": 38, "shape_area_1": 0.0, "globalid": "{0156BE72-0E19-4374-B17A-350817877A2E}", "shape_Length": 0.00019177558411541084, "shape_Area": 1.679123318614526e-09 }, "geometry": { "type": "MultiPolygon", "coordinates": [ [ [ [ 14.399246319000042, 50.102057478000063 ], [ 14.399316126000031, 50.102075187000025 ], [ 14.399328198000035, 50.102053494000074 ], [ 14.39925990100005, 50.102036908000059 ], [ 14.399246319000042, 50.102057478000063 ] ] ] ] } },
{ "type": "Feature", "properties": { "objectid": 65024, "zps_id": "7652", "id_poskyt": 38, "shape_area_1": 0.0, "globalid": "{331F123A-EA08-411F-BF18-FFF31DEDB7C9}", "shape_Length": 0.00021291711005591419, "shape_Area": 2.5474729868490362e-09 }, "geometry": { "type": "MultiPolygon", "coordinates": [ [ [ [ 14.349720713000067, 50.088863023000044 ], [ 14.349742399000036, 50.088827977000051 ], [ 14.349678980000022, 50.08881225600004 ], [ 14.349656945000049, 50.088846109000031 ], [ 14.349720713000067, 50.088863023000044 ] ] ] ] } },
{ "type": "Feature", "properties": { "objectid": 65025, "zps_id": "7879", "id_poskyt": 38, "shape_area_1": 0.0, "globalid": "{06DBF746-13AF-423E-9FAB-B7BBBFC31C50}", "shape_Length": 0.00016498552363522048, "shape_Area": 1.4319492410394223e-09 }, "geometry": { "type": "MultiPolygon", "coordinates": [ [ [ [ 14.363598013000058, 50.083493547000046 ], [ 14.363623911000047, 50.083496234000052 ], [ 14.363638459000072, 50.083441188000052 ], [ 14.363613736000048, 50.083438598000043 ], [ 14.363598013000058, 50.083493547000046 ] ] ] ] } },
{ "type": "Feature", "properties": { "objectid": 65026, "zps_id": "12096", "id_poskyt": 38, "shape_area_1": 0.0, "globalid": "{F074BC35-1984-44EF-990C-E1346B1775F1}", "shape_Length": 0.00050313960529363064, "shape_Area": 4.9019427644871285e-09 }, "geometry": { "type": "MultiPolygon", "coordinates": [ [ [ [ 14.445040234000032, 50.12794436300004 ], [ 14.445025249000025, 50.127928111000074 ], [ 14.444814425000061, 50.128017803000034 ], [ 14.444830411000055, 50.128034895000042 ], [ 14.445040234000032, 50.12794436300004 ] ] ] ] } },
{ "type": "Feature", "properties": { "objectid": 65027, "zps_id": "12092", "id_poskyt": 38, "shape_area_1": 0.0, "globalid": "{C7AD9BBC-08E1-44E1-974F-0681B366EC9B}", "shape_Length": 0.00029993704100407016, "shape_Area": 3.2012611472927141e-09 }, "geometry": { "type": "MultiPolygon", "coordinates": [ [ [ [ 14.446443830000021, 50.127318438000032 ], [ 14.446471066000072, 50.127309362000062 ], [ 14.446394650000059, 50.127214287000072 ], [ 14.446368583000037, 50.127222514000039 ], [ 14.446443830000021, 50.127318438000032 ] ] ] ] } },
{ "type": "Feature", "properties": { "objectid": 65028, "zps_id": "12153", "id_poskyt": 38, "shape_area_1": 0.0, "globalid": "{F072A62A-06B1-4D9B-9762-494E997FB79A}", "shape_Length": 0.00043074830328318492, "shape_Area": 3.9295034995839439e-09 }, "geometry": { "type": "MultiPolygon", "coordinates": [ [ [ [ 14.452074668000023, 50.132892252000033 ], [ 14.452080119000073, 50.132872540000051 ], [ 14.451886780000052, 50.132846725000036 ], [ 14.451881393000065, 50.132866215000035 ], [ 14.452074668000023, 50.132892252000033 ] ] ] ] } },
{ "type": "Feature", "properties": { "objectid": 65029, "zps_id": "12270", "id_poskyt": 38, "shape_area_1": 0.0, "globalid": "{2171605A-1988-4CA3-9C4A-BE134FBDAB95}", "shape_Length": 0.00025668869920120652, "shape_Area": 2.8616799598668105e-09 }, "geometry": { "type": "MultiPolygon", "coordinates": [ [ [ [ 14.501694229000066, 50.102852750000068 ], [ 14.501722093000069, 50.102850087000036 ], [ 14.501700976000052, 50.102753078000035 ], [ 14.501671027000043, 50.102756192000072 ], [ 14.501694229000066, 50.102852750000068 ] ] ] ] } },
{ "type": "Feature", "properties": { "objectid": 65030, "zps_id": "12285", "id_poskyt": 38, "shape_area_1": 0.0, "globalid": "{BAD84C5F-70B0-439E-B9EA-F5965E232084}", "shape_Length": 0.00044921328698766124, "shape_Area": 3.9571982904851795e-09 }, "geometry": { "type": "MultiPolygon", "coordinates": [ [ [ [ 14.505142645000035, 50.108456519000072 ], [ 14.505243020000023, 50.10846020200006 ], [ 14.505245758000058, 50.108440252000037 ], [ 14.505147620000059, 50.108437728000069 ], [ 14.505041392000066, 50.108428721000053 ], [ 14.505038368000044, 50.108447685000044 ], [ 14.505142645000035, 50.108456519000072 ] ] ] ] } },
{ "type": "Feature", "properties": { "objectid": 65031, "zps_id": "12312", "id_poskyt": 38, "shape_area_1": 0.0, "globalid": "{5337718F-0917-413D-A308-68EB6C99DDF1}", "shape_Length": 0.00032902329541200525, "shape_Area": 2.863813017768692e-09 }, "geometry": { "type": "MultiPolygon", "coordinates": [ [ [ [ 14.490934591000041, 50.106082600000036 ], [ 14.491069430000039, 50.106129189000058 ], [ 14.491083712000034, 50.106112839000048 ], [ 14.490948153000033, 50.106066187000067 ], [ 14.490934591000041, 50.106082600000036 ] ] ] ] } },
{ "type": "Feature", "properties": { "objectid": 65032, "zps_id": "12340", "id_poskyt": 38, "shape_area_1": 0.0, "globalid": "{3E3E5434-B951-4F4A-AD07-3AA31B7905F6}", "shape_Length": 0.00019175078816134665, "shape_Area": 1.4789507526900124e-09 }, "geometry": { "type": "MultiPolygon", "coordinates": [ [ [ [ 14.485570335000034, 50.104200733000027 ], [ 14.485583955000038, 50.104184063000048 ], [ 14.485512923000044, 50.10416039200004 ], [ 14.485499788000027, 50.104176443000028 ], [ 14.485570335000034, 50.104200733000027 ] ] ] ] } },
{ "type": "Feature", "properties": { "objectid": 65033, "zps_id": "12346", "id_poskyt": 38, "shape_area_1": 0.0, "globalid": "{3BF69A0A-A058-4513-9D8C-B35B56836C61}", "shape_Length": 0.00062574612198614725, "shape_Area": 6.4372355238651068e-09 }, "geometry": { "type": "MultiPolygon", "coordinates": [ [ [ [ 14.483297122000067, 50.105010777000075 ], [ 14.483307328000024, 50.105040015000043 ], [ 14.48353000700007, 50.105118515000072 ], [ 14.483583956000075, 50.105112707000046 ], [ 14.483297122000067, 50.105010777000075 ] ] ] ] } },
{ "type": "Feature", "properties": { "objectid": 65034, "zps_id": "12348", "id_poskyt": 38, "shape_area_1": 0.0, "globalid": "{05E3AD7D-C942-41D5-BD0E-3168188C49E6}", "shape_Length": 0.00035468271343759919, "shape_Area": 3.8247462009209627e-09 }, "geometry": { "type": "MultiPolygon", "coordinates": [ [ [ [ 14.48501475300003, 50.105610562000038 ], [ 14.485032196000077, 50.105589309000038 ], [ 14.484890893000056, 50.105540437000059 ], [ 14.484872800000062, 50.105560824000065 ], [ 14.48501475300003, 50.105610562000038 ] ] ] ] } },
{ "type": "Feature", "properties": { "objectid": 65035, "zps_id": "12238", "id_poskyt": 38, "shape_area_1": 0.0, "globalid": "{7BCA668B-216A-45A6-8DAB-76C87E7B98CF}", "shape_Length": 0.00033335099840310406, "shape_Area": 2.7814422136561734e-09 }, "geometry": { "type": "MultiPolygon", "coordinates": [ [ [ [ 14.387013798000055, 50.076128950000054 ], [ 14.387007035000067, 50.076111430000026 ], [ 14.386861467000074, 50.076140772000031 ], [ 14.386870803000022, 50.076158521000082 ], [ 14.387013798000055, 50.076128950000054 ] ] ] ] } },
{ "type": "Feature", "properties": { "objectid": 65036, "zps_id": "12355", "id_poskyt": 38, "shape_area_1": 0.0, "globalid": "{2329C0E2-21DD-4CF6-A1C5-BC52B6C55BCB}", "shape_Length": 0.00033700681814277455, "shape_Area": 2.9252257926756463e-09 }, "geometry": { "type": "MultiPolygon", "coordinates": [ [ [ [ 14.48685116200005, 50.104648960000077 ], [ 14.48686456300004, 50.10463330500005 ], [ 14.486726297000075, 50.104583160000061 ], [ 14.486712140000066, 50.10459983700008 ], [ 14.48685116200005, 50.104648960000077 ] ] ] ] } },
{ "type": "Feature", "properties": { "objectid": 65037, "zps_id": "12368", "id_poskyt": 38, "shape_area_1": 0.0, "globalid": "{685D738B-C9B8-4484-AC3E-A2F2D9AE633E}", "shape_Length": 0.00021250790648381468, "shape_Area": 2.0315599998649487e-09 }, "geometry": { "type": "MultiPolygon", "coordinates": [ [ [ [ 14.487285601000053, 50.105960501000027 ], [ 14.487216741000054, 50.105956007000032 ], [ 14.487192273000062, 50.10598469100006 ], [ 14.487261302000036, 50.105987993000042 ], [ 14.487285601000053, 50.105960501000027 ] ] ] ] } },
{ "type": "Feature", "properties": { "objectid": 65038, "zps_id": "12372", "id_poskyt": 38, "shape_area_1": 0.0, "globalid": "{CB8ED924-65B0-403A-AFFD-2DE3174E81C3}", "shape_Length": 0.0003778520410126042, "shape_Area": 3.9141614838936451e-09 }, "geometry": { "type": "MultiPolygon", "coordinates": [ [ [ [ 14.488607082000044, 50.106669880000027 ], [ 14.48875879600007, 50.106726830000071 ], [ 14.488777275000075, 50.106707266000058 ], [ 14.488623031000031, 50.106651010000064 ], [ 14.488607082000044, 50.106669880000027 ] ] ] ] } },
{ "type": "Feature", "properties": { "objectid": 65039, "zps_id": "12374", "id_poskyt": 38, "shape_area_1": 0.0, "globalid": "{670A9304-107D-4E0F-83C1-8425CDD60221}", "shape_Length": 0.0002354332864949602, "shape_Area": 2.3251315063954911e-09 }, "geometry": { "type": "MultiPolygon", "coordinates": [ [ [ [ 14.490304924000043, 50.107183622000036 ], [ 14.490331524000055, 50.107192649000069 ], [ 14.490389143000073, 50.107123692000073 ], [ 14.490363151000054, 50.107114927000055 ], [ 14.490304924000043, 50.107183622000036 ] ] ] ] } },
{ "type": "Feature", "properties": { "objectid": 65040, "zps_id": "20510", "id_poskyt": 38, "shape_area_1": 0.0, "globalid": "{4A63384C-6831-42CC-B1C6-EC7B993B519D}", "shape_Length": 0.0002849529959263338, "shape_Area": 4.5130979100128007e-09 }, "geometry": { "type": "MultiPolygon", "coordinates": [ [ [ [ 14.482760144000054, 50.106599268000082 ], [ 14.482706160000077, 50.10662308700006 ], [ 14.482768376000024, 50.106679659000065 ], [ 14.48282172100005, 50.106655141000033 ], [ 14.482760144000054, 50.106599268000082 ] ] ] ] } },
{ "type": "Feature", "properties": { "objectid": 65041, "zps_id": "12514", "id_poskyt": 38, "shape_area_1": 0.0, "globalid": "{371E8A55-121E-4329-98AD-A187FEF92496}", "shape_Length": 0.00015807310795749516, "shape_Area": 1.4778954883919667e-09 }, "geometry": { "type": "MultiPolygon", "coordinates": [ [ [ [ 14.500638056000071, 50.111470098000041 ], [ 14.500669297000059, 50.111473158000081 ], [ 14.500680164000073, 50.11142656100003 ], [ 14.50064939300006, 50.111423542000068 ], [ 14.500638056000071, 50.111470098000041 ] ] ] ] } },
{ "type": "Feature", "properties": { "objectid": 65042, "zps_id": "12540", "id_poskyt": 38, "shape_area_1": 0.0, "globalid": "{F82876A6-FD49-4E03-AAA1-66086C3D5038}", "shape_Length": 0.00017556465705486965, "shape_Area": 1.5209360823716948e-09 }, "geometry": { "type": "MultiPolygon", "coordinates": [ [ [ [ 14.497946120000051, 50.110687548000044 ], [ 14.498007922000056, 50.110699191000037 ], [ 14.49801812000004, 50.110676157000057 ], [ 14.497956185000078, 50.110665128000051 ], [ 14.497946120000051, 50.110687548000044 ] ] ] ] } },
{ "type": "Feature", "properties": { "objectid": 65043, "zps_id": "12614", "id_poskyt": 38, "shape_area_1": 0.0, "globalid": "{F220998C-469D-4A95-915C-15F3E8EB5666}", "shape_Length": 0.00027876159774991525, "shape_Area": 3.303044644064329e-09 }, "geometry": { "type": "MultiPolygon", "coordinates": [ [ [ [ 14.506793938000044, 50.109997195000062 ], [ 14.506824465000022, 50.109996705000071 ], [ 14.506820487000027, 50.109888026000078 ], [ 14.506790430000024, 50.109887830000048 ], [ 14.506793938000044, 50.109997195000062 ] ] ] ] } },
{ "type": "Feature", "properties": { "objectid": 65044, "zps_id": "12657", "id_poskyt": 38, "shape_area_1": 0.0, "globalid": "{267073CA-E2A5-4E17-A837-40F2E07A2587}", "shape_Length": 0.0003174692503452181, "shape_Area": 3.1824210747404231e-09 }, "geometry": { "type": "MultiPolygon", "coordinates": [ [ [ [ 14.498641171000031, 50.10901698300006 ], [ 14.49866683700003, 50.109005763000027 ], [ 14.498566388000029, 50.108927665000067 ], [ 14.498542675000067, 50.10893992900003 ], [ 14.498537674000033, 50.108938029000058 ], [ 14.498641171000031, 50.10901698300006 ] ] ] ] } },
{ "type": "Feature", "properties": { "objectid": 65045, "zps_id": "12687", "id_poskyt": 38, "shape_area_1": 0.0, "globalid": "{0E32BBEB-56DD-4680-92DA-BCFEAB67AA2A}", "shape_Length": 0.00027022652426421465, "shape_Area": 2.7087147317510702e-09 }, "geometry": { "type": "MultiPolygon", "coordinates": [ [ [ [ 14.48945843100006, 50.108250214000066 ], [ 14.489527127000031, 50.108167983000044 ], [ 14.489502683000069, 50.108159382000053 ], [ 14.489431490000072, 50.108241866000071 ], [ 14.48945843100006, 50.108250214000066 ] ] ] ] } },
{ "type": "Feature", "properties": { "objectid": 65046, "zps_id": "12846", "id_poskyt": 38, "shape_area_1": 0.0, "globalid": "{52FC6598-FD48-48D6-B1EF-0F82B7BB94B7}", "shape_Length": 0.00040557819005415565, "shape_Area": 3.989043753316637e-09 }, "geometry": { "type": "MultiPolygon", "coordinates": [ [ [ [ 14.441789120000067, 50.086163536000072 ], [ 14.441968641000074, 50.086183019000032 ], [ 14.441974260000052, 50.086161508000032 ], [ 14.441795078000041, 50.086141828000052 ], [ 14.441789120000067, 50.086163536000072 ] ] ] ] } },
{ "type": "Feature", "properties": { "objectid": 65047, "zps_id": "12509", "id_poskyt": 38, "shape_area_1": 0.0, "globalid": "{8895EE44-0FE7-4A4A-A8E2-EF0D524723A5}", "shape_Length": 0.00024260026733279467, "shape_Area": 3.4640284759584178e-09 }, "geometry": { "type": "MultiPolygon", "coordinates": [ [ [ [ 14.500774519000061, 50.111058100000037 ], [ 14.500841982000054, 50.111074450000046 ], [ 14.500867548000031, 50.111028472000044 ], [ 14.500801113000023, 50.111012994000077 ], [ 14.500774519000061, 50.111058100000037 ] ] ] ] } },
{ "type": "Feature", "properties": { "objectid": 65048, "zps_id": "17862", "id_poskyt": 38, "shape_area_1": 0.0, "globalid": "{08ABB69C-0C28-4E93-B7EA-FAB10D40E360}", "shape_Length": 0.00023128535122196521, "shape_Area": 3.1335516715559821e-09 }, "geometry": { "type": "MultiPolygon", "coordinates": [ [ [ [ 14.504422724000051, 50.109889483000075 ], [ 14.504435540000031, 50.109844718000033 ], [ 14.504373627000064, 50.109812125000076 ], [ 14.504362640000068, 50.109857503000057 ], [ 14.504422724000051, 50.109889483000075 ] ] ] ] } },
{ "type": "Feature", "properties": { "objectid": 65049, "zps_id": "13039", "id_poskyt": 38, "shape_area_1": 0.0, "globalid": "{03F546DD-2808-4072-B6C6-96C4AA29F6F4}", "shape_Length": 0.0003426130727961958, "shape_Area": 2.9507464225042258e-09 }, "geometry": { "type": "MultiPolygon", "coordinates": [ [ [ [ 14.354702835000069, 50.089410552000061 ], [ 14.354704730000037, 50.08939126000007 ], [ 14.354553029000044, 50.089385138000068 ], [ 14.354551097000069, 50.089404591000061 ], [ 14.354702835000069, 50.089410552000061 ] ] ] ] } },
{ "type": "Feature", "properties": { "objectid": 65050, "zps_id": "12184", "id_poskyt": 38, "shape_area_1": 0.0, "globalid": "{B356C144-A44C-4783-9A80-1BF6132BF76E}", "shape_Length": 0.00037507936745599093, "shape_Area": 2.9892978942381599e-09 }, "geometry": { "type": "MultiPolygon", "coordinates": [ [ [ [ 14.386608674000058, 50.06327411400008 ], [ 14.38643890700007, 50.063275253000029 ], [ 14.386439003000078, 50.063292816000057 ], [ 14.386609126000053, 50.063291727000035 ], [ 14.386608674000058, 50.06327411400008 ] ] ] ] } },
{ "type": "Feature", "properties": { "objectid": 65051, "zps_id": "13312", "id_poskyt": 38, "shape_area_1": 0.0, "globalid": "{E8997F29-6772-40B6-A9C7-60A64CD530A4}", "shape_Length": 0.00028354995828821117, "shape_Area": 4.7336301523530434e-09 }, "geometry": { "type": "MultiPolygon", "coordinates": [ [ [ [ 14.434253831000035, 50.097732499000074 ], [ 14.434291568000049, 50.097661732000063 ], [ 14.434232401000031, 50.097649087000036 ], [ 14.434192747000054, 50.097718867000026 ], [ 14.434253831000035, 50.097732499000074 ] ] ] ] } },
{ "type": "Feature", "properties": { "objectid": 65052, "zps_id": "11193", "id_poskyt": 38, "shape_area_1": 0.0, "globalid": "{24D82041-CB99-4280-859C-BF140D3654D1}", "shape_Length": 0.00025306999586450921, "shape_Area": 2.155030631168507e-09 }, "geometry": { "type": "MultiPolygon", "coordinates": [ [ [ [ 14.428481351000073, 50.060137398000052 ], [ 14.428464765000058, 50.060123314000066 ], [ 14.428369843000041, 50.06016482800004 ], [ 14.428386813000031, 50.060181142000033 ], [ 14.428481351000073, 50.060137398000052 ] ] ] ] } },
{ "type": "Feature", "properties": { "objectid": 65053, "zps_id": "21111", "id_poskyt": 38, "shape_area_1": 0.0, "globalid": "{0ABE5D4B-3B85-4EC2-AE02-E46A84CC62BA}", "shape_Length": 0.00042069447513666829, "shape_Area": 3.5270483769657571e-09 }, "geometry": { "type": "MultiPolygon", "coordinates": [ [ [ [ 14.433668232000059, 50.064772872000049 ], [ 14.433660838000037, 50.064790206000055 ], [ 14.433757447000062, 50.064808492000054 ], [ 14.433849615000042, 50.064824269000042 ], [ 14.433856965000075, 50.064807740000049 ], [ 14.433842619000075, 50.064805127000056 ], [ 14.433668232000059, 50.064772872000049 ] ] ] ] } },
{ "type": "Feature", "properties": { "objectid": 65054, "zps_id": "10470", "id_poskyt": 38, "shape_area_1": 0.0, "globalid": "{B23C4CC2-4B99-4B13-9CC5-6EC31D386B22}", "shape_Length": 0.00024789498546351989, "shape_Area": 1.8810843763054102e-09 }, "geometry": { "type": "MultiPolygon", "coordinates": [ [ [ [ 14.442386394000039, 50.043040027000075 ], [ 14.44239291100007, 50.043023078000033 ], [ 14.44228885900003, 50.043006052000067 ], [ 14.442281790000038, 50.04302294300004 ], [ 14.442386394000039, 50.043040027000075 ] ] ] ] } },
{ "type": "Feature", "properties": { "objectid": 65055, "zps_id": "12016", "id_poskyt": 38, "shape_area_1": 0.0, "globalid": "{1C5165AD-73FA-4D6C-9355-EE0393F7871B}", "shape_Length": 0.00021743148613979921, "shape_Area": 1.6090743690515693e-09 }, "geometry": { "type": "MultiPolygon", "coordinates": [ [ [ [ 14.424861343000032, 50.077474044000041 ], [ 14.424952929000028, 50.07748928500007 ], [ 14.424946306000038, 50.077461543000027 ], [ 14.424859402000038, 50.07746516900005 ], [ 14.424861343000032, 50.077474044000041 ] ] ] ] } },
{ "type": "Feature", "properties": { "objectid": 65056, "zps_id": "13409", "id_poskyt": 38, "shape_area_1": 0.0, "globalid": "{34EA1DB6-DFCF-4880-8040-28C6C41DFC86}", "shape_Length": 0.00056714704766514803, "shape_Area": 5.134110379942974e-09 }, "geometry": { "type": "MultiPolygon", "coordinates": [ [ [ [ 14.500128973000074, 50.110067454000045 ], [ 14.499864081000055, 50.110085883000067 ], [ 14.499869828000044, 50.110105471000054 ], [ 14.500131334000059, 50.110086300000034 ], [ 14.500128973000074, 50.110067454000045 ] ] ] ] } },
{ "type": "Feature", "properties": { "objectid": 65057, "zps_id": "11179", "id_poskyt": 38, "shape_area_1": 0.0, "globalid": "{831736DD-829D-4CB3-A810-1F6ACABB8EAB}", "shape_Length": 0.00037155781392958541, "shape_Area": 3.1880366760523266e-09 }, "geometry": { "type": "MultiPolygon", "coordinates": [ [ [ [ 14.426151058000073, 50.062334060000069 ], [ 14.426162120000072, 50.062318176000076 ], [ 14.426009448000059, 50.062258182000051 ], [ 14.425995245000024, 50.062273786000048 ], [ 14.426151058000073, 50.062334060000069 ] ] ] ] } },
{ "type": "Feature", "properties": { "objectid": 65058, "zps_id": "10901", "id_poskyt": 38, "shape_area_1": 0.0, "globalid": "{5E9DCBD8-75D7-4BAA-9413-2B308164E2E1}", "shape_Length": 0.00030320426426943669, "shape_Area": 2.9240391592689396e-09 }, "geometry": { "type": "MultiPolygon", "coordinates": [ [ [ [ 14.436686728000041, 50.055624375000036 ], [ 14.436665134000066, 50.055612018000033 ], [ 14.436563716000023, 50.055687550000073 ], [ 14.436585660000048, 50.055700374000025 ], [ 14.436686728000041, 50.055624375000036 ] ] ] ] } },
{ "type": "Feature", "properties": { "objectid": 65059, "zps_id": "12609", "id_poskyt": 38, "shape_area_1": 0.0, "globalid": "{2F8EB5D7-AB66-4EDD-A866-10333C296CA5}", "shape_Length": 0.0002305231405528244, "shape_Area": 2.0446734614140833e-09 }, "geometry": { "type": "MultiPolygon", "coordinates": [ [ [ [ 14.506561306000037, 50.110628478000081 ], [ 14.506652517000077, 50.110611918000075 ], [ 14.506643918000066, 50.110591062000026 ], [ 14.506552706000036, 50.110607623000078 ], [ 14.506561306000037, 50.110628478000081 ] ] ] ] } },
{ "type": "Feature", "properties": { "objectid": 65060, "zps_id": "13471", "id_poskyt": 38, "shape_area_1": 0.0, "globalid": "{2FCD32F5-C75C-44D7-AA75-DFCBC0CBAE03}", "shape_Length": 0.00019292315560387561, "shape_Area": 1.759302619083932e-09 }, "geometry": { "type": "MultiPolygon", "coordinates": [ [ [ [ 14.451053727000044, 50.085126933000026 ], [ 14.451079493000066, 50.085136277000061 ], [ 14.451125454000078, 50.085084849000054 ], [ 14.451099735000071, 50.085075345000064 ], [ 14.451053727000044, 50.085126933000026 ] ] ] ] } },
{ "type": "Feature", "properties": { "objectid": 65061, "zps_id": "2158", "id_poskyt": 38, "shape_area_1": 0.0, "globalid": "{FE7D5BD0-DA30-4C3B-9481-867A04D7C1C5}", "shape_Length": 0.0001953638490671352, "shape_Area": 1.5515900480177521e-09 }, "geometry": { "type": "MultiPolygon", "coordinates": [ [ [ [ 14.396678310000027, 50.032645314000035 ], [ 14.396697544000062, 50.032632156000034 ], [ 14.396631482000032, 50.032594864000032 ], [ 14.396614042000067, 50.032608463000031 ], [ 14.396678310000027, 50.032645314000035 ] ] ] ] } },
{ "type": "Feature", "properties": { "objectid": 65062, "zps_id": "13475", "id_poskyt": 38, "shape_area_1": 0.0, "globalid": "{66EAF674-D091-4D5C-842B-66C50E35E9C3}", "shape_Length": 0.00040169716103719103, "shape_Area": 3.7634078667342622e-09 }, "geometry": { "type": "MultiPolygon", "coordinates": [ [ [ [ 14.418086100000039, 50.082163017000028 ], [ 14.418112990000054, 50.082148608000068 ], [ 14.417937985000037, 50.082101179000063 ], [ 14.41792521900004, 50.082121031000042 ], [ 14.418086100000039, 50.082163017000028 ] ] ] ] } },
{ "type": "Feature", "properties": { "objectid": 65063, "zps_id": "8613", "id_poskyt": 38, "shape_area_1": 0.0, "globalid": "{66D6781C-85D7-4806-9623-51F67922C31B}", "shape_Length": 0.00025733031310205357, "shape_Area": 3.0769510354390629e-09 }, "geometry": { "type": "MultiPolygon", "coordinates": [ [ [ [ 14.394835752000063, 50.106816113000036 ], [ 14.394876947000057, 50.106780776000051 ], [ 14.394885566000028, 50.106718233000038 ], [ 14.394847526000035, 50.106715048000069 ], [ 14.394835752000063, 50.106816113000036 ] ] ] ] } },
{ "type": "Feature", "properties": { "objectid": 65064, "zps_id": "8216", "id_poskyt": 38, "shape_area_1": 0.0, "globalid": "{2DE132C0-01D6-4889-8A58-2188AB557B72}", "shape_Length": 0.000204443425988625, "shape_Area": 1.8279328396667944e-09 }, "geometry": { "type": "MultiPolygon", "coordinates": [ [ [ [ 14.392073039000024, 50.100008764000052 ], [ 14.392151779000073, 50.100011905000031 ], [ 14.392154602000062, 50.09998881100006 ], [ 14.392075405000071, 50.099985766000032 ], [ 14.392073039000024, 50.100008764000052 ] ] ] ] } },
{ "type": "Feature", "properties": { "objectid": 65065, "zps_id": "12185", "id_poskyt": 38, "shape_area_1": 0.0, "globalid": "{ECC52A7F-A22C-4679-81F7-C168E0A6C309}", "shape_Length": 0.00017359960051688137, "shape_Area": 1.5792467485662333e-09 }, "geometry": { "type": "MultiPolygon", "coordinates": [ [ [ [ 14.386836135000067, 50.063348528000063 ], [ 14.38686655600003, 50.063398848000077 ], [ 14.386894036000058, 50.06339162300003 ], [ 14.386863467000069, 50.063341999000045 ], [ 14.386836135000067, 50.063348528000063 ] ] ] ] } },
{ "type": "Feature", "properties": { "objectid": 65066, "zps_id": "13508", "id_poskyt": 38, "shape_area_1": 0.0, "globalid": "{8E90DB01-48DE-4984-BA0F-77E5E3D4F309}", "shape_Length": 0.00018236907877529536, "shape_Area": 1.7547238908588299e-09 }, "geometry": { "type": "MultiPolygon", "coordinates": [ [ [ [ 14.421131367000044, 50.067633079000075 ], [ 14.421160253000039, 50.067641291000029 ], [ 14.421192222000059, 50.067588442000044 ], [ 14.421163420000028, 50.06758129900004 ], [ 14.421131367000044, 50.067633079000075 ] ] ] ] } },
{ "type": "Feature", "properties": { "objectid": 65067, "zps_id": "4527", "id_poskyt": 38, "shape_area_1": 0.0, "globalid": "{2A31215B-2ACE-4562-B3A3-0678CF49D048}", "shape_Length": 0.00019410935846391535, "shape_Area": 1.9137359606969971e-09 }, "geometry": { "type": "MultiPolygon", "coordinates": [ [ [ [ 14.44588692700006, 50.086630866000064 ], [ 14.445915950000028, 50.086638231000052 ], [ 14.445950811000046, 50.086580749000063 ], [ 14.445922172000053, 50.086573437000027 ], [ 14.44588692700006, 50.086630866000064 ] ] ] ] } },
{ "type": "Feature", "properties": { "objectid": 65068, "zps_id": "13553", "id_poskyt": 38, "shape_area_1": 0.0, "globalid": "{FE898A6E-2BD7-4E51-A2BB-90F4E4A668EB}", "shape_Length": 0.00027948118383707955, "shape_Area": 2.5212731248716407e-09 }, "geometry": { "type": "MultiPolygon", "coordinates": [ [ [ [ 14.443678826000053, 50.087157846000082 ], [ 14.443795254000065, 50.087134443000082 ], [ 14.443784987000072, 50.087114532000044 ], [ 14.443670669000028, 50.087137775000031 ], [ 14.443678826000053, 50.087157846000082 ] ] ] ] } },
{ "type": "Feature", "properties": { "objectid": 65069, "zps_id": "13557", "id_poskyt": 38, "shape_area_1": 0.0, "globalid": "{1FE140E8-5ECC-4E28-9610-2CE1F2438BEC}", "shape_Length": 0.00022368500087633467, "shape_Area": 2.0125673974434103e-09 }, "geometry": { "type": "MultiPolygon", "coordinates": [ [ [ [ 14.44906575300007, 50.086716330000058 ], [ 14.449152458000071, 50.086729748000039 ], [ 14.449159794000025, 50.086707925000042 ], [ 14.449070457000062, 50.08669427500007 ], [ 14.44906575300007, 50.086716330000058 ] ] ] ] } },
{ "type": "Feature", "properties": { "objectid": 65070, "zps_id": "13559", "id_poskyt": 38, "shape_area_1": 0.0, "globalid": "{299FDFA9-DF81-4C30-A6EC-0326C91B56D9}", "shape_Length": 0.00021163028109785677, "shape_Area": 2.0931781958914951e-09 }, "geometry": { "type": "MultiPolygon", "coordinates": [ [ [ [ 14.451780469000028, 50.086862846000031 ], [ 14.451848384000073, 50.086828065000077 ], [ 14.451824804000069, 50.086808069000028 ], [ 14.451758387000041, 50.086844833000043 ], [ 14.451780469000028, 50.086862846000031 ] ] ] ] } },
{ "type": "Feature", "properties": { "objectid": 65071, "zps_id": "8068", "id_poskyt": 38, "shape_area_1": 0.0, "globalid": "{0A14416D-BDE6-4E1B-8307-4D88FEF0B45C}", "shape_Length": 0.00051679771234487552, "shape_Area": 4.8595534291371816e-09 }, "geometry": { "type": "MultiPolygon", "coordinates": [ [ [ [ 14.348855084000036, 50.095427487000052 ], [ 14.349092563000056, 50.095400968000035 ], [ 14.349086673000045, 50.095381673000077 ], [ 14.348851435000029, 50.095406702000048 ], [ 14.348855084000036, 50.095427487000052 ] ] ] ] } },
{ "type": "Feature", "properties": { "objectid": 65072, "zps_id": "13398", "id_poskyt": 38, "shape_area_1": 0.0, "globalid": "{95EB6F11-EE51-4706-83A3-9DE74AEC3EE1}", "shape_Length": 0.00025624023240615658, "shape_Area": 2.9294383971950856e-09 }, "geometry": { "type": "MultiPolygon", "coordinates": [ [ [ [ 14.347296699000026, 50.070435395000061 ], [ 14.347267455000065, 50.070435300000042 ], [ 14.347267675000069, 50.070533880000028 ], [ 14.34729801800006, 50.070533456000078 ], [ 14.347296699000026, 50.070435395000061 ] ] ] ] } },
{ "type": "Feature", "properties": { "objectid": 65073, "zps_id": "4513", "id_poskyt": 38, "shape_area_1": 0.0, "globalid": "{BEB04B24-6089-449C-A48B-AA03098B95FF}", "shape_Length": 0.00019313961307846909, "shape_Area": 1.9782765479994249e-09 }, "geometry": { "type": "MultiPolygon", "coordinates": [ [ [ [ 14.447669761000043, 50.083963595000057 ], [ 14.447733393000021, 50.083956882000052 ], [ 14.447741249000046, 50.083924885000044 ], [ 14.447679941000047, 50.083930480000049 ], [ 14.447669761000043, 50.083963595000057 ] ] ] ] } },
{ "type": "Feature", "properties": { "objectid": 65074, "zps_id": "15221", "id_poskyt": 38, "shape_area_1": 0.0, "globalid": "{89DE0D8E-C384-4574-8C27-8F1EE7E9027C}", "shape_Length": 0.00029384164986205906, "shape_Area": 3.4679319003937721e-09 }, "geometry": { "type": "MultiPolygon", "coordinates": [ [ [ [ 14.378873836000025, 50.066060397000058 ], [ 14.378926234000062, 50.065957018000063 ], [ 14.378895558000067, 50.065950551000071 ], [ 14.378843839000069, 50.066054380000026 ], [ 14.378873836000025, 50.066060397000058 ] ] ] ] } },
{ "type": "Feature", "properties": { "objectid": 65075, "zps_id": "5514", "id_poskyt": 38, "shape_area_1": 0.0, "globalid": "{39DE2B30-10C6-40BF-833E-E5A432368FA4}", "shape_Length": 0.00030926377944022666, "shape_Area": 2.9433372613642716e-09 }, "geometry": { "type": "MultiPolygon", "coordinates": [ [ [ [ 14.42819008400005, 50.099672759000043 ], [ 14.428320123000049, 50.099652605000074 ], [ 14.428312923000021, 50.099631511000041 ], [ 14.428182135000043, 50.099651018000031 ], [ 14.42819008400005, 50.099672759000043 ] ] ] ] } },
{ "type": "Feature", "properties": { "objectid": 65076, "zps_id": "14737", "id_poskyt": 38, "shape_area_1": 0.0, "globalid": "{AAC6CA15-CB42-4A03-84A1-4D4F12481418}", "shape_Length": 0.00031989489810852845, "shape_Area": 3.192333313851338e-09 }, "geometry": { "type": "MultiPolygon", "coordinates": [ [ [ [ 14.395773131000055, 50.089201223000032 ], [ 14.395783848000065, 50.089179201000036 ], [ 14.395650716000034, 50.089153679000049 ], [ 14.395640042000025, 50.089175505000071 ], [ 14.395773131000055, 50.089201223000032 ] ] ] ] } },
{ "type": "Feature", "properties": { "objectid": 65077, "zps_id": "14920", "id_poskyt": 38, "shape_area_1": 0.0, "globalid": "{FDD95939-0D68-4E55-9E5F-DB618A23FF25}", "shape_Length": 0.00075713538581076759, "shape_Area": 6.2588424337525972e-09 }, "geometry": { "type": "MultiPolygon", "coordinates": [ [ [ [ 14.377302439000061, 50.092973465000057 ], [ 14.37730358400006, 50.092956703000027 ], [ 14.376941888000033, 50.092958798000041 ], [ 14.376941725000052, 50.092976701000055 ], [ 14.377302439000061, 50.092973465000057 ] ] ] ] } },
{ "type": "Feature", "properties": { "objectid": 65078, "zps_id": "14984", "id_poskyt": 38, "shape_area_1": 0.0, "globalid": "{AE1E615E-9CA2-478A-9F17-ACA04BEEEE50}", "shape_Length": 0.000367260008162002, "shape_Area": 3.0741665531382154e-09 }, "geometry": { "type": "MultiPolygon", "coordinates": [ [ [ [ 14.383620697000026, 50.062577136000073 ], [ 14.383611533000021, 50.06255991200004 ], [ 14.383451223000066, 50.062595161000047 ], [ 14.383460242000069, 50.062612282000032 ], [ 14.383620697000026, 50.062577136000073 ] ] ] ] } },
{ "type": "Feature", "properties": { "objectid": 65079, "zps_id": "9858", "id_poskyt": 38, "shape_area_1": 0.0, "globalid": "{5180DD40-BC99-423D-9611-6CD1196BF9D0}", "shape_Length": 0.00049839043902087828, "shape_Area": 4.9155685405033931e-09 }, "geometry": { "type": "MultiPolygon", "coordinates": [ [ [ [ 14.453067513000065, 50.094355292000046 ], [ 14.453300439000031, 50.094405577000032 ], [ 14.453271535000056, 50.094373015000031 ], [ 14.453144420000058, 50.094345126000064 ], [ 14.453063369000063, 50.094352421000053 ], [ 14.453067513000065, 50.094355292000046 ] ] ] ] } },
{ "type": "Feature", "properties": { "objectid": 65080, "zps_id": "14863", "id_poskyt": 38, "shape_area_1": 0.0, "globalid": "{5F2CAB02-8A96-4ACD-BF41-3F1FD61DB206}", "shape_Length": 0.00018465051957907688, "shape_Area": 2.0618977975410876e-09 }, "geometry": { "type": "MultiPolygon", "coordinates": [ [ [ [ 14.38091111600005, 50.095182695000062 ], [ 14.380911026000035, 50.095128319000025 ], [ 14.380873203000021, 50.09512843400006 ], [ 14.38087323600007, 50.095183004000035 ], [ 14.38091111600005, 50.095182695000062 ] ] ] ] } },
{ "type": "Feature", "properties": { "objectid": 65081, "zps_id": "13775", "id_poskyt": 38, "shape_area_1": 0.0, "globalid": "{EDE37532-CC2D-4BC0-A587-63412B18B9AB}", "shape_Length": 0.00025457904014446561, "shape_Area": 2.7976525406178463e-09 }, "geometry": { "type": "MultiPolygon", "coordinates": [ [ [ [ 14.363903492000077, 50.065213361000076 ], [ 14.363931816000047, 50.065213650000032 ], [ 14.363934082000071, 50.065114624000046 ], [ 14.36390590700006, 50.065114365000056 ], [ 14.363903492000077, 50.065213361000076 ] ] ] ] } },
{ "type": "Feature", "properties": { "objectid": 65082, "zps_id": "15228", "id_poskyt": 38, "shape_area_1": 0.0, "globalid": "{1EA24F2A-7345-4FD7-9BD4-7950061D8A5C}", "shape_Length": 0.00024518781938608807, "shape_Area": 1.960233467461235e-09 }, "geometry": { "type": "MultiPolygon", "coordinates": [ [ [ [ 14.436554542000067, 50.090414899000052 ], [ 14.436568011000077, 50.090399 ], [ 14.436470929000052, 50.090366631000052 ], [ 14.436458178000066, 50.090382484000031 ], [ 14.436554542000067, 50.090414899000052 ] ] ] ] } },
{ "type": "Feature", "properties": { "objectid": 65083, "zps_id": "14940", "id_poskyt": 38, "shape_area_1": 0.0, "globalid": "{A8E5CB08-CF99-47B9-9B1E-6E91A5B8CF68}", "shape_Length": 0.00034757538713621488, "shape_Area": 2.9849100507578006e-09 }, "geometry": { "type": "MultiPolygon", "coordinates": [ [ [ [ 14.376894262000064, 50.091133058000025 ], [ 14.376893342000074, 50.091152527000077 ], [ 14.377047792000042, 50.091156239000043 ], [ 14.377048632000026, 50.091137090000075 ], [ 14.376894262000064, 50.091133058000025 ] ] ] ] } },
{ "type": "Feature", "properties": { "objectid": 65084, "zps_id": "14399", "id_poskyt": 38, "shape_area_1": 0.0, "globalid": "{D22F2907-79AC-415B-99EC-364DB139DECB}", "shape_Length": 0.00015509756965176856, "shape_Area": 1.3023250050529162e-09 }, "geometry": { "type": "MultiPolygon", "coordinates": [ [ [ [ 14.415249807000066, 50.047384050000062 ], [ 14.415274648000036, 50.047378556000069 ], [ 14.415251563000027, 50.047332273000052 ], [ 14.415226615000051, 50.047337747000029 ], [ 14.415225981000049, 50.047338464000063 ], [ 14.415249807000066, 50.047384050000062 ] ] ] ] } },
{ "type": "Feature", "properties": { "objectid": 65085, "zps_id": "14360", "id_poskyt": 38, "shape_area_1": 0.0, "globalid": "{2DAB3C52-24DE-4A01-BF8A-C0297DA65606}", "shape_Length": 0.00020997506921673146, "shape_Area": 2.6415440606254038e-09 }, "geometry": { "type": "MultiPolygon", "coordinates": [ [ [ [ 14.414681256000051, 50.046497286000033 ], [ 14.414702525000052, 50.046538944000076 ], [ 14.414759015000072, 50.046525038000027 ], [ 14.414739947000044, 50.046484358000043 ], [ 14.414681256000051, 50.046497286000033 ] ] ] ] } },
{ "type": "Feature", "properties": { "objectid": 65086, "zps_id": "14390", "id_poskyt": 38, "shape_area_1": 0.0, "globalid": "{52A5AFAA-BB7E-4333-9DCE-35E56E55A0F6}", "shape_Length": 0.00038874097734294447, "shape_Area": 3.4039455471222918e-09 }, "geometry": { "type": "MultiPolygon", "coordinates": [ [ [ [ 14.420248569000023, 50.045570950000069 ], [ 14.420353035000062, 50.04557522500005 ], [ 14.42035527400003, 50.045556038000029 ], [ 14.420253266000032, 50.045551608000039 ], [ 14.420179870000027, 50.045551384000078 ], [ 14.42017906600006, 50.045571234000079 ], [ 14.420248569000023, 50.045570950000069 ] ] ] ] } },
{ "type": "Feature", "properties": { "objectid": 65087, "zps_id": "14380", "id_poskyt": 38, "shape_area_1": 0.0, "globalid": "{0C5EA746-55BD-45BA-A6F9-FA05CE50349B}", "shape_Length": 0.00033420692415085044, "shape_Area": 5.781600529381635e-09 }, "geometry": { "type": "MultiPolygon", "coordinates": [ [ [ [ 14.423798160000047, 50.043847750000054 ], [ 14.423883846000024, 50.043828422000047 ], [ 14.423913300000038, 50.043755793000059 ], [ 14.423823613000025, 50.043776100000059 ], [ 14.423798160000047, 50.043847750000054 ] ] ] ] } },
{ "type": "Feature", "properties": { "objectid": 65088, "zps_id": "14367", "id_poskyt": 38, "shape_area_1": 0.0, "globalid": "{FC5153C8-04EA-476A-8B21-75E91E9A5D2C}", "shape_Length": 0.00020874873466170064, "shape_Area": 2.2483001838509238e-09 }, "geometry": { "type": "MultiPolygon", "coordinates": [ [ [ [ 14.429882371000076, 50.043429901000081 ], [ 14.429891367000039, 50.043390927000075 ], [ 14.429851903000042, 50.043386716000043 ], [ 14.429809155000044, 50.043421985000066 ], [ 14.429882371000076, 50.043429901000081 ] ] ] ] } },
{ "type": "Feature", "properties": { "objectid": 65089, "zps_id": "14423", "id_poskyt": 38, "shape_area_1": 0.0, "globalid": "{1CC79D85-2835-4E12-AA82-CFB2A08B68FA}", "shape_Length": 0.00033636179736678856, "shape_Area": 2.881597269296373e-09 }, "geometry": { "type": "MultiPolygon", "coordinates": [ [ [ [ 14.420911592000039, 50.045596264000039 ], [ 14.420915792000073, 50.045577667000032 ], [ 14.420767369000032, 50.045564804000037 ], [ 14.420763733000058, 50.045584458000064 ], [ 14.420911592000039, 50.045596264000039 ] ] ] ] } },
{ "type": "Feature", "properties": { "objectid": 65090, "zps_id": "14471", "id_poskyt": 38, "shape_area_1": 0.0, "globalid": "{E44B805E-0BBE-44BE-81AF-9E2FC97B69A5}", "shape_Length": 0.00031292662344767352, "shape_Area": 2.9278208701253496e-09 }, "geometry": { "type": "MultiPolygon", "coordinates": [ [ [ [ 14.428084068000032, 50.047180125000068 ], [ 14.428138245000071, 50.047216689000038 ], [ 14.428159837000067, 50.047203816000035 ], [ 14.428111274000059, 50.047170798000082 ], [ 14.428047118000052, 50.047134487000051 ], [ 14.428026855000041, 50.047148194000044 ], [ 14.428084068000032, 50.047180125000068 ] ] ] ] } },
{ "type": "Feature", "properties": { "objectid": 65091, "zps_id": "14329", "id_poskyt": 38, "shape_area_1": 0.0, "globalid": "{9BF3EE74-E41E-4DBF-8495-41A07CE039D2}", "shape_Length": 0.00021966767643069035, "shape_Area": 2.742346685621358e-09 }, "geometry": { "type": "MultiPolygon", "coordinates": [ [ [ [ 14.433548180000059, 50.041936700000065 ], [ 14.433593450000046, 50.041908405000072 ], [ 14.433546933000059, 50.041877233000037 ], [ 14.433501142000068, 50.041904727000031 ], [ 14.433548180000059, 50.041936700000065 ] ] ] ] } },
{ "type": "Feature", "properties": { "objectid": 65092, "zps_id": "14344", "id_poskyt": 38, "shape_area_1": 0.0, "globalid": "{C89175C5-520D-4E8E-AF8D-9535EC5F581E}", "shape_Length": 0.00034485102217097818, "shape_Area": 2.9991108095779986e-09 }, "geometry": { "type": "MultiPolygon", "coordinates": [ [ [ [ 14.416996427000072, 50.044853112000055 ], [ 14.417010307000055, 50.044870788000026 ], [ 14.417020372000025, 50.044867096000075 ], [ 14.417083275000039, 50.044850002000032 ], [ 14.417154664000066, 50.044834095000056 ], [ 14.417144780000058, 50.044816255000057 ], [ 14.417085674000077, 50.04482875900004 ], [ 14.416997306000042, 50.044853026000055 ], [ 14.416996427000072, 50.044853112000055 ] ] ] ] } },
{ "type": "Feature", "properties": { "objectid": 65093, "zps_id": "14186", "id_poskyt": 38, "shape_area_1": 0.0, "globalid": "{BC2167FB-D3D8-46AF-B831-A29D9A19723B}", "shape_Length": 0.00017933762524024354, "shape_Area": 1.7334879934864338e-09 }, "geometry": { "type": "MultiPolygon", "coordinates": [ [ [ [ 14.436836663000065, 50.040198693000036 ], [ 14.436865213000033, 50.040201936000074 ], [ 14.436884160000034, 50.040144703000067 ], [ 14.436854814000071, 50.040140763000068 ], [ 14.436836663000065, 50.040198693000036 ] ] ] ] } },
{ "type": "Feature", "properties": { "objectid": 65094, "zps_id": "14194", "id_poskyt": 38, "shape_area_1": 0.0, "globalid": "{07C54163-C384-4131-B3D3-93DD262D46AB}", "shape_Length": 0.00026356134512798711, "shape_Area": 2.888249879860384e-09 }, "geometry": { "type": "MultiPolygon", "coordinates": [ [ [ [ 14.432913685000074, 50.03943582900007 ], [ 14.432941665000044, 50.039440012000057 ], [ 14.432975854000063, 50.039342487000056 ], [ 14.432947580000075, 50.039338215000043 ], [ 14.432913685000074, 50.03943582900007 ] ] ] ] } },
{ "type": "Feature", "properties": { "objectid": 65095, "zps_id": "14175", "id_poskyt": 38, "shape_area_1": 0.0, "globalid": "{EAAC066F-6A91-455E-B67C-5A6925EEBA6D}", "shape_Length": 0.00033825088865887219, "shape_Area": 2.9578895318655857e-09 }, "geometry": { "type": "MultiPolygon", "coordinates": [ [ [ [ 14.434236715000054, 50.038297983000064 ], [ 14.434274002000052, 50.038305177000041 ], [ 14.434307300000057, 50.038312862000055 ], [ 14.434307414000045, 50.038312889000053 ], [ 14.43431259700003, 50.038303792000079 ], [ 14.434317734000047, 50.038294772000029 ], [ 14.434283976000074, 50.038286764000077 ], [ 14.434244681000052, 50.038278876000049 ], [ 14.434170442000038, 50.038266677000081 ], [ 14.434162450000031, 50.038284657000077 ], [ 14.434236715000054, 50.038297983000064 ] ] ] ] } },
{ "type": "Feature", "properties": { "objectid": 65096, "zps_id": "14175", "id_poskyt": 38, "shape_area_1": 0.0, "globalid": "{03CC5811-2B51-4C6F-BB87-59F33CB11DD3}", "shape_Length": 0.00033380435780598551, "shape_Area": 2.9541352049563674e-09 }, "geometry": { "type": "MultiPolygon", "coordinates": [ [ [ [ 14.434377681000058, 50.038331744000061 ], [ 14.434447327000044, 50.038351667000029 ], [ 14.434458977000077, 50.038334183000075 ], [ 14.434388648000038, 50.038313764000065 ], [ 14.434349427000029, 50.038303022000036 ], [ 14.434317859000032, 50.038294783000026 ], [ 14.43431259700003, 50.038303792000079 ], [ 14.434307300000057, 50.038312862000055 ], [ 14.434307290000049, 50.038312878000056 ], [ 14.434377681000058, 50.038331744000061 ] ] ] ] } },
{ "type": "Feature", "properties": { "objectid": 65097, "zps_id": "14229", "id_poskyt": 38, "shape_area_1": 0.0, "globalid": "{CF838878-C8B2-488A-9BE7-B4BDBFE4B30A}", "shape_Length": 0.00031104224977568043, "shape_Area": 3.2784454416489311e-09 }, "geometry": { "type": "MultiPolygon", "coordinates": [ [ [ [ 14.415481207000028, 50.040976244000035 ], [ 14.415451610000048, 50.040978021000058 ], [ 14.415452005000077, 50.040981588000079 ], [ 14.415455305000023, 50.040993379000042 ], [ 14.415461409000045, 50.041013070000076 ], [ 14.415472598000065, 50.041037997000046 ], [ 14.415499147000048, 50.041079787000058 ], [ 14.415539240000044, 50.04108737100006 ], [ 14.415526430000057, 50.041071088000081 ], [ 14.415499719000024, 50.04103282300008 ], [ 14.41548234000004, 50.040988596000034 ], [ 14.415481207000028, 50.040976244000035 ] ] ] ] } },
{ "type": "Feature", "properties": { "objectid": 65098, "zps_id": "15297", "id_poskyt": 38, "shape_area_1": 0.0, "globalid": "{1E7FFED7-0D48-427D-AFEF-ACD7A88B5C65}", "shape_Length": 0.00020894954378698039, "shape_Area": 2.5166278128227454e-09 }, "geometry": { "type": "MultiPolygon", "coordinates": [ [ [ [ 14.415116122000029, 50.037505033000059 ], [ 14.415146624000045, 50.037469402000056 ], [ 14.41509166000003, 50.03745045800008 ], [ 14.415061857000069, 50.037486044000048 ], [ 14.415116122000029, 50.037505033000059 ] ] ] ] } },
{ "type": "Feature", "properties": { "objectid": 65099, "zps_id": "14144", "id_poskyt": 38, "shape_area_1": 0.0, "globalid": "{9C28D7E5-41B6-44C2-A11C-FD99B4560879}", "shape_Length": 0.00025110209664609695, "shape_Area": 2.8212696592221912e-09 }, "geometry": { "type": "MultiPolygon", "coordinates": [ [ [ [ 14.413445265000064, 50.037601778000067 ], [ 14.413458339000044, 50.037506685000039 ], [ 14.413428374000034, 50.037505470000042 ], [ 14.413422464000064, 50.037552813000048 ], [ 14.413415788000066, 50.037600243000043 ], [ 14.413445265000064, 50.037601778000067 ] ] ] ] } },
{ "type": "Feature", "properties": { "objectid": 65100, "zps_id": "14586", "id_poskyt": 38, "shape_area_1": 0.0, "globalid": "{E561C3BD-496C-4CCA-9D1C-6C7444088246}", "shape_Length": 0.00021971265590372361, "shape_Area": 1.8056942000638059e-09 }, "geometry": { "type": "MultiPolygon", "coordinates": [ [ [ [ 14.410158792000061, 50.04026944900005 ], [ 14.410179824000068, 50.040283324000029 ], [ 14.410190125000042, 50.040276540000036 ], [ 14.410205852000047, 50.040267779000033 ], [ 14.410233236000067, 50.040258746000063 ], [ 14.410254335000047, 50.040253991000043 ], [ 14.410244986000066, 50.040235700000039 ], [ 14.410227597000073, 50.040239313000029 ], [ 14.410192240000072, 50.040251297000054 ], [ 14.410168146000046, 50.040263663000076 ], [ 14.410158792000061, 50.04026944900005 ] ] ] ] } },
{ "type": "Feature", "properties": { "objectid": 65101, "zps_id": "15479", "id_poskyt": 38, "shape_area_1": 0.0, "globalid": "{7A669366-33E1-425F-AB2E-41D6C25EDC5C}", "shape_Length": 0.00023556350477748283, "shape_Area": 1.7845038539029675e-09 }, "geometry": { "type": "MultiPolygon", "coordinates": [ [ [ [ 14.444300113000054, 50.062705454000081 ], [ 14.444334406000053, 50.062708738000026 ], [ 14.444403934000036, 50.062668035000058 ], [ 14.444385004000026, 50.062656125000046 ], [ 14.444300113000054, 50.062705454000081 ] ] ] ] } },
{ "type": "Feature", "properties": { "objectid": 65102, "zps_id": "11456", "id_poskyt": 38, "shape_area_1": 0.0, "globalid": "{21258D87-FADB-41B6-B0BD-4EE561410DA1}", "shape_Length": 0.00028073153739620419, "shape_Area": 2.479623263846103e-09 }, "geometry": { "type": "MultiPolygon", "coordinates": [ [ [ [ 14.445400618000065, 50.062060552000048 ], [ 14.445420317000071, 50.062073357000031 ], [ 14.445521179000025, 50.062014376000036 ], [ 14.445500535000065, 50.062001498000029 ], [ 14.445400618000065, 50.062060552000048 ] ] ] ] } },
{ "type": "Feature", "properties": { "objectid": 65103, "zps_id": "14075", "id_poskyt": 38, "shape_area_1": 0.0, "globalid": "{38550BA0-B0FC-47E4-9D24-389338029CAE}", "shape_Length": 0.0002500984086141812, "shape_Area": 3.6464403337251505e-09 }, "geometry": { "type": "MultiPolygon", "coordinates": [ [ [ [ 14.412808616000063, 50.034755930000074 ], [ 14.412855002000072, 50.034807676000071 ], [ 14.412906677000024, 50.034785904000046 ], [ 14.412862706000055, 50.034735660000081 ], [ 14.412808616000063, 50.034755930000074 ] ] ] ] } },
{ "type": "Feature", "properties": { "objectid": 65104, "zps_id": "15618", "id_poskyt": 38, "shape_area_1": 0.0, "globalid": "{09BA211F-F47F-4A21-8F42-72A0E46AD21C}", "shape_Length": 0.00028889848330270428, "shape_Area": 3.0979328083460881e-09 }, "geometry": { "type": "MultiPolygon", "coordinates": [ [ [ [ 14.412634100000048, 50.034478630000081 ], [ 14.41266310900005, 50.034468107000066 ], [ 14.412582448000023, 50.034384893000038 ], [ 14.412556474000041, 50.03439454200003 ], [ 14.412634100000048, 50.034478630000081 ] ] ] ] } },
{ "type": "Feature", "properties": { "objectid": 65105, "zps_id": "14076", "id_poskyt": 38, "shape_area_1": 0.0, "globalid": "{F732F303-78E2-4A1F-A82B-CE9CEBED66EE}", "shape_Length": 0.00039521255767586229, "shape_Area": 5.8880468625201573e-09 }, "geometry": { "type": "MultiPolygon", "coordinates": [ [ [ [ 14.412472680000064, 50.034351030000039 ], [ 14.412501543000076, 50.034341184000027 ], [ 14.412540261000061, 50.034385289000056 ], [ 14.412595782000039, 50.034364248000031 ], [ 14.412559009000063, 50.034321006000027 ], [ 14.412527062000038, 50.034331958000053 ], [ 14.412494806000041, 50.034294933000069 ], [ 14.412439886000072, 50.034315456000058 ], [ 14.412472680000064, 50.034351030000039 ] ] ] ] } },
{ "type": "Feature", "properties": { "objectid": 65106, "zps_id": "15319", "id_poskyt": 38, "shape_area_1": 0.0, "globalid": "{F884D956-DBC7-46B5-8745-BE5D6EE8321B}", "shape_Length": 0.00031098006729885462, "shape_Area": 3.0494387857666943e-09 }, "geometry": { "type": "MultiPolygon", "coordinates": [ [ [ [ 14.44707875000006, 50.061319707000052 ], [ 14.447198707000041, 50.061273894000067 ], [ 14.447181943000032, 50.061255659000039 ], [ 14.447059184000068, 50.06130138900005 ], [ 14.44707875000006, 50.061319707000052 ] ] ] ] } },
{ "type": "Feature", "properties": { "objectid": 65107, "zps_id": "15318", "id_poskyt": 38, "shape_area_1": 0.0, "globalid": "{194244CB-E9D3-4364-B33F-24399A73F483}", "shape_Length": 0.00028772380013448177, "shape_Area": 2.6097855063412089e-09 }, "geometry": { "type": "MultiPolygon", "coordinates": [ [ [ [ 14.447199843000021, 50.061174880000067 ], [ 14.447313380000026, 50.061132265000026 ], [ 14.447296481000024, 50.061114854000039 ], [ 14.447184874000072, 50.061158074000048 ], [ 14.447199843000021, 50.061174880000067 ] ] ] ] } },
{ "type": "Feature", "properties": { "objectid": 65108, "zps_id": "15321", "id_poskyt": 38, "shape_area_1": 0.0, "globalid": "{E8441461-4E95-4D6A-B760-562DFD771987}", "shape_Length": 0.00048864538417554707, "shape_Area": 4.6293773314679489e-09 }, "geometry": { "type": "MultiPolygon", "coordinates": [ [ [ [ 14.44251704800007, 50.063592474000075 ], [ 14.44253382200003, 50.063607224000066 ], [ 14.44273406800005, 50.063512569000068 ], [ 14.442717465000044, 50.063496945000054 ], [ 14.44251704800007, 50.063592474000075 ] ] ] ] } },
{ "type": "Feature", "properties": { "objectid": 65109, "zps_id": "15322", "id_poskyt": 38, "shape_area_1": 0.0, "globalid": "{D20F1948-3EC6-459B-A0B3-D61420EB96B9}", "shape_Length": 0.00027265104373847275, "shape_Area": 2.0691347072128107e-09 }, "geometry": { "type": "MultiPolygon", "coordinates": [ [ [ [ 14.446850349000044, 50.061813226000027 ], [ 14.446855846000062, 50.061796042000026 ], [ 14.446738091000043, 50.061781198000062 ], [ 14.44673285600004, 50.06179781600008 ], [ 14.446850349000044, 50.061813226000027 ] ] ] ] } },
{ "type": "Feature", "properties": { "objectid": 65110, "zps_id": "15323", "id_poskyt": 38, "shape_area_1": 0.0, "globalid": "{5B817BF6-763B-42BB-8D20-FFEC82B577BE}", "shape_Length": 0.00029104278975618236, "shape_Area": 2.7494755436162056e-09 }, "geometry": { "type": "MultiPolygon", "coordinates": [ [ [ [ 14.448497668000073, 50.060678206000034 ], [ 14.448611734000053, 50.060634547000063 ], [ 14.448596439000028, 50.060616960000061 ], [ 14.44848274800006, 50.060658855000042 ], [ 14.448497668000073, 50.060678206000034 ] ] ] ] } },
{ "type": "Feature", "properties": { "objectid": 65111, "zps_id": "15328", "id_poskyt": 38, "shape_area_1": 0.0, "globalid": "{4662FDBB-FCDB-44E8-834C-294BBDE3576D}", "shape_Length": 0.00037202370618630239, "shape_Area": 3.5961392849229105e-09 }, "geometry": { "type": "MultiPolygon", "coordinates": [ [ [ [ 14.451242412000056, 50.060825658000056 ], [ 14.451387159000035, 50.060896798000044 ], [ 14.451405946000023, 50.060881677000054 ], [ 14.451260648000073, 50.060809481000035 ], [ 14.451242412000056, 50.060825658000056 ] ] ] ] } },
{ "type": "Feature", "properties": { "objectid": 65112, "zps_id": "15330", "id_poskyt": 38, "shape_area_1": 0.0, "globalid": "{7555AFB3-43E4-4B7A-A329-540252EB1161}", "shape_Length": 0.00025968806441780724, "shape_Area": 3.0908054506645377e-09 }, "geometry": { "type": "MultiPolygon", "coordinates": [ [ [ [ 14.449616810000066, 50.059989189000078 ], [ 14.449649994000026, 50.059996278000028 ], [ 14.449673344000075, 50.059951075000072 ], [ 14.449689814000067, 50.059907871000064 ], [ 14.449656999000069, 50.059902893000071 ], [ 14.449641862000021, 50.059943621000059 ], [ 14.449616810000066, 50.059989189000078 ] ] ] ] } },
{ "type": "Feature", "properties": { "objectid": 65113, "zps_id": "15324", "id_poskyt": 38, "shape_area_1": 0.0, "globalid": "{D7AD5B7C-B047-4616-AF6D-914CD97E6977}", "shape_Length": 0.00030379526764957128, "shape_Area": 2.810486272661356e-09 }, "geometry": { "type": "MultiPolygon", "coordinates": [ [ [ [ 14.448937810000075, 50.060611744000028 ], [ 14.449055430000044, 50.06056708300008 ], [ 14.449043077000056, 50.060549375000051 ], [ 14.448919787000023, 50.060594052000056 ], [ 14.448937810000075, 50.060611744000028 ] ] ] ] } },
{ "type": "Feature", "properties": { "objectid": 65114, "zps_id": "15333", "id_poskyt": 38, "shape_area_1": 0.0, "globalid": "{B812A061-0128-4387-BF0C-D0FAA75EE51E}", "shape_Length": 0.00024131051130383058, "shape_Area": 2.8291577375986964e-09 }, "geometry": { "type": "MultiPolygon", "coordinates": [ [ [ [ 14.449714767000046, 50.059407947000068 ], [ 14.449748356000043, 50.059409354000081 ], [ 14.449754943000073, 50.059321640000064 ], [ 14.449724863000029, 50.059318984000072 ], [ 14.449714767000046, 50.059407947000068 ] ] ] ] } },
{ "type": "Feature", "properties": { "objectid": 65115, "zps_id": "15336", "id_poskyt": 38, "shape_area_1": 0.0, "globalid": "{D3175C50-4012-432F-A36D-4F79BC483AA1}", "shape_Length": 0.00021631853154004062, "shape_Area": 2.6005950785098348e-09 }, "geometry": { "type": "MultiPolygon", "coordinates": [ [ [ [ 14.44975848100006, 50.058750616000054 ], [ 14.449794676000067, 50.058751645000029 ], [ 14.449799782000071, 50.058680327000047 ], [ 14.449763816000029, 50.058678231000044 ], [ 14.44975848100006, 50.058750616000054 ] ] ] ] } },
{ "type": "Feature", "properties": { "objectid": 65116, "zps_id": "7501", "id_poskyt": 38, "shape_area_1": 0.0, "globalid": "{54ABC423-70AF-4A04-854C-A1E93316A064}", "shape_Length": 0.00034493860822568703, "shape_Area": 4.536347110699816e-09 }, "geometry": { "type": "MultiPolygon", "coordinates": [ [ [ [ 14.406654101000072, 50.076090330000056 ], [ 14.40680294200007, 50.076104709000049 ], [ 14.406758491000062, 50.076063735000048 ], [ 14.406661092000036, 50.076053936000051 ], [ 14.406654101000072, 50.076090330000056 ] ] ] ] } },
{ "type": "Feature", "properties": { "objectid": 65117, "zps_id": "13873", "id_poskyt": 38, "shape_area_1": 0.0, "globalid": "{941F0F1E-C8D8-4F4E-A387-97481152DAA3}", "shape_Length": 0.00035119651089384916, "shape_Area": 3.1209474326210769e-09 }, "geometry": { "type": "MultiPolygon", "coordinates": [ [ [ [ 14.454560050000055, 50.055116245000079 ], [ 14.454568538000046, 50.055097437000029 ], [ 14.45441581800003, 50.055069739000032 ], [ 14.454407885000023, 50.055088913000077 ], [ 14.454560050000055, 50.055116245000079 ] ] ] ] } },
{ "type": "Feature", "properties": { "objectid": 65118, "zps_id": "13895", "id_poskyt": 38, "shape_area_1": 0.0, "globalid": "{91EBFF9E-9226-4F91-B637-D428D056F50A}", "shape_Length": 0.00032506889330483768, "shape_Area": 2.6009518087555305e-09 }, "geometry": { "type": "MultiPolygon", "coordinates": [ [ [ [ 14.455997793000051, 50.052488570000037 ], [ 14.456005910000044, 50.052471099000059 ], [ 14.455863947000068, 50.052444625000078 ], [ 14.455856924000045, 50.052461048000055 ], [ 14.455997793000051, 50.052488570000037 ] ] ] ] } },
{ "type": "Feature", "properties": { "objectid": 65119, "zps_id": "13944", "id_poskyt": 38, "shape_area_1": 0.0, "globalid": "{F635565C-9746-49AC-9276-DDD8D89709BE}", "shape_Length": 0.00033500336007465722, "shape_Area": 2.9060279973580508e-09 }, "geometry": { "type": "MultiPolygon", "coordinates": [ [ [ [ 14.466373461000046, 50.048916383000062 ], [ 14.466359573000034, 50.048932039000078 ], [ 14.466428261000033, 50.048956711000073 ], [ 14.466497804000028, 50.048980469000071 ], [ 14.466511566000065, 50.048963878000052 ], [ 14.466444, 50.048941029000048 ], [ 14.466373461000046, 50.048916383000062 ] ] ] ] } },
{ "type": "Feature", "properties": { "objectid": 65120, "zps_id": "13961", "id_poskyt": 38, "shape_area_1": 0.0, "globalid": "{C5CAB12D-C3CA-4EA2-8FFC-1A0AFC2CF8DA}", "shape_Length": 0.00027380982116516432, "shape_Area": 2.8625245511878636e-09 }, "geometry": { "type": "MultiPolygon", "coordinates": [ [ [ [ 14.464198788000033, 50.048007607000045 ], [ 14.464225832000068, 50.048016482000037 ], [ 14.464296780000041, 50.047934821000069 ], [ 14.464269726000055, 50.047925455000041 ], [ 14.464198788000033, 50.048007607000045 ] ] ] ] } },
{ "type": "Feature", "properties": { "objectid": 65121, "zps_id": "13962", "id_poskyt": 38, "shape_area_1": 0.0, "globalid": "{7D1E18B2-13AD-4084-95B7-5684A51A91D3}", "shape_Length": 0.00023230588505199884, "shape_Area": 3.1453407271600068e-09 }, "geometry": { "type": "MultiPolygon", "coordinates": [ [ [ [ 14.46472310200005, 50.047596523000038 ], [ 14.464779182000029, 50.047616255000037 ], [ 14.464815778000059, 50.047572292000041 ], [ 14.464759943000047, 50.047553407000066 ], [ 14.46472310200005, 50.047596523000038 ] ] ] ] } },
{ "type": "Feature", "properties": { "objectid": 65122, "zps_id": "13968", "id_poskyt": 38, "shape_area_1": 0.0, "globalid": "{0C778241-EDE1-45BB-888C-14B5D6BF46C9}", "shape_Length": 0.00026952774929780662, "shape_Area": 2.7459402564626507e-09 }, "geometry": { "type": "MultiPolygon", "coordinates": [ [ [ [ 14.467361606000054, 50.047753458000045 ], [ 14.467387702000053, 50.047761569000045 ], [ 14.467456870000035, 50.04767995800006 ], [ 14.467430143000058, 50.047671175000062 ], [ 14.467361606000054, 50.047753458000045 ] ] ] ] } },
{ "type": "Feature", "properties": { "objectid": 65123, "zps_id": "15374", "id_poskyt": 38, "shape_area_1": 0.0, "globalid": "{FF8603CB-18AD-4DA3-B18E-3181EB48216A}", "shape_Length": 0.00038285930916168208, "shape_Area": 5.016209935444585e-09 }, "geometry": { "type": "MultiPolygon", "coordinates": [ [ [ [ 14.325807480000037, 50.090514112000051 ], [ 14.325860110000065, 50.090361520000044 ], [ 14.325830171000064, 50.090357329000028 ], [ 14.325799791000065, 50.090436021000073 ], [ 14.325797960000045, 50.090441884000029 ], [ 14.325778208000031, 50.090510289000065 ], [ 14.325807480000037, 50.090514112000051 ] ] ] ] } },
{ "type": "Feature", "properties": { "objectid": 65124, "zps_id": "8257", "id_poskyt": 38, "shape_area_1": 0.0, "globalid": "{3CB7F0B5-86EE-4715-B258-9AC8B6AFF43C}", "shape_Length": 0.00017019672938071599, "shape_Area": 1.5627649961391107e-09 }, "geometry": { "type": "MultiPolygon", "coordinates": [ [ [ [ 14.40764604900005, 50.097175753000045 ], [ 14.407674864000057, 50.09718351600003 ], [ 14.407704698000032, 50.097136852000062 ], [ 14.407676676000051, 50.097129022000047 ], [ 14.40764604900005, 50.097175753000045 ] ] ] ] } },
{ "type": "Feature", "properties": { "objectid": 65125, "zps_id": "15492", "id_poskyt": 38, "shape_area_1": 0.0, "globalid": "{48932F67-F2ED-4465-9797-7A1604B5CFD9}", "shape_Length": 0.00026550447832313312, "shape_Area": 3.2326132665693019e-09 }, "geometry": { "type": "MultiPolygon", "coordinates": [ [ [ [ 14.417438397000069, 50.073979422000036 ], [ 14.417470957000035, 50.073979820000034 ], [ 14.417462872000044, 50.073879042000044 ], [ 14.417430935000027, 50.073879807000026 ], [ 14.417438397000069, 50.073979422000036 ] ] ] ] } },
{ "type": "Feature", "properties": { "objectid": 65126, "zps_id": "7960", "id_poskyt": 38, "shape_area_1": 0.0, "globalid": "{FEA20C26-0E29-4876-A360-367ADF1D8175}", "shape_Length": 0.00023525963384971493, "shape_Area": 2.0835832321154289e-09 }, "geometry": { "type": "MultiPolygon", "coordinates": [ [ [ [ 14.365287462000026, 50.083841092000057 ], [ 14.365279433000069, 50.083861963000061 ], [ 14.365374111000051, 50.083876020000048 ], [ 14.365381350000064, 50.083854953000071 ], [ 14.365287462000026, 50.083841092000057 ] ] ] ] } },
{ "type": "Feature", "properties": { "objectid": 65127, "zps_id": "15248", "id_poskyt": 38, "shape_area_1": 0.0, "globalid": "{1C37E06D-538E-45DD-92B7-FC0375348CC3}", "shape_Length": 0.00031321517692593114, "shape_Area": 3.9332434701852131e-09 }, "geometry": { "type": "MultiPolygon", "coordinates": [ [ [ [ 14.428575167000076, 50.043491136000057 ], [ 14.428674718000025, 50.043490622000036 ], [ 14.428716881000071, 50.043467680000049 ], [ 14.428655174000028, 50.043454775000043 ], [ 14.42860347900006, 50.043449171000077 ], [ 14.428575167000076, 50.043491136000057 ] ] ] ] } },
{ "type": "Feature", "properties": { "objectid": 65128, "zps_id": "15540", "id_poskyt": 38, "shape_area_1": 0.0, "globalid": "{C356EC25-C3BA-4453-8946-C60BD5740304}", "shape_Length": 0.00033909029077258484, "shape_Area": 2.8677134346079874e-09 }, "geometry": { "type": "MultiPolygon", "coordinates": [ [ [ [ 14.450017777000028, 50.126576482000075 ], [ 14.450026327000046, 50.126559176000058 ], [ 14.449881120000043, 50.126527099000043 ], [ 14.449870685000064, 50.126544902000035 ], [ 14.450017777000028, 50.126576482000075 ] ] ] ] } },
{ "type": "Feature", "properties": { "objectid": 65129, "zps_id": "3233", "id_poskyt": 38, "shape_area_1": 0.0, "globalid": "{8532DD07-EDA1-454F-98A4-2BB76622ABDC}", "shape_Length": 0.00025109566157756032, "shape_Area": 2.8569388018356696e-09 }, "geometry": { "type": "MultiPolygon", "coordinates": [ [ [ [ 14.448447335000026, 50.078322694000065 ], [ 14.44847743400004, 50.078327830000035 ], [ 14.448513311000056, 50.078240144000063 ], [ 14.448482468000066, 50.07823492600005 ], [ 14.448447335000026, 50.078322694000065 ] ] ] ] } },
{ "type": "Feature", "properties": { "objectid": 65130, "zps_id": "4080", "id_poskyt": 38, "shape_area_1": 0.0, "globalid": "{71806DDE-B37F-40A1-9C15-757195FA6DDF}", "shape_Length": 0.00047004553829828338, "shape_Area": 4.0803398806108632e-09 }, "geometry": { "type": "MultiPolygon", "coordinates": [ [ [ [ 14.427402713000049, 50.087991208000062 ], [ 14.427615775000049, 50.088023139000029 ], [ 14.427622610000071, 50.08800522000007 ], [ 14.427409035000039, 50.087972854000043 ], [ 14.427402713000049, 50.087991208000062 ] ] ] ] } },
{ "type": "Feature", "properties": { "objectid": 65131, "zps_id": "3339", "id_poskyt": 38, "shape_area_1": 0.0, "globalid": "{6064620E-B760-4E56-BC28-0638F8128131}", "shape_Length": 0.00024052108762380242, "shape_Area": 3.3413963847804518e-09 }, "geometry": { "type": "MultiPolygon", "coordinates": [ [ [ [ 14.385382938000078, 50.08601131100005 ], [ 14.385424334000049, 50.086055715000043 ], [ 14.385480096000038, 50.086034685000072 ], [ 14.38544182000004, 50.085991139000043 ], [ 14.385382938000078, 50.08601131100005 ] ] ] ] } },
{ "type": "Feature", "properties": { "objectid": 65132, "zps_id": "11701", "id_poskyt": 38, "shape_area_1": 0.0, "globalid": "{63845920-1E32-41E4-A904-A99626E88495}", "shape_Length": 0.00025684764147207477, "shape_Area": 2.7759545280037566e-09 }, "geometry": { "type": "MultiPolygon", "coordinates": [ [ [ [ 14.450417497000046, 50.057334771000058 ], [ 14.450446057000022, 50.057342567000035 ], [ 14.450497760000076, 50.057257922000076 ], [ 14.450470001000042, 50.057250470000042 ], [ 14.450417497000046, 50.057334771000058 ] ] ] ] } },
{ "type": "Feature", "properties": { "objectid": 65133, "zps_id": "11710", "id_poskyt": 38, "shape_area_1": 0.0, "globalid": "{4D42E010-4B14-4615-9E9C-053680C71D24}", "shape_Length": 0.00032896117511546348, "shape_Area": 4.0214794622816401e-09 }, "geometry": { "type": "MultiPolygon", "coordinates": [ [ [ [ 14.450891758000068, 50.056564541000057 ], [ 14.450922735000063, 50.056573112000081 ], [ 14.450951165000049, 50.056524764000073 ], [ 14.450991371000043, 50.056459669000049 ], [ 14.450960751000025, 50.056451411000069 ], [ 14.450891758000068, 50.056564541000057 ] ] ] ] } },
{ "type": "Feature", "properties": { "objectid": 65134, "zps_id": "11710", "id_poskyt": 38, "shape_area_1": 0.0, "globalid": "{9D758F57-CBA5-4E9D-B8D2-40CCB82FA60E}", "shape_Length": 0.00026620595916550412, "shape_Area": 3.115769825686525e-09 }, "geometry": { "type": "MultiPolygon", "coordinates": [ [ [ [ 14.451224199000023, 50.05601841400005 ], [ 14.45125491500005, 50.056026219000046 ], [ 14.451296386000024, 50.055959938000058 ], [ 14.451307898000039, 50.05593964600007 ], [ 14.451277542000071, 50.055931874000066 ], [ 14.451261277000071, 50.055957535000061 ], [ 14.451224199000023, 50.05601841400005 ] ] ] ] } },
{ "type": "Feature", "properties": { "objectid": 65135, "zps_id": "3685", "id_poskyt": 38, "shape_area_1": 0.0, "globalid": "{691CF70F-E16F-414C-9192-F546E25FD2A6}", "shape_Length": 0.00019998234833992312, "shape_Area": 2.0080596545733659e-09 }, "geometry": { "type": "MultiPolygon", "coordinates": [ [ [ [ 14.419083660000069, 50.08734447300003 ], [ 14.419112048000045, 50.08734905600005 ], [ 14.419137534000072, 50.087282799000036 ], [ 14.419109254000034, 50.087277708000045 ], [ 14.419083660000069, 50.08734447300003 ] ] ] ] } },
{ "type": "Feature", "properties": { "objectid": 65136, "zps_id": "3675", "id_poskyt": 38, "shape_area_1": 0.0, "globalid": "{E3CF3266-31AB-453D-B2B3-2A06EB5E402E}", "shape_Length": 0.00045502763789452143, "shape_Area": 3.9854395526863759e-09 }, "geometry": { "type": "MultiPolygon", "coordinates": [ [ [ [ 14.417410586000074, 50.087330249000047 ], [ 14.417615211000054, 50.087364339000032 ], [ 14.417622764000043, 50.087346239000055 ], [ 14.41741720400006, 50.087311850000049 ], [ 14.417410586000074, 50.087330249000047 ] ] ] ] } },
{ "type": "Feature", "properties": { "objectid": 65137, "zps_id": "15574", "id_poskyt": 38, "shape_area_1": 0.0, "globalid": "{C210DB63-3E58-4616-8A14-6FFBBB4E8EE8}", "shape_Length": 0.00035507454023275164, "shape_Area": 3.3970943005517808e-09 }, "geometry": { "type": "MultiPolygon", "coordinates": [ [ [ [ 14.417152929000054, 50.08670002000008 ], [ 14.417302118000066, 50.086738366000077 ], [ 14.417314778000048, 50.08671882200008 ], [ 14.417164738000054, 50.086680428000079 ], [ 14.417152929000054, 50.08670002000008 ] ] ] ] } },
{ "type": "Feature", "properties": { "objectid": 65138, "zps_id": "15577", "id_poskyt": 38, "shape_area_1": 0.0, "globalid": "{D69BD85B-1A76-46FA-80D0-5DA28645E2BA}", "shape_Length": 0.00026230651951769315, "shape_Area": 3.161046495503421e-09 }, "geometry": { "type": "MultiPolygon", "coordinates": [ [ [ [ 14.43954410200007, 50.09050065100007 ], [ 14.439639807000049, 50.090517731000034 ], [ 14.439653836000048, 50.09048645300004 ], [ 14.439556491000076, 50.090470898000035 ], [ 14.43954410200007, 50.09050065100007 ] ] ] ] } },
{ "type": "Feature", "properties": { "objectid": 65139, "zps_id": "12255", "id_poskyt": 38, "shape_area_1": 0.0, "globalid": "{8C504827-DAA3-411C-8D62-93D742A7C1E7}", "shape_Length": 0.00022349408571942101, "shape_Area": 2.8941455597227746e-09 }, "geometry": { "type": "MultiPolygon", "coordinates": [ [ [ [ 14.503974421000066, 50.101736978000076 ], [ 14.504029399000046, 50.101758129000075 ], [ 14.504065103000073, 50.101718514000027 ], [ 14.504011337000065, 50.101697976000025 ], [ 14.503974421000066, 50.101736978000076 ] ] ] ] } },
{ "type": "Feature", "properties": { "objectid": 65140, "zps_id": "2528", "id_poskyt": 38, "shape_area_1": 0.0, "globalid": "{FBA66722-C70E-4EC3-BE93-F464B217259E}", "shape_Length": 0.0002658907960050818, "shape_Area": 2.8968659887181685e-09 }, "geometry": { "type": "MultiPolygon", "coordinates": [ [ [ [ 14.355918071000076, 50.073734 ], [ 14.355946395000046, 50.073736996000036 ], [ 14.355960147000076, 50.073672306000049 ], [ 14.35596417000005, 50.073632706000069 ], [ 14.355935258000045, 50.073633226000027 ], [ 14.355932738000035, 50.073671415000035 ], [ 14.355918071000076, 50.073734 ] ] ] ] } },
{ "type": "Feature", "properties": { "objectid": 65141, "zps_id": "15607", "id_poskyt": 38, "shape_area_1": 0.0, "globalid": "{86DE04A2-72AD-43E2-8E44-420228B09E65}", "shape_Length": 0.00023097782126051927, "shape_Area": 2.4874236659265024e-09 }, "geometry": { "type": "MultiPolygon", "coordinates": [ [ [ [ 14.419056443000045, 50.082617354000035 ], [ 14.419086252000056, 50.082623860000069 ], [ 14.41912508300004, 50.082547957000031 ], [ 14.419095829000071, 50.082541700000036 ], [ 14.419056443000045, 50.082617354000035 ] ] ] ] } },
{ "type": "Feature", "properties": { "objectid": 65142, "zps_id": "15609", "id_poskyt": 38, "shape_area_1": 0.0, "globalid": "{F3814F08-5E24-43D9-939C-AD57C781149B}", "shape_Length": 0.00024972919012373378, "shape_Area": 2.7960065217512972e-09 }, "geometry": { "type": "MultiPolygon", "coordinates": [ [ [ [ 14.42380576000005, 50.080318811000041 ], [ 14.42383336000006, 50.080308585000068 ], [ 14.423811097000055, 50.080284942000048 ], [ 14.423745305000068, 50.080262762000075 ], [ 14.423724010000058, 50.080282141000055 ], [ 14.42380576000005, 50.080318811000041 ] ] ] ] } },
{ "type": "Feature", "properties": { "objectid": 65143, "zps_id": "15610", "id_poskyt": 38, "shape_area_1": 0.0, "globalid": "{60ACAC46-B153-498C-B57E-55C19DD79128}", "shape_Length": 0.00018077026402145535, "shape_Area": 1.5559728182737668e-09 }, "geometry": { "type": "MultiPolygon", "coordinates": [ [ [ [ 14.428454076000037, 50.089470781000045 ], [ 14.428470852000032, 50.089490761000036 ], [ 14.428532005000022, 50.089469769000061 ], [ 14.428514507000045, 50.089450261000081 ], [ 14.428454076000037, 50.089470781000045 ] ] ] ] } },
{ "type": "Feature", "properties": { "objectid": 65144, "zps_id": "3717", "id_poskyt": 38, "shape_area_1": 0.0, "globalid": "{32AD2644-2581-40EE-A3E6-81FB3613E182}", "shape_Length": 0.0003059112300410651, "shape_Area": 3.4479156630188895e-09 }, "geometry": { "type": "MultiPolygon", "coordinates": [ [ [ [ 14.418269258000066, 50.084043358000031 ], [ 14.418296554000051, 50.084050467000054 ], [ 14.418323677000046, 50.084008079000057 ], [ 14.418356135000067, 50.083960465000075 ], [ 14.418355627000039, 50.083940226000038 ], [ 14.418324184000028, 50.083940564000045 ], [ 14.418319985000039, 50.08396448700006 ], [ 14.418296893000047, 50.084001015000069 ], [ 14.418269258000066, 50.084043358000031 ] ] ] ] } },
{ "type": "Feature", "properties": { "objectid": 65145, "zps_id": "4010", "id_poskyt": 38, "shape_area_1": 0.0, "globalid": "{E3435935-279A-4F27-B936-C866E3C55E23}", "shape_Length": 0.00017259113985567943, "shape_Area": 1.3787019546389294e-09 }, "geometry": { "type": "MultiPolygon", "coordinates": [ [ [ [ 14.425747939000075, 50.085652488000051 ], [ 14.425768117000075, 50.085638989000074 ], [ 14.425715380000042, 50.085606977000054 ], [ 14.425694838000027, 50.085621249000042 ], [ 14.425747939000075, 50.085652488000051 ] ] ] ] } },
{ "type": "Feature", "properties": { "objectid": 65146, "zps_id": "3776", "id_poskyt": 38, "shape_area_1": 0.0, "globalid": "{F6488B10-18BA-4E21-AB59-341C887CA56E}", "shape_Length": 0.00019545562218591445, "shape_Area": 1.5661472482331912e-09 }, "geometry": { "type": "MultiPolygon", "coordinates": [ [ [ [ 14.416535830000043, 50.081755699000041 ], [ 14.416609687000062, 50.081774984000049 ], [ 14.416621185000054, 50.081756316000053 ], [ 14.416547747000038, 50.081737839000027 ], [ 14.416535830000043, 50.081755699000041 ] ] ] ] } },
{ "type": "Feature", "properties": { "objectid": 65147, "zps_id": "13943", "id_poskyt": 38, "shape_area_1": 0.0, "globalid": "{50D2E576-FE9D-414E-ABE4-DF670819FC0A}", "shape_Length": 0.00037682237258453188, "shape_Area": 3.3488715148033383e-09 }, "geometry": { "type": "MultiPolygon", "coordinates": [ [ [ [ 14.467284071000051, 50.04925723000008 ], [ 14.467297839000025, 50.049240675000078 ], [ 14.467139441000029, 50.049184559000025 ], [ 14.467127208000022, 50.049201249000077 ], [ 14.467284071000051, 50.04925723000008 ] ] ] ] } },
{ "type": "Feature", "properties": { "objectid": 65148, "zps_id": "2094", "id_poskyt": 38, "shape_area_1": 0.0, "globalid": "{63E01F96-D1DD-414C-A487-DBF8BA24E2FF}", "shape_Length": 0.00017273013376162814, "shape_Area": 1.6043476022810604e-09 }, "geometry": { "type": "MultiPolygon", "coordinates": [ [ [ [ 14.389087056000051, 50.064989422000053 ], [ 14.389114382000059, 50.064992122000035 ], [ 14.389127705000021, 50.064934863000076 ], [ 14.389100435000046, 50.064931905000037 ], [ 14.389087056000051, 50.064989422000053 ] ] ] ] } },
{ "type": "Feature", "properties": { "objectid": 65149, "zps_id": "15633", "id_poskyt": 38, "shape_area_1": 0.0, "globalid": "{37126DDF-6EB5-4409-B0DF-9FCF2B11BF52}", "shape_Length": 0.00026571973096990178, "shape_Area": 4.2717619381612988e-09 }, "geometry": { "type": "MultiPolygon", "coordinates": [ [ [ [ 14.427951619000055, 50.078099691000034 ], [ 14.428002898000045, 50.078066754000076 ], [ 14.427973591000068, 50.077998053000044 ], [ 14.427925365000021, 50.078036569000062 ], [ 14.427951619000055, 50.078099691000034 ] ] ] ] } },
{ "type": "Feature", "properties": { "objectid": 65150, "zps_id": "11669", "id_poskyt": 38, "shape_area_1": 0.0, "globalid": "{7CD4A649-0AC2-4CC9-B31A-9BEA717D77FD}", "shape_Length": 0.00021009578189894502, "shape_Area": 1.6117861924812993e-09 }, "geometry": { "type": "MultiPolygon", "coordinates": [ [ [ [ 14.450218112000073, 50.059952188000068 ], [ 14.450299622000045, 50.059928587000059 ], [ 14.45028848100003, 50.059912337000071 ], [ 14.450206482000056, 50.059935524000082 ], [ 14.450218112000073, 50.059952188000068 ] ] ] ] } },
{ "type": "Feature", "properties": { "objectid": 65151, "zps_id": "15634", "id_poskyt": 38, "shape_area_1": 0.0, "globalid": "{51A4150C-0B66-469F-A2D9-1CFAB5501A92}", "shape_Length": 0.00032500894482228871, "shape_Area": 3.0099457557335117e-09 }, "geometry": { "type": "MultiPolygon", "coordinates": [ [ [ [ 14.447826593000059, 50.045375586000034 ], [ 14.447941361000062, 50.04545396900005 ], [ 14.447961736000025, 50.045441366000034 ], [ 14.447847662000072, 50.045363817000066 ], [ 14.447826593000059, 50.045375586000034 ] ] ] ] } },
{ "type": "Feature", "properties": { "objectid": 65152, "zps_id": "15650", "id_poskyt": 38, "shape_area_1": 0.0, "globalid": "{186BD6E4-9030-4ACC-9DBA-B9342BEC0F07}", "shape_Length": 0.00026791459338151359, "shape_Area": 3.7524156849698839e-09 }, "geometry": { "type": "MultiPolygon", "coordinates": [ [ [ [ 14.42982119800007, 50.058435424000038 ], [ 14.429823095000074, 50.058483902000035 ], [ 14.429898545000071, 50.058446209000067 ], [ 14.429898621000063, 50.058397405000051 ], [ 14.42982119800007, 50.058435424000038 ] ] ] ] } },
{ "type": "Feature", "properties": { "objectid": 65153, "zps_id": "10439", "id_poskyt": 38, "shape_area_1": 0.0, "globalid": "{9AB7B742-BBDD-4807-BDEA-4FCCBA5E7828}", "shape_Length": 0.00024072557294304304, "shape_Area": 2.12212586594407e-09 }, "geometry": { "type": "MultiPolygon", "coordinates": [ [ [ [ 14.440196916000048, 50.040894884000068 ], [ 14.440238265000062, 50.040902544000062 ], [ 14.440302377000023, 50.040864190000036 ], [ 14.440256379000061, 50.04085645300006 ], [ 14.440246725000065, 50.040855600000043 ], [ 14.440246735000073, 50.040865275000044 ], [ 14.440196916000048, 50.040894884000068 ] ] ] ] } },
{ "type": "Feature", "properties": { "objectid": 65154, "zps_id": "15686", "id_poskyt": 38, "shape_area_1": 0.0, "globalid": "{3AD57A49-A521-4258-9044-7BBBE445D5FC}", "shape_Length": 0.00030584732262621534, "shape_Area": 2.6201840661516105e-09 }, "geometry": { "type": "MultiPolygon", "coordinates": [ [ [ [ 14.42532686800007, 50.07429108000008 ], [ 14.425341383000045, 50.074275094000029 ], [ 14.42522174100003, 50.074225339000066 ], [ 14.42520475200007, 50.074239500000033 ], [ 14.42532686800007, 50.07429108000008 ] ] ] ] } },
{ "type": "Feature", "properties": { "objectid": 65155, "zps_id": "11191", "id_poskyt": 38, "shape_area_1": 0.0, "globalid": "{177648AD-84AD-4CBF-B362-FB045AE3D256}", "shape_Length": 0.00019644150227968518, "shape_Area": 1.8144008054852544e-09 }, "geometry": { "type": "MultiPolygon", "coordinates": [ [ [ [ 14.427364612000076, 50.060503233000077 ], [ 14.427391531000069, 50.060491722000052 ], [ 14.427337869000041, 50.060444822000079 ], [ 14.427313628000036, 50.060457261000067 ], [ 14.427364612000076, 50.060503233000077 ] ] ] ] } },
{ "type": "Feature", "properties": { "objectid": 65156, "zps_id": "15697", "id_poskyt": 38, "shape_area_1": 0.0, "globalid": "{F05C754F-3AC1-4865-B5EA-2CA36FF09DE2}", "shape_Length": 0.00064138611351876402, "shape_Area": 9.788902379480858e-09 }, "geometry": { "type": "MultiPolygon", "coordinates": [ [ [ [ 14.44030213700006, 50.049512334000042 ], [ 14.440472093000039, 50.049691126000027 ], [ 14.440519768000058, 50.049705434000032 ], [ 14.440506795000033, 50.049678830000062 ], [ 14.440339442000038, 50.049498345000075 ], [ 14.440311577000045, 50.049478590000035 ], [ 14.44030213700006, 50.049512334000042 ] ] ] ] } },
{ "type": "Feature", "properties": { "objectid": 65157, "zps_id": "15701", "id_poskyt": 38, "shape_area_1": 0.0, "globalid": "{A8DF6CD0-B825-4270-B3E4-C228DD6BB24F}", "shape_Length": 0.00025728295457594857, "shape_Area": 3.4502427990991059e-09 }, "geometry": { "type": "MultiPolygon", "coordinates": [ [ [ [ 14.443937154000025, 50.075576277000039 ], [ 14.443976492000047, 50.075574608000068 ], [ 14.443977740000037, 50.075483208000037 ], [ 14.443940350000048, 50.075487465000037 ], [ 14.443937154000025, 50.075576277000039 ] ] ] ] } },
{ "type": "Feature", "properties": { "objectid": 65158, "zps_id": "14002", "id_poskyt": 38, "shape_area_1": 0.0, "globalid": "{7013FF96-FCB6-4E7F-A125-D0A923A8D048}", "shape_Length": 0.00025113981911377518, "shape_Area": 2.1973828474083991e-09 }, "geometry": { "type": "MultiPolygon", "coordinates": [ [ [ [ 14.440221817000065, 50.038173300000039 ], [ 14.440234926000073, 50.038189871000043 ], [ 14.440271051000025, 50.038178591000076 ], [ 14.440333794000026, 50.038157604000048 ], [ 14.440317897000057, 50.03813944400008 ], [ 14.440221817000065, 50.038173300000039 ] ] ] ] } },
{ "type": "Feature", "properties": { "objectid": 65159, "zps_id": "15713", "id_poskyt": 38, "shape_area_1": 0.0, "globalid": "{1B98ABD7-8396-4A2A-BF3C-176EBF3C5F8C}", "shape_Length": 0.00027101207833223051, "shape_Area": 2.9646619591421649e-09 }, "geometry": { "type": "MultiPolygon", "coordinates": [ [ [ [ 14.405045267000048, 50.096926159000077 ], [ 14.405054771000039, 50.096947387000057 ], [ 14.405079568000076, 50.096977840000079 ], [ 14.405096091000075, 50.096994825000081 ], [ 14.405114777000051, 50.097010151000063 ], [ 14.405139146000067, 50.096998878000079 ], [ 14.405099159000031, 50.096960354000032 ], [ 14.405073861000062, 50.096918738000056 ], [ 14.405045267000048, 50.096926159000077 ] ] ] ] } },
{ "type": "Feature", "properties": { "objectid": 65160, "zps_id": "14335", "id_poskyt": 38, "shape_area_1": 0.0, "globalid": "{B20E4170-1D8E-4FFE-9888-D50F938C64E9}", "shape_Length": 0.00026112533322085002, "shape_Area": 2.1240621339447871e-09 }, "geometry": { "type": "MultiPolygon", "coordinates": [ [ [ [ 14.432729175000077, 50.04159323500005 ], [ 14.432839903000058, 50.041608601000064 ], [ 14.43284488300003, 50.041590282000072 ], [ 14.432735316000048, 50.041574556000057 ], [ 14.432729175000077, 50.04159323500005 ] ] ] ] } },
{ "type": "Feature", "properties": { "objectid": 65161, "zps_id": "15715", "id_poskyt": 38, "shape_area_1": 0.0, "globalid": "{B543A650-80E2-405E-BB8B-33E44D2A31AB}", "shape_Length": 0.00037664574809001376, "shape_Area": 3.2698662296597793e-09 }, "geometry": { "type": "MultiPolygon", "coordinates": [ [ [ [ 14.41111210300005, 50.03433911500008 ], [ 14.411269465000032, 50.034281476000046 ], [ 14.411254568000061, 50.034265678000054 ], [ 14.41109829800007, 50.034323804000053 ], [ 14.41111210300005, 50.03433911500008 ] ] ] ] } },
{ "type": "Feature", "properties": { "objectid": 65162, "zps_id": "11000", "id_poskyt": 38, "shape_area_1": 0.0, "globalid": "{1F93CCD7-2644-4B5D-AA96-F9B48338377A}", "shape_Length": 0.0002387925635371582, "shape_Area": 1.9437595305453301e-09 }, "geometry": { "type": "MultiPolygon", "coordinates": [ [ [ [ 14.420331628000042, 50.059264280000036 ], [ 14.420432223000034, 50.059265098000026 ], [ 14.420432571000049, 50.059245206000071 ], [ 14.420333365000033, 50.059245266000062 ], [ 14.420331628000042, 50.059264280000036 ] ] ] ] } },
{ "type": "Feature", "properties": { "objectid": 65163, "zps_id": "10530", "id_poskyt": 38, "shape_area_1": 0.0, "globalid": "{3ED60974-BFC3-4B85-A997-689BA9909669}", "shape_Length": 0.00023235527826154581, "shape_Area": 2.2334928098303231e-09 }, "geometry": { "type": "MultiPolygon", "coordinates": [ [ [ [ 14.447767739000028, 50.045999608000045 ], [ 14.447791499000061, 50.046014678000063 ], [ 14.447866440000041, 50.045968500000072 ], [ 14.44784233200005, 50.045953399000041 ], [ 14.447767739000028, 50.045999608000045 ] ] ] ] } },
{ "type": "Feature", "properties": { "objectid": 65164, "zps_id": "15736", "id_poskyt": 38, "shape_area_1": 0.0, "globalid": "{DD6C0D0E-1C3A-47A1-A3A5-2A32152124D8}", "shape_Length": 0.00016427603845600106, "shape_Area": 1.5922304998783771e-09 }, "geometry": { "type": "MultiPolygon", "coordinates": [ [ [ [ 14.430124131000071, 50.065267152000047 ], [ 14.430155983000077, 50.065267076000055 ], [ 14.430157205000057, 50.06521633300008 ], [ 14.430126238000071, 50.065216497000051 ], [ 14.430124131000071, 50.065267152000047 ] ] ] ] } },
{ "type": "Feature", "properties": { "objectid": 65165, "zps_id": "15754", "id_poskyt": 38, "shape_area_1": 0.0, "globalid": "{34C871FD-083F-4F52-B7BF-3E89E0062D28}", "shape_Length": 0.00031965746888384711, "shape_Area": 3.1434636257146631e-09 }, "geometry": { "type": "MultiPolygon", "coordinates": [ [ [ [ 14.421387946000038, 50.066297729000041 ], [ 14.42141093500004, 50.066311346000077 ], [ 14.421520481000073, 50.066234891000079 ], [ 14.421499104000077, 50.066222107000044 ], [ 14.421387946000038, 50.066297729000041 ] ] ] ] } },
{ "type": "Feature", "properties": { "objectid": 65166, "zps_id": "4847", "id_poskyt": 38, "shape_area_1": 0.0, "globalid": "{9E640F2C-48DF-4890-827F-0416035851C6}", "shape_Length": 0.00023596093596290035, "shape_Area": 2.6771992217170628e-09 }, "geometry": { "type": "MultiPolygon", "coordinates": [ [ [ [ 14.448067382000033, 50.079198907000034 ], [ 14.448100665000027, 50.079209951000053 ], [ 14.448153821000062, 50.079146325000067 ], [ 14.448122456000021, 50.079134751000026 ], [ 14.448067382000033, 50.079198907000034 ] ] ] ] } },
{ "type": "Feature", "properties": { "objectid": 65167, "zps_id": "14355", "id_poskyt": 38, "shape_area_1": 0.0, "globalid": "{0C06CC75-1E19-474B-8FD6-1111AB6BF776}", "shape_Length": 0.00023617245824014661, "shape_Area": 2.0798426484101354e-09 }, "geometry": { "type": "MultiPolygon", "coordinates": [ [ [ [ 14.413160601000072, 50.044375169000034 ], [ 14.413232751000066, 50.044435970000052 ], [ 14.413254522000045, 50.044425050000029 ], [ 14.413183634000063, 50.044365595000045 ], [ 14.413160601000072, 50.044375169000034 ] ] ] ] } },
{ "type": "Feature", "properties": { "objectid": 65168, "zps_id": "3869", "id_poskyt": 38, "shape_area_1": 0.0, "globalid": "{0DB151B2-F455-48AB-9331-6CDD9719BA15}", "shape_Length": 0.00023350703139960033, "shape_Area": 2.1959299449553682e-09 }, "geometry": { "type": "MultiPolygon", "coordinates": [ [ [ [ 14.422545593000052, 50.079418559000032 ], [ 14.422623741000052, 50.079464078000058 ], [ 14.422645007000028, 50.079448780000064 ], [ 14.422568116000036, 50.079402991000052 ], [ 14.422545593000052, 50.079418559000032 ] ] ] ] } },
{ "type": "Feature", "properties": { "objectid": 65169, "zps_id": "7355", "id_poskyt": 38, "shape_area_1": 0.0, "globalid": "{8D58CEAB-A43E-4568-BD53-2BC57D40DB06}", "shape_Length": 0.00018779577562925937, "shape_Area": 1.8642442078861471e-09 }, "geometry": { "type": "MultiPolygon", "coordinates": [ [ [ [ 14.388499342000046, 50.071666611000069 ], [ 14.388517342000057, 50.071604729000057 ], [ 14.388488433000077, 50.07160090900004 ], [ 14.388470321000057, 50.07166331500008 ], [ 14.388499342000046, 50.071666611000069 ] ] ] ] } },
{ "type": "Feature", "properties": { "objectid": 65170, "zps_id": "15327", "id_poskyt": 38, "shape_area_1": 0.0, "globalid": "{ED3C3461-0573-4504-9589-BF7FC28A04E0}", "shape_Length": 0.00034869184653297863, "shape_Area": 4.7368389930752729e-09 }, "geometry": { "type": "MultiPolygon", "coordinates": [ [ [ [ 14.44986829000004, 50.060421081000072 ], [ 14.44995020500005, 50.060414168000079 ], [ 14.450017824000042, 50.060352429000034 ], [ 14.449930842000072, 50.060359703000074 ], [ 14.44986829000004, 50.060421081000072 ] ] ] ] } },
{ "type": "Feature", "properties": { "objectid": 65171, "zps_id": "10409", "id_poskyt": 38, "shape_area_1": 0.0, "globalid": "{12902FDA-BE2B-4E89-8362-E70BA44FB3FF}", "shape_Length": 0.0003288408437189485, "shape_Area": 2.9201838839117533e-09 }, "geometry": { "type": "MultiPolygon", "coordinates": [ [ [ [ 14.443266878000031, 50.040073061000044 ], [ 14.443397602000061, 50.040129527000033 ], [ 14.443413186000043, 50.040114016000075 ], [ 14.443282693000072, 50.04005744300008 ], [ 14.443266878000031, 50.040073061000044 ] ] ] ] } },
{ "type": "Feature", "properties": { "objectid": 65172, "zps_id": "7415", "id_poskyt": 38, "shape_area_1": 0.0, "globalid": "{E45FF64C-35B6-47E3-B093-6D3D5A5D0589}", "shape_Length": 0.0002595152268623189, "shape_Area": 2.937210903622223e-09 }, "geometry": { "type": "MultiPolygon", "coordinates": [ [ [ [ 14.402300711000066, 50.07812100700005 ], [ 14.402329071000054, 50.078119639000079 ], [ 14.402322017000074, 50.078019511000036 ], [ 14.402291956000056, 50.07802072800007 ], [ 14.402300711000066, 50.07812100700005 ] ] ] ] } },
{ "type": "Feature", "properties": { "objectid": 65173, "zps_id": "15774", "id_poskyt": 38, "shape_area_1": 0.0, "globalid": "{2CDE7460-4CBB-4DDB-B82F-6BDF9E60B0D2}", "shape_Length": 0.00020652609222125747, "shape_Area": 2.0723687472134038e-09 }, "geometry": { "type": "MultiPolygon", "coordinates": [ [ [ [ 14.367325626000024, 50.086710001000029 ], [ 14.367353983000044, 50.086714784000037 ], [ 14.367381415000068, 50.086645265000072 ], [ 14.367354157000022, 50.086640289000059 ], [ 14.367325626000024, 50.086710001000029 ] ] ] ] } },
{ "type": "Feature", "properties": { "objectid": 65174, "zps_id": "5701", "id_poskyt": 38, "shape_area_1": 0.0, "globalid": "{0F03293A-7A3C-4C36-B670-E6A1A1F08943}", "shape_Length": 0.00029104762984711197, "shape_Area": 3.3398072034570961e-09 }, "geometry": { "type": "MultiPolygon", "coordinates": [ [ [ [ 14.449858406000033, 50.103111832000081 ], [ 14.449887091000051, 50.103112431000056 ], [ 14.449889593000023, 50.103031791000035 ], [ 14.449891806000039, 50.10299608300005 ], [ 14.449862578000022, 50.102995246000035 ], [ 14.449861190000036, 50.103029864000064 ], [ 14.449858406000033, 50.103111832000081 ] ] ] ] } },
{ "type": "Feature", "properties": { "objectid": 65175, "zps_id": "5750", "id_poskyt": 38, "shape_area_1": 0.0, "globalid": "{78CD7A7A-B7A9-4C03-B02A-822BBA973B4F}", "shape_Length": 0.00081149268720081505, "shape_Area": 7.7055070189144141e-09 }, "geometry": { "type": "MultiPolygon", "coordinates": [ [ [ [ 14.424483413000075, 50.100575096000057 ], [ 14.424629271000072, 50.100600020000059 ], [ 14.424637447000066, 50.100580659000059 ], [ 14.42448821000005, 50.100555636000081 ], [ 14.424436843000024, 50.100546634000068 ], [ 14.424288799000067, 50.100522172000069 ], [ 14.424257682000075, 50.100516704000029 ], [ 14.424249624000026, 50.100535260000072 ], [ 14.424483413000075, 50.100575096000057 ] ] ] ] } },
{ "type": "Feature", "properties": { "objectid": 65176, "zps_id": "15807", "id_poskyt": 38, "shape_area_1": 0.0, "globalid": "{270EEE0A-038B-4C8B-BFD2-73C698EAB3C0}", "shape_Length": 0.00030019706606541604, "shape_Area": 2.4480087165651294e-09 }, "geometry": { "type": "MultiPolygon", "coordinates": [ [ [ [ 14.456361641000058, 50.075386583000068 ], [ 14.456360880000034, 50.075405102000047 ], [ 14.456492454000056, 50.075406476000069 ], [ 14.456492999000034, 50.075387766000063 ], [ 14.456361641000058, 50.075386583000068 ] ] ] ] } },
{ "type": "Feature", "properties": { "objectid": 65177, "zps_id": "16439", "id_poskyt": 38, "shape_area_1": 0.0, "globalid": "{ED3B54B2-3DED-4AD6-816C-2F961C6B5329}", "shape_Length": 0.00032950009794171245, "shape_Area": 3.2846314570540806e-09 }, "geometry": { "type": "MultiPolygon", "coordinates": [ [ [ [ 14.447930245000066, 50.071871529000077 ], [ 14.447927562000075, 50.071847414000047 ], [ 14.447786360000066, 50.071854137000059 ], [ 14.447788729000024, 50.071876289000045 ], [ 14.447930245000066, 50.071871529000077 ] ] ] ] } },
{ "type": "Feature", "properties": { "objectid": 65178, "zps_id": "16440", "id_poskyt": 38, "shape_area_1": 0.0, "globalid": "{9B385E9B-4DD4-444E-81A6-66154B459022}", "shape_Length": 0.00024094664572042116, "shape_Area": 1.9811504978895406e-09 }, "geometry": { "type": "MultiPolygon", "coordinates": [ [ [ [ 14.449794348000069, 50.071912569000062 ], [ 14.449796364000065, 50.071892736000052 ], [ 14.449695604000055, 50.071889074000069 ], [ 14.449693703000037, 50.071908436000058 ], [ 14.449794348000069, 50.071912569000062 ] ] ] ] } },
{ "type": "Feature", "properties": { "objectid": 65179, "zps_id": "16443", "id_poskyt": 38, "shape_area_1": 0.0, "globalid": "{16C7CC68-5745-4499-AC47-9305055353AB}", "shape_Length": 0.00028387304160472224, "shape_Area": 3.5036615482016597e-09 }, "geometry": { "type": "MultiPolygon", "coordinates": [ [ [ [ 14.447024903000056, 50.071514379000064 ], [ 14.447068600000023, 50.071414815000026 ], [ 14.447035475000064, 50.071409139000082 ], [ 14.446992549000072, 50.071509053000057 ], [ 14.447024903000056, 50.071514379000064 ] ] ] ] } },
{ "type": "Feature", "properties": { "objectid": 65180, "zps_id": "16444", "id_poskyt": 38, "shape_area_1": 0.0, "globalid": "{64091D88-A25A-4CC9-ADFD-AA7AC0638E43}", "shape_Length": 0.00025812481687256887, "shape_Area": 3.1306181933793055e-09 }, "geometry": { "type": "MultiPolygon", "coordinates": [ [ [ [ 14.447123857000065, 50.071203972000035 ], [ 14.447156756000027, 50.071209520000082 ], [ 14.447196613000074, 50.07112306700003 ], [ 14.447162220000052, 50.071117386000026 ], [ 14.447123857000065, 50.071203972000035 ] ] ] ] } },
{ "type": "Feature", "properties": { "objectid": 65181, "zps_id": "16446", "id_poskyt": 38, "shape_area_1": 0.0, "globalid": "{B3EA07E7-3218-456A-9D3F-492F17890D1F}", "shape_Length": 0.0002726927515499792, "shape_Area": 2.9117797578671973e-09 }, "geometry": { "type": "MultiPolygon", "coordinates": [ [ [ [ 14.447320671000057, 50.070758345000058 ], [ 14.447347473000036, 50.070763310000075 ], [ 14.447394221000025, 50.070665304000045 ], [ 14.447366736000049, 50.070659764000027 ], [ 14.447320671000057, 50.070758345000058 ] ] ] ] } },
{ "type": "Feature", "properties": { "objectid": 65182, "zps_id": "16447", "id_poskyt": 38, "shape_area_1": 0.0, "globalid": "{95F3F4A6-8CEE-44F5-BF1D-34B211700877}", "shape_Length": 0.0002214501289707931, "shape_Area": 1.9270701968569144e-09 }, "geometry": { "type": "MultiPolygon", "coordinates": [ [ [ [ 14.45162606100007, 50.070794149000051 ], [ 14.451636164000035, 50.07074674200004 ], [ 14.451607932000059, 50.070762500000058 ], [ 14.451593995000053, 50.070819688000029 ], [ 14.451610157000061, 50.070844148000049 ], [ 14.45162606100007, 50.070794149000051 ] ] ] ] } },
{ "type": "Feature", "properties": { "objectid": 65183, "zps_id": "16448", "id_poskyt": 38, "shape_area_1": 0.0, "globalid": "{D8C30351-0C57-4166-9EC0-6EC10B4010CE}", "shape_Length": 0.00031631082425543017, "shape_Area": 3.8586261230380206e-09 }, "geometry": { "type": "MultiPolygon", "coordinates": [ [ [ [ 14.451375303000077, 50.071401276000074 ], [ 14.451449356000069, 50.071300562000033 ], [ 14.451419632000068, 50.071290959000066 ], [ 14.451342973000067, 50.071391216000052 ], [ 14.451375303000077, 50.071401276000074 ] ] ] ] } },
{ "type": "Feature", "properties": { "objectid": 65184, "zps_id": "16449", "id_poskyt": 38, "shape_area_1": 0.0, "globalid": "{075AC1A2-26A8-4D76-B417-4E51B9A84C18}", "shape_Length": 0.00024905880977153696, "shape_Area": 2.8582716872577533e-09 }, "geometry": { "type": "MultiPolygon", "coordinates": [ [ [ [ 14.451076776000036, 50.071802585000057 ], [ 14.451130805000048, 50.071728137000036 ], [ 14.451099038000052, 50.071718597000029 ], [ 14.451045663000059, 50.071792568000035 ], [ 14.451076776000036, 50.071802585000057 ] ] ] ] } },
{ "type": "Feature", "properties": { "objectid": 65185, "zps_id": "16110", "id_poskyt": 38, "shape_area_1": 0.0, "globalid": "{FD37BDCE-C0A1-4310-87C8-2623F1D3C7F9}", "shape_Length": 0.00020080284028070979, "shape_Area": 1.5571416334042609e-09 }, "geometry": { "type": "MultiPolygon", "coordinates": [ [ [ [ 14.452702424000051, 50.070641187000035 ], [ 14.452703197000062, 50.070621942000059 ], [ 14.452621824000062, 50.070619831000045 ], [ 14.452621394000062, 50.070638906000056 ], [ 14.452702424000051, 50.070641187000035 ] ] ] ] } },
{ "type": "Feature", "properties": { "objectid": 65186, "zps_id": "15970", "id_poskyt": 38, "shape_area_1": 0.0, "globalid": "{DA87C3F2-5BB0-44F0-A4A3-350896B47FE1}", "shape_Length": 0.00054370245284373502, "shape_Area": 5.1197445899325264e-09 }, "geometry": { "type": "MultiPolygon", "coordinates": [ [ [ [ 14.451916321000056, 50.066094931000066 ], [ 14.451918227000021, 50.066074753000066 ], [ 14.451666812000042, 50.066064493000056 ], [ 14.45166520500004, 50.066084925000041 ], [ 14.451916321000056, 50.066094931000066 ] ] ] ] } },
{ "type": "Feature", "properties": { "objectid": 65187, "zps_id": "15987", "id_poskyt": 38, "shape_area_1": 0.0, "globalid": "{DA352E15-016E-476C-B054-ABEBE4A55A96}", "shape_Length": 0.00041411587409953977, "shape_Area": 3.8763927643407671e-09 }, "geometry": { "type": "MultiPolygon", "coordinates": [ [ [ [ 14.452538046000029, 50.065975351000077 ], [ 14.452541646000043, 50.06595474900007 ], [ 14.452355632000035, 50.065940420000061 ], [ 14.452352819000055, 50.065961091000077 ], [ 14.452538046000029, 50.065975351000077 ] ] ] ] } },
{ "type": "Feature", "properties": { "objectid": 65188, "zps_id": "16101", "id_poskyt": 38, "shape_area_1": 0.0, "globalid": "{9D3E1CAD-D536-43BE-B6DA-5C852551CD84}", "shape_Length": 0.00035213824416032677, "shape_Area": 3.743761056624214e-09 }, "geometry": { "type": "MultiPolygon", "coordinates": [ [ [ [ 14.454147190000072, 50.069201589000045 ], [ 14.454141680000077, 50.069174321000048 ], [ 14.453991887000029, 50.069185283000081 ], [ 14.453995317000022, 50.069207166000069 ], [ 14.454147190000072, 50.069201589000045 ] ] ] ] } },
{ "type": "Feature", "properties": { "objectid": 65189, "zps_id": "16102", "id_poskyt": 38, "shape_area_1": 0.0, "globalid": "{7701D8DE-9397-4AA1-9BDD-C636D8EDB9CA}", "shape_Length": 0.00048642380387662015, "shape_Area": 4.497494635724341e-09 }, "geometry": { "type": "MultiPolygon", "coordinates": [ [ [ [ 14.45534344400005, 50.069110738000063 ], [ 14.455339937000076, 50.06909074500004 ], [ 14.455117462000032, 50.06910453900008 ], [ 14.455120954000051, 50.069124542000054 ], [ 14.45534344400005, 50.069110738000063 ] ] ] ] } },
{ "type": "Feature", "properties": { "objectid": 65190, "zps_id": "16102", "id_poskyt": 38, "shape_area_1": 0.0, "globalid": "{4A62969E-AAB4-4EEA-BF2B-56D4B2C6D94B}", "shape_Length": 0.00032498572561748176, "shape_Area": 2.6061154122869212e-09 }, "geometry": { "type": "MultiPolygon", "coordinates": [ [ [ [ 14.455770933000053, 50.069083513000066 ], [ 14.455768276000072, 50.069065136000063 ], [ 14.455624665000073, 50.069074758000056 ], [ 14.455626305000067, 50.069092273000081 ], [ 14.455770933000053, 50.069083513000066 ] ] ] ] } },
{ "type": "Feature", "properties": { "objectid": 65191, "zps_id": "16103", "id_poskyt": 38, "shape_area_1": 0.0, "globalid": "{AD5B2AAA-5E31-4FCC-9BBB-2F27F563DA67}", "shape_Length": 0.00040058567669565184, "shape_Area": 3.7158853175009893e-09 }, "geometry": { "type": "MultiPolygon", "coordinates": [ [ [ [ 14.45461763000003, 50.069060815000057 ], [ 14.454614445000061, 50.069039297000074 ], [ 14.454435404000037, 50.069051943000034 ], [ 14.454438396000057, 50.069071509000025 ], [ 14.45461763000003, 50.069060815000057 ] ] ] ] } },
{ "type": "Feature", "properties": { "objectid": 65192, "zps_id": "16103", "id_poskyt": 38, "shape_area_1": 0.0, "globalid": "{605A7140-C382-4435-9B30-86C9264D5E21}", "shape_Length": 0.00048092381648265163, "shape_Area": 4.7431993780334931e-09 }, "geometry": { "type": "MultiPolygon", "coordinates": [ [ [ [ 14.455074358000047, 50.069034258000045 ], [ 14.455072948000065, 50.069012896000061 ], [ 14.454854079000029, 50.069026637000036 ], [ 14.45485658900003, 50.069048476000034 ], [ 14.455074358000047, 50.069034258000045 ] ] ] ] } },
{ "type": "Feature", "properties": { "objectid": 65193, "zps_id": "16189", "id_poskyt": 38, "shape_area_1": 0.0, "globalid": "{7FE08BAF-5D15-46C3-8A5A-C1441263B05F}", "shape_Length": 0.00045898599860672495, "shape_Area": 3.8282944625228759e-09 }, "geometry": { "type": "MultiPolygon", "coordinates": [ [ [ [ 14.460169835000045, 50.070695944000079 ], [ 14.460164608000071, 50.070678321000059 ], [ 14.459955147000073, 50.070706797000071 ], [ 14.459960954000053, 50.070724280000036 ], [ 14.460169835000045, 50.070695944000079 ] ] ] ] } },
{ "type": "Feature", "properties": { "objectid": 65194, "zps_id": "16065", "id_poskyt": 38, "shape_area_1": 0.0, "globalid": "{2F39A4E9-57CD-4419-990E-A6BE4F8284B3}", "shape_Length": 0.00039062425609746865, "shape_Area": 4.1464670632926075e-09 }, "geometry": { "type": "MultiPolygon", "coordinates": [ [ [ [ 14.456164503000025, 50.068900789000054 ], [ 14.456177800000034, 50.068921566000029 ], [ 14.45634162500005, 50.068875185000081 ], [ 14.456326895000075, 50.068853193000052 ], [ 14.456164503000025, 50.068900789000054 ] ] ] ] } },
{ "type": "Feature", "properties": { "objectid": 65195, "zps_id": "16064", "id_poskyt": 38, "shape_area_1": 0.0, "globalid": "{8E8A69BB-6E0F-40E2-85DC-C89C018EC6E0}", "shape_Length": 0.00030936555623367623, "shape_Area": 3.0432833380080542e-09 }, "geometry": { "type": "MultiPolygon", "coordinates": [ [ [ [ 14.456595060000041, 50.068898062000073 ], [ 14.456611936000058, 50.068917058000068 ], [ 14.456733800000052, 50.068874306000055 ], [ 14.456717239000056, 50.06885515700003 ], [ 14.456595060000041, 50.068898062000073 ] ] ] ] } },
{ "type": "Feature", "properties": { "objectid": 65196, "zps_id": "16064", "id_poskyt": 38, "shape_area_1": 0.0, "globalid": "{F738AC0E-0E0D-4D15-9791-CE31AB33CC36}", "shape_Length": 0.00049319374920840241, "shape_Area": 5.2443518671693431e-09 }, "geometry": { "type": "MultiPolygon", "coordinates": [ [ [ [ 14.45694407600007, 50.068774551000047 ], [ 14.456959440000048, 50.068793957000025 ], [ 14.457169309000051, 50.06872112700006 ], [ 14.457151952000061, 50.068701726000029 ], [ 14.45694407600007, 50.068774551000047 ] ] ] ] } },
{ "type": "Feature", "properties": { "objectid": 65197, "zps_id": "16067", "id_poskyt": 38, "shape_area_1": 0.0, "globalid": "{5EBA1088-C92E-41B2-8F52-104F5720871C}", "shape_Length": 0.00037867132955461832, "shape_Area": 3.9458332911311341e-09 }, "geometry": { "type": "MultiPolygon", "coordinates": [ [ [ [ 14.457438259000071, 50.068489684000042 ], [ 14.457592451000039, 50.068436145000078 ], [ 14.457575765000058, 50.06841625800007 ], [ 14.457421284000077, 50.068470154000067 ], [ 14.457438259000071, 50.068489684000042 ] ] ] ] } },
{ "type": "Feature", "properties": { "objectid": 65198, "zps_id": "16216", "id_poskyt": 38, "shape_area_1": 0.0, "globalid": "{39059090-DFA0-40E0-BE4E-FF6EA4D697C3}", "shape_Length": 0.00034125922412632775, "shape_Area": 3.1026736580757113e-09 }, "geometry": { "type": "MultiPolygon", "coordinates": [ [ [ [ 14.462556128000074, 50.070852560000048 ], [ 14.462550463000071, 50.070872743000052 ], [ 14.46269896900003, 50.070891341000049 ], [ 14.462704635000023, 50.070871158000045 ], [ 14.462556128000074, 50.070852560000048 ] ] ] ] } },
{ "type": "Feature", "properties": { "objectid": 65199, "zps_id": "16215", "id_poskyt": 38, "shape_area_1": 0.0, "globalid": "{45866E31-7617-4443-85C9-504CFDFE1310}", "shape_Length": 0.00037738836054965045, "shape_Area": 3.7802896512780258e-09 }, "geometry": { "type": "MultiPolygon", "coordinates": [ [ [ [ 14.461743420000062, 50.070864671000038 ], [ 14.461750560000041, 50.070842531000039 ], [ 14.46158599000006, 50.070822032000081 ], [ 14.461579528000073, 50.070844233000059 ], [ 14.461743420000062, 50.070864671000038 ] ] ] ] } },
{ "type": "Feature", "properties": { "objectid": 65200, "zps_id": "16472", "id_poskyt": 38, "shape_area_1": 0.0, "globalid": "{856788FE-46A5-496D-890D-150B4E688D57}", "shape_Length": 0.0003852237567158668, "shape_Area": 3.9123279315413729e-09 }, "geometry": { "type": "MultiPolygon", "coordinates": [ [ [ [ 14.471188294000058, 50.069753483000056 ], [ 14.47119791800003, 50.06973210700005 ], [ 14.471033817000034, 50.069698541000037 ], [ 14.471021981000035, 50.069720185000051 ], [ 14.471188294000058, 50.069753483000056 ] ] ] ] } },
{ "type": "Feature", "properties": { "objectid": 65201, "zps_id": "16025", "id_poskyt": 38, "shape_area_1": 0.0, "globalid": "{F3F77DF6-CD83-4638-8961-C1D0B604AB7A}", "shape_Length": 0.00040103712481117634, "shape_Area": 3.3310735611090382e-09 }, "geometry": { "type": "MultiPolygon", "coordinates": [ [ [ [ 14.459934941000029, 50.067328695000072 ], [ 14.45996841300007, 50.067317309000032 ], [ 14.459787920000053, 50.067276824000032 ], [ 14.45977868600005, 50.067295685000033 ], [ 14.459934941000029, 50.067328695000072 ] ] ] ] } },
{ "type": "Feature", "properties": { "objectid": 65202, "zps_id": "16479", "id_poskyt": 38, "shape_area_1": 0.0, "globalid": "{6BB5E0C8-E37F-46B2-BEDA-8E3E3283B492}", "shape_Length": 0.00028270473960086492, "shape_Area": 4.1348573822405145e-09 }, "geometry": { "type": "MultiPolygon", "coordinates": [ [ [ [ 14.460514576000037, 50.06682268000003 ], [ 14.460564623000039, 50.066738494000049 ], [ 14.46052054300003, 50.066728789000081 ], [ 14.460471945000052, 50.066810878000069 ], [ 14.460514576000037, 50.06682268000003 ] ] ] ] } },
{ "type": "Feature", "properties": { "objectid": 65203, "zps_id": "16480", "id_poskyt": 38, "shape_area_1": 0.0, "globalid": "{48CFA168-5765-4EB8-A3D3-0C64FF62908B}", "shape_Length": 0.00047335574260531758, "shape_Area": 7.1516140184101531e-09 }, "geometry": { "type": "MultiPolygon", "coordinates": [ [ [ [ 14.464206883000031, 50.066728302000058 ], [ 14.464267794000023, 50.066697890000057 ], [ 14.464102195000066, 50.066662094000037 ], [ 14.464042076000055, 50.066691766000076 ], [ 14.464206883000031, 50.066728302000058 ] ] ] ] } },
{ "type": "Feature", "properties": { "objectid": 65204, "zps_id": "16401", "id_poskyt": 38, "shape_area_1": 0.0, "globalid": "{EF9BB7C8-6DD5-4A1B-BD18-E582614FAE99}", "shape_Length": 0.00037700527884019971, "shape_Area": 3.0502106969580699e-09 }, "geometry": { "type": "MultiPolygon", "coordinates": [ [ [ [ 14.483411411000077, 50.071095028000059 ], [ 14.483413953000024, 50.071077755000033 ], [ 14.483243859000027, 50.071066185000063 ], [ 14.483241114000066, 50.071084411000072 ], [ 14.483411411000077, 50.071095028000059 ] ] ] ] } },
{ "type": "Feature", "properties": { "objectid": 65205, "zps_id": "16313", "id_poskyt": 38, "shape_area_1": 0.0, "globalid": "{97C7BABC-4C08-40B7-81C1-E0E19E962B06}", "shape_Length": 0.00038527699451598285, "shape_Area": 3.7866983590956615e-09 }, "geometry": { "type": "MultiPolygon", "coordinates": [ [ [ [ 14.476670187000025, 50.070634019000067 ], [ 14.476680873000078, 50.070613198000046 ], [ 14.476514623000071, 50.070579851000048 ], [ 14.476504251000051, 50.070600381000077 ], [ 14.476670187000025, 50.070634019000067 ] ] ] ] } },
{ "type": "Feature", "properties": { "objectid": 65206, "zps_id": "16124", "id_poskyt": 38, "shape_area_1": 0.0, "globalid": "{ED890464-36AD-4C13-A7B6-A80FB010C66C}", "shape_Length": 0.0002388388833311302, "shape_Area": 2.274825066387274e-09 }, "geometry": { "type": "MultiPolygon", "coordinates": [ [ [ [ 14.456611849000069, 50.07126530000005 ], [ 14.456588404000058, 50.071258067000031 ], [ 14.45653427600007, 50.071335612000041 ], [ 14.456559741000035, 50.071342697000034 ], [ 14.456611849000069, 50.07126530000005 ] ] ] ] } },
{ "type": "Feature", "properties": { "objectid": 65207, "zps_id": "16120", "id_poskyt": 38, "shape_area_1": 0.0, "globalid": "{C147D427-827E-4EA7-9314-E05C8BE5A0D2}", "shape_Length": 0.00034419449135086362, "shape_Area": 3.0515818780384231e-09 }, "geometry": { "type": "MultiPolygon", "coordinates": [ [ [ [ 14.455307321000078, 50.071257908000064 ], [ 14.455302460000041, 50.071237903000053 ], [ 14.455151819000037, 50.071258240000077 ], [ 14.455156858000066, 50.071277462000069 ], [ 14.455307321000078, 50.071257908000064 ] ] ] ] } },
{ "type": "Feature", "properties": { "objectid": 65208, "zps_id": "16146", "id_poskyt": 38, "shape_area_1": 0.0, "globalid": "{B8B4F045-01C9-47E8-96C6-370EA5EE4011}", "shape_Length": 0.00034174219289472767, "shape_Area": 2.9619074328628519e-09 }, "geometry": { "type": "MultiPolygon", "coordinates": [ [ [ [ 14.457117696000068, 50.071108553000045 ], [ 14.457111274000056, 50.071088983000038 ], [ 14.456961775000025, 50.071109668000076 ], [ 14.456968136000057, 50.071127999000055 ], [ 14.457117696000068, 50.071108553000045 ] ] ] ] } },
{ "type": "Feature", "properties": { "objectid": 65209, "zps_id": "15856", "id_poskyt": 38, "shape_area_1": 0.0, "globalid": "{704923AD-D3D4-40A9-9099-1AB402B615AD}", "shape_Length": 0.00034316201708960788, "shape_Area": 3.0311660869062619e-09 }, "geometry": { "type": "MultiPolygon", "coordinates": [ [ [ [ 14.453876631000071, 50.073504031000027 ], [ 14.453881232000072, 50.073483963000058 ], [ 14.453730205000056, 50.073471066000081 ], [ 14.453726051000046, 50.07349042900006 ], [ 14.453876631000071, 50.073504031000027 ] ] ] ] } },
{ "type": "Feature", "properties": { "objectid": 65210, "zps_id": "16192", "id_poskyt": 38, "shape_area_1": 0.0, "globalid": "{6B844969-9F01-4C0B-9987-14CC58F8B622}", "shape_Length": 0.00025568473694707097, "shape_Area": 2.8488961729464745e-09 }, "geometry": { "type": "MultiPolygon", "coordinates": [ [ [ [ 14.46027345300007, 50.070002416000079 ], [ 14.460300802000063, 50.070003756000062 ], [ 14.460315643000058, 50.069905938000034 ], [ 14.460285298000031, 50.069904159000032 ], [ 14.46027345300007, 50.070002416000079 ] ] ] ] } },
{ "type": "Feature", "properties": { "objectid": 65211, "zps_id": "16242", "id_poskyt": 38, "shape_area_1": 0.0, "globalid": "{86111F60-30AB-45CC-A41D-3020D6ACF3F1}", "shape_Length": 0.00026778932915541684, "shape_Area": 2.9032143883130763e-09 }, "geometry": { "type": "MultiPolygon", "coordinates": [ [ [ [ 14.467008053000029, 50.070997430000034 ], [ 14.467036747000066, 50.071003464000057 ], [ 14.46708794500006, 50.070912306000082 ], [ 14.467060179000043, 50.070905819000075 ], [ 14.467008053000029, 50.070997430000034 ] ] ] ] } },
{ "type": "Feature", "properties": { "objectid": 65212, "zps_id": "16260", "id_poskyt": 38, "shape_area_1": 0.0, "globalid": "{4E3AAE69-E04B-4F82-A0D0-5694AFB3E43D}", "shape_Length": 0.00034981511412110277, "shape_Area": 2.8697679782978056e-09 }, "geometry": { "type": "MultiPolygon", "coordinates": [ [ [ [ 14.472061807000046, 50.072206817000051 ], [ 14.472048279000035, 50.072223076000057 ], [ 14.472073584000043, 50.072232783000061 ], [ 14.47210732700006, 50.072240413000031 ], [ 14.472125090000077, 50.072243139000079 ], [ 14.472133378000024, 50.07224420600005 ], [ 14.472203433000061, 50.072253536000062 ], [ 14.472209126000052, 50.072235254000077 ], [ 14.472123328000066, 50.072224707000032 ], [ 14.472105064000061, 50.072221936000062 ], [ 14.472087007000027, 50.072217014000046 ], [ 14.472061807000046, 50.072206817000051 ] ] ] ] } },
{ "type": "Feature", "properties": { "objectid": 65213, "zps_id": "16336", "id_poskyt": 38, "shape_area_1": 0.0, "globalid": "{6A36E3B0-91EF-44CD-B02C-D43438744F8A}", "shape_Length": 0.00028580216163032082, "shape_Area": 3.3141595533048644e-09 }, "geometry": { "type": "MultiPolygon", "coordinates": [ [ [ [ 14.473806935000027, 50.071246073000054 ], [ 14.473883163000039, 50.071261836000076 ], [ 14.473939844000029, 50.071229025000036 ], [ 14.473865192000062, 50.071214270000041 ], [ 14.473806935000027, 50.071246073000054 ] ] ] ] } },
{ "type": "Feature", "properties": { "objectid": 65214, "zps_id": "16512", "id_poskyt": 38, "shape_area_1": 0.0, "globalid": "{FCF3A3BE-F147-4189-A8FA-DD3043AF02D5}", "shape_Length": 0.00033654123435645101, "shape_Area": 2.7365960722566454e-09 }, "geometry": { "type": "MultiPolygon", "coordinates": [ [ [ [ 14.479104110000037, 50.072896307000065 ], [ 14.479112598000029, 50.07287933200007 ], [ 14.478966326000034, 50.072849462000079 ], [ 14.478957837000053, 50.072866438000062 ], [ 14.479104110000037, 50.072896307000065 ] ] ] ] } },
{ "type": "Feature", "properties": { "objectid": 65215, "zps_id": "20643", "id_poskyt": 38, "shape_area_1": 0.0, "globalid": "{5BB64827-A40C-40C6-B860-D95D54A08BA3}", "shape_Length": 0.00028709020676287553, "shape_Area": 3.2670612576307772e-09 }, "geometry": { "type": "MultiPolygon", "coordinates": [ [ [ [ 14.476435785000035, 50.069584322000026 ], [ 14.476486057000045, 50.069554038000035 ], [ 14.47640661500003, 50.06953849100006 ], [ 14.47635187700007, 50.069567220000067 ], [ 14.476435785000035, 50.069584322000026 ] ] ] ] } },
{ "type": "Feature", "properties": { "objectid": 65216, "zps_id": "15800", "id_poskyt": 38, "shape_area_1": 0.0, "globalid": "{9F9C9563-E71A-43C3-9C6A-3F3BDEAC6648}", "shape_Length": 0.00026790010927394548, "shape_Area": 4.4829289168451725e-09 }, "geometry": { "type": "MultiPolygon", "coordinates": [ [ [ [ 14.455874039000037, 50.075004641000078 ], [ 14.455876885000066, 50.074935765000077 ], [ 14.455811514000061, 50.074934814000073 ], [ 14.455807755000023, 50.07500195800003 ], [ 14.455874039000037, 50.075004641000078 ] ] ] ] } },
{ "type": "Feature", "properties": { "objectid": 65217, "zps_id": "15796", "id_poskyt": 38, "shape_area_1": 0.0, "globalid": "{14B750C3-D545-45B2-B2F9-65C7AE19A884}", "shape_Length": 0.00021774530931692226, "shape_Area": 1.6485703213530657e-09 }, "geometry": { "type": "MultiPolygon", "coordinates": [ [ [ [ 14.450699978000046, 50.075340941000036 ], [ 14.450700149000056, 50.075322478000032 ], [ 14.450608945000056, 50.075322449000055 ], [ 14.450609824000026, 50.075340349000044 ], [ 14.450699978000046, 50.075340941000036 ] ] ] ] } },
{ "type": "Feature", "properties": { "objectid": 65218, "zps_id": "16079", "id_poskyt": 38, "shape_area_1": 0.0, "globalid": "{FD379B82-C26F-477D-AC2B-5D552ADD6066}", "shape_Length": 0.00023021773642788163, "shape_Area": 1.8892678125707822e-09 }, "geometry": { "type": "MultiPolygon", "coordinates": [ [ [ [ 14.456732030000069, 50.066464215000053 ], [ 14.456724489000067, 50.066483198000071 ], [ 14.456816668000045, 50.066501671000026 ], [ 14.456825470000069, 50.06648324300005 ], [ 14.456732030000069, 50.066464215000053 ] ] ] ] } },
{ "type": "Feature", "properties": { "objectid": 65219, "zps_id": "15874", "id_poskyt": 38, "shape_area_1": 0.0, "globalid": "{CE2CFBDA-27CA-433C-A32C-640D57CD1AD3}", "shape_Length": 0.00025022266517299338, "shape_Area": 3.0538655621372792e-09 }, "geometry": { "type": "MultiPolygon", "coordinates": [ [ [ [ 14.446561669000062, 50.071783310000058 ], [ 14.446556697000062, 50.071767615000056 ], [ 14.446551053000064, 50.071760954000069 ], [ 14.446526581000057, 50.071782080000048 ], [ 14.446518566000066, 50.071852842000055 ], [ 14.446548246000077, 50.071869649000064 ], [ 14.446561669000062, 50.071783310000058 ] ] ] ] } },
{ "type": "Feature", "properties": { "objectid": 65220, "zps_id": "15875", "id_poskyt": 38, "shape_area_1": 0.0, "globalid": "{9E5D4A6E-11E8-442C-8051-BF5E2448BEB7}", "shape_Length": 0.00031492918324471094, "shape_Area": 4.1587330333038866e-09 }, "geometry": { "type": "MultiPolygon", "coordinates": [ [ [ [ 14.446815882000067, 50.07186278100005 ], [ 14.44685422200007, 50.071842880000077 ], [ 14.44687858900005, 50.071748134000075 ], [ 14.446857364000039, 50.071726720000072 ], [ 14.446846384000025, 50.071743156000082 ], [ 14.446817802000055, 50.071836187000031 ], [ 14.446815882000067, 50.07186278100005 ] ] ] ] } },
{ "type": "Feature", "properties": { "objectid": 65221, "zps_id": "16248", "id_poskyt": 38, "shape_area_1": 0.0, "globalid": "{05471ED5-0AF8-4D3D-85C7-08FEAA73D6BC}", "shape_Length": 0.00076122255890077645, "shape_Area": 6.6159555729892892e-09 }, "geometry": { "type": "MultiPolygon", "coordinates": [ [ [ [ 14.470307682000055, 50.069330025000056 ], [ 14.470315170000049, 50.069313387000079 ], [ 14.469962223000039, 50.069239325000069 ], [ 14.469952566000075, 50.069256488000065 ], [ 14.470307682000055, 50.069330025000056 ] ] ] ] } },
{ "type": "Feature", "properties": { "objectid": 65222, "zps_id": "16416", "id_poskyt": 38, "shape_area_1": 0.0, "globalid": "{7B731A53-4A61-436E-8BB3-CF21A08CCF99}", "shape_Length": 0.00023979390065023947, "shape_Area": 3.3513179047401338e-09 }, "geometry": { "type": "MultiPolygon", "coordinates": [ [ [ [ 14.475727058000075, 50.076309554000034 ], [ 14.475733742000045, 50.076265058000047 ], [ 14.475658569000075, 50.076260815000069 ], [ 14.475652271000058, 50.076304945000061 ], [ 14.475727058000075, 50.076309554000034 ] ] ] ] } },
{ "type": "Feature", "properties": { "objectid": 65223, "zps_id": "16533", "id_poskyt": 38, "shape_area_1": 0.0, "globalid": "{C18DA4CF-BEFA-4719-85CE-60B7FAA992F5}", "shape_Length": 0.00029894868926101989, "shape_Area": 2.8477324728879238e-09 }, "geometry": { "type": "MultiPolygon", "coordinates": [ [ [ [ 14.450781803000041, 50.070721074000062 ], [ 14.45080381300005, 50.070731593000062 ], [ 14.450899723000077, 50.070652686000074 ], [ 14.450877458000036, 50.070640583000056 ], [ 14.450781803000041, 50.070721074000062 ] ] ] ] } },
{ "type": "Feature", "properties": { "objectid": 65224, "zps_id": "16162", "id_poskyt": 38, "shape_area_1": 0.0, "globalid": "{1A51BBD9-24E2-40A8-91F3-4FA9B25B0867}", "shape_Length": 0.00035645697430098939, "shape_Area": 3.78703447799805e-09 }, "geometry": { "type": "MultiPolygon", "coordinates": [ [ [ [ 14.456409045000044, 50.069520720000071 ], [ 14.456434122000076, 50.069512279000037 ], [ 14.456338219000031, 50.069394928000065 ], [ 14.456312776000061, 50.069403699000077 ], [ 14.456409045000044, 50.069520720000071 ] ] ] ] } },
{ "type": "Feature", "properties": { "objectid": 65225, "zps_id": "15972", "id_poskyt": 38, "shape_area_1": 0.0, "globalid": "{44F01065-09D0-4206-997A-A06FC2AF1B6F}", "shape_Length": 0.00042726774039535131, "shape_Area": 5.4674552908782176e-09 }, "geometry": { "type": "MultiPolygon", "coordinates": [ [ [ [ 14.452694550000047, 50.064447923000046 ], [ 14.45272413400005, 50.064452531000029 ], [ 14.452781938000044, 50.06427855000004 ], [ 14.452751914000032, 50.064273558000082 ], [ 14.452694550000047, 50.064447923000046 ] ] ] ] } },
{ "type": "Feature", "properties": { "objectid": 65226, "zps_id": "15860", "id_poskyt": 38, "shape_area_1": 0.0, "globalid": "{2BF374CE-35B6-48D8-BF57-E03E8BD716FB}", "shape_Length": 0.00043225393616444274, "shape_Area": 3.9440121287802168e-09 }, "geometry": { "type": "MultiPolygon", "coordinates": [ [ [ [ 14.445735229000036, 50.072014424000031 ], [ 14.44572862800004, 50.071994737000068 ], [ 14.445534894000048, 50.072018723000042 ], [ 14.445540650000055, 50.072038145000079 ], [ 14.445735229000036, 50.072014424000031 ] ] ] ] } },
{ "type": "Feature", "properties": { "objectid": 65227, "zps_id": "16156", "id_poskyt": 38, "shape_area_1": 0.0, "globalid": "{7AF87C82-D041-43A1-AF88-2081675AD3EC}", "shape_Length": 0.00024523567612436473, "shape_Area": 1.9304361207356951e-09 }, "geometry": { "type": "MultiPolygon", "coordinates": [ [ [ [ 14.454908947000035, 50.069860088000041 ], [ 14.454907864000063, 50.069841279000059 ], [ 14.454803779000031, 50.069844243000034 ], [ 14.454804996000064, 50.069862492000027 ], [ 14.454908947000035, 50.069860088000041 ] ] ] ] } },
{ "type": "Feature", "properties": { "objectid": 65228, "zps_id": "16603", "id_poskyt": 38, "shape_area_1": 0.0, "globalid": "{83661964-D687-4C24-8D5C-D83414E299C1}", "shape_Length": 0.00026361761595750934, "shape_Area": 3.2227406257775313e-09 }, "geometry": { "type": "MultiPolygon", "coordinates": [ [ [ [ 14.419691878000037, 50.10039970400004 ], [ 14.419612183000027, 50.100388364000025 ], [ 14.41957480800005, 50.100423509000052 ], [ 14.41965495200003, 50.100434724000081 ], [ 14.419691878000037, 50.10039970400004 ] ] ] ] } },
{ "type": "Feature", "properties": { "objectid": 65229, "zps_id": "16594", "id_poskyt": 38, "shape_area_1": 0.0, "globalid": "{CA18E11A-C867-4FE0-98E2-DFA8FD0A5D83}", "shape_Length": 0.00020592711962853197, "shape_Area": 2.1513973466078062e-09 }, "geometry": { "type": "MultiPolygon", "coordinates": [ [ [ [ 14.457596316000036, 50.076324986000031 ], [ 14.457630180000024, 50.076331712000069 ], [ 14.457658596000044, 50.07634944800003 ], [ 14.457668876000071, 50.076319400000045 ], [ 14.457642065000073, 50.076305055000034 ], [ 14.457614192000051, 50.076286623000044 ], [ 14.457596316000036, 50.076324986000031 ] ] ] ] } },
{ "type": "Feature", "properties": { "objectid": 65230, "zps_id": "16598", "id_poskyt": 38, "shape_area_1": 0.0, "globalid": "{831A55B3-B454-4A22-A860-AF9E934771F4}", "shape_Length": 0.00019829992203422786, "shape_Area": 1.9353952658977752e-09 }, "geometry": { "type": "MultiPolygon", "coordinates": [ [ [ [ 14.467724855000029, 50.077033870000037 ], [ 14.467790167000032, 50.077060999000025 ], [ 14.467793519000054, 50.077032862000067 ], [ 14.467728320000049, 50.077005534000079 ], [ 14.467724855000029, 50.077033870000037 ] ] ] ] } },
{ "type": "Feature", "properties": { "objectid": 65231, "zps_id": "16598", "id_poskyt": 38, "shape_area_1": 0.0, "globalid": "{9F67A2AB-A009-4243-B15C-89553AB2592F}", "shape_Length": 0.00029704369341768436, "shape_Area": 5.4588468805091634e-09 }, "geometry": { "type": "MultiPolygon", "coordinates": [ [ [ [ 14.467773296000075, 50.076678875000027 ], [ 14.467840674000058, 50.07668306100004 ], [ 14.467852189000041, 50.076603452000029 ], [ 14.467784155000061, 50.076598708000063 ], [ 14.467773296000075, 50.076678875000027 ] ] ] ] } },
{ "type": "Feature", "properties": { "objectid": 65232, "zps_id": "9744", "id_poskyt": 38, "shape_area_1": 0.0, "globalid": "{6644C93F-75DF-49BF-92AB-F1EA1AB83692}", "shape_Length": 0.00036766168065600078, "shape_Area": 7.2550587314336515e-09 }, "geometry": { "type": "MultiPolygon", "coordinates": [ [ [ [ 14.477984780000043, 50.125854741000069 ], [ 14.478045628000075, 50.125868424000032 ], [ 14.478104362000067, 50.125761734000037 ], [ 14.478043762000027, 50.125748535000071 ], [ 14.477984780000043, 50.125854741000069 ] ] ] ] } },
{ "type": "Feature", "properties": { "objectid": 65233, "zps_id": "16624", "id_poskyt": 38, "shape_area_1": 0.0, "globalid": "{F71B53D6-67B4-4A3D-AF38-51544EE81EA6}", "shape_Length": 0.00034967978802246465, "shape_Area": 2.7763842784705732e-09 }, "geometry": { "type": "MultiPolygon", "coordinates": [ [ [ [ 14.488521879000075, 50.09498161700003 ], [ 14.488520880000067, 50.094999333000032 ], [ 14.488678100000072, 50.095002314000055 ], [ 14.488678930000049, 50.094984728000043 ], [ 14.488521879000075, 50.09498161700003 ] ] ] ] } },
{ "type": "Feature", "properties": { "objectid": 65234, "zps_id": "16624", "id_poskyt": 38, "shape_area_1": 0.0, "globalid": "{D1DA9739-1CFD-482D-8829-787576F41206}", "shape_Length": 0.00020222824582686363, "shape_Area": 1.479006408316284e-09 }, "geometry": { "type": "MultiPolygon", "coordinates": [ [ [ [ 14.488520880000067, 50.094999333000032 ], [ 14.488521879000075, 50.09498161700003 ], [ 14.488438465000058, 50.094979971000043 ], [ 14.488437601000044, 50.09499770900004 ], [ 14.488520880000067, 50.094999333000032 ] ] ] ] } },
{ "type": "Feature", "properties": { "objectid": 65235, "zps_id": "16642", "id_poskyt": 38, "shape_area_1": 0.0, "globalid": "{246A399D-6E8D-4E93-864A-65B5D2C79C68}", "shape_Length": 0.00029061072666142663, "shape_Area": 2.6968512074975984e-09 }, "geometry": { "type": "MultiPolygon", "coordinates": [ [ [ [ 14.440544334000037, 50.071468495000033 ], [ 14.440562634000059, 50.07145218900007 ], [ 14.440452005000054, 50.071402067000065 ], [ 14.440434513000071, 50.071418428000072 ], [ 14.440544334000037, 50.071468495000033 ] ] ] ] } },
{ "type": "Feature", "properties": { "objectid": 65236, "zps_id": "16644", "id_poskyt": 38, "shape_area_1": 0.0, "globalid": "{D9D443A9-1E86-41C6-9667-9146CA4BBB4A}", "shape_Length": 0.00019243318937660632, "shape_Area": 1.9295243507689817e-09 }, "geometry": { "type": "MultiPolygon", "coordinates": [ [ [ [ 14.450295069000049, 50.076409437000052 ], [ 14.450291753000045, 50.076442787000076 ], [ 14.450288426000043, 50.076477035000039 ], [ 14.450316798000074, 50.076478043000066 ], [ 14.450323710000077, 50.076410960000032 ], [ 14.450295069000049, 50.076409437000052 ] ] ] ] } },
{ "type": "Feature", "properties": { "objectid": 65237, "zps_id": "16675", "id_poskyt": 38, "shape_area_1": 0.0, "globalid": "{26B945B1-0F49-434A-BC88-66403FD7E0A2}", "shape_Length": 0.00035336402512476241, "shape_Area": 2.8851344663184373e-09 }, "geometry": { "type": "MultiPolygon", "coordinates": [ [ [ [ 14.391496735000032, 50.06218326100003 ], [ 14.391655382000067, 50.06218603800005 ], [ 14.391656225000077, 50.062168095000061 ], [ 14.391498011000067, 50.062164823000046 ], [ 14.391496735000032, 50.06218326100003 ] ] ] ] } },
{ "type": "Feature", "properties": { "objectid": 65238, "zps_id": "16680", "id_poskyt": 38, "shape_area_1": 0.0, "globalid": "{7ED14AC0-BF6B-42CC-8D1A-C211F05E4722}", "shape_Length": 0.00031315812126073058, "shape_Area": 2.5188838125613314e-09 }, "geometry": { "type": "MultiPolygon", "coordinates": [ [ [ [ 14.475839489000066, 50.092132818000039 ], [ 14.475976105000029, 50.092154649000065 ], [ 14.475982654000063, 50.092136804000063 ], [ 14.475847003000069, 50.092115866000029 ], [ 14.475839489000066, 50.092132818000039 ] ] ] ] } },
{ "type": "Feature", "properties": { "objectid": 65239, "zps_id": "16704", "id_poskyt": 38, "shape_area_1": 0.0, "globalid": "{E242BAC8-ADBC-402C-9853-2E70365C7948}", "shape_Length": 0.00037281362882831781, "shape_Area": 4.1239591433843762e-09 }, "geometry": { "type": "MultiPolygon", "coordinates": [ [ [ [ 14.405219941000041, 50.104644093000047 ], [ 14.405243128000052, 50.104629739000075 ], [ 14.405117070000074, 50.104535954000028 ], [ 14.405091452000022, 50.104550473000074 ], [ 14.405219941000041, 50.104644093000047 ] ] ] ] } },
{ "type": "Feature", "properties": { "objectid": 65240, "zps_id": "16908", "id_poskyt": 38, "shape_area_1": 0.0, "globalid": "{C1B4EE1A-7F81-405D-BC04-C9E48916F0BF}", "shape_Length": 0.00037348220371030759, "shape_Area": 3.564927140704088e-09 }, "geometry": { "type": "MultiPolygon", "coordinates": [ [ [ [ 14.504612330000043, 50.077482616000054 ], [ 14.504617610000025, 50.077461120000066 ], [ 14.504451999000025, 50.077449315000081 ], [ 14.504448918000037, 50.077470552000079 ], [ 14.504612330000043, 50.077482616000054 ] ] ] ] } },
{ "type": "Feature", "properties": { "objectid": 65241, "zps_id": "17173", "id_poskyt": 38, "shape_area_1": 0.0, "globalid": "{E425661C-215C-4D22-B577-3A42412492CC}", "shape_Length": 0.00030383783131541272, "shape_Area": 2.9456869765964568e-09 }, "geometry": { "type": "MultiPolygon", "coordinates": [ [ [ [ 14.490526530000068, 50.076621187000057 ], [ 14.490520248000053, 50.076598837000063 ], [ 14.490392263000047, 50.076612401000034 ], [ 14.490398542000037, 50.076634751000029 ], [ 14.490526530000068, 50.076621187000057 ] ] ] ] } },
{ "type": "Feature", "properties": { "objectid": 65242, "zps_id": "16815", "id_poskyt": 38, "shape_area_1": 0.0, "globalid": "{93381E7C-737B-4837-8774-424E22526510}", "shape_Length": 0.00026284444544583292, "shape_Area": 2.7322432905018981e-09 }, "geometry": { "type": "MultiPolygon", "coordinates": [ [ [ [ 14.490392325000073, 50.074590852000028 ], [ 14.490364886000066, 50.07458407300004 ], [ 14.490308537000033, 50.074670273000038 ], [ 14.490334782000048, 50.074677826000027 ], [ 14.490392325000073, 50.074590852000028 ] ] ] ] } },
{ "type": "Feature", "properties": { "objectid": 65243, "zps_id": "17145", "id_poskyt": 38, "shape_area_1": 0.0, "globalid": "{CDF4B5C4-CB67-4D7A-B895-33847CD253F3}", "shape_Length": 0.00023529675922410922, "shape_Area": 1.9166206275330551e-09 }, "geometry": { "type": "MultiPolygon", "coordinates": [ [ [ [ 14.511040149000053, 50.067876913000077 ], [ 14.511041263000038, 50.067856819000042 ], [ 14.510943440000062, 50.06785473900004 ], [ 14.510941868000032, 50.067873666000025 ], [ 14.511040149000053, 50.067876913000077 ] ] ] ] } },
{ "type": "Feature", "properties": { "objectid": 65244, "zps_id": "17190", "id_poskyt": 38, "shape_area_1": 0.0, "globalid": "{AAB9BDFB-C835-4F60-B5C5-0287C2D448EF}", "shape_Length": 0.00041746915883899172, "shape_Area": 4.9036443524448758e-09 }, "geometry": { "type": "MultiPolygon", "coordinates": [ [ [ [ 14.506999692000022, 50.064271724000037 ], [ 14.506982790000052, 50.064247580000028 ], [ 14.506810693000034, 50.06429952600007 ], [ 14.506826671000056, 50.064322436000054 ], [ 14.506999692000022, 50.064271724000037 ] ] ] ] } },
{ "type": "Feature", "properties": { "objectid": 65245, "zps_id": "16802", "id_poskyt": 38, "shape_area_1": 0.0, "globalid": "{9040AF29-3080-4911-8E6E-489AECB8F3C0}", "shape_Length": 0.0004485812490073747, "shape_Area": 7.6311913195686932e-09 }, "geometry": { "type": "MultiPolygon", "coordinates": [ [ [ [ 14.489819177000072, 50.074717268000029 ], [ 14.489863675000038, 50.074675855000066 ], [ 14.489703030000044, 50.07465605200008 ], [ 14.489656893000074, 50.07469827500006 ], [ 14.489819177000072, 50.074717268000029 ] ] ] ] } },
{ "type": "Feature", "properties": { "objectid": 65246, "zps_id": "16740", "id_poskyt": 38, "shape_area_1": 0.0, "globalid": "{B811FC13-B231-4994-80DD-CB061AF3BECE}", "shape_Length": 0.0003752366210761485, "shape_Area": 3.3239414655878676e-09 }, "geometry": { "type": "MultiPolygon", "coordinates": [ [ [ [ 14.492648329000076, 50.070443323000063 ], [ 14.49248046200006, 50.070446781000044 ], [ 14.492481545000032, 50.070466986000042 ], [ 14.492649193000034, 50.070462701000054 ], [ 14.492648329000076, 50.070443323000063 ] ] ] ] } },
{ "type": "Feature", "properties": { "objectid": 65247, "zps_id": "16808", "id_poskyt": 38, "shape_area_1": 0.0, "globalid": "{7F080ACE-0D27-4F40-9EF3-D3B1DF2D9527}", "shape_Length": 0.00016059960938061149, "shape_Area": 1.4744771958970646e-09 }, "geometry": { "type": "MultiPolygon", "coordinates": [ [ [ [ 14.488895272000036, 50.072334742000066 ], [ 14.488924178000048, 50.072338454000032 ], [ 14.488939390000041, 50.072289674000046 ], [ 14.488909808000074, 50.072286291000069 ], [ 14.488895272000036, 50.072334742000066 ] ] ] ] } },
{ "type": "Feature", "properties": { "objectid": 65248, "zps_id": "16810", "id_poskyt": 38, "shape_area_1": 0.0, "globalid": "{2D5377DB-AB2F-4F4D-B21E-FB9360ECEFC5}", "shape_Length": 0.00020301392564559708, "shape_Area": 1.553260368416485e-09 }, "geometry": { "type": "MultiPolygon", "coordinates": [ [ [ [ 14.489354284000058, 50.073053642000048 ], [ 14.489359762000049, 50.073035277000031 ], [ 14.489278110000043, 50.073025044000076 ], [ 14.489272473000028, 50.073043288000065 ], [ 14.489354284000058, 50.073053642000048 ] ] ] ] } },
{ "type": "Feature", "properties": { "objectid": 65249, "zps_id": "16855", "id_poskyt": 38, "shape_area_1": 0.0, "globalid": "{2BA7C993-673C-4449-AB95-8DA2AAE0E192}", "shape_Length": 0.00034690277415581373, "shape_Area": 3.0990979251792975e-09 }, "geometry": { "type": "MultiPolygon", "coordinates": [ [ [ [ 14.497122312000045, 50.075654650000047 ], [ 14.497125528000026, 50.075634660000048 ], [ 14.496972751000044, 50.07562452500008 ], [ 14.496969505000038, 50.075644676000081 ], [ 14.497122312000045, 50.075654650000047 ] ] ] ] } },
{ "type": "Feature", "properties": { "objectid": 65250, "zps_id": "16723", "id_poskyt": 38, "shape_area_1": 0.0, "globalid": "{EF520B9E-44DC-4488-916F-3BB076DD74C1}", "shape_Length": 0.00034833276546889419, "shape_Area": 2.9841390905113997e-09 }, "geometry": { "type": "MultiPolygon", "coordinates": [ [ [ [ 14.502665759000024, 50.072222851000049 ], [ 14.502664676000052, 50.072203564000063 ], [ 14.502509485000076, 50.072207008000078 ], [ 14.502511291000076, 50.07222620500005 ], [ 14.502665759000024, 50.072222851000049 ] ] ] ] } },
{ "type": "Feature", "properties": { "objectid": 65251, "zps_id": "16902", "id_poskyt": 38, "shape_area_1": 0.0, "globalid": "{0898E3AA-3993-4D08-B274-C20493B546B4}", "shape_Length": 0.00025777356149287307, "shape_Area": 2.9122331490553078e-09 }, "geometry": { "type": "MultiPolygon", "coordinates": [ [ [ [ 14.507087496000054, 50.070874710000055 ], [ 14.507116618000055, 50.070877467000059 ], [ 14.507135296000058, 50.070779387000073 ], [ 14.507105705000072, 50.070777379000049 ], [ 14.507087496000054, 50.070874710000055 ] ] ] ] } },
{ "type": "Feature", "properties": { "objectid": 65252, "zps_id": "20741", "id_poskyt": 38, "shape_area_1": 0.0, "globalid": "{2551D135-8637-480C-87CC-16A49DFEB65F}", "shape_Length": 0.00033166301395953291, "shape_Area": 2.8455271652741085e-09 }, "geometry": { "type": "MultiPolygon", "coordinates": [ [ [ [ 14.502398881000033, 50.068001622000054 ], [ 14.502411018000032, 50.067984413000033 ], [ 14.502271438000037, 50.06794448800008 ], [ 14.502259657000025, 50.067961212000057 ], [ 14.502398881000033, 50.068001622000054 ] ] ] ] } },
{ "type": "Feature", "properties": { "objectid": 65253, "zps_id": "16993", "id_poskyt": 38, "shape_area_1": 0.0, "globalid": "{FDA432BF-1944-4A2F-ADF8-DB5F90E64912}", "shape_Length": 0.00034318589415174557, "shape_Area": 2.8104367997938991e-09 }, "geometry": { "type": "MultiPolygon", "coordinates": [ [ [ [ 14.498012983000024, 50.066995606000035 ], [ 14.498166644000037, 50.066998168000055 ], [ 14.498167357000057, 50.066979465000031 ], [ 14.498014606000027, 50.066977654000027 ], [ 14.498012983000024, 50.066995606000035 ] ] ] ] } },
{ "type": "Feature", "properties": { "objectid": 65254, "zps_id": "17152", "id_poskyt": 38, "shape_area_1": 0.0, "globalid": "{029CF18E-11AC-4CA2-9010-F8200E2FDED5}", "shape_Length": 0.00034338819630606605, "shape_Area": 2.8567124051813722e-09 }, "geometry": { "type": "MultiPolygon", "coordinates": [ [ [ [ 14.509876636000058, 50.067237375000047 ], [ 14.509880076000059, 50.067256334000035 ], [ 14.510032678000073, 50.067245123000077 ], [ 14.510029022000026, 50.067227115000037 ], [ 14.509876636000058, 50.067237375000047 ] ] ] ] } },
{ "type": "Feature", "properties": { "objectid": 65255, "zps_id": "17107", "id_poskyt": 38, "shape_area_1": 0.0, "globalid": "{5DD6BCD3-AE3C-48EA-9FD2-B72EC886A6E0}", "shape_Length": 0.00027902042859087725, "shape_Area": 2.8390802920536627e-09 }, "geometry": { "type": "MultiPolygon", "coordinates": [ [ [ [ 14.511016599000072, 50.064149349000047 ], [ 14.511082516000045, 50.064240708000057 ], [ 14.511108576000026, 50.06423286900008 ], [ 14.511041584000054, 50.064141805000077 ], [ 14.511016599000072, 50.064149349000047 ] ] ] ] } },
{ "type": "Feature", "properties": { "objectid": 65256, "zps_id": "16709", "id_poskyt": 38, "shape_area_1": 0.0, "globalid": "{1FA3186F-B020-427B-8AA3-102B399AB5CA}", "shape_Length": 0.00041072354928943863, "shape_Area": 3.712584040260235e-09 }, "geometry": { "type": "MultiPolygon", "coordinates": [ [ [ [ 14.487676873000055, 50.071743906000052 ], [ 14.487685204000059, 50.071725383000057 ], [ 14.487504125000044, 50.071690384000078 ], [ 14.487495212000056, 50.071709501000043 ], [ 14.487676873000055, 50.071743906000052 ] ] ] ] } },
{ "type": "Feature", "properties": { "objectid": 65257, "zps_id": "17100", "id_poskyt": 38, "shape_area_1": 0.0, "globalid": "{0FBA3F64-68B5-499D-A0F4-BE6890F1FD83}", "shape_Length": 0.00035937552287153041, "shape_Area": 3.0747639260111152e-09 }, "geometry": { "type": "MultiPolygon", "coordinates": [ [ [ [ 14.506607340000073, 50.064148360000047 ], [ 14.506596349000063, 50.064131578000058 ], [ 14.506443672000046, 50.064178151000078 ], [ 14.506454663000056, 50.064194941000039 ], [ 14.506607340000073, 50.064148360000047 ] ] ] ] } },
{ "type": "Feature", "properties": { "objectid": 65258, "zps_id": "17210", "id_poskyt": 38, "shape_area_1": 0.0, "globalid": "{5373DB62-134B-4A8A-A348-7D83BC4F9EE2}", "shape_Length": 0.00022098276345272632, "shape_Area": 2.4208171798330176e-09 }, "geometry": { "type": "MultiPolygon", "coordinates": [ [ [ [ 14.486043577000032, 50.076450246000036 ], [ 14.486060230000078, 50.076373450000062 ], [ 14.486029511000027, 50.076370965000081 ], [ 14.486012731000073, 50.076449937000064 ], [ 14.486043577000032, 50.076450246000036 ] ] ] ] } },
{ "type": "Feature", "properties": { "objectid": 65259, "zps_id": "16828", "id_poskyt": 38, "shape_area_1": 0.0, "globalid": "{6F84DF82-E961-4136-A9ED-9AC6E7F0403C}", "shape_Length": 0.00023718039677380815, "shape_Area": 2.628249823166219e-09 }, "geometry": { "type": "MultiPolygon", "coordinates": [ [ [ [ 14.492551152000033, 50.075137305000055 ], [ 14.492521122000028, 50.075136025000063 ], [ 14.492511086000036, 50.075224664000075 ], [ 14.492540354000027, 50.07522528800007 ], [ 14.492551152000033, 50.075137305000055 ] ] ] ] } },
{ "type": "Feature", "properties": { "objectid": 65260, "zps_id": "16817", "id_poskyt": 38, "shape_area_1": 0.0, "globalid": "{F7E66A03-F938-4259-ADFB-35D7C878F8FE}", "shape_Length": 0.00023802266952643346, "shape_Area": 2.3683993657777357e-09 }, "geometry": { "type": "MultiPolygon", "coordinates": [ [ [ [ 14.48968936700004, 50.075663845000065 ], [ 14.489642088000039, 50.07574352000006 ], [ 14.489668127000073, 50.075749984000026 ], [ 14.489714998000068, 50.075670846000037 ], [ 14.48968936700004, 50.075663845000065 ] ] ] ] } },
{ "type": "Feature", "properties": { "objectid": 65261, "zps_id": "17222", "id_poskyt": 38, "shape_area_1": 0.0, "globalid": "{A37CD785-CB31-4121-8B6F-D98F97C6306B}", "shape_Length": 0.0003331261133770611, "shape_Area": 4.6180837580334149e-09 }, "geometry": { "type": "MultiPolygon", "coordinates": [ [ [ [ 14.401544676000071, 50.101380909000056 ], [ 14.401620293000065, 50.101434639000047 ], [ 14.401666897000041, 50.101452431000041 ], [ 14.401688002000071, 50.10142907900007 ], [ 14.401620396000055, 50.101380445000075 ], [ 14.401544676000071, 50.101380909000056 ] ] ] ] } },
{ "type": "Feature", "properties": { "objectid": 65262, "zps_id": "3292", "id_poskyt": 38, "shape_area_1": 0.0, "globalid": "{9D244651-D68E-4B14-8FB2-70E9A47B616B}", "shape_Length": 0.00032123330133937401, "shape_Area": 2.5386100052743362e-09 }, "geometry": { "type": "MultiPolygon", "coordinates": [ [ [ [ 14.443628220000051, 50.072669194000071 ], [ 14.443771566000066, 50.072670280000068 ], [ 14.443771772000048, 50.072652465000033 ], [ 14.443629477000059, 50.072651470000039 ], [ 14.443628220000051, 50.072669194000071 ] ] ] ] } },
{ "type": "Feature", "properties": { "objectid": 65263, "zps_id": "17343", "id_poskyt": 38, "shape_area_1": 0.0, "globalid": "{E94FD6AE-3629-46AE-913A-456646894AA9}", "shape_Length": 0.00088722986083522646, "shape_Area": 9.6502395051669512e-09 }, "geometry": { "type": "MultiPolygon", "coordinates": [ [ [ [ 14.369086641000024, 50.063711309000041 ], [ 14.369106687000055, 50.06369578500005 ], [ 14.368723091000049, 50.063526448000061 ], [ 14.368704682000043, 50.06354445900007 ], [ 14.369086641000024, 50.063711309000041 ] ] ] ] } },
{ "type": "Feature", "properties": { "objectid": 65264, "zps_id": "17290", "id_poskyt": 38, "shape_area_1": 0.0, "globalid": "{6056B039-E0D3-416B-B811-5A30F57A2AF3}", "shape_Length": 0.0003292272146949082, "shape_Area": 5.045237278078163e-09 }, "geometry": { "type": "MultiPolygon", "coordinates": [ [ [ [ 14.382432708000067, 50.073937922000027 ], [ 14.382433988000059, 50.073897200000033 ], [ 14.382310112000027, 50.073896380000065 ], [ 14.382308846000058, 50.073937102000059 ], [ 14.382432708000067, 50.073937922000027 ] ] ] ] } },
{ "type": "Feature", "properties": { "objectid": 65265, "zps_id": "17286", "id_poskyt": 38, "shape_area_1": 0.0, "globalid": "{20FE2BEB-8093-47F8-89F5-6EB08A0CB714}", "shape_Length": 0.00033894237506066434, "shape_Area": 2.7951434623148273e-09 }, "geometry": { "type": "MultiPolygon", "coordinates": [ [ [ [ 14.378111146000037, 50.074221140000077 ], [ 14.378123558000027, 50.074205562000031 ], [ 14.377979316000051, 50.074163824000038 ], [ 14.377968, 50.074180335000051 ], [ 14.378111146000037, 50.074221140000077 ] ] ] ] } },
{ "type": "Feature", "properties": { "objectid": 65266, "zps_id": "17271", "id_poskyt": 38, "shape_area_1": 0.0, "globalid": "{47746BD1-3F01-4794-AC55-3CC6666D6386}", "shape_Length": 0.00028820466930717074, "shape_Area": 2.8615686299066837e-09 }, "geometry": { "type": "MultiPolygon", "coordinates": [ [ [ [ 14.375998324000022, 50.075829786000043 ], [ 14.376025727000069, 50.075858482000058 ], [ 14.37605252700007, 50.075848350000058 ], [ 14.376017104000027, 50.075814774000037 ], [ 14.375965200000053, 50.075766779000048 ], [ 14.37594295100007, 50.075779813000054 ], [ 14.375998324000022, 50.075829786000043 ] ] ] ] } },
{ "type": "Feature", "properties": { "objectid": 65267, "zps_id": "5767", "id_poskyt": 38, "shape_area_1": 0.0, "globalid": "{145DF055-88C0-44A1-A154-CB26C241E2FE}", "shape_Length": 0.00031424618467856011, "shape_Area": 2.390343436837329e-09 }, "geometry": { "type": "MultiPolygon", "coordinates": [ [ [ [ 14.428514721000056, 50.100386728000046 ], [ 14.428374570000074, 50.100384016000078 ], [ 14.428373829000066, 50.10040181200003 ], [ 14.428513730000077, 50.100403049000079 ], [ 14.428514721000056, 50.100386728000046 ] ] ] ] } },
{ "type": "Feature", "properties": { "objectid": 65268, "zps_id": "17357", "id_poskyt": 38, "shape_area_1": 0.0, "globalid": "{C22BA533-6207-479F-9520-2376772F26C4}", "shape_Length": 0.00031753987947496511, "shape_Area": 3.8227433027247766e-09 }, "geometry": { "type": "MultiPolygon", "coordinates": [ [ [ [ 14.456428146000064, 50.077604851000046 ], [ 14.456543289000024, 50.077654825000081 ], [ 14.456567469000049, 50.077631222000036 ], [ 14.456451018000052, 50.077582484000061 ], [ 14.456428146000064, 50.077604851000046 ] ] ] ] } },
{ "type": "Feature", "properties": { "objectid": 65269, "zps_id": "17461", "id_poskyt": 38, "shape_area_1": 0.0, "globalid": "{EF8B1F74-BE18-4DDC-91CE-7DBD43F584D3}", "shape_Length": 0.00028907129003248643, "shape_Area": 2.988543165652148e-09 }, "geometry": { "type": "MultiPolygon", "coordinates": [ [ [ [ 14.374155038000026, 50.107187658000043 ], [ 14.374093498000036, 50.107086919000039 ], [ 14.374067523000065, 50.107093841000051 ], [ 14.374129842000059, 50.107194178000043 ], [ 14.374155038000026, 50.107187658000043 ] ] ] ] } },
{ "type": "Feature", "properties": { "objectid": 65270, "zps_id": "15945", "id_poskyt": 38, "shape_area_1": 0.0, "globalid": "{7978D828-1EF2-4441-A23F-85AC692EF75F}", "shape_Length": 0.00029971986185239169, "shape_Area": 4.560871263250276e-09 }, "geometry": { "type": "MultiPolygon", "coordinates": [ [ [ [ 14.447119091000047, 50.067091140000059 ], [ 14.447119221000037, 50.06704866900003 ], [ 14.447011837000048, 50.067049674000032 ], [ 14.447011716000077, 50.067092154000079 ], [ 14.447119091000047, 50.067091140000059 ] ] ] ] } },
{ "type": "Feature", "properties": { "objectid": 65271, "zps_id": "9536", "id_poskyt": 38, "shape_area_1": 0.0, "globalid": "{BD71D59F-9A1A-447C-964B-10158EC2F6BF}", "shape_Length": 0.00042340113489166246, "shape_Area": 3.6626994887128968e-09 }, "geometry": { "type": "MultiPolygon", "coordinates": [ [ [ [ 14.46888505000004, 50.127851160000034 ], [ 14.468999911000026, 50.127880077000043 ], [ 14.469071393000036, 50.127896607000082 ], [ 14.469081496000058, 50.127879064000069 ], [ 14.469010916000059, 50.12786307600004 ], [ 14.468895327000041, 50.127834197000027 ], [ 14.46888505000004, 50.127851160000034 ] ] ] ] } },
{ "type": "Feature", "properties": { "objectid": 65272, "zps_id": "17463", "id_poskyt": 38, "shape_area_1": 0.0, "globalid": "{23B3D1A6-78F9-412C-B88C-0405868CFE5F}", "shape_Length": 0.00051668088261452199, "shape_Area": 4.5575590701545859e-09 }, "geometry": { "type": "MultiPolygon", "coordinates": [ [ [ [ 14.432947582000054, 50.097773802000063 ], [ 14.432709379000073, 50.097763325000074 ], [ 14.432706142000029, 50.097782369000072 ], [ 14.432945891000031, 50.097792686000048 ], [ 14.432947582000054, 50.097773802000063 ] ] ] ] } },
{ "type": "Feature", "properties": { "objectid": 65273, "zps_id": "3778", "id_poskyt": 38, "shape_area_1": 0.0, "globalid": "{A25F29AA-4595-466B-B0C8-AB16B167686C}", "shape_Length": 0.00037604057115000333, "shape_Area": 3.5881840317386624e-09 }, "geometry": { "type": "MultiPolygon", "coordinates": [ [ [ [ 14.421478193000041, 50.08294864700008 ], [ 14.421550037000031, 50.082972425000037 ], [ 14.421564839000041, 50.082953922000058 ], [ 14.421408320000069, 50.082902662000038 ], [ 14.421393622000039, 50.082919884000034 ], [ 14.421478193000041, 50.08294864700008 ] ] ] ] } },
{ "type": "Feature", "properties": { "objectid": 65274, "zps_id": "17678", "id_poskyt": 38, "shape_area_1": 0.0, "globalid": "{61E10311-FEDD-4862-A848-D50D7599F665}", "shape_Length": 0.00025608700897765299, "shape_Area": 2.9163445833596871e-09 }, "geometry": { "type": "MultiPolygon", "coordinates": [ [ [ [ 14.493695075000062, 50.082707513000059 ], [ 14.493752490000077, 50.082631250000077 ], [ 14.493721985000036, 50.082621562000043 ], [ 14.493663807000075, 50.082697757000062 ], [ 14.493695075000062, 50.082707513000059 ] ] ] ] } },
{ "type": "Feature", "properties": { "objectid": 65275, "zps_id": "17716", "id_poskyt": 38, "shape_area_1": 0.0, "globalid": "{D1EFB284-E0B6-4B9E-BA9A-34E3AAF9E294}", "shape_Length": 0.0003483131498140681, "shape_Area": 3.4496697011171199e-09 }, "geometry": { "type": "MultiPolygon", "coordinates": [ [ [ [ 14.500683460000062, 50.082397090000029 ], [ 14.500691154000037, 50.082375461000026 ], [ 14.500542081000049, 50.082353499000078 ], [ 14.500534018000053, 50.082375812000066 ], [ 14.500683460000062, 50.082397090000029 ] ] ] ] } },
{ "type": "Feature", "properties": { "objectid": 65276, "zps_id": "17772", "id_poskyt": 38, "shape_area_1": 0.0, "globalid": "{7361A664-5882-4423-BCE2-2CD02FE1D905}", "shape_Length": 0.00037262739262957137, "shape_Area": 3.4199104421129244e-09 }, "geometry": { "type": "MultiPolygon", "coordinates": [ [ [ [ 14.504319825000039, 50.077621347000047 ], [ 14.504323037000063, 50.077600877000066 ], [ 14.504157221000071, 50.077589915000033 ], [ 14.504155129000026, 50.077610484000047 ], [ 14.504319825000039, 50.077621347000047 ] ] ] ] } },
{ "type": "Feature", "properties": { "objectid": 65277, "zps_id": "17484", "id_poskyt": 38, "shape_area_1": 0.0, "globalid": "{07FFA496-945B-42E4-B0E2-FACFF5B11959}", "shape_Length": 0.00032867127181349977, "shape_Area": 6.2832027518585491e-09 }, "geometry": { "type": "MultiPolygon", "coordinates": [ [ [ [ 14.500943910000046, 50.080980664000037 ], [ 14.500978485000076, 50.080886159000045 ], [ 14.500915277000047, 50.080876931000034 ], [ 14.500880812000048, 50.080971183000031 ], [ 14.500943910000046, 50.080980664000037 ] ] ] ] } },
{ "type": "Feature", "properties": { "objectid": 65278, "zps_id": "17776", "id_poskyt": 38, "shape_area_1": 0.0, "globalid": "{70F084CD-48A0-466C-A08F-F0A68978F93F}", "shape_Length": 0.00018794990449569451, "shape_Area": 1.6399988035839651e-09 }, "geometry": { "type": "MultiPolygon", "coordinates": [ [ [ [ 14.494527675000029, 50.078240385000072 ], [ 14.494551261000026, 50.078229453000063 ], [ 14.494502347000036, 50.078183737000074 ], [ 14.494477594000045, 50.078194192000069 ], [ 14.494527675000029, 50.078240385000072 ] ] ] ] } },
{ "type": "Feature", "properties": { "objectid": 65279, "zps_id": "17615", "id_poskyt": 38, "shape_area_1": 0.0, "globalid": "{66FD822F-4F63-462A-B309-8117998D6016}", "shape_Length": 0.00025936880592420102, "shape_Area": 3.0208370580120805e-09 }, "geometry": { "type": "MultiPolygon", "coordinates": [ [ [ [ 14.494115958000066, 50.07986268500008 ], [ 14.494146784000066, 50.079864615000076 ], [ 14.494163105000041, 50.07976721700004 ], [ 14.494132790000037, 50.079764806000071 ], [ 14.494115958000066, 50.07986268500008 ] ] ] ] } },
{ "type": "Feature", "properties": { "objectid": 65280, "zps_id": "17608", "id_poskyt": 38, "shape_area_1": 0.0, "globalid": "{9ECD296B-DA97-4E5C-A656-18EB8B4C5D16}", "shape_Length": 0.00033959139752933777, "shape_Area": 5.7850321186968168e-09 }, "geometry": { "type": "MultiPolygon", "coordinates": [ [ [ [ 14.492419995000034, 50.079499964000036 ], [ 14.492426850000072, 50.079468932000054 ], [ 14.492412031000072, 50.079453191000027 ], [ 14.492300649000072, 50.079443052000045 ], [ 14.492292133000035, 50.079488204000029 ], [ 14.492419995000034, 50.079499964000036 ] ] ] ] } },
{ "type": "Feature", "properties": { "objectid": 65281, "zps_id": "17539", "id_poskyt": 38, "shape_area_1": 0.0, "globalid": "{86489031-CD8F-4737-8D77-48C22CE83104}", "shape_Length": 0.00034828174010711479, "shape_Area": 3.0688411828342535e-09 }, "geometry": { "type": "MultiPolygon", "coordinates": [ [ [ [ 14.491680724000048, 50.082358351000039 ], [ 14.491684717000055, 50.082338410000034 ], [ 14.491531296000062, 50.082324920000076 ], [ 14.491527192000035, 50.082344242000033 ], [ 14.491680724000048, 50.082358351000039 ] ] ] ] } },
{ "type": "Feature", "properties": { "objectid": 65282, "zps_id": "17564", "id_poskyt": 38, "shape_area_1": 0.0, "globalid": "{10D424E6-C0B9-4E27-9612-CF23FB1202A3}", "shape_Length": 0.00029196000142752668, "shape_Area": 3.7953157680972361e-09 }, "geometry": { "type": "MultiPolygon", "coordinates": [ [ [ [ 14.496789396000054, 50.08353943000003 ], [ 14.496701065000025, 50.083500378000053 ], [ 14.496656812000026, 50.083532515000059 ], [ 14.496707402000027, 50.083557960000064 ], [ 14.496789396000054, 50.08353943000003 ] ] ] ] } },
{ "type": "Feature", "properties": { "objectid": 65283, "zps_id": "17566", "id_poskyt": 38, "shape_area_1": 0.0, "globalid": "{62A9CDBE-6613-480A-A2A8-C837146FEE99}", "shape_Length": 0.00033724749179466287, "shape_Area": 2.6921441223312575e-09 }, "geometry": { "type": "MultiPolygon", "coordinates": [ [ [ [ 14.498520460000066, 50.082232645000033 ], [ 14.498526198000036, 50.082215382000072 ], [ 14.498376434000022, 50.082195016000071 ], [ 14.498371929000029, 50.08221246100004 ], [ 14.498520460000066, 50.082232645000033 ] ] ] ] } },
{ "type": "Feature", "properties": { "objectid": 65284, "zps_id": "17691", "id_poskyt": 38, "shape_area_1": 0.0, "globalid": "{71094D67-1901-4D3F-A57E-6B55928392C4}", "shape_Length": 0.00025742889908727959, "shape_Area": 2.8064470219418143e-09 }, "geometry": { "type": "MultiPolygon", "coordinates": [ [ [ [ 14.502922706000049, 50.084473787000036 ], [ 14.502950530000078, 50.084477320000076 ], [ 14.502981903000034, 50.084382214000073 ], [ 14.502953307000041, 50.084378207000043 ], [ 14.502922706000049, 50.084473787000036 ] ] ] ] } },
{ "type": "Feature", "properties": { "objectid": 65285, "zps_id": "17757", "id_poskyt": 38, "shape_area_1": 0.0, "globalid": "{FA053C47-CF29-4DC8-989E-B8BDCA5D919E}", "shape_Length": 0.000265130425531025, "shape_Area": 2.8925328567095922e-09 }, "geometry": { "type": "MultiPolygon", "coordinates": [ [ [ [ 14.507275262000064, 50.081497672000069 ], [ 14.50728276600006, 50.081469337000044 ], [ 14.507285318000072, 50.081444924000039 ], [ 14.507283978000032, 50.081415805000063 ], [ 14.507255748000034, 50.081417917000067 ], [ 14.507257220000042, 50.081439309000075 ], [ 14.507255565000037, 50.081463083000074 ], [ 14.50725383200006, 50.081474773000082 ], [ 14.507239343000037, 50.081516505000081 ], [ 14.507266537000078, 50.081521070000065 ], [ 14.507275262000064, 50.081497672000069 ] ] ] ] } },
{ "type": "Feature", "properties": { "objectid": 65286, "zps_id": "17794", "id_poskyt": 38, "shape_area_1": 0.0, "globalid": "{E42AC373-9DAB-464B-87D0-2ED5043C41D5}", "shape_Length": 0.00020871636831900015, "shape_Area": 2.4096031962740648e-09 }, "geometry": { "type": "MultiPolygon", "coordinates": [ [ [ [ 14.504038598000022, 50.087324747000082 ], [ 14.504074777000028, 50.087333386000068 ], [ 14.504104746000053, 50.087272297000027 ], [ 14.504069228000048, 50.08726493100005 ], [ 14.504038598000022, 50.087324747000082 ] ] ] ] } },
{ "type": "Feature", "properties": { "objectid": 65287, "zps_id": "17484", "id_poskyt": 38, "shape_area_1": 0.0, "globalid": "{8A52DD6F-1C15-4331-96EB-5FC79BE0D5AD}", "shape_Length": 0.00026043407632381991, "shape_Area": 4.1580653250972604e-09 }, "geometry": { "type": "MultiPolygon", "coordinates": [ [ [ [ 14.50071702200006, 50.081423643000051 ], [ 14.500778926000066, 50.081433764000053 ], [ 14.500802002000057, 50.081370009000068 ], [ 14.500738374000036, 50.081361498000035 ], [ 14.50071702200006, 50.081423643000051 ] ] ] ] } },
{ "type": "Feature", "properties": { "objectid": 65288, "zps_id": "15824", "id_poskyt": 38, "shape_area_1": 0.0, "globalid": "{7DEF7E21-38E1-4DC3-A8CB-8F98B15D99FA}", "shape_Length": 0.00033299846511340979, "shape_Area": 3.3170437381167911e-09 }, "geometry": { "type": "MultiPolygon", "coordinates": [ [ [ [ 14.463274167000066, 50.07292523600006 ], [ 14.463280467000061, 50.072902404000047 ], [ 14.463136668000061, 50.072889948000068 ], [ 14.463132879000057, 50.072912775000077 ], [ 14.463274167000066, 50.07292523600006 ] ] ] ] } },
{ "type": "Feature", "properties": { "objectid": 65289, "zps_id": "17824", "id_poskyt": 38, "shape_area_1": 0.0, "globalid": "{145D2997-70F9-4BCF-B36D-54F3AE618A0B}", "shape_Length": 0.00060144940522224508, "shape_Area": 5.1438645342241969e-09 }, "geometry": { "type": "MultiPolygon", "coordinates": [ [ [ [ 14.375773404000029, 50.085144265000054 ], [ 14.376033846000041, 50.085186935000081 ], [ 14.376052977000029, 50.085171163000041 ], [ 14.37576548800007, 50.085124318000055 ], [ 14.375773404000029, 50.085144265000054 ] ] ] ] } },
{ "type": "Feature", "properties": { "objectid": 65290, "zps_id": "17827", "id_poskyt": 38, "shape_area_1": 0.0, "globalid": "{36379683-E8F3-453D-AFDC-76323EAD6D3D}", "shape_Length": 0.00025084704977664408, "shape_Area": 3.6582338938359093e-09 }, "geometry": { "type": "MultiPolygon", "coordinates": [ [ [ [ 14.472856622000052, 50.105698195000059 ], [ 14.47291739700006, 50.105734183000038 ], [ 14.472928041000046, 50.105680388000053 ], [ 14.472868453000046, 50.105643942000029 ], [ 14.472856622000052, 50.105698195000059 ] ] ] ] } },
{ "type": "Feature", "properties": { "objectid": 65291, "zps_id": "17839", "id_poskyt": 38, "shape_area_1": 0.0, "globalid": "{A1A917F6-A6C1-45A0-9FE9-64400357375D}", "shape_Length": 0.00030825648363983361, "shape_Area": 2.9231399456195065e-09 }, "geometry": { "type": "MultiPolygon", "coordinates": [ [ [ [ 14.42095174800005, 50.083748032000074 ], [ 14.420975020000071, 50.08375957700008 ], [ 14.421079008000049, 50.083685950000074 ], [ 14.421058557000038, 50.083672885000055 ], [ 14.42095174800005, 50.083748032000074 ] ] ] ] } },
{ "type": "Feature", "properties": { "objectid": 65292, "zps_id": "17850", "id_poskyt": 38, "shape_area_1": 0.0, "globalid": "{64CCBE78-C145-431F-9E34-A2D776191ACB}", "shape_Length": 0.0003321806738169745, "shape_Area": 3.0286040026011006e-09 }, "geometry": { "type": "MultiPolygon", "coordinates": [ [ [ [ 14.476820390000057, 50.104531414000064 ], [ 14.476833055000043, 50.104513071000042 ], [ 14.476695481000036, 50.104473302000031 ], [ 14.47668191200006, 50.104491247000055 ], [ 14.476820390000057, 50.104531414000064 ] ] ] ] } },
{ "type": "Feature", "properties": { "objectid": 65293, "zps_id": "8646", "id_poskyt": 38, "shape_area_1": 0.0, "globalid": "{2536671D-BCAF-48C9-8EEC-7E8FC7356746}", "shape_Length": 0.00055702560439456548, "shape_Area": 4.7595015063521094e-09 }, "geometry": { "type": "MultiPolygon", "coordinates": [ [ [ [ 14.386315100000047, 50.10175810800007 ], [ 14.386309161000042, 50.101740617000075 ], [ 14.386051849000069, 50.101774182000042 ], [ 14.386056988000064, 50.101792174000082 ], [ 14.386315100000047, 50.10175810800007 ] ] ] ] } },
{ "type": "Feature", "properties": { "objectid": 65294, "zps_id": "8521", "id_poskyt": 38, "shape_area_1": 0.0, "globalid": "{E3B12306-D0C6-49BF-ACFE-FACD4C3A4B60}", "shape_Length": 0.00016118330924356849, "shape_Area": 1.4242631743307348e-09 }, "geometry": { "type": "MultiPolygon", "coordinates": [ [ [ [ 14.399056229000053, 50.098788674000048 ], [ 14.399084826000035, 50.098775473000046 ], [ 14.399048485000037, 50.098742469000058 ], [ 14.399019871000064, 50.098755752000045 ], [ 14.399056229000053, 50.098788674000048 ] ] ] ] } },
{ "type": "Feature", "properties": { "objectid": 65295, "zps_id": "17884", "id_poskyt": 38, "shape_area_1": 0.0, "globalid": "{7AED3F5B-C9DF-4053-9749-6B9BE2408838}", "shape_Length": 0.00033797525944706649, "shape_Area": 3.3094119622698863e-09 }, "geometry": { "type": "MultiPolygon", "coordinates": [ [ [ [ 14.463659164000035, 50.09742329200003 ], [ 14.463794526000072, 50.097474247000036 ], [ 14.463810757000033, 50.097455531000037 ], [ 14.463675598000066, 50.097405293000065 ], [ 14.463659164000035, 50.09742329200003 ] ] ] ] } },
{ "type": "Feature", "properties": { "objectid": 65296, "zps_id": "2988", "id_poskyt": 38, "shape_area_1": 0.0, "globalid": "{70F99935-74FA-4E9F-9D52-738BAAEF77CD}", "shape_Length": 0.00038324598359156588, "shape_Area": 3.8560718983012519e-09 }, "geometry": { "type": "MultiPolygon", "coordinates": [ [ [ [ 14.436340769000026, 50.076087929000039 ], [ 14.436508171000071, 50.076112271000056 ], [ 14.436515929000052, 50.076092646000063 ], [ 14.436496775000023, 50.076087775000076 ], [ 14.436348940000073, 50.076065645000028 ], [ 14.436340769000026, 50.076087929000039 ] ] ] ] } },
{ "type": "Feature", "properties": { "objectid": 65297, "zps_id": "3366", "id_poskyt": 38, "shape_area_1": 0.0, "globalid": "{EEF3CEC7-B9D8-4539-8D97-0699095ECCEF}", "shape_Length": 0.00023698590058648147, "shape_Area": 2.6052540282904557e-09 }, "geometry": { "type": "MultiPolygon", "coordinates": [ [ [ [ 14.404643169000053, 50.088264231000039 ], [ 14.404671414000063, 50.088263034000079 ], [ 14.404662580000036, 50.088174747000039 ], [ 14.404632222000032, 50.088175277000062 ], [ 14.404643169000053, 50.088264231000039 ] ] ] ] } },
{ "type": "Feature", "properties": { "objectid": 65298, "zps_id": "15212", "id_poskyt": 38, "shape_area_1": 0.0, "globalid": "{9F410B8F-6925-4A01-AE96-C9522BB4503D}", "shape_Length": 0.00018516072050008426, "shape_Area": 2.0368562722197562e-09 }, "geometry": { "type": "MultiPolygon", "coordinates": [ [ [ [ 14.385343655000042, 50.092436642000052 ], [ 14.385383374000071, 50.092436113000076 ], [ 14.385382389000029, 50.092380632000072 ], [ 14.38534955800003, 50.092379840000035 ], [ 14.385343655000042, 50.092436642000052 ] ] ] ] } },
{ "type": "Feature", "properties": { "objectid": 65299, "zps_id": "17889", "id_poskyt": 38, "shape_area_1": 0.0, "globalid": "{3B9A277D-5A95-4198-AFE1-DD0D35A14D49}", "shape_Length": 0.00045481311329464774, "shape_Area": 4.3638369666587247e-09 }, "geometry": { "type": "MultiPolygon", "coordinates": [ [ [ [ 14.419474822000041, 50.092613062000055 ], [ 14.419563485000026, 50.092630562000068 ], [ 14.419686059000071, 50.092652224000062 ], [ 14.419684080000025, 50.092630620000079 ], [ 14.419497720000038, 50.092595786000061 ], [ 14.419474822000041, 50.092613062000055 ] ] ] ] } },
{ "type": "Feature", "properties": { "objectid": 65300, "zps_id": "20658", "id_poskyt": 38, "shape_area_1": 0.0, "globalid": "{73703211-F308-49C1-AA63-D3FD75D36B24}", "shape_Length": 0.00031679315834568455, "shape_Area": 2.7062972110369319e-09 }, "geometry": { "type": "MultiPolygon", "coordinates": [ [ [ [ 14.427847795000048, 50.07559625600004 ], [ 14.427986262000047, 50.075594680000052 ], [ 14.427986296000029, 50.075574735000032 ], [ 14.427846977000058, 50.075577243000055 ], [ 14.427847795000048, 50.07559625600004 ] ] ] ] } },
{ "type": "Feature", "properties": { "objectid": 65301, "zps_id": "17946", "id_poskyt": 38, "shape_area_1": 0.0, "globalid": "{E8BB22E0-64F1-4548-930D-69CB380AE87A}", "shape_Length": 0.0002599825501390042, "shape_Area": 3.6318779622437871e-09 }, "geometry": { "type": "MultiPolygon", "coordinates": [ [ [ [ 14.512430848000065, 50.131389397000078 ], [ 14.51252045800004, 50.131391743000052 ], [ 14.512524646000031, 50.131351104000032 ], [ 14.512436283000056, 50.131348667000054 ], [ 14.512430848000065, 50.131389397000078 ] ] ] ] } },
{ "type": "Feature", "properties": { "objectid": 65302, "zps_id": "17956", "id_poskyt": 38, "shape_area_1": 0.0, "globalid": "{CC7F88AC-E815-4E93-946A-5021BAC8C25A}", "shape_Length": 0.00027842302743355171, "shape_Area": 3.1837304858676576e-09 }, "geometry": { "type": "MultiPolygon", "coordinates": [ [ [ [ 14.514040241000032, 50.134949060000054 ], [ 14.514070591000063, 50.13494614800004 ], [ 14.514045489000068, 50.13483900500006 ], [ 14.514017731000024, 50.134841355000049 ], [ 14.514040241000032, 50.134949060000054 ] ] ] ] } },
{ "type": "Feature", "properties": { "objectid": 65303, "zps_id": "18110", "id_poskyt": 38, "shape_area_1": 0.0, "globalid": "{23E86621-C2CF-4452-A336-0C9C10144D0B}", "shape_Length": 0.00021690678274015256, "shape_Area": 2.7192395352482066e-09 }, "geometry": { "type": "MultiPolygon", "coordinates": [ [ [ [ 14.513295374000052, 50.140619051000044 ], [ 14.513321530000042, 50.140581806000057 ], [ 14.513259550000043, 50.140564425000036 ], [ 14.513235651000059, 50.140602665000074 ], [ 14.513295374000052, 50.140619051000044 ] ] ] ] } },
{ "type": "Feature", "properties": { "objectid": 65304, "zps_id": "18643", "id_poskyt": 38, "shape_area_1": 0.0, "globalid": "{074C9486-E7A2-4EF0-94FD-BDCE651CBCB1}", "shape_Length": 0.0003153338029267443, "shape_Area": 3.677294032521346e-09 }, "geometry": { "type": "MultiPolygon", "coordinates": [ [ [ [ 14.497744375000025, 50.123726615000066 ], [ 14.497848343000044, 50.123654590000058 ], [ 14.49781931800004, 50.12363853800008 ], [ 14.49771768200003, 50.123710014000039 ], [ 14.497744375000025, 50.123726615000066 ] ] ] ] } },
{ "type": "Feature", "properties": { "objectid": 65305, "zps_id": "18644", "id_poskyt": 38, "shape_area_1": 0.0, "globalid": "{2EE540B9-993E-4DB2-B471-D436753B6A7E}", "shape_Length": 0.00026585590808614096, "shape_Area": 2.8942528728210885e-09 }, "geometry": { "type": "MultiPolygon", "coordinates": [ [ [ [ 14.497850081000024, 50.123818320000055 ], [ 14.497930505000056, 50.123756795000077 ], [ 14.497903534000045, 50.123742023000034 ], [ 14.497822002000078, 50.123803377000058 ], [ 14.497850081000024, 50.123818320000055 ] ] ] ] } },
{ "type": "Feature", "properties": { "objectid": 65306, "zps_id": "18815", "id_poskyt": 38, "shape_area_1": 0.0, "globalid": "{7799C3FA-21F2-4FFE-A4C9-7555478C427D}", "shape_Length": 0.00043859032734758219, "shape_Area": 4.1111314345986945e-09 }, "geometry": { "type": "MultiPolygon", "coordinates": [ [ [ [ 14.486453288000064, 50.122528802000033 ], [ 14.486624001000052, 50.122431590000076 ], [ 14.486605203000067, 50.122418241000048 ], [ 14.486434756000051, 50.122515195000062 ], [ 14.486453288000064, 50.122528802000033 ] ] ] ] } },
{ "type": "Feature", "properties": { "objectid": 65307, "zps_id": "18828", "id_poskyt": 38, "shape_area_1": 0.0, "globalid": "{A93CC737-598A-495A-9315-9FC2CA2EAADD}", "shape_Length": 0.00021881444070691124, "shape_Area": 1.7405159465314156e-09 }, "geometry": { "type": "MultiPolygon", "coordinates": [ [ [ [ 14.489569064000023, 50.100449377000075 ], [ 14.489572741000075, 50.100430416000052 ], [ 14.489483801000063, 50.100422189000028 ], [ 14.48947899500007, 50.10044135000004 ], [ 14.489569064000023, 50.100449377000075 ] ] ] ] } },
{ "type": "Feature", "properties": { "objectid": 65308, "zps_id": "18824", "id_poskyt": 38, "shape_area_1": 0.0, "globalid": "{153010FF-B80B-43CA-A07B-5E9D1A59DF01}", "shape_Length": 0.00038472883386276067, "shape_Area": 5.4570153369812289e-09 }, "geometry": { "type": "MultiPolygon", "coordinates": [ [ [ [ 14.511629817000028, 50.116813991000072 ], [ 14.511493882000025, 50.116811217000077 ], [ 14.511532227000032, 50.116852192000067 ], [ 14.51166863900005, 50.116854645000046 ], [ 14.511629817000028, 50.116813991000072 ] ] ] ] } },
{ "type": "Feature", "properties": { "objectid": 65309, "zps_id": "18812", "id_poskyt": 38, "shape_area_1": 0.0, "globalid": "{49234124-0F56-4218-9993-67426D140733}", "shape_Length": 0.00035164901755512998, "shape_Area": 4.3370513643859042e-09 }, "geometry": { "type": "MultiPolygon", "coordinates": [ [ [ [ 14.505008014000055, 50.118095266000068 ], [ 14.505037713000036, 50.11809437900007 ], [ 14.505029307000029, 50.117948597000066 ], [ 14.504999639000062, 50.117949269000064 ], [ 14.505008014000055, 50.118095266000068 ] ] ] ] } },
{ "type": "Feature", "properties": { "objectid": 65310, "zps_id": "18273", "id_poskyt": 38, "shape_area_1": 0.0, "globalid": "{62362883-173E-4043-B654-ED5DB3AA0A73}", "shape_Length": 0.00021386007647026099, "shape_Area": 2.6764110524075276e-09 }, "geometry": { "type": "MultiPolygon", "coordinates": [ [ [ [ 14.49341627900003, 50.116481835000059 ], [ 14.493481409000026, 50.11647479800007 ], [ 14.49347135000005, 50.116435202000048 ], [ 14.493405646000042, 50.11644175400005 ], [ 14.49341627900003, 50.116481835000059 ] ] ] ] } },
{ "type": "Feature", "properties": { "objectid": 65311, "zps_id": "18817", "id_poskyt": 38, "shape_area_1": 0.0, "globalid": "{A6B1DAEE-AF2B-4692-AA3E-0FC5167A77F7}", "shape_Length": 0.00029879176253743062, "shape_Area": 4.5368769564204328e-09 }, "geometry": { "type": "MultiPolygon", "coordinates": [ [ [ [ 14.492338821000033, 50.119496876000028 ], [ 14.492307036000057, 50.119460816000071 ], [ 14.492211820000023, 50.11949364000003 ], [ 14.492215891000058, 50.119497528000068 ], [ 14.492243852000058, 50.119530865000058 ], [ 14.492338821000033, 50.119496876000028 ] ] ] ] } },
{ "type": "Feature", "properties": { "objectid": 65312, "zps_id": "18448", "id_poskyt": 38, "shape_area_1": 0.0, "globalid": "{02492ED4-7A26-4E8D-93C1-B2CCF299C824}", "shape_Length": 0.0003916955079623219, "shape_Area": 5.2470148225872084e-09 }, "geometry": { "type": "MultiPolygon", "coordinates": [ [ [ [ 14.487423412000055, 50.121644279000066 ], [ 14.487456333000068, 50.12165215400006 ], [ 14.487540157000069, 50.121514354000055 ], [ 14.487507810000068, 50.121504977000029 ], [ 14.487423412000055, 50.121644279000066 ] ] ] ] } },
{ "type": "Feature", "properties": { "objectid": 65313, "zps_id": "18432", "id_poskyt": 38, "shape_area_1": 0.0, "globalid": "{EA1FFA66-D762-4C8B-9379-650D8CB8B355}", "shape_Length": 0.00044069923056357097, "shape_Area": 5.4622974371940489e-09 }, "geometry": { "type": "MultiPolygon", "coordinates": [ [ [ [ 14.49302386100004, 50.121465694000051 ], [ 14.49299656200003, 50.121450365000044 ], [ 14.49284504600007, 50.121563410000078 ], [ 14.492873605000057, 50.12157865100005 ], [ 14.49302386100004, 50.121465694000051 ] ] ] ] } },
{ "type": "Feature", "properties": { "objectid": 65314, "zps_id": "18823", "id_poskyt": 38, "shape_area_1": 0.0, "globalid": "{EA280465-1444-44CD-8A9F-843E330415FE}", "shape_Length": 0.00042025544862607527, "shape_Area": 5.1007686959688548e-09 }, "geometry": { "type": "MultiPolygon", "coordinates": [ [ [ [ 14.494620105000024, 50.127964844000076 ], [ 14.494767834000072, 50.127864250000073 ], [ 14.494742291000023, 50.12784754200004 ], [ 14.494593508000037, 50.127948116000027 ], [ 14.494620105000024, 50.127964844000076 ] ] ] ] } },
{ "type": "Feature", "properties": { "objectid": 65315, "zps_id": "18605", "id_poskyt": 38, "shape_area_1": 0.0, "globalid": "{B5839606-3638-44CE-8383-A123E7479C78}", "shape_Length": 0.00044487257689122101, "shape_Area": 5.4711098901696517e-09 }, "geometry": { "type": "MultiPolygon", "coordinates": [ [ [ [ 14.497150530000056, 50.127097896000066 ], [ 14.497123423000062, 50.127082975000064 ], [ 14.496968927000069, 50.127195247000031 ], [ 14.496996874000047, 50.127211067000076 ], [ 14.497150530000056, 50.127097896000066 ] ] ] ] } },
{ "type": "Feature", "properties": { "objectid": 65316, "zps_id": "18821", "id_poskyt": 38, "shape_area_1": 0.0, "globalid": "{320E3E11-6D6D-45FF-A923-6CA77A1EB27E}", "shape_Length": 0.00029312350928463633, "shape_Area": 4.3834662158055951e-09 }, "geometry": { "type": "MultiPolygon", "coordinates": [ [ [ [ 14.500190261000057, 50.125510980000058 ], [ 14.500161018000028, 50.125474473000054 ], [ 14.500066893000053, 50.125505133000047 ], [ 14.500093811000056, 50.125542351000036 ], [ 14.500190261000057, 50.125510980000058 ] ] ] ] } },
{ "type": "Feature", "properties": { "objectid": 65317, "zps_id": "18629", "id_poskyt": 38, "shape_area_1": 0.0, "globalid": "{7DB1F25A-EF05-41B6-A31B-5ACFEE25257D}", "shape_Length": 0.00026026765641079747, "shape_Area": 2.2761348138979122e-09 }, "geometry": { "type": "MultiPolygon", "coordinates": [ [ [ [ 14.493609448000029, 50.124737346000074 ], [ 14.493589082000028, 50.124724922000041 ], [ 14.493502263000039, 50.124786943000061 ], [ 14.493521556000076, 50.124798639000062 ], [ 14.493609448000029, 50.124737346000074 ] ] ] ] } },
{ "type": "Feature", "properties": { "objectid": 65318, "zps_id": "18450", "id_poskyt": 38, "shape_area_1": 0.0, "globalid": "{43EB3145-1CA9-4C26-8538-145B5FED371F}", "shape_Length": 0.00025991582318498214, "shape_Area": 3.7530703079000437e-09 }, "geometry": { "type": "MultiPolygon", "coordinates": [ [ [ [ 14.490795379000076, 50.123058032000074 ], [ 14.490855569000075, 50.123013055000058 ], [ 14.490807285000074, 50.122986616000048 ], [ 14.490747370000065, 50.123031617000038 ], [ 14.490795379000076, 50.123058032000074 ] ] ] ] } },
{ "type": "Feature", "properties": { "objectid": 65319, "zps_id": "18503", "id_poskyt": 38, "shape_area_1": 0.0, "globalid": "{43DB989A-8ADF-4338-8D76-71239371DF5D}", "shape_Length": 0.000155265270448098, "shape_Area": 1.1807584549428499e-09 }, "geometry": { "type": "MultiPolygon", "coordinates": [ [ [ [ 14.506370393000054, 50.123781542000074 ], [ 14.506390875000022, 50.123768965000068 ], [ 14.506347008000034, 50.123738974000048 ], [ 14.506325975000038, 50.123751811000034 ], [ 14.506370393000054, 50.123781542000074 ] ] ] ] } },
{ "type": "Feature", "properties": { "objectid": 65320, "zps_id": "18798", "id_poskyt": 38, "shape_area_1": 0.0, "globalid": "{0234B863-DC0C-41EB-ACBA-20E9FF407ED0}", "shape_Length": 0.00020277583570754392, "shape_Area": 2.3706436683772123e-09 }, "geometry": { "type": "MultiPolygon", "coordinates": [ [ [ [ 14.514527190000024, 50.13704124700007 ], [ 14.514588717000038, 50.137032065000028 ], [ 14.514575084000057, 50.13699583500005 ], [ 14.514512890000049, 50.137004967000053 ], [ 14.514527190000024, 50.13704124700007 ] ] ] ] } },
{ "type": "Feature", "properties": { "objectid": 65321, "zps_id": "17964", "id_poskyt": 38, "shape_area_1": 0.0, "globalid": "{87755F1B-FDCB-4EFD-917E-941C693ED45B}", "shape_Length": 0.00034827331840068664, "shape_Area": 3.0086857342011694e-09 }, "geometry": { "type": "MultiPolygon", "coordinates": [ [ [ [ 14.511836172000073, 50.135935354000026 ], [ 14.511990121000053, 50.135916362000046 ], [ 14.51198362100007, 50.135897362000037 ], [ 14.51183123900006, 50.135916490000056 ], [ 14.511836172000073, 50.135935354000026 ] ] ] ] } },
{ "type": "Feature", "properties": { "objectid": 65322, "zps_id": "17966", "id_poskyt": 38, "shape_area_1": 0.0, "globalid": "{102C6B07-2388-492E-A95A-482A3CB142F2}", "shape_Length": 0.00026151777772401102, "shape_Area": 2.9145606912508893e-09 }, "geometry": { "type": "MultiPolygon", "coordinates": [ [ [ [ 14.510816676000047, 50.135204052000063 ], [ 14.510844768000027, 50.135201814000027 ], [ 14.510836525000059, 50.135150702000033 ], [ 14.510822665000035, 50.135101185000053 ], [ 14.510794747000034, 50.135104481000042 ], [ 14.51080752200005, 50.135153387000059 ], [ 14.510816676000047, 50.135204052000063 ] ] ] ] } },
{ "type": "Feature", "properties": { "objectid": 65323, "zps_id": "18713", "id_poskyt": 38, "shape_area_1": 0.0, "globalid": "{03347BD3-9ED3-4C39-A9A3-CB0D5B799CE3}", "shape_Length": 0.00027357731668915846, "shape_Area": 3.0622730349788961e-09 }, "geometry": { "type": "MultiPolygon", "coordinates": [ [ [ [ 14.489323304000038, 50.099910975000057 ], [ 14.48935373300003, 50.099902487000065 ], [ 14.489293697000051, 50.099814349000042 ], [ 14.489265597000042, 50.099821706000057 ], [ 14.489323304000038, 50.099910975000057 ] ] ] ] } },
{ "type": "Feature", "properties": { "objectid": 65324, "zps_id": "18814", "id_poskyt": 38, "shape_area_1": 0.0, "globalid": "{77733D83-2DED-4221-85F1-4AF5D4D0B3D2}", "shape_Length": 0.00041118856639817711, "shape_Area": 7.4611930497693797e-09 }, "geometry": { "type": "MultiPolygon", "coordinates": [ [ [ [ 14.501712886000064, 50.121115020000047 ], [ 14.501612860000023, 50.121185679000064 ], [ 14.501689737000049, 50.121204632000058 ], [ 14.50179354200003, 50.121130865000055 ], [ 14.501712886000064, 50.121115020000047 ] ] ] ] } },
{ "type": "Feature", "properties": { "objectid": 65325, "zps_id": "18827", "id_poskyt": 38, "shape_area_1": 0.0, "globalid": "{252F04B0-1613-4615-9527-D2389A212BF5}", "shape_Length": 0.00020285933435476905, "shape_Area": 1.6316516846907993e-09 }, "geometry": { "type": "MultiPolygon", "coordinates": [ [ [ [ 14.488457738000022, 50.100366161000068 ], [ 14.488463502000059, 50.100346739000031 ], [ 14.488381177000065, 50.100338984000075 ], [ 14.488378519000037, 50.100359196000056 ], [ 14.488457738000022, 50.100366161000068 ] ] ] ] } },
{ "type": "Feature", "properties": { "objectid": 65326, "zps_id": "18871", "id_poskyt": 38, "shape_area_1": 0.0, "globalid": "{DC49D954-370D-4401-AFB5-9FF9FDB21DE7}", "shape_Length": 0.00030563162776910292, "shape_Area": 3.8818341267841005e-09 }, "geometry": { "type": "MultiPolygon", "coordinates": [ [ [ [ 14.404940450000026, 50.079953356000033 ], [ 14.404982865000022, 50.079995420000046 ], [ 14.40507462000005, 50.079999074000057 ], [ 14.405039844000044, 50.079956971000058 ], [ 14.404940450000026, 50.079953356000033 ] ] ] ] } },
{ "type": "Feature", "properties": { "objectid": 65327, "zps_id": "18873", "id_poskyt": 38, "shape_area_1": 0.0, "globalid": "{B19AEF69-224D-4E64-BC90-74B486B2DC39}", "shape_Length": 0.00035258456673664451, "shape_Area": 2.7391679452260594e-09 }, "geometry": { "type": "MultiPolygon", "coordinates": [ [ [ [ 14.40582216200005, 50.076892992000069 ], [ 14.405827636000026, 50.076876188000028 ], [ 14.405667362000031, 50.07685433000006 ], [ 14.405667812000047, 50.076871661000041 ], [ 14.40582216200005, 50.076892992000069 ] ] ] ] } },
{ "type": "Feature", "properties": { "objectid": 65328, "zps_id": "2861", "id_poskyt": 38, "shape_area_1": 0.0, "globalid": "{65E40342-91C8-4623-ABEB-B5BD69E4F84A}", "shape_Length": 0.000362235388037207, "shape_Area": 3.2629923026975336e-09 }, "geometry": { "type": "MultiPolygon", "coordinates": [ [ [ [ 14.434711863000075, 50.078629870000043 ], [ 14.43486611000003, 50.078587542000037 ], [ 14.434853886000042, 50.07856988900005 ], [ 14.434700257000031, 50.078611637000051 ], [ 14.434711863000075, 50.078629870000043 ] ] ] ] } },
{ "type": "Feature", "properties": { "objectid": 65329, "zps_id": "18881", "id_poskyt": 38, "shape_area_1": 0.0, "globalid": "{9F3B4F31-42F8-4708-9F22-5EFEC8240D2F}", "shape_Length": 0.00034497499792156413, "shape_Area": 2.939887800369406e-09 }, "geometry": { "type": "MultiPolygon", "coordinates": [ [ [ [ 14.40496921600004, 50.079486778000046 ], [ 14.405122478000067, 50.07949380000008 ], [ 14.405124608000051, 50.079475094000031 ], [ 14.404971723000074, 50.079467297000065 ], [ 14.40496921600004, 50.079486778000046 ] ] ] ] } },
{ "type": "Feature", "properties": { "objectid": 65330, "zps_id": "15680", "id_poskyt": 38, "shape_area_1": 0.0, "globalid": "{384BAB3F-3FD7-4E8F-8801-837DA57DA6F9}", "shape_Length": 0.00019248318644932898, "shape_Area": 1.9314526666618817e-09 }, "geometry": { "type": "MultiPolygon", "coordinates": [ [ [ [ 14.45966816300006, 50.128095270000074 ], [ 14.45971374100003, 50.128106428000081 ], [ 14.459713161000025, 50.128099344000077 ], [ 14.459710809000057, 50.128092439000056 ], [ 14.459711175000052, 50.12808833400004 ], [ 14.459729398000036, 50.128054981000048 ], [ 14.459696934000021, 50.128047547000051 ], [ 14.45966816300006, 50.128095270000074 ] ] ] ] } },
{ "type": "Feature", "properties": { "objectid": 65331, "zps_id": "18382", "id_poskyt": 38, "shape_area_1": 0.0, "globalid": "{69E10B55-9458-4D94-914C-52A11BB13E69}", "shape_Length": 0.00036066946633684684, "shape_Area": 5.8971971980081935e-09 }, "geometry": { "type": "MultiPolygon", "coordinates": [ [ [ [ 14.500174583000046, 50.116577110000037 ], [ 14.500218192000034, 50.116597916000046 ], [ 14.500318682000056, 50.116513343000065 ], [ 14.500273809000078, 50.116491455000073 ], [ 14.500174583000046, 50.116577110000037 ] ] ] ] } },
{ "type": "Feature", "properties": { "objectid": 65332, "zps_id": "15319", "id_poskyt": 38, "shape_area_1": 0.0, "globalid": "{43F0E5EB-4435-4EC0-BE8F-A886FE44CB1F}", "shape_Length": 0.00026720024282702296, "shape_Area": 2.4725724823395833e-09 }, "geometry": { "type": "MultiPolygon", "coordinates": [ [ [ [ 14.44723699900004, 50.061235275000058 ], [ 14.447253388000036, 50.061253285000078 ], [ 14.447355447000064, 50.061214059000065 ], [ 14.447339011000054, 50.061196199000051 ], [ 14.44723699900004, 50.061235275000058 ] ] ] ] } },
{ "type": "Feature", "properties": { "objectid": 65333, "zps_id": "18943", "id_poskyt": 38, "shape_area_1": 0.0, "globalid": "{5BBBE8AA-4620-47F4-A41B-FAEA7B97A7E0}", "shape_Length": 0.00037147372681232212, "shape_Area": 3.8026508526332837e-09 }, "geometry": { "type": "MultiPolygon", "coordinates": [ [ [ [ 14.364607321000051, 50.097559212000078 ], [ 14.364762527000039, 50.097597044000054 ], [ 14.364776326000026, 50.097576253000057 ], [ 14.36461872700005, 50.097537544000033 ], [ 14.364607321000051, 50.097559212000078 ] ] ] ] } },
{ "type": "Feature", "properties": { "objectid": 65334, "zps_id": "18749", "id_poskyt": 38, "shape_area_1": 0.0, "globalid": "{118326A1-CE91-4937-B38A-6CB1F415EFCD}", "shape_Length": 0.00017631992363735044, "shape_Area": 1.5519399985462778e-09 }, "geometry": { "type": "MultiPolygon", "coordinates": [ [ [ [ 14.493047898000043, 50.12158239200005 ], [ 14.49307030600005, 50.121565476000058 ], [ 14.493018815000028, 50.121536660000061 ], [ 14.492995154000027, 50.121554027000059 ], [ 14.493047898000043, 50.12158239200005 ] ] ] ] } },
{ "type": "Feature", "properties": { "objectid": 65335, "zps_id": "16700", "id_poskyt": 38, "shape_area_1": 0.0, "globalid": "{7A1D9EDE-371B-41FD-9E6E-60F102AD53BB}", "shape_Length": 0.00031681189315976849, "shape_Area": 4.0549483382465657e-09 }, "geometry": { "type": "MultiPolygon", "coordinates": [ [ [ [ 14.436536940000053, 50.104052757000034 ], [ 14.436579538000046, 50.103934400000071 ], [ 14.436546471000042, 50.103929472000061 ], [ 14.436533774000054, 50.10396512300008 ], [ 14.436505269000065, 50.104048097000032 ], [ 14.436536940000053, 50.104052757000034 ] ] ] ] } },
{ "type": "Feature", "properties": { "objectid": 65336, "zps_id": "8040", "id_poskyt": 38, "shape_area_1": 0.0, "globalid": "{A34E4F45-FFA5-434F-AB3A-6466598996EF}", "shape_Length": 0.00025991465231213457, "shape_Area": 2.1276557625518499e-09 }, "geometry": { "type": "MultiPolygon", "coordinates": [ [ [ [ 14.364467198000057, 50.097395455000026 ], [ 14.364574274000063, 50.097420808000038 ], [ 14.364583785000036, 50.097403692000057 ], [ 14.364477319000059, 50.097377459000029 ], [ 14.364467198000057, 50.097395455000026 ] ] ] ] } },
{ "type": "Feature", "properties": { "objectid": 65337, "zps_id": "18958", "id_poskyt": 38, "shape_area_1": 0.0, "globalid": "{864AD95B-8607-4D86-A43F-CC4C9BF36EA4}", "shape_Length": 0.00052242669033286584, "shape_Area": 7.4848797711120756e-09 }, "geometry": { "type": "MultiPolygon", "coordinates": [ [ [ [ 14.447022158000038, 50.108507136000071 ], [ 14.447056, 50.108499977000065 ], [ 14.446964216000026, 50.108321075000049 ], [ 14.446952226000064, 50.108298036000065 ], [ 14.446919284000046, 50.108304548000035 ], [ 14.446934597000052, 50.10833488600008 ], [ 14.447022158000038, 50.108507136000071 ] ] ] ] } },
{ "type": "Feature", "properties": { "objectid": 65338, "zps_id": "18960", "id_poskyt": 38, "shape_area_1": 0.0, "globalid": "{3B56185B-EF44-4DE0-A407-2E574FA9A2C7}", "shape_Length": 0.00053544571864566192, "shape_Area": 5.3984306733064e-09 }, "geometry": { "type": "MultiPolygon", "coordinates": [ [ [ [ 14.446799578000025, 50.108881732000043 ], [ 14.447029644000054, 50.108798754000077 ], [ 14.447017464000055, 50.108784546000038 ], [ 14.447009368000067, 50.108783533000064 ], [ 14.446783592000031, 50.108862951000049 ], [ 14.446799578000025, 50.108881732000043 ] ] ] ] } },
{ "type": "Feature", "properties": { "objectid": 65339, "zps_id": "18962", "id_poskyt": 38, "shape_area_1": 0.0, "globalid": "{20BFFF7E-137B-41BE-9CAC-A867DC2A0724}", "shape_Length": 0.00017219354690256838, "shape_Area": 1.6358545757684478e-09 }, "geometry": { "type": "MultiPolygon", "coordinates": [ [ [ [ 14.430609787000037, 50.098877366000067 ], [ 14.43061771400005, 50.098820210000042 ], [ 14.430589371000053, 50.098819010000057 ], [ 14.430581098000062, 50.098875801000077 ], [ 14.430609787000037, 50.098877366000067 ] ] ] ] } },
{ "type": "Feature", "properties": { "objectid": 65340, "zps_id": "19060", "id_poskyt": 38, "shape_area_1": 0.0, "globalid": "{81E5D2C3-4682-4C48-A3A6-6B169711EC45}", "shape_Length": 0.0002477436761521915, "shape_Area": 2.7834810409023515e-09 }, "geometry": { "type": "MultiPolygon", "coordinates": [ [ [ [ 14.483662965000065, 50.055768198000067 ], [ 14.483693258000073, 50.055764602000067 ], [ 14.483666080000035, 50.055674375000081 ], [ 14.48363678100003, 50.055678528000044 ], [ 14.483662965000065, 50.055768198000067 ] ] ] ] } },
{ "type": "Feature", "properties": { "objectid": 65341, "zps_id": "19515", "id_poskyt": 38, "shape_area_1": 0.0, "globalid": "{D97746C5-9B01-4469-82F7-5A547102EDDF}", "shape_Length": 0.00023671739598612551, "shape_Area": 3.0840074871029328e-09 }, "geometry": { "type": "MultiPolygon", "coordinates": [ [ [ [ 14.507005031000062, 50.056550853000033 ], [ 14.507042732000059, 50.056549737000068 ], [ 14.507038688000023, 50.056470588000082 ], [ 14.506998802000055, 50.056471240000064 ], [ 14.507005031000062, 50.056550853000033 ] ] ] ] } },
{ "type": "Feature", "properties": { "objectid": 65342, "zps_id": "19520", "id_poskyt": 38, "shape_area_1": 0.0, "globalid": "{7047E8E4-C0D3-4250-A88A-32871189C834}", "shape_Length": 0.0002630128319772394, "shape_Area": 3.1490993741278241e-09 }, "geometry": { "type": "MultiPolygon", "coordinates": [ [ [ [ 14.511980479000044, 50.05831995300008 ], [ 14.51201263300004, 50.058337857000026 ], [ 14.512090213000022, 50.058283353000036 ], [ 14.512056805000043, 50.058265729000027 ], [ 14.511980479000044, 50.05831995300008 ] ] ] ] } },
{ "type": "Feature", "properties": { "objectid": 65343, "zps_id": "18996", "id_poskyt": 38, "shape_area_1": 0.0, "globalid": "{3F9BC547-B739-44A3-9E4A-80621DB9622B}", "shape_Length": 0.00052001732251097052, "shape_Area": 4.665320316833431e-09 }, "geometry": { "type": "MultiPolygon", "coordinates": [ [ [ [ 14.465491352000072, 50.060823201000062 ], [ 14.465504582000051, 50.060805673000061 ], [ 14.465295170000047, 50.060745121000082 ], [ 14.465258791000053, 50.060754699000029 ], [ 14.46528240400005, 50.060762254000053 ], [ 14.465491352000072, 50.060823201000062 ] ] ] ] } },
{ "type": "Feature", "properties": { "objectid": 65344, "zps_id": "19256", "id_poskyt": 38, "shape_area_1": 0.0, "globalid": "{DF8D764E-9882-4610-B1C3-8275EF532B8E}", "shape_Length": 0.00061729102744713751, "shape_Area": 5.4389949044665486e-09 }, "geometry": { "type": "MultiPolygon", "coordinates": [ [ [ [ 14.500427603000048, 50.05330512900008 ], [ 14.500422392000075, 50.053284842000039 ], [ 14.500129395000044, 50.053316510000059 ], [ 14.500175694000063, 50.053330735000031 ], [ 14.500427603000048, 50.05330512900008 ] ] ] ] } },
{ "type": "Feature", "properties": { "objectid": 65345, "zps_id": "19190", "id_poskyt": 38, "shape_area_1": 0.0, "globalid": "{919C6DF7-590D-413C-96C1-869CA9954BEE}", "shape_Length": 0.00048172122915193831, "shape_Area": 4.137018306800515e-09 }, "geometry": { "type": "MultiPolygon", "coordinates": [ [ [ [ 14.495249611000077, 50.055897298000048 ], [ 14.495471608000059, 50.055884073000072 ], [ 14.495467624000071, 50.055865790000041 ], [ 14.495246288000033, 50.055878685000039 ], [ 14.495249611000077, 50.055897298000048 ] ] ] ] } },
{ "type": "Feature", "properties": { "objectid": 65346, "zps_id": "19210", "id_poskyt": 38, "shape_area_1": 0.0, "globalid": "{8C7117BC-0E25-410F-A0A7-C45793AD22E0}", "shape_Length": 0.00026420438210581865, "shape_Area": 2.9168354925297764e-09 }, "geometry": { "type": "MultiPolygon", "coordinates": [ [ [ [ 14.498859953000022, 50.059009031000073 ], [ 14.49888855100005, 50.059004058000028 ], [ 14.498849902000075, 50.058908353000049 ], [ 14.498821543000076, 50.058913265000058 ], [ 14.498859953000022, 50.059009031000073 ] ] ] ] } },
{ "type": "Feature", "properties": { "objectid": 65347, "zps_id": "19409", "id_poskyt": 38, "shape_area_1": 0.0, "globalid": "{9F59C2AA-4BF7-4E88-8455-A02D8E7F8C60}", "shape_Length": 0.00042166937867064666, "shape_Area": 3.1713563499933778e-09 }, "geometry": { "type": "MultiPolygon", "coordinates": [ [ [ [ 14.506436366000059, 50.059449363000056 ], [ 14.506376885000066, 50.059438185000033 ], [ 14.506234494000068, 50.059455123000077 ], [ 14.506239061000031, 50.059473537000031 ], [ 14.506436366000059, 50.059449363000056 ] ] ] ] } },
{ "type": "Feature", "properties": { "objectid": 65348, "zps_id": "20687", "id_poskyt": 38, "shape_area_1": 0.0, "globalid": "{A0C9AD9E-0555-4E06-B94F-3605620EFC9A}", "shape_Length": 0.00025586503564106153, "shape_Area": 2.8258903005529981e-09 }, "geometry": { "type": "MultiPolygon", "coordinates": [ [ [ [ 14.50888696800007, 50.055039118000082 ], [ 14.508915685000034, 50.055042150000077 ], [ 14.508941483000058, 50.054946673000074 ], [ 14.508912838000072, 50.054943304000062 ], [ 14.50888696800007, 50.055039118000082 ] ] ] ] } },
{ "type": "Feature", "properties": { "objectid": 65349, "zps_id": "19512", "id_poskyt": 38, "shape_area_1": 0.0, "globalid": "{24859778-D349-46F3-97BF-70E8BAAD5BCA}", "shape_Length": 0.00026233643530151603, "shape_Area": 2.9716802483924848e-09 }, "geometry": { "type": "MultiPolygon", "coordinates": [ [ [ [ 14.507262615000059, 50.054725585000028 ], [ 14.507229364000068, 50.054822228000035 ], [ 14.507260116000054, 50.054825901000072 ], [ 14.507290902000022, 50.054730237000058 ], [ 14.507262615000059, 50.054725585000028 ] ] ] ] } },
{ "type": "Feature", "properties": { "objectid": 65350, "zps_id": "19279", "id_poskyt": 38, "shape_area_1": 0.0, "globalid": "{A29C4C7D-BE07-48CA-B77B-7FA49D43DA3A}", "shape_Length": 0.00021489861349592161, "shape_Area": 2.7819593981971057e-09 }, "geometry": { "type": "MultiPolygon", "coordinates": [ [ [ [ 14.502007927000022, 50.053747079000061 ], [ 14.501999148000039, 50.053703928000061 ], [ 14.501936378000039, 50.053709945000037 ], [ 14.501944769000033, 50.053753469000071 ], [ 14.502007927000022, 50.053747079000061 ] ] ] ] } },
{ "type": "Feature", "properties": { "objectid": 65351, "zps_id": "19542", "id_poskyt": 38, "shape_area_1": 0.0, "globalid": "{9580AB26-A78D-41EF-9781-4D7B7AB2195E}", "shape_Length": 0.00018818739075956802, "shape_Area": 1.5693641859921407e-09 }, "geometry": { "type": "MultiPolygon", "coordinates": [ [ [ [ 14.48469657000004, 50.055482912000059 ], [ 14.484705656000074, 50.055503251000061 ], [ 14.484776129000068, 50.055490852000048 ], [ 14.484766794000052, 50.055469901000038 ], [ 14.48469657000004, 50.055482912000059 ] ] ] ] } },
{ "type": "Feature", "properties": { "objectid": 65352, "zps_id": "10363", "id_poskyt": 38, "shape_area_1": 0.0, "globalid": "{2ACD8C01-86F4-458E-95B9-83E695B76ECE}", "shape_Length": 0.000401281662400468, "shape_Area": 4.6764653347857326e-09 }, "geometry": { "type": "MultiPolygon", "coordinates": [ [ [ [ 14.401208945000064, 50.077638136000076 ], [ 14.401352043000031, 50.077730358000053 ], [ 14.401377807000074, 50.077713721000066 ], [ 14.401233700000034, 50.077621998000041 ], [ 14.401208945000064, 50.077638136000076 ] ] ] ] } },
{ "type": "Feature", "properties": { "objectid": 65353, "zps_id": "18687", "id_poskyt": 38, "shape_area_1": 0.0, "globalid": "{5BCBB393-18BC-4924-AF55-3B989D236B38}", "shape_Length": 0.00029458788295577405, "shape_Area": 2.7204547098965848e-09 }, "geometry": { "type": "MultiPolygon", "coordinates": [ [ [ [ 14.518600326000069, 50.100747117000026 ], [ 14.518708952000054, 50.100805521000041 ], [ 14.518728015000022, 50.10079111400006 ], [ 14.518620677000058, 50.100732494000056 ], [ 14.518600326000069, 50.100747117000026 ] ] ] ] } },
{ "type": "Feature", "properties": { "objectid": 65354, "zps_id": "18616", "id_poskyt": 38, "shape_area_1": 0.0, "globalid": "{B64C7C8A-094C-4AD3-A488-2C6138AA14DB}", "shape_Length": 0.00025810965205398266, "shape_Area": 2.9126570690538639e-09 }, "geometry": { "type": "MultiPolygon", "coordinates": [ [ [ [ 14.495231188000048, 50.125459245000059 ], [ 14.495260028000075, 50.125462422000055 ], [ 14.495262460000049, 50.125434496000025 ], [ 14.495260321000046, 50.125409217000026 ], [ 14.495256834000031, 50.125396207000051 ], [ 14.495250064000061, 50.125377445000026 ], [ 14.495240051000053, 50.125363380000067 ], [ 14.495210936000035, 50.125368537000043 ], [ 14.495225257000072, 50.125392952000027 ], [ 14.49523154700006, 50.12541987600008 ], [ 14.495232913000052, 50.12543929800006 ], [ 14.495231188000048, 50.125459245000059 ] ] ] ] } },
{ "type": "Feature", "properties": { "objectid": 65355, "zps_id": "19622", "id_poskyt": 38, "shape_area_1": 0.0, "globalid": "{376B7CA0-4F6F-4796-ADBA-732BEAEE4E39}", "shape_Length": 0.0002499170612291075, "shape_Area": 2.2686208216804525e-09 }, "geometry": { "type": "MultiPolygon", "coordinates": [ [ [ [ 14.410949260000052, 50.039362115000074 ], [ 14.410966761000054, 50.039378461000069 ], [ 14.411058334000074, 50.039335442000038 ], [ 14.411039171000027, 50.039319156000033 ], [ 14.410949260000052, 50.039362115000074 ] ] ] ] } },
{ "type": "Feature", "properties": { "objectid": 65356, "zps_id": "19626", "id_poskyt": 38, "shape_area_1": 0.0, "globalid": "{700D0605-F266-49CF-8069-FDE28CB92AA5}", "shape_Length": 0.00016350614226575476, "shape_Area": 1.5892994418376174e-09 }, "geometry": { "type": "MultiPolygon", "coordinates": [ [ [ [ 14.41196362900007, 50.037879627000052 ], [ 14.411996467000051, 50.037879544000077 ], [ 14.411996179000027, 50.037829682000051 ], [ 14.411965274000067, 50.037829754000029 ], [ 14.41196362900007, 50.037879627000052 ] ] ] ] } },
{ "type": "Feature", "properties": { "objectid": 65357, "zps_id": "19628", "id_poskyt": 38, "shape_area_1": 0.0, "globalid": "{F03F10F5-4775-4D63-B524-881EBBB3038E}", "shape_Length": 0.00021153770615530275, "shape_Area": 2.2120594857420397e-09 }, "geometry": { "type": "MultiPolygon", "coordinates": [ [ [ [ 14.412004692000039, 50.037025964000065 ], [ 14.412034485000049, 50.037019222000026 ], [ 14.412001900000064, 50.036950647000026 ], [ 14.411973429000057, 50.036956745000055 ], [ 14.412004692000039, 50.037025964000065 ] ] ] ] } },
{ "type": "Feature", "properties": { "objectid": 65358, "zps_id": "19629", "id_poskyt": 38, "shape_area_1": 0.0, "globalid": "{54C39287-92BA-476D-8A58-4DCA76919F2D}", "shape_Length": 0.00022872298252462492, "shape_Area": 2.1151276733152395e-09 }, "geometry": { "type": "MultiPolygon", "coordinates": [ [ [ [ 14.412416252000071, 50.03688435600003 ], [ 14.412439520000078, 50.036896068000033 ], [ 14.412506697000026, 50.03683833100007 ], [ 14.412483015000078, 50.036827163000055 ], [ 14.412416252000071, 50.03688435600003 ] ] ] ] } },
{ "type": "Feature", "properties": { "objectid": 65359, "zps_id": "19633", "id_poskyt": 38, "shape_area_1": 0.0, "globalid": "{169ACD22-4DAA-49D0-8985-5473978FDBBC}", "shape_Length": 0.00023246473681976063, "shape_Area": 2.1931457317819404e-09 }, "geometry": { "type": "MultiPolygon", "coordinates": [ [ [ [ 14.413349035000067, 50.036088559000063 ], [ 14.413371078000068, 50.036102249000066 ], [ 14.413444275000074, 50.03604955600008 ], [ 14.413421004000043, 50.036035748000074 ], [ 14.413349035000067, 50.036088559000063 ] ] ] ] } },
{ "type": "Feature", "properties": { "objectid": 65360, "zps_id": "14120", "id_poskyt": 38, "shape_area_1": 0.0, "globalid": "{EADACE2F-75C7-4494-B5A5-0435DEE4AD46}", "shape_Length": 0.00050679800042465796, "shape_Area": 4.7162902413561799e-09 }, "geometry": { "type": "MultiPolygon", "coordinates": [ [ [ [ 14.413152185000058, 50.035818990000053 ], [ 14.413232629000049, 50.035871660000055 ], [ 14.413255948000028, 50.035857428000043 ], [ 14.413345537000055, 50.035914386000059 ], [ 14.413366635000045, 50.03590007400004 ], [ 14.413277161000053, 50.035844089000079 ], [ 14.413256150000052, 50.035856484000078 ], [ 14.413171682000041, 50.035806097000034 ], [ 14.413152185000058, 50.035818990000053 ] ] ] ] } },
{ "type": "Feature", "properties": { "objectid": 65361, "zps_id": "19643", "id_poskyt": 38, "shape_area_1": 0.0, "globalid": "{9816BD1D-F052-40E3-B804-73D7963158B1}", "shape_Length": 0.00077471320887449702, "shape_Area": 1.0756145838695895e-08 }, "geometry": { "type": "MultiPolygon", "coordinates": [ [ [ [ 14.437571065000043, 50.108005869000067 ], [ 14.437886330000026, 50.108046005000062 ], [ 14.437909244000025, 50.108036303000063 ], [ 14.437915417000056, 50.108017589000042 ], [ 14.43775905800004, 50.107997631000046 ], [ 14.437649168000064, 50.107985689000031 ], [ 14.43756730900003, 50.107978738000043 ], [ 14.437543952000055, 50.10797834400006 ], [ 14.437571065000043, 50.108005869000067 ] ] ] ] } },
{ "type": "Feature", "properties": { "objectid": 65362, "zps_id": "19644", "id_poskyt": 38, "shape_area_1": 0.0, "globalid": "{9F2E26AB-050C-4747-B6B5-DFB2FB35110A}", "shape_Length": 0.00025951494143641713, "shape_Area": 2.421990860867664e-09 }, "geometry": { "type": "MultiPolygon", "coordinates": [ [ [ [ 14.413984222000067, 50.035662115000036 ], [ 14.414005314000065, 50.035676493000039 ], [ 14.414093440000045, 50.035619551000082 ], [ 14.414071212000067, 50.035606460000054 ], [ 14.413984222000067, 50.035662115000036 ] ] ] ] } },
{ "type": "Feature", "properties": { "objectid": 65363, "zps_id": "5770", "id_poskyt": 38, "shape_area_1": 0.0, "globalid": "{8F6B0ED0-F670-4F4F-B141-CB12546C52E8}", "shape_Length": 0.0001771525533832622, "shape_Area": 1.3408370793885848e-09 }, "geometry": { "type": "MultiPolygon", "coordinates": [ [ [ [ 14.431520707000061, 50.100460590000068 ], [ 14.431589771000063, 50.100462322000055 ], [ 14.431590679000067, 50.100442754000028 ], [ 14.431521388000021, 50.100441428000067 ], [ 14.431520707000061, 50.100460590000068 ] ] ] ] } },
{ "type": "Feature", "properties": { "objectid": 65364, "zps_id": "19647", "id_poskyt": 38, "shape_area_1": 0.0, "globalid": "{49A19851-26F3-4AF0-AE0E-A2F688438EBB}", "shape_Length": 0.00020024929074730156, "shape_Area": 1.9977470371562164e-09 }, "geometry": { "type": "MultiPolygon", "coordinates": [ [ [ [ 14.40946985000005, 50.092225094000071 ], [ 14.409498345000031, 50.092230706000066 ], [ 14.409529408000026, 50.092166877000068 ], [ 14.409500955000055, 50.092161069000042 ], [ 14.40946985000005, 50.092225094000071 ] ] ] ] } },
{ "type": "Feature", "properties": { "objectid": 65365, "zps_id": "19651", "id_poskyt": 38, "shape_area_1": 0.0, "globalid": "{FCBFAEC1-EE01-4B73-9157-8E256AE5D184}", "shape_Length": 0.00025253867156041005, "shape_Area": 2.3167141278559217e-09 }, "geometry": { "type": "MultiPolygon", "coordinates": [ [ [ [ 14.417245274000038, 50.091977641000028 ], [ 14.417338561000065, 50.092016969000042 ], [ 14.41735662800005, 50.09199985500004 ], [ 14.417263093000031, 50.091960304000054 ], [ 14.417245274000038, 50.091977641000028 ] ] ] ] } },
{ "type": "Feature", "properties": { "objectid": 65366, "zps_id": "14607", "id_poskyt": 38, "shape_area_1": 0.0, "globalid": "{4CBDB890-FF89-4F55-8FC1-65AA4C29D57F}", "shape_Length": 0.00028658482954205331, "shape_Area": 3.1472321548467862e-09 }, "geometry": { "type": "MultiPolygon", "coordinates": [ [ [ [ 14.414645190000044, 50.048613043000046 ], [ 14.414673311000058, 50.048606043000063 ], [ 14.414617391000036, 50.048505894000073 ], [ 14.414590180000062, 50.048512049000067 ], [ 14.414645190000044, 50.048613043000046 ] ] ] ] } },
{ "type": "Feature", "properties": { "objectid": 65367, "zps_id": "2394", "id_poskyt": 38, "shape_area_1": 0.0, "globalid": "{F055C78E-FB3B-47F0-A9D2-69E156986F67}", "shape_Length": 0.00026295770709632216, "shape_Area": 3.0807559161660344e-09 }, "geometry": { "type": "MultiPolygon", "coordinates": [ [ [ [ 14.419344116000048, 50.077432757000054 ], [ 14.419374880000078, 50.077430427000081 ], [ 14.419353886000067, 50.077331291000064 ], [ 14.419323352000049, 50.077334913000072 ], [ 14.419344116000048, 50.077432757000054 ] ] ] ] } },
{ "type": "Feature", "properties": { "objectid": 65368, "zps_id": "19685", "id_poskyt": 38, "shape_area_1": 0.0, "globalid": "{98958D7A-BBC3-4C79-B29F-8929E4D70EF7}", "shape_Length": 0.00024405141366411391, "shape_Area": 2.339865218187265e-09 }, "geometry": { "type": "MultiPolygon", "coordinates": [ [ [ [ 14.414540874000068, 50.035317366000072 ], [ 14.414564276000021, 50.035333066000078 ], [ 14.414642680000043, 50.03527914700004 ], [ 14.414620939000031, 50.035265827000046 ], [ 14.414540874000068, 50.035317366000072 ] ] ] ] } },
{ "type": "Feature", "properties": { "objectid": 65369, "zps_id": "19686", "id_poskyt": 38, "shape_area_1": 0.0, "globalid": "{C1FA9AB8-4984-47F6-8EE5-15BFD989D8F7}", "shape_Length": 0.00017884916568195678, "shape_Area": 1.4036889520636335e-09 }, "geometry": { "type": "MultiPolygon", "coordinates": [ [ [ [ 14.415419437000025, 50.034759526000073 ], [ 14.415437917000077, 50.034772418000045 ], [ 14.415494874000046, 50.03473838900004 ], [ 14.415476116000036, 50.034724500000038 ], [ 14.415419437000025, 50.034759526000073 ] ] ] ] } },
{ "type": "Feature", "properties": { "objectid": 65370, "zps_id": "19688", "id_poskyt": 38, "shape_area_1": 0.0, "globalid": "{DA08C164-1D1D-420C-9F55-AE1040BDFB6C}", "shape_Length": 0.00018383448635118742, "shape_Area": 1.3372422493844355e-09 }, "geometry": { "type": "MultiPolygon", "coordinates": [ [ [ [ 14.450103888000058, 50.105049253000061 ], [ 14.450178297000036, 50.105050493000078 ], [ 14.450179086000048, 50.105032376000054 ], [ 14.450106058000074, 50.105031140000051 ], [ 14.450103888000058, 50.105049253000061 ] ] ] ] } },
{ "type": "Feature", "properties": { "objectid": 65371, "zps_id": "19737", "id_poskyt": 38, "shape_area_1": 0.0, "globalid": "{A8E259E8-F19C-4112-86C6-EBD3D4BDF5D9}", "shape_Length": 0.00040743387956481227, "shape_Area": 4.1281821674827856e-09 }, "geometry": { "type": "MultiPolygon", "coordinates": [ [ [ [ 14.385947350000038, 50.117506779000053 ], [ 14.385981301000072, 50.117538050000064 ], [ 14.386010912000074, 50.117552858000067 ], [ 14.386026841000046, 50.11753791700005 ], [ 14.386006527000063, 50.11752720100003 ], [ 14.385970830000076, 50.117497418000028 ], [ 14.385893555000052, 50.117424872000072 ], [ 14.385870147000048, 50.117435146000048 ], [ 14.385947350000038, 50.117506779000053 ] ] ] ] } },
{ "type": "Feature", "properties": { "objectid": 65372, "zps_id": "19807", "id_poskyt": 38, "shape_area_1": 0.0, "globalid": "{7687EA5A-1851-4357-A9DE-88C0D3CB09AB}", "shape_Length": 0.00030562441712807768, "shape_Area": 3.7807393604588184e-09 }, "geometry": { "type": "MultiPolygon", "coordinates": [ [ [ [ 14.41936617500005, 50.078178484000034 ], [ 14.419397490000051, 50.078179188000036 ], [ 14.419397617000072, 50.078057318000049 ], [ 14.419366832000037, 50.07805684300007 ], [ 14.41936617500005, 50.078178484000034 ] ] ] ] } },
{ "type": "Feature", "properties": { "objectid": 65373, "zps_id": "19909", "id_poskyt": 38, "shape_area_1": 0.0, "globalid": "{99C6961B-6C2B-4176-8CCC-B4A3D5A39EC5}", "shape_Length": 0.00024028345979929406, "shape_Area": 3.5623212484716706e-09 }, "geometry": { "type": "MultiPolygon", "coordinates": [ [ [ [ 14.369235673000048, 50.030232381000076 ], [ 14.369249406000051, 50.030177021000043 ], [ 14.369185444000038, 50.030171321000068 ], [ 14.369173192000062, 50.030226216000074 ], [ 14.369235673000048, 50.030232381000076 ] ] ] ] } },
{ "type": "Feature", "properties": { "objectid": 65374, "zps_id": "20167", "id_poskyt": 38, "shape_area_1": 0.0, "globalid": "{22574BE0-8499-46F7-A11C-8305F51ACA2B}", "shape_Length": 0.00051060993413741605, "shape_Area": 4.2823489102030763e-09 }, "geometry": { "type": "MultiPolygon", "coordinates": [ [ [ [ 14.400773431000061, 50.042147649000071 ], [ 14.401011477000054, 50.042152414000043 ], [ 14.401012128000048, 50.042134302000079 ], [ 14.400775891000023, 50.042129706000026 ], [ 14.400773431000061, 50.042147649000071 ] ] ] ] } },
{ "type": "Feature", "properties": { "objectid": 65375, "zps_id": "20073", "id_poskyt": 38, "shape_area_1": 0.0, "globalid": "{7856D233-3592-4E8E-933E-809EC0E417D6}", "shape_Length": 0.00031147622703506033, "shape_Area": 2.804507825696726e-09 }, "geometry": { "type": "MultiPolygon", "coordinates": [ [ [ [ 14.379490951000037, 50.036859498000069 ], [ 14.379507635000039, 50.036845645000028 ], [ 14.379452626000045, 50.036816114000032 ], [ 14.379391104000035, 50.036779959000057 ], [ 14.379374211000027, 50.036794730000054 ], [ 14.379434420000052, 50.036830296000062 ], [ 14.379490951000037, 50.036859498000069 ] ] ] ] } },
{ "type": "Feature", "properties": { "objectid": 65376, "zps_id": "19989", "id_poskyt": 38, "shape_area_1": 0.0, "globalid": "{09EA1127-24A2-4C65-817F-60BB2D264041}", "shape_Length": 0.00026507339062335907, "shape_Area": 2.8522973505660407e-09 }, "geometry": { "type": "MultiPolygon", "coordinates": [ [ [ [ 14.377173934000041, 50.03683578600004 ], [ 14.377202447000059, 50.036829920000059 ], [ 14.377149218000056, 50.036739498000031 ], [ 14.377121964000025, 50.036747182000056 ], [ 14.377173934000041, 50.03683578600004 ] ] ] ] } },
{ "type": "Feature", "properties": { "objectid": 65377, "zps_id": "19996", "id_poskyt": 38, "shape_area_1": 0.0, "globalid": "{4CEC4BE6-E21E-4C36-82C3-42934A2D91FB}", "shape_Length": 0.00033324937620390037, "shape_Area": 2.6182034356801298e-09 }, "geometry": { "type": "MultiPolygon", "coordinates": [ [ [ [ 14.373922181000069, 50.037573154000029 ], [ 14.373929706000069, 50.037590562000048 ], [ 14.374075336000033, 50.037561694000033 ], [ 14.374068304000048, 50.037546001000067 ], [ 14.373922181000069, 50.037573154000029 ] ] ] ] } },
{ "type": "Feature", "properties": { "objectid": 65378, "zps_id": "20043", "id_poskyt": 38, "shape_area_1": 0.0, "globalid": "{85CB47F9-ED34-43A0-8B66-17562B6EC5EE}", "shape_Length": 0.00028460240855461886, "shape_Area": 2.994676167348992e-09 }, "geometry": { "type": "MultiPolygon", "coordinates": [ [ [ [ 14.379154737000022, 50.032917438000027 ], [ 14.379128454000067, 50.032906731000026 ], [ 14.379052271000035, 50.032991433000063 ], [ 14.379076733000034, 50.033002533000058 ], [ 14.379154737000022, 50.032917438000027 ] ] ] ] } },
{ "type": "Feature", "properties": { "objectid": 65379, "zps_id": "20005", "id_poskyt": 38, "shape_area_1": 0.0, "globalid": "{4C4403F9-926C-41CF-BCB4-DDCC65309D08}", "shape_Length": 0.00027066919472122636, "shape_Area": 2.5952434947115015e-09 }, "geometry": { "type": "MultiPolygon", "coordinates": [ [ [ [ 14.374810915000069, 50.03368891100007 ], [ 14.374834899000064, 50.033697636000056 ], [ 14.374907690000043, 50.033615529000031 ], [ 14.374884379000036, 50.033606482000039 ], [ 14.374810915000069, 50.03368891100007 ] ] ] ] } },
{ "type": "Feature", "properties": { "objectid": 65380, "zps_id": "19899", "id_poskyt": 38, "shape_area_1": 0.0, "globalid": "{8E11F6A0-8537-4F68-B330-42847C33D15F}", "shape_Length": 0.00022011622214346738, "shape_Area": 2.7628159659632769e-09 }, "geometry": { "type": "MultiPolygon", "coordinates": [ [ [ [ 14.371641712000041, 50.031256208000059 ], [ 14.371581862000028, 50.031235682000045 ], [ 14.371552405000045, 50.03127168900005 ], [ 14.371615398000074, 50.031291741000075 ], [ 14.371641712000041, 50.031256208000059 ] ] ] ] } },
{ "type": "Feature", "properties": { "objectid": 65381, "zps_id": "19834", "id_poskyt": 38, "shape_area_1": 0.0, "globalid": "{F99C0BE3-E1A5-487A-A4D5-F4FA2CF58DED}", "shape_Length": 0.00027108667691314785, "shape_Area": 3.8411724171002914e-09 }, "geometry": { "type": "MultiPolygon", "coordinates": [ [ [ [ 14.368131026000071, 50.028616186000079 ], [ 14.368141189000028, 50.028576927000074 ], [ 14.368046380000067, 50.028566808000051 ], [ 14.368037682000022, 50.028607305000037 ], [ 14.368131026000071, 50.028616186000079 ] ] ] ] } },
{ "type": "Feature", "properties": { "objectid": 65382, "zps_id": "19859", "id_poskyt": 38, "shape_area_1": 0.0, "globalid": "{840E8808-BD76-462B-8504-0D15936512FE}", "shape_Length": 0.00022134287320499881, "shape_Area": 2.9515513257961533e-09 }, "geometry": { "type": "MultiPolygon", "coordinates": [ [ [ [ 14.369514885000058, 50.02846194600005 ], [ 14.36953285900006, 50.028415704000054 ], [ 14.369472146000021, 50.028406246000031 ], [ 14.369453759000066, 50.028450736000082 ], [ 14.369514885000058, 50.02846194600005 ] ] ] ] } },
{ "type": "Feature", "properties": { "objectid": 65383, "zps_id": "19877", "id_poskyt": 38, "shape_area_1": 0.0, "globalid": "{6EAB7142-F031-46E3-94F1-E57395E8BB2D}", "shape_Length": 0.00026485837013828578, "shape_Area": 2.8098997753573672e-09 }, "geometry": { "type": "MultiPolygon", "coordinates": [ [ [ [ 14.372661701000027, 50.029731180000056 ], [ 14.372688310000058, 50.029736338000077 ], [ 14.372734349000041, 50.029642827000032 ], [ 14.372707250000076, 50.029635947000031 ], [ 14.372661701000027, 50.029731180000056 ] ] ] ] } },
{ "type": "Feature", "properties": { "objectid": 65384, "zps_id": "20202", "id_poskyt": 38, "shape_area_1": 0.0, "globalid": "{7CC2810E-8D51-43AA-A262-53574F9EA862}", "shape_Length": 0.00025351308592457271, "shape_Area": 2.7579848365214537e-09 }, "geometry": { "type": "MultiPolygon", "coordinates": [ [ [ [ 14.408142437000038, 50.047028963000059 ], [ 14.408169495000038, 50.04702495500004 ], [ 14.408145354000055, 50.046930880000048 ], [ 14.40811599400007, 50.046932932000061 ], [ 14.408142437000038, 50.047028963000059 ] ] ] ] } },
{ "type": "Feature", "properties": { "objectid": 65385, "zps_id": "20373", "id_poskyt": 38, "shape_area_1": 0.0, "globalid": "{097270B6-93A3-440B-8BAA-6D80317B45DB}", "shape_Length": 0.00028284104531386869, "shape_Area": 2.5291387989064923e-09 }, "geometry": { "type": "MultiPolygon", "coordinates": [ [ [ [ 14.396226455000033, 50.041297317000044 ], [ 14.396211557000072, 50.041279756000051 ], [ 14.396101134000048, 50.041324504000045 ], [ 14.396116307000057, 50.041340782000077 ], [ 14.396226455000033, 50.041297317000044 ] ] ] ] } },
{ "type": "Feature", "properties": { "objectid": 65386, "zps_id": "12443", "id_poskyt": 38, "shape_area_1": 0.0, "globalid": "{AC0E7016-612E-4142-827F-91BAE62861A2}", "shape_Length": 0.00041493885160557859, "shape_Area": 4.217746975267459e-09 }, "geometry": { "type": "MultiPolygon", "coordinates": [ [ [ [ 14.431640013000049, 50.076105377000033 ], [ 14.431822016000069, 50.076133459000062 ], [ 14.431830486000024, 50.076112498000043 ], [ 14.431649199000049, 50.076082711000026 ], [ 14.431640013000049, 50.076105377000033 ] ] ] ] } },
{ "type": "Feature", "properties": { "objectid": 65387, "zps_id": "20390", "id_poskyt": 38, "shape_area_1": 0.0, "globalid": "{0F472C30-767B-4038-A3F6-1EE6A4C3FFB9}", "shape_Length": 0.00049986035532337465, "shape_Area": 4.5212788309325786e-09 }, "geometry": { "type": "MultiPolygon", "coordinates": [ [ [ [ 14.43886204000006, 50.06493787900007 ], [ 14.439080614000034, 50.065012170000045 ], [ 14.439083020000055, 50.065007362000074 ], [ 14.439091346000055, 50.064994576000061 ], [ 14.439085387000034, 50.064992506000067 ], [ 14.43900192600006, 50.064964406000058 ], [ 14.438875477000067, 50.064922160000037 ], [ 14.43886204000006, 50.06493787900007 ] ] ] ] } },
{ "type": "Feature", "properties": { "objectid": 65388, "zps_id": "17900", "id_poskyt": 38, "shape_area_1": 0.0, "globalid": "{613B2E31-39C2-450B-A0FE-D1E52688F91C}", "shape_Length": 0.00023931249880412508, "shape_Area": 3.4153330534052761e-09 }, "geometry": { "type": "MultiPolygon", "coordinates": [ [ [ [ 14.509307945000046, 50.130429624000044 ], [ 14.509374874000059, 50.130441645000076 ], [ 14.509395692000055, 50.130394513000056 ], [ 14.509328770000025, 50.130382248000046 ], [ 14.509307945000046, 50.130429624000044 ] ] ] ] } },
{ "type": "Feature", "properties": { "objectid": 65389, "zps_id": "18910", "id_poskyt": 38, "shape_area_1": 0.0, "globalid": "{FAF160F4-D67D-493C-ADD9-F97825FFE0A3}", "shape_Length": 0.00072886404950491489, "shape_Area": 6.7988945888794977e-09 }, "geometry": { "type": "MultiPolygon", "coordinates": [ [ [ [ 14.43183381800003, 50.096595879000063 ], [ 14.431897096000057, 50.096621095000046 ], [ 14.431912200000056, 50.096605677000071 ], [ 14.431848609000042, 50.096580151000069 ], [ 14.431593043000078, 50.096479809000073 ], [ 14.431578153000032, 50.096494892000067 ], [ 14.43183381800003, 50.096595879000063 ] ] ] ] } },
{ "type": "Feature", "properties": { "objectid": 65390, "zps_id": "5387", "id_poskyt": 38, "shape_area_1": 0.0, "globalid": "{A11AED97-3596-45DB-AE17-0EFE6152DE86}", "shape_Length": 0.00017265443938984477, "shape_Area": 1.5851401798766032e-09 }, "geometry": { "type": "MultiPolygon", "coordinates": [ [ [ [ 14.431961177000062, 50.100491587000079 ], [ 14.431998803000056, 50.10049232800003 ], [ 14.432025090000025, 50.100452060000066 ], [ 14.431984957000054, 50.100451288000045 ], [ 14.431961177000062, 50.100491587000079 ] ] ] ] } },
{ "type": "Feature", "properties": { "objectid": 65391, "zps_id": "3998", "id_poskyt": 38, "shape_area_1": 0.0, "globalid": "{4EC22846-5823-4A2F-98F7-743BF24C33A9}", "shape_Length": 0.00054124338892482871, "shape_Area": 5.6243825893922838e-09 }, "geometry": { "type": "MultiPolygon", "coordinates": [ [ [ [ 14.430029035000075, 50.085488 ], [ 14.430136155000071, 50.085572595000031 ], [ 14.430221018000054, 50.085640701000045 ], [ 14.430243321000034, 50.085629016000041 ], [ 14.43015755600004, 50.085560176000058 ], [ 14.430049974000042, 50.085475957000028 ], [ 14.430029035000075, 50.085488 ] ] ] ] } },
{ "type": "Feature", "properties": { "objectid": 65392, "zps_id": "7063", "id_poskyt": 38, "shape_area_1": 0.0, "globalid": "{1FBCE188-FD17-4324-839E-FF2F9DC43311}", "shape_Length": 0.00030965125688404537, "shape_Area": 2.8772938267614618e-09 }, "geometry": { "type": "MultiPolygon", "coordinates": [ [ [ [ 14.374381356000072, 50.069849488000045 ], [ 14.374514387000033, 50.06984329800008 ], [ 14.374511970000071, 50.069821782000076 ], [ 14.374378941000032, 50.069827971000052 ], [ 14.374381356000072, 50.069849488000045 ] ] ] ] } },
{ "type": "Feature", "properties": { "objectid": 65393, "zps_id": "7609", "id_poskyt": 38, "shape_area_1": 0.0, "globalid": "{EAAD4D8A-7B7B-4895-98EE-D7326DE81AC9}", "shape_Length": 0.0002268608177595928, "shape_Area": 2.202802792005818e-09 }, "geometry": { "type": "MultiPolygon", "coordinates": [ [ [ [ 14.389125309000065, 50.073108857000079 ], [ 14.389150655000037, 50.073114167000028 ], [ 14.389187930000048, 50.073034802000052 ], [ 14.389162504000069, 50.073029801000075 ], [ 14.389125309000065, 50.073108857000079 ] ] ] ] } },
{ "type": "Feature", "properties": { "objectid": 65394, "zps_id": "20394", "id_poskyt": 38, "shape_area_1": 0.0, "globalid": "{927D4350-F52A-4C55-BEB7-A88E348A66F0}", "shape_Length": 0.00029491251715326529, "shape_Area": 2.840876577286419e-09 }, "geometry": { "type": "MultiPolygon", "coordinates": [ [ [ [ 14.454933604000075, 50.087284842000031 ], [ 14.455058450000024, 50.087290322000058 ], [ 14.455060979000052, 50.087267748000045 ], [ 14.454936943000064, 50.087262022000061 ], [ 14.454933604000075, 50.087284842000031 ] ] ] ] } },
{ "type": "Feature", "properties": { "objectid": 65395, "zps_id": "20399", "id_poskyt": 38, "shape_area_1": 0.0, "globalid": "{36113513-5830-4F70-9E2A-B31143B4A08A}", "shape_Length": 0.00022845232542790357, "shape_Area": 1.9524674119931945e-09 }, "geometry": { "type": "MultiPolygon", "coordinates": [ [ [ [ 14.455803337000077, 50.087479238000071 ], [ 14.455890537000073, 50.08750776100004 ], [ 14.455904201000067, 50.087489509000079 ], [ 14.45581702100003, 50.087461560000065 ], [ 14.455803337000077, 50.087479238000071 ] ] ] ] } },
{ "type": "Feature", "properties": { "objectid": 65396, "zps_id": "20432", "id_poskyt": 38, "shape_area_1": 0.0, "globalid": "{CF7F5AF6-BE99-433D-99D0-50715C5F630E}", "shape_Length": 0.00027428995938656795, "shape_Area": 2.9449435113857365e-09 }, "geometry": { "type": "MultiPolygon", "coordinates": [ [ [ [ 14.437157979000062, 50.089511680000044 ], [ 14.437186132000022, 50.089503567000065 ], [ 14.437121699000045, 50.089416410000069 ], [ 14.437094227000046, 50.089424573000031 ], [ 14.437157979000062, 50.089511680000044 ] ] ] ] } },
{ "type": "Feature", "properties": { "objectid": 65397, "zps_id": "20433", "id_poskyt": 38, "shape_area_1": 0.0, "globalid": "{A3E6100F-58FF-414A-A7C5-C9E460F3761C}", "shape_Length": 0.00038876265980925873, "shape_Area": 8.1269036860740038e-09 }, "geometry": { "type": "MultiPolygon", "coordinates": [ [ [ [ 14.420813640000063, 50.075874045000035 ], [ 14.420843310000066, 50.075982751000026 ], [ 14.420915834000027, 50.07599867700003 ], [ 14.420879703000026, 50.075868086000071 ], [ 14.420813640000063, 50.075874045000035 ] ] ] ] } },
{ "type": "Feature", "properties": { "objectid": 65398, "zps_id": "20446", "id_poskyt": 38, "shape_area_1": 0.0, "globalid": "{F5B9BAE0-BBE7-42A9-A402-AF73F9FE5BF0}", "shape_Length": 0.00020649498882376201, "shape_Area": 1.7945094305498228e-09 }, "geometry": { "type": "MultiPolygon", "coordinates": [ [ [ [ 14.407911029000047, 50.089925548000053 ], [ 14.407932811000023, 50.089914936000071 ], [ 14.407873992000077, 50.089863914000034 ], [ 14.407850730000064, 50.089875247000066 ], [ 14.407911029000047, 50.089925548000053 ] ] ] ] } },
{ "type": "Feature", "properties": { "objectid": 65399, "zps_id": "18708", "id_poskyt": 38, "shape_area_1": 0.0, "globalid": "{D29CB9D9-9DD5-4B2B-B31B-DFAB0D66D723}", "shape_Length": 0.0001884558880160353, "shape_Area": 1.7660907711900844e-09 }, "geometry": { "type": "MultiPolygon", "coordinates": [ [ [ [ 14.488384538000048, 50.100888182000062 ], [ 14.488341988000059, 50.100838923000026 ], [ 14.488314469000045, 50.100848519000067 ], [ 14.488356755000041, 50.100897692000046 ], [ 14.488384538000048, 50.100888182000062 ] ] ] ] } },
{ "type": "Feature", "properties": { "objectid": 65400, "zps_id": "20474", "id_poskyt": 38, "shape_area_1": 0.0, "globalid": "{97F19DCB-DB46-46A4-A682-855A37A63397}", "shape_Length": 0.00025873939948149694, "shape_Area": 3.6014548002673399e-09 }, "geometry": { "type": "MultiPolygon", "coordinates": [ [ [ [ 14.432834631000048, 50.084159115000034 ], [ 14.432876369000041, 50.084219783000037 ], [ 14.432934850000038, 50.084203872000046 ], [ 14.432874624000021, 50.084147132000055 ], [ 14.432834631000048, 50.084159115000034 ] ] ] ] } },
{ "type": "Feature", "properties": { "objectid": 65401, "zps_id": "20477", "id_poskyt": 38, "shape_area_1": 0.0, "globalid": "{EA475263-2CF5-43AB-8108-DFB46745E959}", "shape_Length": 0.00034457241732863304, "shape_Area": 3.0632066223358452e-09 }, "geometry": { "type": "MultiPolygon", "coordinates": [ [ [ [ 14.431926823000026, 50.087274305000051 ], [ 14.432079441000042, 50.087275987000055 ], [ 14.432079132000069, 50.087255585000037 ], [ 14.431927469000073, 50.087254442000074 ], [ 14.431926823000026, 50.087274305000051 ] ] ] ] } },
{ "type": "Feature", "properties": { "objectid": 65402, "zps_id": "20478", "id_poskyt": 38, "shape_area_1": 0.0, "globalid": "{51DCB6A5-AB1C-45B1-B8FB-FC1E15D4B661}", "shape_Length": 0.00034053467998227505, "shape_Area": 2.9795261268770829e-09 }, "geometry": { "type": "MultiPolygon", "coordinates": [ [ [ [ 14.433597962000022, 50.087300020000043 ], [ 14.433748391000051, 50.087301252000032 ], [ 14.433749340000077, 50.087281351000058 ], [ 14.433598883000059, 50.087280325000052 ], [ 14.433597962000022, 50.087300020000043 ] ] ] ] } },
{ "type": "Feature", "properties": { "objectid": 65403, "zps_id": "20478", "id_poskyt": 38, "shape_area_1": 0.0, "globalid": "{4B2611B5-CAEC-4884-A7CA-B27DC36477D2}", "shape_Length": 0.00025210708284110637, "shape_Area": 2.0788761192380817e-09 }, "geometry": { "type": "MultiPolygon", "coordinates": [ [ [ [ 14.43490627400007, 50.087304647000053 ], [ 14.435013898000022, 50.087304661000076 ], [ 14.435013345000073, 50.087285390000034 ], [ 14.434907985000052, 50.087284878000048 ], [ 14.43490627400007, 50.087304647000053 ] ] ] ] } },
{ "type": "Feature", "properties": { "objectid": 65404, "zps_id": "20480", "id_poskyt": 38, "shape_area_1": 0.0, "globalid": "{0C26D132-58A9-4D69-9BDD-3DFECEA28CE6}", "shape_Length": 0.00057846562508011962, "shape_Area": 6.0263922200816108e-09 }, "geometry": { "type": "MultiPolygon", "coordinates": [ [ [ [ 14.464796034000074, 50.068377407000071 ], [ 14.464806884000041, 50.068355711000038 ], [ 14.464771051000071, 50.068348250000042 ], [ 14.464703603000032, 50.06833419700007 ], [ 14.464547311000047, 50.068300802000067 ], [ 14.464536319000047, 50.068321187000038 ], [ 14.464796034000074, 50.068377407000071 ] ] ] ] } },
{ "type": "Feature", "properties": { "objectid": 65405, "zps_id": "20482", "id_poskyt": 38, "shape_area_1": 0.0, "globalid": "{C104A878-F079-46D9-8B24-82F5FFBC812A}", "shape_Length": 0.00035543902949467811, "shape_Area": 3.7009472832431188e-09 }, "geometry": { "type": "MultiPolygon", "coordinates": [ [ [ [ 14.430476165000073, 50.081769228000041 ], [ 14.430557972000031, 50.081821825000077 ], [ 14.430580961000032, 50.081807042000037 ], [ 14.430502063000063, 50.081756734000066 ], [ 14.430453501000045, 50.081725910000046 ], [ 14.43043134800007, 50.08174047600005 ], [ 14.430476165000073, 50.081769228000041 ] ] ] ] } },
{ "type": "Feature", "properties": { "objectid": 65406, "zps_id": "15402", "id_poskyt": 38, "shape_area_1": 0.0, "globalid": "{7872D5F5-3117-41C9-9AF2-CE5DA0C73E4C}", "shape_Length": 0.00017626651694296978, "shape_Area": 1.5547722233936701e-09 }, "geometry": { "type": "MultiPolygon", "coordinates": [ [ [ [ 14.423234941000032, 50.087598656000068 ], [ 14.42328952400004, 50.087621975000047 ], [ 14.423310644000026, 50.087602244000038 ], [ 14.423255377000032, 50.087579281000046 ], [ 14.423234941000032, 50.087598656000068 ] ] ] ] } },
{ "type": "Feature", "properties": { "objectid": 65407, "zps_id": "10138", "id_poskyt": 38, "shape_area_1": 0.0, "globalid": "{EFFBACA8-A797-446F-AB05-23693425097A}", "shape_Length": 0.00021323127799863971, "shape_Area": 1.6687356427527801e-09 }, "geometry": { "type": "MultiPolygon", "coordinates": [ [ [ [ 14.47708919300004, 50.103940239000053 ], [ 14.477171483000063, 50.103967148000038 ], [ 14.477183499000034, 50.103950454000028 ], [ 14.477102065000054, 50.103924239000037 ], [ 14.47708919300004, 50.103940239000053 ] ] ] ] } },
{ "type": "Feature", "properties": { "objectid": 65408, "zps_id": "9265", "id_poskyt": 38, "shape_area_1": 0.0, "globalid": "{FDFF6210-198A-4293-B619-9E74CA4A3E9D}", "shape_Length": 0.00018702452603673407, "shape_Area": 1.644039253787915e-09 }, "geometry": { "type": "MultiPolygon", "coordinates": [ [ [ [ 14.477262259000042, 50.104202455000063 ], [ 14.47728698700007, 50.104210575000081 ], [ 14.477328294000074, 50.104156885000066 ], [ 14.477303853000024, 50.104149143000029 ], [ 14.477262259000042, 50.104202455000063 ] ] ] ] } },
{ "type": "Feature", "properties": { "objectid": 65409, "zps_id": "2810", "id_poskyt": 38, "shape_area_1": 0.0, "globalid": "{D36B956E-0292-45B4-ABC4-8C6DB55B4A1C}", "shape_Length": 0.00030912389422389536, "shape_Area": 4.9695864371877901e-09 }, "geometry": { "type": "MultiPolygon", "coordinates": [ [ [ [ 14.430615028000034, 50.072307194000075 ], [ 14.43066062500003, 50.07230966700007 ], [ 14.430671907000033, 50.072218238000062 ], [ 14.430674272000033, 50.07220162200008 ], [ 14.430628359000025, 50.072199429000079 ], [ 14.430625274000022, 50.072222071000056 ], [ 14.430615028000034, 50.072307194000075 ] ] ] ] } },
{ "type": "Feature", "properties": { "objectid": 65410, "zps_id": "2105", "id_poskyt": 38, "shape_area_1": 0.0, "globalid": "{2C7907E4-6A76-4948-A33D-D7E9FD82B060}", "shape_Length": 0.00018620122743177406, "shape_Area": 1.416772235453443e-09 }, "geometry": { "type": "MultiPolygon", "coordinates": [ [ [ [ 14.396366656000055, 50.06449998800008 ], [ 14.396370850000039, 50.064481274000059 ], [ 14.396297382000057, 50.064474132000043 ], [ 14.396293288000038, 50.06449322800006 ], [ 14.396366656000055, 50.06449998800008 ] ] ] ] } },
{ "type": "Feature", "properties": { "objectid": 65411, "zps_id": "9151", "id_poskyt": 38, "shape_area_1": 0.0, "globalid": "{38DA2AAD-AF45-4750-8DDC-134B0C3A8DE5}", "shape_Length": 0.00032355865090856104, "shape_Area": 6.0871751295157859e-09 }, "geometry": { "type": "MultiPolygon", "coordinates": [ [ [ [ 14.470520930000077, 50.127893168000071 ], [ 14.470586963000073, 50.127909826000064 ], [ 14.470635611000034, 50.127830028000062 ], [ 14.470623562000071, 50.12782707100007 ], [ 14.470570396000028, 50.127812644000073 ], [ 14.470520930000077, 50.127893168000071 ] ] ] ] } },
{ "type": "Feature", "properties": { "objectid": 65412, "zps_id": "10288", "id_poskyt": 38, "shape_area_1": 0.0, "globalid": "{74DB5B03-88C8-4E83-964E-946051A36964}", "shape_Length": 0.00021321587038330994, "shape_Area": 2.4823058495773701e-09 }, "geometry": { "type": "MultiPolygon", "coordinates": [ [ [ [ 14.470570484000064, 50.127812225000071 ], [ 14.470637448000048, 50.12782994500003 ], [ 14.470656566000059, 50.127797924000049 ], [ 14.470589203000031, 50.127780287000064 ], [ 14.470570484000064, 50.127812225000071 ] ] ] ] } },
{ "type": "Feature", "properties": { "objectid": 65413, "zps_id": "20934", "id_poskyt": 38, "shape_area_1": 0.0, "globalid": "{CACB2B62-42E1-4CAE-BED7-5B0CA6886F89}", "shape_Length": 0.00039790287466162134, "shape_Area": 5.1650097890031301e-09 }, "geometry": { "type": "MultiPolygon", "coordinates": [ [ [ [ 14.424539052000057, 50.095132248000027 ], [ 14.42460969800004, 50.095141922000039 ], [ 14.424694751000061, 50.095149603000038 ], [ 14.424708292000048, 50.095150138000065 ], [ 14.424714159000075, 50.095119872000055 ], [ 14.424662236000074, 50.09511606600006 ], [ 14.424600519000023, 50.095109624000031 ], [ 14.424549296000066, 50.09510294100005 ], [ 14.424539052000057, 50.095132248000027 ] ] ] ] } },
{ "type": "Feature", "properties": { "objectid": 65414, "zps_id": "20935", "id_poskyt": 38, "shape_area_1": 0.0, "globalid": "{B184E006-3A3C-476A-9C31-D48E297798E2}", "shape_Length": 0.00025061539955898462, "shape_Area": 2.8985204691587266e-09 }, "geometry": { "type": "MultiPolygon", "coordinates": [ [ [ [ 14.428695099000038, 50.095649437000077 ], [ 14.428787291000049, 50.09566589700006 ], [ 14.428799494000032, 50.095636864000028 ], [ 14.428707549000023, 50.095619971000076 ], [ 14.428695099000038, 50.095649437000077 ] ] ] ] } },
{ "type": "Feature", "properties": { "objectid": 65415, "zps_id": "12344", "id_poskyt": 38, "shape_area_1": 0.0, "globalid": "{6769170B-771D-4E59-A111-8CF530B1C2D5}", "shape_Length": 0.00023727856049958061, "shape_Area": 3.262727869128857e-09 }, "geometry": { "type": "MultiPolygon", "coordinates": [ [ [ [ 14.484274131000063, 50.104660469000066 ], [ 14.484337104000076, 50.104681570000082 ], [ 14.484369669000046, 50.104640958000061 ], [ 14.484307547000071, 50.104619304000039 ], [ 14.484274131000063, 50.104660469000066 ] ] ] ] } },
{ "type": "Feature", "properties": { "objectid": 65416, "zps_id": "14034", "id_poskyt": 38, "shape_area_1": 0.0, "globalid": "{2B22E834-FCE6-4BD6-A1A0-851B072BE2AA}", "shape_Length": 0.00020800658833152608, "shape_Area": 1.5612493419963604e-09 }, "geometry": { "type": "MultiPolygon", "coordinates": [ [ [ [ 14.420065183000077, 50.033910375000062 ], [ 14.420078961000058, 50.033895550000068 ], [ 14.420000264000066, 50.033866945000057 ], [ 14.419986446000053, 50.033881757000074 ], [ 14.420065183000077, 50.033910375000062 ] ] ] ] } },
{ "type": "Feature", "properties": { "objectid": 65417, "zps_id": "9391", "id_poskyt": 38, "shape_area_1": 0.0, "globalid": "{32CF9527-2AAC-4D71-8A76-C68DB47C7556}", "shape_Length": 0.00023391632069316037, "shape_Area": 1.813577664535947e-09 }, "geometry": { "type": "MultiPolygon", "coordinates": [ [ [ [ 14.47142221200005, 50.105592392000062 ], [ 14.471425624000062, 50.105610760000047 ], [ 14.471523749000028, 50.105601806000038 ], [ 14.471520188000056, 50.105583805000038 ], [ 14.47142221200005, 50.105592392000062 ] ] ] ] } },
{ "type": "Feature", "properties": { "objectid": 65418, "zps_id": "20966", "id_poskyt": 38, "shape_area_1": 0.0, "globalid": "{03130AEA-ED07-4F7D-ACFF-59464B59363C}", "shape_Length": 0.00023351482044046932, "shape_Area": 2.5074838896297493e-09 }, "geometry": { "type": "MultiPolygon", "coordinates": [ [ [ [ 14.413884255000028, 50.085104909000052 ], [ 14.413912692000054, 50.08509858900004 ], [ 14.413873207000051, 50.085021557000061 ], [ 14.413843184000029, 50.085028109000064 ], [ 14.413884255000028, 50.085104909000052 ] ] ] ] } },
{ "type": "Feature", "properties": { "objectid": 65419, "zps_id": "20967", "id_poskyt": 38, "shape_area_1": 0.0, "globalid": "{4053B456-88DA-4E86-BB64-9525C3D6A778}", "shape_Length": 0.00040591638742042634, "shape_Area": 4.9325565878023925e-09 }, "geometry": { "type": "MultiPolygon", "coordinates": [ [ [ [ 14.413814028000047, 50.085235118000071 ], [ 14.413842554000041, 50.085228769000025 ], [ 14.413759195000068, 50.085077029000047 ], [ 14.413729774000046, 50.085083525000073 ], [ 14.413814028000047, 50.085235118000071 ] ] ] ] } },
{ "type": "Feature", "properties": { "objectid": 65420, "zps_id": "19686", "id_poskyt": 38, "shape_area_1": 0.0, "globalid": "{CDA71BF3-1D16-40D0-B94B-74F69DCA3BF2}", "shape_Length": 0.00020704403154620166, "shape_Area": 1.5633758232070545e-09 }, "geometry": { "type": "MultiPolygon", "coordinates": [ [ [ [ 14.415195690000076, 50.034900374000074 ], [ 14.415213216000041, 50.034911793000049 ], [ 14.41528300300007, 50.03486739300007 ], [ 14.415265645000034, 50.034856178000041 ], [ 14.415195690000076, 50.034900374000074 ] ] ] ] } },
{ "type": "Feature", "properties": { "objectid": 65421, "zps_id": "20978", "id_poskyt": 38, "shape_area_1": 0.0, "globalid": "{B9AC1AA0-8262-41AA-A4BB-4987F0E83E9B}", "shape_Length": 0.00028906385215922935, "shape_Area": 2.5039375350388355e-09 }, "geometry": { "type": "MultiPolygon", "coordinates": [ [ [ [ 14.40396901400004, 50.097886879000043 ], [ 14.404093077000027, 50.097895256000072 ], [ 14.404096174000074, 50.097874746000059 ], [ 14.403972127000031, 50.097867414000063 ], [ 14.40396901400004, 50.097886879000043 ] ] ] ] } },
{ "type": "Feature", "properties": { "objectid": 65422, "zps_id": "20982", "id_poskyt": 38, "shape_area_1": 0.0, "globalid": "{49E937D5-5931-48D0-8921-4CDF6556B373}", "shape_Length": 0.00024428767326632544, "shape_Area": 2.743972832448551e-09 }, "geometry": { "type": "MultiPolygon", "coordinates": [ [ [ [ 14.361615808000067, 50.099424903000056 ], [ 14.361591860000033, 50.099401493000073 ], [ 14.361510277000036, 50.099436537000031 ], [ 14.361534751000022, 50.099459792000061 ], [ 14.361615808000067, 50.099424903000056 ] ] ] ] } },
{ "type": "Feature", "properties": { "objectid": 65423, "zps_id": "9293", "id_poskyt": 38, "shape_area_1": 0.0, "globalid": "{399A41D3-2816-4848-9820-10E230E959F2}", "shape_Length": 0.00019176471419486222, "shape_Area": 1.502241652959308e-09 }, "geometry": { "type": "MultiPolygon", "coordinates": [ [ [ [ 14.477967961000047, 50.104289477000066 ], [ 14.478038886000036, 50.104312443000026 ], [ 14.478052049000041, 50.104295017000027 ], [ 14.477981318000047, 50.104272920000028 ], [ 14.477967961000047, 50.104289477000066 ] ] ] ] } },
{ "type": "Feature", "properties": { "objectid": 65424, "zps_id": "10874", "id_poskyt": 38, "shape_area_1": 0.0, "globalid": "{F454F27A-6E19-4B19-AD95-3737440593BC}", "shape_Length": 0.00044832632839870816, "shape_Area": 4.7304521441958079e-09 }, "geometry": { "type": "MultiPolygon", "coordinates": [ [ [ [ 14.43478910400006, 50.051908980000064 ], [ 14.434812643000043, 50.051920149000068 ], [ 14.434855672000026, 50.051882526000043 ], [ 14.434896382000034, 50.051847574000078 ], [ 14.434962623000047, 50.051790359000051 ], [ 14.43493858000005, 50.051779699000065 ], [ 14.434903160000033, 50.051810011000043 ], [ 14.434859002000053, 50.051848105000033 ], [ 14.43481450400003, 50.051886869000043 ], [ 14.43478910400006, 50.051908980000064 ] ] ] ] } },
{ "type": "Feature", "properties": { "objectid": 65425, "zps_id": "21020", "id_poskyt": 38, "shape_area_1": 0.0, "globalid": "{62064A8B-C7F7-4CB6-92A5-A5186296C43C}", "shape_Length": 0.00035656861363486816, "shape_Area": 2.9299521169747881e-09 }, "geometry": { "type": "MultiPolygon", "coordinates": [ [ [ [ 14.443702005000034, 50.105045089000043 ], [ 14.443861993000041, 50.105046873000049 ], [ 14.443862099000057, 50.105028669000035 ], [ 14.443702173000077, 50.105026662000057 ], [ 14.443702005000034, 50.105045089000043 ] ] ] ] } },
{ "type": "Feature", "properties": { "objectid": 65426, "zps_id": "21035", "id_poskyt": 38, "shape_area_1": 0.0, "globalid": "{FCAFB177-3572-4FFE-B4B3-284CF9B2A05C}", "shape_Length": 0.00021172945753772366, "shape_Area": 2.4221063862840254e-09 }, "geometry": { "type": "MultiPolygon", "coordinates": [ [ [ [ 14.418677847000026, 50.053819329000078 ], [ 14.418740700000058, 50.053796591000037 ], [ 14.418714136000062, 50.053767480000033 ], [ 14.418651776000047, 50.053790154000069 ], [ 14.418677847000026, 50.053819329000078 ] ] ] ] } },
{ "type": "Feature", "properties": { "objectid": 65427, "zps_id": "10906", "id_poskyt": 38, "shape_area_1": 0.0, "globalid": "{CCB12BE7-4DB7-40B3-A0C9-6520D6EC2FCD}", "shape_Length": 0.00026885639307344455, "shape_Area": 3.2300724702049892e-09 }, "geometry": { "type": "MultiPolygon", "coordinates": [ [ [ [ 14.43811183300005, 50.055470332000027 ], [ 14.438184167000031, 50.055415006000032 ], [ 14.438151762000075, 50.055397165000045 ], [ 14.438072626000064, 50.055457606000061 ], [ 14.43811183300005, 50.055470332000027 ] ] ] ] } },
{ "type": "Feature", "properties": { "objectid": 65428, "zps_id": "5096", "id_poskyt": 38, "shape_area_1": 0.0, "globalid": "{BBA31EC4-34AD-4513-A6F3-FA15A7010349}", "shape_Length": 0.00034685773068032387, "shape_Area": 3.0432194970258957e-09 }, "geometry": { "type": "MultiPolygon", "coordinates": [ [ [ [ 14.487357393000025, 50.092444842000077 ], [ 14.487357121000059, 50.09242495400008 ], [ 14.487203220000026, 50.092426900000078 ], [ 14.487204091000024, 50.092446623000058 ], [ 14.487357393000025, 50.092444842000077 ] ] ] ] } },
{ "type": "Feature", "properties": { "objectid": 65429, "zps_id": "21066", "id_poskyt": 38, "shape_area_1": 0.0, "globalid": "{9A8E58FF-1D8B-4C66-AFB3-E29490CF0A06}", "shape_Length": 0.000419565149048869, "shape_Area": 4.3908267624112326e-09 }, "geometry": { "type": "MultiPolygon", "coordinates": [ [ [ [ 14.443593603000068, 50.055437626000071 ], [ 14.443616728000052, 50.05542543100006 ], [ 14.443595794000032, 50.055408906000082 ], [ 14.44347201100004, 50.055311836000044 ], [ 14.443449266000073, 50.055324299000063 ], [ 14.443593603000068, 50.055437626000071 ] ] ] ] } },
{ "type": "Feature", "properties": { "objectid": 65430, "zps_id": "21069", "id_poskyt": 38, "shape_area_1": 0.0, "globalid": "{A5031D5D-1CF3-4FE8-9351-3CC09C894371}", "shape_Length": 0.00022589261508202681, "shape_Area": 1.9451068941856564e-09 }, "geometry": { "type": "MultiPolygon", "coordinates": [ [ [ [ 14.460198138000067, 50.046184509000057 ], [ 14.460207024000056, 50.046164818000079 ], [ 14.460115973000029, 50.046149567000043 ], [ 14.460109322000051, 50.046170615000051 ], [ 14.460198138000067, 50.046184509000057 ] ] ] ] } },
{ "type": "Feature", "properties": { "objectid": 65431, "zps_id": "8866", "id_poskyt": 38, "shape_area_1": 0.0, "globalid": "{E3FBAFC2-7110-4EFA-9932-12D5244FAE16}", "shape_Length": 0.00018301697050995185, "shape_Area": 1.9796847455701966e-09 }, "geometry": { "type": "MultiPolygon", "coordinates": [ [ [ [ 14.344914165000034, 50.090420498000071 ], [ 14.344954630000075, 50.090430714000036 ], [ 14.344981571000062, 50.09038950300004 ], [ 14.344939300000021, 50.090379024000072 ], [ 14.344914165000034, 50.090420498000071 ] ] ] ] } },
{ "type": "Feature", "properties": { "objectid": 65432, "zps_id": "18400", "id_poskyt": 38, "shape_area_1": 0.0, "globalid": "{757C10A5-090D-48CB-9EB3-022FD7C78DD1}", "shape_Length": 0.00023294851710291137, "shape_Area": 3.1113414519446265e-09 }, "geometry": { "type": "MultiPolygon", "coordinates": [ [ [ [ 14.494638959000042, 50.117324113000052 ], [ 14.49470105000006, 50.117303614000036 ], [ 14.494670567000071, 50.117264284000044 ], [ 14.494606548000036, 50.117285621000065 ], [ 14.494638959000042, 50.117324113000052 ] ] ] ] } },
{ "type": "Feature", "properties": { "objectid": 65433, "zps_id": "2877", "id_poskyt": 38, "shape_area_1": 0.0, "globalid": "{0151F4C4-90B1-44A1-AC26-7E44AD8238E4}", "shape_Length": 0.00022625605901545088, "shape_Area": 1.9398932757489821e-09 }, "geometry": { "type": "MultiPolygon", "coordinates": [ [ [ [ 14.43310352900005, 50.07679377900007 ], [ 14.433186036000052, 50.076757360000045 ], [ 14.43316728700006, 50.076741861000073 ], [ 14.433086569000068, 50.076777504000063 ], [ 14.43310352900005, 50.07679377900007 ] ] ] ] } },
{ "type": "Feature", "properties": { "objectid": 65434, "zps_id": "21119", "id_poskyt": 38, "shape_area_1": 0.0, "globalid": "{35ABB702-2620-49E7-AAF9-69A930F0369C}", "shape_Length": 0.00030989281609209205, "shape_Area": 4.4869087012626877e-09 }, "geometry": { "type": "MultiPolygon", "coordinates": [ [ [ [ 14.470352432000027, 50.097530335000044 ], [ 14.470384698000032, 50.097534303000032 ], [ 14.470421171000055, 50.097423741000057 ], [ 14.470375791000038, 50.097417566000047 ], [ 14.470352432000027, 50.097530335000044 ] ] ] ] } },
{ "type": "Feature", "properties": { "objectid": 65435, "zps_id": "21157", "id_poskyt": 38, "shape_area_1": 0.0, "globalid": "{92D74FFA-BB7E-4D85-A56F-B836A154F0FC}", "shape_Length": 0.00017426403383754766, "shape_Area": 1.7604625065385889e-09 }, "geometry": { "type": "MultiPolygon", "coordinates": [ [ [ [ 14.364042736000044, 50.090714598000034 ], [ 14.364074882000068, 50.090714300000059 ], [ 14.364078221000057, 50.090659629000072 ], [ 14.364046398000028, 50.090659201000051 ], [ 14.364042736000044, 50.090714598000034 ] ] ] ] } },
{ "type": "Feature", "properties": { "objectid": 65436, "zps_id": "12045", "id_poskyt": 38, "shape_area_1": 0.0, "globalid": "{F31A6A0A-835E-4D27-A02C-868D08F41C8E}", "shape_Length": 0.00040760313264029375, "shape_Area": 3.9751628187583509e-09 }, "geometry": { "type": "MultiPolygon", "coordinates": [ [ [ [ 14.427744970000049, 50.086798295000051 ], [ 14.427898418000041, 50.086891195000078 ], [ 14.427918804000058, 50.086877714000082 ], [ 14.427765732000069, 50.086784840000064 ], [ 14.427744970000049, 50.086798295000051 ] ] ] ] } },
{ "type": "Feature", "properties": { "objectid": 65437, "zps_id": "21195", "id_poskyt": 38, "shape_area_1": 0.0, "globalid": "{5EFA2E29-F4BD-4D53-B9C3-9EB35FF24837}", "shape_Length": 0.00041112833497358768, "shape_Area": 1.0514898691502548e-08 }, "geometry": { "type": "MultiPolygon", "coordinates": [ [ [ [ 14.43132904600003, 50.085788024000067 ], [ 14.431435577000059, 50.085797637000042 ], [ 14.431472016000043, 50.085715557000071 ], [ 14.43142978700007, 50.08569560400008 ], [ 14.431375531000072, 50.085685596000076 ], [ 14.43132904600003, 50.085788024000067 ] ] ] ] } },
{ "type": "Feature", "properties": { "objectid": 65438, "zps_id": "21196", "id_poskyt": 38, "shape_area_1": 0.0, "globalid": "{6E32DA71-C1F5-48AF-A486-389394F082A0}", "shape_Length": 0.00019887766894344369, "shape_Area": 1.5398739979799894e-09 }, "geometry": { "type": "MultiPolygon", "coordinates": [ [ [ [ 14.376457277000043, 50.099469500000055 ], [ 14.376460720000068, 50.099450392000051 ], [ 14.376379777000068, 50.099444629000061 ], [ 14.376378282000076, 50.099463675000038 ], [ 14.376457277000043, 50.099469500000055 ] ] ] ] } },
{ "type": "Feature", "properties": { "objectid": 65439, "zps_id": "21197", "id_poskyt": 38, "shape_area_1": 0.0, "globalid": "{6ACAE495-D387-46D5-9CD9-ACCC0F3801B0}", "shape_Length": 0.00037425679613718721, "shape_Area": 3.8125040200044779e-09 }, "geometry": { "type": "MultiPolygon", "coordinates": [ [ [ [ 14.503690483000071, 50.111782528000049 ], [ 14.503706194000074, 50.111763154000073 ], [ 14.503552649000028, 50.111710838000079 ], [ 14.503537059000053, 50.111730504000036 ], [ 14.503690483000071, 50.111782528000049 ] ] ] ] } },
{ "type": "Feature", "properties": { "objectid": 65440, "zps_id": "4182", "id_poskyt": 38, "shape_area_1": 0.0, "globalid": "{D63C43D5-7AC8-4CE9-B146-9DB6139EDA66}", "shape_Length": 0.00020069336482144006, "shape_Area": 1.6371621077229238e-09 }, "geometry": { "type": "MultiPolygon", "coordinates": [ [ [ [ 14.436375872000042, 50.090517795000039 ], [ 14.43639025300007, 50.090500126000052 ], [ 14.436316651000027, 50.09047597700004 ], [ 14.436301981000042, 50.090493084000059 ], [ 14.436375872000042, 50.090517795000039 ] ] ] ] } },
{ "type": "Feature", "properties": { "objectid": 65441, "zps_id": "12760", "id_poskyt": 38, "shape_area_1": 0.0, "globalid": "{218D8F11-56C5-401E-84BB-43F879A28466}", "shape_Length": 0.00038612088113942173, "shape_Area": 3.3996762190588361e-09 }, "geometry": { "type": "MultiPolygon", "coordinates": [ [ [ [ 14.48819893600006, 50.107190660000072 ], [ 14.488212794000049, 50.107174129000043 ], [ 14.488050538000039, 50.107117584000036 ], [ 14.488036891000036, 50.107133327000042 ], [ 14.48819893600006, 50.107190660000072 ] ] ] ] } },
{ "type": "Feature", "properties": { "objectid": 65442, "zps_id": "5811", "id_poskyt": 38, "shape_area_1": 0.0, "globalid": "{E3321ED4-79A8-4364-8F25-3E8D7CFE9AD6}", "shape_Length": 0.00025548716300896818, "shape_Area": 2.425431337571239e-09 }, "geometry": { "type": "MultiPolygon", "coordinates": [ [ [ [ 14.442731606000052, 50.09855103700005 ], [ 14.442793891000065, 50.098548154000071 ], [ 14.44281202600007, 50.098546670000076 ], [ 14.442809681000028, 50.098524219000069 ], [ 14.442704896000066, 50.098529030000066 ], [ 14.442706487000066, 50.098551324000027 ], [ 14.442731606000052, 50.09855103700005 ] ] ] ] } },
{ "type": "Feature", "properties": { "objectid": 65443, "zps_id": "3751", "id_poskyt": 38, "shape_area_1": 0.0, "globalid": "{EF9F0DDF-172D-49A7-A8EF-F4F71F045D4B}", "shape_Length": 0.00017043245290163504, "shape_Area": 1.5724639926890372e-09 }, "geometry": { "type": "MultiPolygon", "coordinates": [ [ [ [ 14.41383507300003, 50.083390731000065 ], [ 14.413863841000023, 50.08339597500003 ], [ 14.41388685000004, 50.083344556000043 ], [ 14.413859163000041, 50.08333940700004 ], [ 14.41383507300003, 50.083390731000065 ] ] ] ] } },
{ "type": "Feature", "properties": { "objectid": 65444, "zps_id": "4032", "id_poskyt": 38, "shape_area_1": 0.0, "globalid": "{0714C451-84CF-4299-A26D-5D3746FA2224}", "shape_Length": 0.00055271498219460423, "shape_Area": 5.9169755872315199e-09 }, "geometry": { "type": "MultiPolygon", "coordinates": [ [ [ [ 14.421745589000068, 50.085390783000037 ], [ 14.42176825100006, 50.085377950000066 ], [ 14.421564139000054, 50.085230157000069 ], [ 14.421543467000049, 50.085244182000054 ], [ 14.421745589000068, 50.085390783000037 ] ] ] ] } },
{ "type": "Feature", "properties": { "objectid": 65445, "zps_id": "4077", "id_poskyt": 38, "shape_area_1": 0.0, "globalid": "{66A9E090-7DF3-47D5-BCB0-258BA3D72685}", "shape_Length": 0.00038960223203834819, "shape_Area": 4.2158221044101696e-09 }, "geometry": { "type": "MultiPolygon", "coordinates": [ [ [ [ 14.426510043000064, 50.087826778000078 ], [ 14.426675183000043, 50.087857402000054 ], [ 14.426686662000066, 50.087832805000062 ], [ 14.426518584000064, 50.087804319000043 ], [ 14.426510043000064, 50.087826778000078 ] ] ] ] } },
{ "type": "Feature", "properties": { "objectid": 65446, "zps_id": "4079", "id_poskyt": 38, "shape_area_1": 0.0, "globalid": "{19635752-D25C-4693-B734-F1A0FA893C89}", "shape_Length": 0.00046301290451162516, "shape_Area": 7.7859143413663315e-09 }, "geometry": { "type": "MultiPolygon", "coordinates": [ [ [ [ 14.427414666000061, 50.088066814000058 ], [ 14.427597914000046, 50.088093839000067 ], [ 14.427606813000068, 50.088054383000042 ], [ 14.427413863000027, 50.088024705000066 ], [ 14.427414666000061, 50.088066814000058 ] ] ] ] } },
{ "type": "Feature", "properties": { "objectid": 65447, "zps_id": "4017", "id_poskyt": 38, "shape_area_1": 0.0, "globalid": "{6D149493-3FDE-492D-9E37-31919D94EEE0}", "shape_Length": 0.00029817279751759664, "shape_Area": 3.2369386582858159e-09 }, "geometry": { "type": "MultiPolygon", "coordinates": [ [ [ [ 14.427237528000035, 50.087694326000076 ], [ 14.42726555400003, 50.087706408000031 ], [ 14.427351688000044, 50.087624706000042 ], [ 14.427326696000023, 50.087612412000055 ], [ 14.427237528000035, 50.087694326000076 ] ] ] ] } },
{ "type": "Feature", "properties": { "objectid": 65448, "zps_id": "4200", "id_poskyt": 38, "shape_area_1": 0.0, "globalid": "{E0D2063E-07D8-4BBC-B833-02ED76320CB5}", "shape_Length": 0.00041913739259790642, "shape_Area": 3.5781586785891619e-09 }, "geometry": { "type": "MultiPolygon", "coordinates": [ [ [ [ 14.431751098000063, 50.088505366000049 ], [ 14.431941846000029, 50.08851280600004 ], [ 14.431943557000068, 50.088494098000069 ], [ 14.431753032000074, 50.088486677000049 ], [ 14.431751098000063, 50.088505366000049 ] ] ] ] } },
{ "type": "Feature", "properties": { "objectid": 65449, "zps_id": "4198", "id_poskyt": 38, "shape_area_1": 0.0, "globalid": "{07FA595D-2C36-4C6C-8993-11EDC7780DB1}", "shape_Length": 0.00039983171433259526, "shape_Area": 3.560579963135352e-09 }, "geometry": { "type": "MultiPolygon", "coordinates": [ [ [ [ 14.431286794000073, 50.088308952000034 ], [ 14.431466679000039, 50.088316194000072 ], [ 14.431468120000034, 50.088297308000051 ], [ 14.431288083000027, 50.088288390000059 ], [ 14.431286794000073, 50.088308952000034 ] ] ] ] } },
{ "type": "Feature", "properties": { "objectid": 65450, "zps_id": "4198", "id_poskyt": 38, "shape_area_1": 0.0, "globalid": "{A31FADB3-6665-45BC-86E9-0CE97EBFB611}", "shape_Length": 0.00024006034645385028, "shape_Area": 1.8082117710554166e-09 }, "geometry": { "type": "MultiPolygon", "coordinates": [ [ [ [ 14.431630659000064, 50.088322692000077 ], [ 14.431732520000025, 50.088328698000055 ], [ 14.431735938000031, 50.08831032300003 ], [ 14.431633711000075, 50.088305956000056 ], [ 14.431630659000064, 50.088322692000077 ] ] ] ] } },
{ "type": "Feature", "properties": { "objectid": 65451, "zps_id": "21199", "id_poskyt": 38, "shape_area_1": 0.0, "globalid": "{6ACCA922-FC8B-46EF-BA69-EC88596EE2A7}", "shape_Length": 0.00035519413741237242, "shape_Area": 3.2568944491344184e-09 }, "geometry": { "type": "MultiPolygon", "coordinates": [ [ [ [ 14.43078532100003, 50.087195603000055 ], [ 14.43094258900004, 50.087196590000076 ], [ 14.430943049000064, 50.08717561900005 ], [ 14.430786711000053, 50.087175042000069 ], [ 14.43078532100003, 50.087195603000055 ] ] ] ] } },
{ "type": "Feature", "properties": { "objectid": 65452, "zps_id": "22178", "id_poskyt": 38, "shape_area_1": 0.0, "globalid": "{B53CDB64-30D2-4C0A-BCB4-245683BF2051}", "shape_Length": 0.00047230261185385585, "shape_Area": 4.3646248018285316e-09 }, "geometry": { "type": "MultiPolygon", "coordinates": [ [ [ [ 14.431241055000044, 50.087198430000058 ], [ 14.431457034000061, 50.087198285000056 ], [ 14.431457453000064, 50.087178764000043 ], [ 14.431324877000065, 50.087177946000054 ], [ 14.431241361000048, 50.087177729000075 ], [ 14.431241055000044, 50.087198430000058 ] ] ] ] } },
{ "type": "Feature", "properties": { "objectid": 65453, "zps_id": "3944", "id_poskyt": 38, "shape_area_1": 0.0, "globalid": "{F13FD428-A05F-4A9C-A6E9-1D0D5E0EAAEB}", "shape_Length": 0.00030366294527442, "shape_Area": 2.3802861612428146e-09 }, "geometry": { "type": "MultiPolygon", "coordinates": [ [ [ [ 14.433745318000035, 50.086200064000082 ], [ 14.433878939000067, 50.08620996500008 ], [ 14.433881960000065, 50.086192462000042 ], [ 14.433748359000049, 50.086182390000033 ], [ 14.433745318000035, 50.086200064000082 ] ] ] ] } },
{ "type": "Feature", "properties": { "objectid": 65454, "zps_id": "4007", "id_poskyt": 38, "shape_area_1": 0.0, "globalid": "{FB1964DE-E754-46CE-B9A7-6FBFB3887728}", "shape_Length": 0.00033460496264144861, "shape_Area": 3.19474960939273e-09 }, "geometry": { "type": "MultiPolygon", "coordinates": [ [ [ [ 14.427134061000061, 50.086429535000036 ], [ 14.427154001000076, 50.08641556300006 ], [ 14.427031820000025, 50.086342101000071 ], [ 14.427011418000063, 50.086356124000076 ], [ 14.427134061000061, 50.086429535000036 ] ] ] ] } },
{ "type": "Feature", "properties": { "objectid": 65455, "zps_id": "11375", "id_poskyt": 38, "shape_area_1": 0.0, "globalid": "{DC86C679-7B50-4A7E-99DB-F375C03BA0A1}", "shape_Length": 0.00023409253934269608, "shape_Area": 1.9015852757293748e-09 }, "geometry": { "type": "MultiPolygon", "coordinates": [ [ [ [ 14.440908150000041, 50.064011685000025 ], [ 14.441005554000071, 50.064012890000072 ], [ 14.441006325000046, 50.063993219000054 ], [ 14.440908646000025, 50.063992379000069 ], [ 14.440908150000041, 50.064011685000025 ] ] ] ] } },
{ "type": "Feature", "properties": { "objectid": 65456, "zps_id": "12174", "id_poskyt": 38, "shape_area_1": 0.0, "globalid": "{7AEA67C5-D51A-425B-BE6B-D42CEFAB77A1}", "shape_Length": 0.00023866850434563748, "shape_Area": 3.2321652359841588e-09 }, "geometry": { "type": "MultiPolygon", "coordinates": [ [ [ [ 14.394414141000027, 50.088864939000075 ], [ 14.394338485000048, 50.088855791000071 ], [ 14.394325775000027, 50.088896767000051 ], [ 14.394401639000023, 50.088906198000075 ], [ 14.394414141000027, 50.088864939000075 ] ] ] ] } },
{ "type": "Feature", "properties": { "objectid": 65457, "zps_id": "8537", "id_poskyt": 38, "shape_area_1": 0.0, "globalid": "{7B03B8E1-75C2-4A04-9D3A-A3864C074B1F}", "shape_Length": 0.00037821246509963069, "shape_Area": 3.1119782400345822e-09 }, "geometry": { "type": "MultiPolygon", "coordinates": [ [ [ [ 14.394454772000074, 50.098175254000068 ], [ 14.39462538500004, 50.098167179000029 ], [ 14.394623436000074, 50.098148835000075 ], [ 14.394452734000026, 50.098157321000031 ], [ 14.394454772000074, 50.098175254000068 ] ] ] ] } },
{ "type": "Feature", "properties": { "objectid": 65458, "zps_id": "14014", "id_poskyt": 38, "shape_area_1": 0.0, "globalid": "{369DF232-A605-4E19-B6FF-717A99F8EFB6}", "shape_Length": 0.00028760905983417541, "shape_Area": 2.6581604031845672e-09 }, "geometry": { "type": "MultiPolygon", "coordinates": [ [ [ [ 14.439135694000072, 50.038161915000046 ], [ 14.439034258000049, 50.038099186000068 ], [ 14.439013862000024, 50.038113091000071 ], [ 14.439115894000054, 50.038175538000075 ], [ 14.439135694000072, 50.038161915000046 ] ] ] ] } },
{ "type": "Feature", "properties": { "objectid": 65459, "zps_id": "21375", "id_poskyt": 38, "shape_area_1": 0.0, "globalid": "{7F44DAC5-4FFE-4914-99BF-D6B954676BF9}", "shape_Length": 0.00027510927472683617, "shape_Area": 2.1418318045746082e-09 }, "geometry": { "type": "MultiPolygon", "coordinates": [ [ [ [ 14.418747414000052, 50.084853331000033 ], [ 14.418865575000041, 50.084839889000079 ], [ 14.418862423000064, 50.084822376000034 ], [ 14.418743004000078, 50.084835633000068 ], [ 14.418747414000052, 50.084853331000033 ] ] ] ] } },
{ "type": "Feature", "properties": { "objectid": 65460, "zps_id": "21384", "id_poskyt": 38, "shape_area_1": 0.0, "globalid": "{B48FED16-CB4A-41D1-B8CD-A341F9ED5FEE}", "shape_Length": 0.00036569482574145179, "shape_Area": 2.9800353205030212e-09 }, "geometry": { "type": "MultiPolygon", "coordinates": [ [ [ [ 14.499816741000075, 50.126043805000052 ], [ 14.499654746000033, 50.126016373000027 ], [ 14.499647587000027, 50.126033276000044 ], [ 14.499809271000061, 50.126061226000047 ], [ 14.499816741000075, 50.126043805000052 ] ] ] ] } },
{ "type": "Feature", "properties": { "objectid": 65461, "zps_id": "21434", "id_poskyt": 38, "shape_area_1": 0.0, "globalid": "{1AAD9E9E-5732-4968-9A9A-77EA95A4FD0D}", "shape_Length": 0.00039682286231809011, "shape_Area": 4.640233371158024e-09 }, "geometry": { "type": "MultiPolygon", "coordinates": [ [ [ [ 14.523102051000023, 50.143444427000077 ], [ 14.523074372000053, 50.143448447000026 ], [ 14.523130122000055, 50.143609764000075 ], [ 14.523157259000072, 50.143606041000055 ], [ 14.523102051000023, 50.143444427000077 ] ] ] ] } },
{ "type": "Feature", "properties": { "objectid": 65462, "zps_id": "21448", "id_poskyt": 38, "shape_area_1": 0.0, "globalid": "{8CD2FA8B-CD3D-4E8F-8CBB-ACF29239FAC7}", "shape_Length": 0.00018213227088470599, "shape_Area": 1.6358362092883026e-09 }, "geometry": { "type": "MultiPolygon", "coordinates": [ [ [ [ 14.522110163000036, 50.141079089000073 ], [ 14.522050207000063, 50.141090172000077 ], [ 14.522047862000022, 50.141089242000078 ], [ 14.522059437000053, 50.141114501000061 ], [ 14.522122144000036, 50.141103494000049 ], [ 14.522110163000036, 50.141079089000073 ] ] ] ] } },
{ "type": "Feature", "properties": { "objectid": 65463, "zps_id": "21454", "id_poskyt": 38, "shape_area_1": 0.0, "globalid": "{1F5AC556-1F72-4147-9362-2926AD3483DC}", "shape_Length": 0.00024067480757217495, "shape_Area": 3.3777760953291178e-09 }, "geometry": { "type": "MultiPolygon", "coordinates": [ [ [ [ 14.518422077000025, 50.141084982000052 ], [ 14.518404597000028, 50.141041702000052 ], [ 14.518361847000051, 50.141048746000081 ], [ 14.518331137000075, 50.141055339000047 ], [ 14.518350228000031, 50.141097545000036 ], [ 14.518422077000025, 50.141084982000052 ] ] ] ] } },
{ "type": "Feature", "properties": { "objectid": 65464, "zps_id": "3719", "id_poskyt": 38, "shape_area_1": 0.0, "globalid": "{0E4D2ACB-79C0-4A38-B6A2-58B69C64B32F}", "shape_Length": 0.00026983409619221261, "shape_Area": 2.3883642961824456e-09 }, "geometry": { "type": "MultiPolygon", "coordinates": [ [ [ [ 14.417446279000046, 50.084049069000059 ], [ 14.417445342000065, 50.084046391000072 ], [ 14.417330763000052, 50.084048839000047 ], [ 14.41733236500005, 50.084070156000053 ], [ 14.41741275000004, 50.084067527000059 ], [ 14.417443130000038, 50.084068993000074 ], [ 14.417446279000046, 50.084049069000059 ] ] ] ] } },
{ "type": "Feature", "properties": { "objectid": 65465, "zps_id": "21068", "id_poskyt": 38, "shape_area_1": 0.0, "globalid": "{DB0F590E-8FDD-4989-9D5B-A29278437D15}", "shape_Length": 0.00036921562976708201, "shape_Area": 4.7221828447066268e-09 }, "geometry": { "type": "MultiPolygon", "coordinates": [ [ [ [ 14.459932372000026, 50.045904135000058 ], [ 14.459901155000068, 50.04589943600007 ], [ 14.459850111000037, 50.046043829000041 ], [ 14.459880955000074, 50.046048549000034 ], [ 14.459932372000026, 50.045904135000058 ] ] ] ] } },
{ "type": "Feature", "properties": { "objectid": 65466, "zps_id": "21726", "id_poskyt": 38, "shape_area_1": 0.0, "globalid": "{B90234BF-217D-489E-9745-F8CD47FD3386}", "shape_Length": 0.0005457572370900748, "shape_Area": 5.1101233671883966e-09 }, "geometry": { "type": "MultiPolygon", "coordinates": [ [ [ [ 14.434263256000065, 50.08858981000003 ], [ 14.43426381200004, 50.088569584000027 ], [ 14.434011185000031, 50.088566676000028 ], [ 14.434010672000056, 50.08858495000004 ], [ 14.434010619000048, 50.088586866000071 ], [ 14.434010617000069, 50.08858689200008 ], [ 14.434263256000065, 50.08858981000003 ] ] ] ] } },
{ "type": "Feature", "properties": { "objectid": 65467, "zps_id": "21727", "id_poskyt": 38, "shape_area_1": 0.0, "globalid": "{8E478CB2-E1C6-4BBD-B609-916403C920A1}", "shape_Length": 0.00048759464223024283, "shape_Area": 4.5385602499959921e-09 }, "geometry": { "type": "MultiPolygon", "coordinates": [ [ [ [ 14.436437587000057, 50.088595180000027 ], [ 14.436214154000027, 50.08859269900006 ], [ 14.436213615000042, 50.088612926000053 ], [ 14.436437128000023, 50.088615560000051 ], [ 14.436437587000057, 50.088595180000027 ] ] ] ] } },
{ "type": "Feature", "properties": { "objectid": 65468, "zps_id": "21736", "id_poskyt": 38, "shape_area_1": 0.0, "globalid": "{91469493-538C-46CA-83D2-92C1F5A4FCBD}", "shape_Length": 0.00033086446587019566, "shape_Area": 4.1313466530771851e-09 }, "geometry": { "type": "MultiPolygon", "coordinates": [ [ [ [ 14.424675698000044, 50.065330993000032 ], [ 14.424706387000072, 50.065331422000042 ], [ 14.424709381000071, 50.065196874000037 ], [ 14.424678777000054, 50.065196052000033 ], [ 14.424675698000044, 50.065330993000032 ] ] ] ] } },
{ "type": "Feature", "properties": { "objectid": 65469, "zps_id": "2737", "id_poskyt": 38, "shape_area_1": 0.0, "globalid": "{318ED162-08D5-4BF3-87D4-FBB50D7EED5C}", "shape_Length": 0.0004440614407116481, "shape_Area": 3.9027698525192519e-09 }, "geometry": { "type": "MultiPolygon", "coordinates": [ [ [ [ 14.425026722000041, 50.065615826000055 ], [ 14.424823958000047, 50.065613093000081 ], [ 14.424823330000038, 50.065632332000064 ], [ 14.425026091000063, 50.065635066000027 ], [ 14.425026722000041, 50.065615826000055 ] ] ] ] } },
{ "type": "Feature", "properties": { "objectid": 65470, "zps_id": "13514", "id_poskyt": 38, "shape_area_1": 0.0, "globalid": "{C9486449-19A8-4E39-B47A-5ED0D3C4D35A}", "shape_Length": 0.00017458499159729612, "shape_Area": 1.7698278242086047e-09 }, "geometry": { "type": "MultiPolygon", "coordinates": [ [ [ [ 14.472341035000056, 50.109843151000064 ], [ 14.472351287000038, 50.109789296000031 ], [ 14.47231935800005, 50.109786829000029 ], [ 14.472308072000033, 50.109840304000045 ], [ 14.472341035000056, 50.109843151000064 ] ] ] ] } },
{ "type": "Feature", "properties": { "objectid": 65471, "zps_id": "21726", "id_poskyt": 38, "shape_area_1": 0.0, "globalid": "{FC211295-FEDB-4BC9-8C3D-B4D8359C7736}", "shape_Length": 0.000355009521013841, "shape_Area": 3.1963959649918568e-09 }, "geometry": { "type": "MultiPolygon", "coordinates": [ [ [ [ 14.433853346000035, 50.088585057000046 ], [ 14.434010619000048, 50.088586866000071 ], [ 14.434010624000052, 50.088586866000071 ], [ 14.434010672000056, 50.08858495000004 ], [ 14.434011139000063, 50.088566428000036 ], [ 14.433854112000063, 50.088564830000053 ], [ 14.433853346000035, 50.088585057000046 ] ] ] ] } },
{ "type": "Feature", "properties": { "objectid": 65472, "zps_id": "21810", "id_poskyt": 38, "shape_area_1": 0.0, "globalid": "{1B4B5E6F-C2CD-43C5-85A4-2351206B93F4}", "shape_Length": 0.00025548110203979524, "shape_Area": 2.3625159162726024e-09 }, "geometry": { "type": "MultiPolygon", "coordinates": [ [ [ [ 14.396633377000057, 50.101565372000039 ], [ 14.396715143000051, 50.101627310000026 ], [ 14.396737168000072, 50.101614960000063 ], [ 14.396655253000063, 50.101553172000081 ], [ 14.396633377000057, 50.101565372000039 ] ] ] ] } },
{ "type": "Feature", "properties": { "objectid": 65473, "zps_id": "12204", "id_poskyt": 38, "shape_area_1": 0.0, "globalid": "{A494E34D-B33D-41B1-9E9E-35C7DA26F8E8}", "shape_Length": 0.00023093660481326794, "shape_Area": 2.153362015538218e-09 }, "geometry": { "type": "MultiPolygon", "coordinates": [ [ [ [ 14.501124529000037, 50.102268464000076 ], [ 14.501216175000025, 50.102257891000079 ], [ 14.501209462000077, 50.102235087000054 ], [ 14.501118864000034, 50.102245425000035 ], [ 14.501124529000037, 50.102268464000076 ] ] ] ] } },
{ "type": "Feature", "properties": { "objectid": 65474, "zps_id": "5372", "id_poskyt": 38, "shape_area_1": 0.0, "globalid": "{D8EEA590-0C0E-4CDC-9E79-8F412A1A95C6}", "shape_Length": 0.0002253447458966137, "shape_Area": 2.8710465093200198e-09 }, "geometry": { "type": "MultiPolygon", "coordinates": [ [ [ [ 14.430225661000065, 50.099481364000042 ], [ 14.430297774000053, 50.099470143000076 ], [ 14.430283882000026, 50.099432166000042 ], [ 14.430213090000052, 50.099443077000046 ], [ 14.430225661000065, 50.099481364000042 ] ] ] ] } },
{ "type": "Feature", "properties": { "objectid": 65475, "zps_id": "5517", "id_poskyt": 38, "shape_area_1": 0.0, "globalid": "{6E87FB5D-EFAA-4256-B34F-E04496A6469E}", "shape_Length": 0.0002617655506615023, "shape_Area": 2.0555768920659891e-09 }, "geometry": { "type": "MultiPolygon", "coordinates": [ [ [ [ 14.430701335000037, 50.099286690000042 ], [ 14.430811253000059, 50.099270018000027 ], [ 14.430803916000059, 50.099252398000033 ], [ 14.430692871000076, 50.09926951500006 ], [ 14.430701335000037, 50.099286690000042 ] ] ] ] } },
{ "type": "Feature", "properties": { "objectid": 65476, "zps_id": "20929", "id_poskyt": 38, "shape_area_1": 0.0, "globalid": "{78ECCF42-5753-4006-B302-E48790B2710F}", "shape_Length": 0.00039323001985827068, "shape_Area": 5.2821349595531335e-09 }, "geometry": { "type": "MultiPolygon", "coordinates": [ [ [ [ 14.417634379000049, 50.09399193400003 ], [ 14.417644621000022, 50.093960494000044 ], [ 14.417482961000076, 50.093937656000037 ], [ 14.417471812000031, 50.093968317000076 ], [ 14.417634379000049, 50.09399193400003 ] ] ] ] } },
{ "type": "Feature", "properties": { "objectid": 65477, "zps_id": "10708", "id_poskyt": 38, "shape_area_1": 0.0, "globalid": "{527F174F-B8F3-42EF-A7CA-CE874CD41BD1}", "shape_Length": 0.00018149077433562231, "shape_Area": 1.4108478459389471e-09 }, "geometry": { "type": "MultiPolygon", "coordinates": [ [ [ [ 14.456992916000047, 50.042533873000082 ], [ 14.457055230000037, 50.042560477000052 ], [ 14.457072145000041, 50.042544773000031 ], [ 14.45700940100005, 50.042518722000068 ], [ 14.457008735000045, 50.042518544000075 ], [ 14.456992916000047, 50.042533873000082 ] ] ] ] } },
{ "type": "Feature", "properties": { "objectid": 65478, "zps_id": "21837", "id_poskyt": 38, "shape_area_1": 0.0, "globalid": "{1F70E4F0-931B-4402-B42A-2ED53C04D37A}", "shape_Length": 0.00026063939502546374, "shape_Area": 2.5862480456020565e-09 }, "geometry": { "type": "MultiPolygon", "coordinates": [ [ [ [ 14.450159021000047, 50.111730550000061 ], [ 14.450177283000073, 50.111750584000049 ], [ 14.450273917000061, 50.111712727000054 ], [ 14.450254751000045, 50.111693548000062 ], [ 14.450159021000047, 50.111730550000061 ] ] ] ] } },
{ "type": "Feature", "properties": { "objectid": 65479, "zps_id": "21844", "id_poskyt": 38, "shape_area_1": 0.0, "globalid": "{0CF29608-A693-401E-98BB-2CF34E4F8843}", "shape_Length": 0.00094546395269541866, "shape_Area": 9.1122633898081459e-09 }, "geometry": { "type": "MultiPolygon", "coordinates": [ [ [ [ 14.436218440000061, 50.102568265000059 ], [ 14.436665297000047, 50.102642771000035 ], [ 14.436672427000076, 50.102624116000072 ], [ 14.436227927000061, 50.102548821000028 ], [ 14.436218440000061, 50.102568265000059 ] ] ] ] } },
{ "type": "Feature", "properties": { "objectid": 65480, "zps_id": "21845", "id_poskyt": 38, "shape_area_1": 0.0, "globalid": "{67ED2BED-6CF1-423F-A563-94045F060201}", "shape_Length": 0.00064898259258341277, "shape_Area": 6.46964257608561e-09 }, "geometry": { "type": "MultiPolygon", "coordinates": [ [ [ [ 14.435304449000057, 50.102415705000055 ], [ 14.435603469000057, 50.102465060000043 ], [ 14.435611541000071, 50.102445171000056 ], [ 14.435313895000036, 50.102395140000056 ], [ 14.435304449000057, 50.102415705000055 ] ] ] ] } },
{ "type": "Feature", "properties": { "objectid": 65481, "zps_id": "21845", "id_poskyt": 38, "shape_area_1": 0.0, "globalid": "{6DE29FB7-E348-4F84-920A-2C22D8A35B28}", "shape_Length": 0.00041237597075530452, "shape_Area": 3.8798615130199109e-09 }, "geometry": { "type": "MultiPolygon", "coordinates": [ [ [ [ 14.435672183000065, 50.102476633000038 ], [ 14.43585431200006, 50.102507296000056 ], [ 14.435862348000057, 50.102487324000037 ], [ 14.435682194000037, 50.102457042000026 ], [ 14.435680120000029, 50.102456777000043 ], [ 14.435672183000065, 50.102476633000038 ] ] ] ] } },
{ "type": "Feature", "properties": { "objectid": 65482, "zps_id": "21846", "id_poskyt": 38, "shape_area_1": 0.0, "globalid": "{3949CCD1-256D-4EE1-9919-047C73353E14}", "shape_Length": 0.00040258345072401733, "shape_Area": 3.4759913334773954e-09 }, "geometry": { "type": "MultiPolygon", "coordinates": [ [ [ [ 14.434330319000026, 50.102249054000026 ], [ 14.43450918800005, 50.102279777000035 ], [ 14.434516903000031, 50.102261173000045 ], [ 14.434337496000069, 50.102231366000069 ], [ 14.434330319000026, 50.102249054000026 ] ] ] ] } },
{ "type": "Feature", "properties": { "objectid": 65483, "zps_id": "21846", "id_poskyt": 38, "shape_area_1": 0.0, "globalid": "{85D8D1F7-A3AA-4DA0-8EF6-B234BF0FCE43}", "shape_Length": 0.00026479577935420245, "shape_Area": 2.2681612183225999e-09 }, "geometry": { "type": "MultiPolygon", "coordinates": [ [ [ [ 14.434593112000073, 50.102294193000034 ], [ 14.434702978000075, 50.102313062000064 ], [ 14.434711066000034, 50.102293501000077 ], [ 14.434600978000049, 50.102275202000044 ], [ 14.434593112000073, 50.102294193000034 ] ] ] ] } },
{ "type": "Feature", "properties": { "objectid": 65484, "zps_id": "3894", "id_poskyt": 38, "shape_area_1": 0.0, "globalid": "{9082AB9D-63BB-44E0-9D8E-868BA53A3127}", "shape_Length": 0.0003372372833311798, "shape_Area": 3.0431046881961788e-09 }, "geometry": { "type": "MultiPolygon", "coordinates": [ [ [ [ 14.424851528000033, 50.080123067000045 ], [ 14.424835440000038, 50.080107139000063 ], [ 14.424700499000039, 50.080163391000042 ], [ 14.424717143000066, 50.080179022000038 ], [ 14.424851528000033, 50.080123067000045 ] ] ] ] } },
{ "type": "Feature", "properties": { "objectid": 65485, "zps_id": "5289", "id_poskyt": 38, "shape_area_1": 0.0, "globalid": "{21946DD0-9216-405F-9D04-6B42BA58AA77}", "shape_Length": 0.00017709687433497848, "shape_Area": 1.6068950554476895e-09 }, "geometry": { "type": "MultiPolygon", "coordinates": [ [ [ [ 14.424637095000037, 50.100807748000079 ], [ 14.424663400000043, 50.100811283000041 ], [ 14.424681211000063, 50.100751162000051 ], [ 14.424655551000058, 50.100748502000044 ], [ 14.424637095000037, 50.100807748000079 ] ] ] ] } },
{ "type": "Feature", "properties": { "objectid": 65486, "zps_id": "8098", "id_poskyt": 38, "shape_area_1": 0.0, "globalid": "{F634FC30-4197-4FD4-BC60-E8E73FD3AEE5}", "shape_Length": 0.00024330143333280553, "shape_Area": 1.9580420756916155e-09 }, "geometry": { "type": "MultiPolygon", "coordinates": [ [ [ [ 14.390464352000038, 50.110183955000082 ], [ 14.390462030000037, 50.110202528000059 ], [ 14.390564243000028, 50.110208370000066 ], [ 14.390566833000037, 50.110188940000057 ], [ 14.390464352000038, 50.110183955000082 ] ] ] ] } },
{ "type": "Feature", "properties": { "objectid": 65487, "zps_id": "17588", "id_poskyt": 38, "shape_area_1": 0.0, "globalid": "{1DEABC12-7D96-4778-A585-D1B19A2116D5}", "shape_Length": 0.00034491559455624094, "shape_Area": 2.8279613366794861e-09 }, "geometry": { "type": "MultiPolygon", "coordinates": [ [ [ [ 14.487066061000064, 50.08033425800005 ], [ 14.487060079000059, 50.080351854000071 ], [ 14.487213532000055, 50.080371951000075 ], [ 14.487217741000052, 50.080353799000079 ], [ 14.487066061000064, 50.08033425800005 ] ] ] ] } },
{ "type": "Feature", "properties": { "objectid": 65488, "zps_id": "21876", "id_poskyt": 38, "shape_area_1": 0.0, "globalid": "{EFC73872-AF04-463D-8A98-379153067403}", "shape_Length": 0.00022833675475742156, "shape_Area": 2.4942037104016786e-09 }, "geometry": { "type": "MultiPolygon", "coordinates": [ [ [ [ 14.38016708400005, 50.070944566000037 ], [ 14.380136120000031, 50.070934161000082 ], [ 14.380084780000061, 50.070997462000037 ], [ 14.380115744000022, 50.071007866000059 ], [ 14.38016708400005, 50.070944566000037 ] ] ] ] } },
{ "type": "Feature", "properties": { "objectid": 65489, "zps_id": "21877", "id_poskyt": 38, "shape_area_1": 0.0, "globalid": "{3330ED05-7FDF-4D44-8820-057895EA5CDF}", "shape_Length": 0.00028909301995515735, "shape_Area": 3.0880319109025737e-09 }, "geometry": { "type": "MultiPolygon", "coordinates": [ [ [ [ 14.379700898000067, 50.071307897000054 ], [ 14.379672215000028, 50.071298431000059 ], [ 14.379602556000066, 50.071391081000058 ], [ 14.379627930000026, 50.071398692000059 ], [ 14.379700898000067, 50.071307897000054 ] ] ] ] } },
{ "type": "Feature", "properties": { "objectid": 65490, "zps_id": "21878", "id_poskyt": 38, "shape_area_1": 0.0, "globalid": "{B393A0DF-584A-4A90-BB7F-9244659FF21E}", "shape_Length": 0.00048462195043632759, "shape_Area": 6.0938799289158383e-09 }, "geometry": { "type": "MultiPolygon", "coordinates": [ [ [ [ 14.382265650000022, 50.071052249000047 ], [ 14.382054849000042, 50.071024703000035 ], [ 14.382045903000062, 50.071051799000031 ], [ 14.382258144000048, 50.071080582000036 ], [ 14.382265650000022, 50.071052249000047 ] ] ] ] } },
{ "type": "Feature", "properties": { "objectid": 65491, "zps_id": "21384", "id_poskyt": 38, "shape_area_1": 0.0, "globalid": "{BEFF978A-CF32-42E6-947E-F5CF2A3637BE}", "shape_Length": 0.00054820290958545841, "shape_Area": 4.6972142821328875e-09 }, "geometry": { "type": "MultiPolygon", "coordinates": [ [ [ [ 14.501511214000061, 50.126347767000027 ], [ 14.501518540000063, 50.126330289000066 ], [ 14.501266517000033, 50.126287898000044 ], [ 14.501259799000024, 50.126305376000062 ], [ 14.501511214000061, 50.126347767000027 ] ] ] ] } },
{ "type": "Feature", "properties": { "objectid": 65492, "zps_id": "21897", "id_poskyt": 38, "shape_area_1": 0.0, "globalid": "{CD75250C-3E2D-4945-9CB6-283CBD36B138}", "shape_Length": 0.00020801738219143248, "shape_Area": 2.3925267354281138e-09 }, "geometry": { "type": "MultiPolygon", "coordinates": [ [ [ [ 14.446795309000038, 50.107362857000055 ], [ 14.446829571000023, 50.10736358500003 ], [ 14.446832186000051, 50.107294280000076 ], [ 14.446797788000026, 50.107292932000064 ], [ 14.446795309000038, 50.107362857000055 ] ] ] ] } },
{ "type": "Feature", "properties": { "objectid": 65493, "zps_id": "21898", "id_poskyt": 38, "shape_area_1": 0.0, "globalid": "{F2C9C303-0C2E-4197-ABC6-CCE747F6D625}", "shape_Length": 0.00030414649514579886, "shape_Area": 5.4715293078577764e-09 }, "geometry": { "type": "MultiPolygon", "coordinates": [ [ [ [ 14.44680141200007, 50.106521869000062 ], [ 14.446860684000058, 50.106532493000032 ], [ 14.446864143000028, 50.106440646000067 ], [ 14.446805273000052, 50.106429794000064 ], [ 14.44680141200007, 50.106521869000062 ] ] ] ] } },
{ "type": "Feature", "properties": { "objectid": 65494, "zps_id": "16333", "id_poskyt": 38, "shape_area_1": 0.0, "globalid": "{F281AF61-FD3B-4AAF-B360-8F2D8D1E697F}", "shape_Length": 0.0001909914185184537, "shape_Area": 1.4449755980834076e-09 }, "geometry": { "type": "MultiPolygon", "coordinates": [ [ [ [ 14.473836813000048, 50.072461338000039 ], [ 14.473843136000028, 50.072443274000079 ], [ 14.473767550000048, 50.072433228000079 ], [ 14.473761397000033, 50.07245182500003 ], [ 14.473836813000048, 50.072461338000039 ] ] ] ] } },
{ "type": "Feature", "properties": { "objectid": 65495, "zps_id": "5624", "id_poskyt": 38, "shape_area_1": 0.0, "globalid": "{D43D2FE3-373D-4616-8CA3-0C57BB4AFE1E}", "shape_Length": 0.00029764706143387394, "shape_Area": 2.4373782379826038e-09 }, "geometry": { "type": "MultiPolygon", "coordinates": [ [ [ [ 14.447081212000057, 50.104155569000056 ], [ 14.447211416000073, 50.104158188000042 ], [ 14.447212477000051, 50.104139595000049 ], [ 14.447082610000052, 50.104136726000036 ], [ 14.447081212000057, 50.104155569000056 ] ] ] ] } },
{ "type": "Feature", "properties": { "objectid": 65496, "zps_id": "5625", "id_poskyt": 38, "shape_area_1": 0.0, "globalid": "{F8AF5D10-F191-4D1B-B6A5-E1AD4AF5DCEB}", "shape_Length": 0.00034470164816385824, "shape_Area": 5.2011534822661706e-09 }, "geometry": { "type": "MultiPolygon", "coordinates": [ [ [ [ 14.449646334000022, 50.104147438000041 ], [ 14.449757131000069, 50.104149548000066 ], [ 14.449757243000022, 50.104107946000056 ], [ 14.449616247000051, 50.104105922000031 ], [ 14.449646334000022, 50.104147438000041 ] ] ] ] } },
{ "type": "Feature", "properties": { "objectid": 65497, "zps_id": "5654", "id_poskyt": 38, "shape_area_1": 0.0, "globalid": "{6C3965C1-32BD-4A0B-BBB6-CE0CDC9CF4E4}", "shape_Length": 0.00023856403452050045, "shape_Area": 1.9467542834428293e-09 }, "geometry": { "type": "MultiPolygon", "coordinates": [ [ [ [ 14.454244538000069, 50.10426367000008 ], [ 14.45434407700003, 50.10426476400005 ], [ 14.45434513400005, 50.104245646000038 ], [ 14.454245181000033, 50.104243779000058 ], [ 14.454244538000069, 50.10426367000008 ] ] ] ] } },
{ "type": "Feature", "properties": { "objectid": 65498, "zps_id": "5660", "id_poskyt": 38, "shape_area_1": 0.0, "globalid": "{CB1745A7-EED4-428B-B78C-1B62199A192E}", "shape_Length": 0.00037899944692432132, "shape_Area": 7.6322373012316981e-09 }, "geometry": { "type": "MultiPolygon", "coordinates": [ [ [ [ 14.454195133000042, 50.103697914000065 ], [ 14.454136328000061, 50.103696565000064 ], [ 14.454134389000046, 50.103769506000049 ], [ 14.454133132000038, 50.103807020000033 ], [ 14.454132538000067, 50.103827479000074 ], [ 14.454190098000026, 50.103829434000033 ], [ 14.454195133000042, 50.103697914000065 ] ] ] ] } },
{ "type": "Feature", "properties": { "objectid": 65499, "zps_id": "5789", "id_poskyt": 38, "shape_area_1": 0.0, "globalid": "{95218C6A-1C2E-4C5D-B8BC-FAB7AB8A9B30}", "shape_Length": 0.00048321100669368119, "shape_Area": 7.2597852887732048e-09 }, "geometry": { "type": "MultiPolygon", "coordinates": [ [ [ [ 14.454542512000046, 50.106758935000073 ], [ 14.454596529000071, 50.106735774000072 ], [ 14.454423452000071, 50.106674469000041 ], [ 14.454370261000065, 50.106697202000078 ], [ 14.454542512000046, 50.106758935000073 ] ] ] ] } },
{ "type": "Feature", "properties": { "objectid": 65500, "zps_id": "5592", "id_poskyt": 38, "shape_area_1": 0.0, "globalid": "{DB93490F-E1C8-4A8A-9E9E-41F97805A1C6}", "shape_Length": 0.00024683267887528585, "shape_Area": 2.0782131715123276e-09 }, "geometry": { "type": "MultiPolygon", "coordinates": [ [ [ [ 14.453391880000027, 50.10638576100007 ], [ 14.453405747000033, 50.106402195000044 ], [ 14.453502183000069, 50.106369237000081 ], [ 14.453486726000051, 50.106352382000068 ], [ 14.453391880000027, 50.10638576100007 ] ] ] ] } },
{ "type": "Feature", "properties": { "objectid": 65501, "zps_id": "5706", "id_poskyt": 38, "shape_area_1": 0.0, "globalid": "{F1E27483-4887-472A-BA04-21B582BD2BCC}", "shape_Length": 0.00038478303477776322, "shape_Area": 5.4559402696749997e-09 }, "geometry": { "type": "MultiPolygon", "coordinates": [ [ [ [ 14.449153778000039, 50.101465795000081 ], [ 14.449295894000045, 50.101467758000069 ], [ 14.449329006000028, 50.101429814000028 ], [ 14.449187904000041, 50.10142766000007 ], [ 14.449153778000039, 50.101465795000081 ] ] ] ] } },
{ "type": "Feature", "properties": { "objectid": 65502, "zps_id": "5343", "id_poskyt": 38, "shape_area_1": 0.0, "globalid": "{EBB266C2-88D6-4F7B-BA58-F6A737FA6745}", "shape_Length": 0.00039921546802410853, "shape_Area": 5.1524054287171216e-09 }, "geometry": { "type": "MultiPolygon", "coordinates": [ [ [ [ 14.43048265300007, 50.099256850000074 ], [ 14.430508692000046, 50.099089873000025 ], [ 14.430478142000027, 50.09908789800005 ], [ 14.430452105000029, 50.099254875000042 ], [ 14.43048265300007, 50.099256850000074 ] ] ] ] } },
{ "type": "Feature", "properties": { "objectid": 65503, "zps_id": "21917", "id_poskyt": 38, "shape_area_1": 0.0, "globalid": "{484E7F81-8EF7-4DA7-9A84-D1C5B6D4BD05}", "shape_Length": 0.00025907295314161929, "shape_Area": 3.2503784021299454e-09 }, "geometry": { "type": "MultiPolygon", "coordinates": [ [ [ [ 14.444590728000037, 50.101759167000068 ], [ 14.444672089000051, 50.101760334000062 ], [ 14.444699609000054, 50.101719058000072 ], [ 14.444626624000023, 50.101717377000057 ], [ 14.444590728000037, 50.101759167000068 ] ] ] ] } },
{ "type": "Feature", "properties": { "objectid": 65504, "zps_id": "21927", "id_poskyt": 38, "shape_area_1": 0.0, "globalid": "{146E17E8-4CB8-4AB7-9798-DD563F81CBFA}", "shape_Length": 0.00066032000776572485, "shape_Area": 1.2295630853262323e-08 }, "geometry": { "type": "MultiPolygon", "coordinates": [ [ [ [ 14.414573029000053, 50.087779071000057 ], [ 14.414613716000076, 50.087804831000028 ], [ 14.414889011000071, 50.087754898000071 ], [ 14.414853132000076, 50.087731925000071 ], [ 14.414840174000062, 50.087727872000073 ], [ 14.414835731000039, 50.087726489000033 ], [ 14.414827657000046, 50.08772551900006 ], [ 14.414816709000036, 50.087724214000048 ], [ 14.414810856000031, 50.08772453000006 ], [ 14.414797425000074, 50.087725264000028 ], [ 14.41475482900006, 50.087733016000072 ], [ 14.414722157000028, 50.087738954000031 ], [ 14.41467970900004, 50.087746674000073 ], [ 14.41460147600003, 50.087760908000064 ], [ 14.414582759000041, 50.087770985000077 ], [ 14.414573029000053, 50.087779071000057 ] ] ] ] } },
{ "type": "Feature", "properties": { "objectid": 65505, "zps_id": "3777", "id_poskyt": 38, "shape_area_1": 0.0, "globalid": "{B4C814CA-1A95-477F-ADB0-6BFBB61D738D}", "shape_Length": 0.00037651304007526383, "shape_Area": 3.4955186823583766e-09 }, "geometry": { "type": "MultiPolygon", "coordinates": [ [ [ [ 14.419769659000053, 50.08257242500008 ], [ 14.419779801000061, 50.082552965000048 ], [ 14.419615574000034, 50.082519888000036 ], [ 14.419606932000022, 50.082538917000079 ], [ 14.419690550000041, 50.082556443000044 ], [ 14.419738473000052, 50.08256642200007 ], [ 14.419769659000053, 50.08257242500008 ] ] ] ] } },
{ "type": "Feature", "properties": { "objectid": 65506, "zps_id": "4918", "id_poskyt": 38, "shape_area_1": 0.0, "globalid": "{7AA62D70-55BF-4CD3-BCCE-409DE2C9AD0F}", "shape_Length": 0.00022225853168923542, "shape_Area": 1.951455249121274e-09 }, "geometry": { "type": "MultiPolygon", "coordinates": [ [ [ [ 14.463801629000045, 50.089465700000062 ], [ 14.463814713000033, 50.089445401000035 ], [ 14.46372606400007, 50.08942610400004 ], [ 14.463717915000075, 50.089445824000052 ], [ 14.463756691000071, 50.089455486000077 ], [ 14.463801629000045, 50.089465700000062 ] ] ] ] } },
{ "type": "Feature", "properties": { "objectid": 65507, "zps_id": "4696", "id_poskyt": 38, "shape_area_1": 0.0, "globalid": "{E4C41674-3C31-4AFA-B697-CB1D817420AA}", "shape_Length": 0.00023196293433422305, "shape_Area": 2.0021704854620105e-09 }, "geometry": { "type": "MultiPolygon", "coordinates": [ [ [ [ 14.462054989000023, 50.089117419000047 ], [ 14.462146938000046, 50.089135137000028 ], [ 14.462157154000067, 50.089114984000048 ], [ 14.462064877000046, 50.089097898000034 ], [ 14.462054989000023, 50.089117419000047 ] ] ] ] } },
{ "type": "Feature", "properties": { "objectid": 65508, "zps_id": "3710", "id_poskyt": 38, "shape_area_1": 0.0, "globalid": "{C42653E2-CA11-4265-8429-3D3DB7A40B89}", "shape_Length": 0.00021354983643958889, "shape_Area": 2.7973622545505855e-09 }, "geometry": { "type": "MultiPolygon", "coordinates": [ [ [ [ 14.418814006000048, 50.082916008000041 ], [ 14.418850468000073, 50.082955695000066 ], [ 14.418881725000062, 50.082909599000061 ], [ 14.418845124000029, 50.082873584000026 ], [ 14.418814006000048, 50.082916008000041 ] ] ] ] } },
{ "type": "Feature", "properties": { "objectid": 65509, "zps_id": "21932", "id_poskyt": 38, "shape_area_1": 0.0, "globalid": "{9860AB2A-FF78-410D-8D58-2310E1429BF0}", "shape_Length": 0.00031104725244656306, "shape_Area": 2.5756938791430133e-09 }, "geometry": { "type": "MultiPolygon", "coordinates": [ [ [ [ 14.402642411000045, 50.087205058000052 ], [ 14.402776448000054, 50.087186107000036 ], [ 14.402771039000072, 50.08716744600008 ], [ 14.40263533500007, 50.087187321000044 ], [ 14.402642411000045, 50.087205058000052 ] ] ] ] } },
{ "type": "Feature", "properties": { "objectid": 65510, "zps_id": "0", "id_poskyt": 38, "shape_area_1": 0.0, "globalid": "{757468D6-BD1C-411C-B87C-7B08706C6FCE}", "shape_Length": 0.00032659075489895306, "shape_Area": 3.9652852575936936e-09 }, "geometry": { "type": "MultiPolygon", "coordinates": [ [ [ [ 14.461332392000031, 50.119829766000066 ], [ 14.461247318000062, 50.119730401000027 ], [ 14.461216694000029, 50.119741242000032 ], [ 14.461301767000066, 50.119840607000071 ], [ 14.461332392000031, 50.119829766000066 ] ] ] ] } },
{ "type": "Feature", "properties": { "objectid": 65511, "zps_id": "0", "id_poskyt": 38, "shape_area_1": 0.0, "globalid": "{B7E3EB53-DF6E-465F-B813-CCA243DCAF13}", "shape_Length": 0.00022675362986373244, "shape_Area": 2.1160829392049023e-09 }, "geometry": { "type": "MultiPolygon", "coordinates": [ [ [ [ 14.460443947000044, 50.119796525000027 ], [ 14.460419836000028, 50.119804955000063 ], [ 14.460477031000039, 50.119871543000045 ], [ 14.46050146500005, 50.119862127000033 ], [ 14.460443947000044, 50.119796525000027 ] ] ] ] } },
{ "type": "Feature", "properties": { "objectid": 65512, "zps_id": "21948", "id_poskyt": 38, "shape_area_1": 0.0, "globalid": "{6C53ECB1-6EB2-4470-8FA8-9FCDD3C2B8C3}", "shape_Length": 0.0002990662189499348, "shape_Area": 3.9291811392126738e-09 }, "geometry": { "type": "MultiPolygon", "coordinates": [ [ [ [ 14.351498346000028, 50.088874894000071 ], [ 14.351399245000039, 50.088824460000069 ], [ 14.351369573000056, 50.088849300000049 ], [ 14.351467979000063, 50.088899146000074 ], [ 14.351498346000028, 50.088874894000071 ] ] ] ] } },
{ "type": "Feature", "properties": { "objectid": 65513, "zps_id": "3471", "id_poskyt": 38, "shape_area_1": 0.0, "globalid": "{F65D01D5-A8E4-4AD3-B699-98946033AFF4}", "shape_Length": 0.00024377247970358879, "shape_Area": 3.2454197877060973e-09 }, "geometry": { "type": "MultiPolygon", "coordinates": [ [ [ [ 14.409434309000062, 50.088287310000055 ], [ 14.409405032000052, 50.088237737000043 ], [ 14.409339507000027, 50.088253412000029 ], [ 14.40936485800006, 50.088294777000044 ], [ 14.409395265000057, 50.088287498000057 ], [ 14.409434309000062, 50.088287310000055 ] ] ] ] } },
{ "type": "Feature", "properties": { "objectid": 65514, "zps_id": "2085", "id_poskyt": 38, "shape_area_1": 0.0, "globalid": "{54B21102-6A09-47C0-AD6F-4635B65FB750}", "shape_Length": 0.00017345001109720661, "shape_Area": 1.2653750693373001e-09 }, "geometry": { "type": "MultiPolygon", "coordinates": [ [ [ [ 14.396949690000042, 50.064418945000057 ], [ 14.396886355000049, 50.064437946000055 ], [ 14.396897654000043, 50.06445437900004 ], [ 14.396961931000021, 50.064435117000073 ], [ 14.396949690000042, 50.064418945000057 ] ] ] ] } },
{ "type": "Feature", "properties": { "objectid": 65515, "zps_id": "4154", "id_poskyt": 38, "shape_area_1": 0.0, "globalid": "{F3180D7F-457C-4EDC-839F-A47D23106477}", "shape_Length": 0.00030307955598561621, "shape_Area": 3.3956931765532339e-09 }, "geometry": { "type": "MultiPolygon", "coordinates": [ [ [ [ 14.434089908000033, 50.090880317000028 ], [ 14.434117502000049, 50.090889954000033 ], [ 14.434195944000066, 50.090797012000053 ], [ 14.434168017000047, 50.090786220000041 ], [ 14.434089908000033, 50.090880317000028 ] ] ] ] } },
{ "type": "Feature", "properties": { "objectid": 65516, "zps_id": "21952", "id_poskyt": 38, "shape_area_1": 0.0, "globalid": "{CA289855-3AB7-4046-943B-24DD782C3E02}", "shape_Length": 0.00019880790422817482, "shape_Area": 1.6513735778546325e-09 }, "geometry": { "type": "MultiPolygon", "coordinates": [ [ [ [ 14.407413817000077, 50.087540385000068 ], [ 14.407483563000028, 50.08757053000005 ], [ 14.407500394000067, 50.087554259000058 ], [ 14.407431208000048, 50.087523992000058 ], [ 14.407413817000077, 50.087540385000068 ] ] ] ] } },
{ "type": "Feature", "properties": { "objectid": 65517, "zps_id": "12839", "id_poskyt": 38, "shape_area_1": 0.0, "globalid": "{81E63E03-C132-4127-84E6-F8D83B3DE916}", "shape_Length": 0.00031476697976584285, "shape_Area": 2.9807237520826282e-09 }, "geometry": { "type": "MultiPolygon", "coordinates": [ [ [ [ 14.450269104000029, 50.085685709000074 ], [ 14.450377748000051, 50.085760941000046 ], [ 14.450399331000028, 50.085748355000078 ], [ 14.450289328000054, 50.085672629000044 ], [ 14.450269104000029, 50.085685709000074 ] ] ] ] } },
{ "type": "Feature", "properties": { "objectid": 65518, "zps_id": "3785", "id_poskyt": 38, "shape_area_1": 0.0, "globalid": "{208DBE9E-A8C7-444D-A779-755D4A4F0C9F}", "shape_Length": 0.00021411297564092284, "shape_Area": 2.2284133359767508e-09 }, "geometry": { "type": "MultiPolygon", "coordinates": [ [ [ [ 14.416742767000073, 50.080550353000035 ], [ 14.416771255000072, 50.08055584400006 ], [ 14.416803230000028, 50.08048496300006 ], [ 14.416773677000037, 50.080479513000057 ], [ 14.416742767000073, 50.080550353000035 ] ] ] ] } },
{ "type": "Feature", "properties": { "objectid": 65519, "zps_id": "21959", "id_poskyt": 38, "shape_area_1": 0.0, "globalid": "{A7BE5E95-5312-4BCE-B7A0-F9BBDD746878}", "shape_Length": 0.000259626512055728, "shape_Area": 2.0812125974256713e-09 }, "geometry": { "type": "MultiPolygon", "coordinates": [ [ [ [ 14.393910120000044, 50.073003482000047 ], [ 14.394020075000071, 50.073016986000027 ], [ 14.394025511000052, 50.072998153000071 ], [ 14.393915503000073, 50.072985743000061 ], [ 14.393910120000044, 50.073003482000047 ] ] ] ] } },
{ "type": "Feature", "properties": { "objectid": 65520, "zps_id": "21962", "id_poskyt": 38, "shape_area_1": 0.0, "globalid": "{57EAB10B-F00D-48C6-96DD-EFDEDB12AD02}", "shape_Length": 0.00033061233239058883, "shape_Area": 2.8552257732627852e-09 }, "geometry": { "type": "MultiPolygon", "coordinates": [ [ [ [ 14.39519441300007, 50.073122789000081 ], [ 14.39518705100005, 50.073141741000029 ], [ 14.395330274000059, 50.073164524000049 ], [ 14.395337820000066, 50.073146024000039 ], [ 14.39519441300007, 50.073122789000081 ] ] ] ] } },
{ "type": "Feature", "properties": { "objectid": 65521, "zps_id": "21962", "id_poskyt": 38, "shape_area_1": 0.0, "globalid": "{0D398FE7-0E23-4BA3-A2DF-5418483E5F1D}", "shape_Length": 0.00037850914440649112, "shape_Area": 3.3685129083480661e-09 }, "geometry": { "type": "MultiPolygon", "coordinates": [ [ [ [ 14.39519441300007, 50.073122789000081 ], [ 14.395027736000031, 50.073096126000053 ], [ 14.395020164000073, 50.073115204000032 ], [ 14.395186887000023, 50.073141717000055 ], [ 14.39519441300007, 50.073122789000081 ] ] ] ] } },
{ "type": "Feature", "properties": { "objectid": 65522, "zps_id": "21963", "id_poskyt": 38, "shape_area_1": 0.0, "globalid": "{37591DFF-C9C5-4F7F-AECF-4E313E8EA873}", "shape_Length": 0.00026476914436285212, "shape_Area": 2.2962204524655209e-09 }, "geometry": { "type": "MultiPolygon", "coordinates": [ [ [ [ 14.395027736000031, 50.073096126000053 ], [ 14.394973895000021, 50.073087706000081 ], [ 14.394902325000032, 50.073117493000041 ], [ 14.394958471000052, 50.073126953000042 ], [ 14.395027736000031, 50.073096126000053 ] ] ] ] } },
{ "type": "Feature", "properties": { "objectid": 65523, "zps_id": "5439", "id_poskyt": 38, "shape_area_1": 0.0, "globalid": "{B8B39149-C30E-409E-981D-3497F84C728B}", "shape_Length": 0.00032748990838065339, "shape_Area": 2.9082838274040575e-09 }, "geometry": { "type": "MultiPolygon", "coordinates": [ [ [ [ 14.433596385000044, 50.101338153000029 ], [ 14.433601488000022, 50.101318438000078 ], [ 14.43345841200005, 50.101305898000078 ], [ 14.43345408600004, 50.101326136000068 ], [ 14.433596385000044, 50.101338153000029 ] ] ] ] } },
{ "type": "Feature", "properties": { "objectid": 65524, "zps_id": "21989", "id_poskyt": 38, "shape_area_1": 0.0, "globalid": "{439BD9A1-4A62-49F6-8CB2-5655C8F6D6B7}", "shape_Length": 0.00033123055726439312, "shape_Area": 3.2914648216295513e-09 }, "geometry": { "type": "MultiPolygon", "coordinates": [ [ [ [ 14.433753861000071, 50.100556411000071 ], [ 14.433755050000059, 50.100533411000072 ], [ 14.433612297000025, 50.10053072900007 ], [ 14.43361163700007, 50.100553895000075 ], [ 14.433753861000071, 50.100556411000071 ] ] ] ] } },
{ "type": "Feature", "properties": { "objectid": 65525, "zps_id": "12961", "id_poskyt": 38, "shape_area_1": 0.0, "globalid": "{66ECF141-7316-474A-AC25-66C4F477067D}", "shape_Length": 0.00027354097982400417, "shape_Area": 3.9972290032419983e-09 }, "geometry": { "type": "MultiPolygon", "coordinates": [ [ [ [ 14.420399788000054, 50.102933965000034 ], [ 14.420306278000055, 50.102940690000025 ], [ 14.420312380000041, 50.102982408000059 ], [ 14.420406752000076, 50.102976467000076 ], [ 14.420399788000054, 50.102933965000034 ] ] ] ] } },
{ "type": "Feature", "properties": { "objectid": 65526, "zps_id": "5243", "id_poskyt": 38, "shape_area_1": 0.0, "globalid": "{E4429E22-8C58-4B46-BF98-17A78366991D}", "shape_Length": 0.00041661948263608579, "shape_Area": 4.0247115603320933e-09 }, "geometry": { "type": "MultiPolygon", "coordinates": [ [ [ [ 14.418198476000043, 50.101157342000079 ], [ 14.418368110000074, 50.101083690000053 ], [ 14.418350332000045, 50.101067458000045 ], [ 14.418181544000049, 50.10114111200005 ], [ 14.418198476000043, 50.101157342000079 ] ] ] ] } },
{ "type": "Feature", "properties": { "objectid": 65527, "zps_id": "5243", "id_poskyt": 38, "shape_area_1": 0.0, "globalid": "{3EDADBAE-B8FC-421C-821B-A3EE59FAB8C4}", "shape_Length": 0.00042748220601656679, "shape_Area": 4.2189113178594592e-09 }, "geometry": { "type": "MultiPolygon", "coordinates": [ [ [ [ 14.418424112000025, 50.10105969600005 ], [ 14.418518972000072, 50.101017768000077 ], [ 14.418597594000062, 50.10098289900003 ], [ 14.41858039300007, 50.100966672000027 ], [ 14.418479442000034, 50.101010747000032 ], [ 14.418406551000032, 50.101042921000044 ], [ 14.418424112000025, 50.10105969600005 ] ] ] ] } },
{ "type": "Feature", "properties": { "objectid": 65528, "zps_id": "22003", "id_poskyt": 38, "shape_area_1": 0.0, "globalid": "{65BAA607-3BBB-461F-B694-B5F590CE0F89}", "shape_Length": 0.00056726357175673205, "shape_Area": 5.1501458513609263e-09 }, "geometry": { "type": "MultiPolygon", "coordinates": [ [ [ [ 14.417301258000066, 50.10165747800005 ], [ 14.417542596000033, 50.101552420000075 ], [ 14.41752606600005, 50.101538006000055 ], [ 14.417286644000058, 50.101642625000068 ], [ 14.417301258000066, 50.10165747800005 ] ] ] ] } },
{ "type": "Feature", "properties": { "objectid": 65529, "zps_id": "22005", "id_poskyt": 38, "shape_area_1": 0.0, "globalid": "{3D7D9634-C39A-4FE1-88B4-A9CD9C34DC40}", "shape_Length": 0.0009359867941498844, "shape_Area": 8.9178911391290402e-09 }, "geometry": { "type": "MultiPolygon", "coordinates": [ [ [ [ 14.418267756000034, 50.101240031000032 ], [ 14.418677520000074, 50.101062646000059 ], [ 14.418662042000051, 50.101047489000052 ], [ 14.418498824000039, 50.101117989000045 ], [ 14.418322854000053, 50.101194811000028 ], [ 14.418252504000066, 50.10122485900007 ], [ 14.418267756000034, 50.101240031000032 ] ] ] ] } },
{ "type": "Feature", "properties": { "objectid": 65530, "zps_id": "16700", "id_poskyt": 38, "shape_area_1": 0.0, "globalid": "{5D9F1C34-803B-4828-83F5-24F9502B57A7}", "shape_Length": 0.00019675080014615001, "shape_Area": 2.1317920387043371e-09 }, "geometry": { "type": "MultiPolygon", "coordinates": [ [ [ [ 14.436473594000063, 50.104135664000069 ], [ 14.436507193000068, 50.104140339000026 ], [ 14.43652841200003, 50.104079193000075 ], [ 14.436495517000026, 50.104074590000039 ], [ 14.436473594000063, 50.104135664000069 ] ] ] ] } },
{ "type": "Feature", "properties": { "objectid": 65531, "zps_id": "21465", "id_poskyt": 38, "shape_area_1": 0.0, "globalid": "{54D161AC-9708-4340-B5F3-D39356921A86}", "shape_Length": 0.00027662794049606508, "shape_Area": 3.2356319584558146e-09 }, "geometry": { "type": "MultiPolygon", "coordinates": [ [ [ [ 14.475110523000069, 50.11263483700003 ], [ 14.475140322000073, 50.112636188000067 ], [ 14.475148303000026, 50.112527820000025 ], [ 14.475118448000046, 50.112526861000049 ], [ 14.475110523000069, 50.11263483700003 ] ] ] ] } },
{ "type": "Feature", "properties": { "objectid": 65532, "zps_id": "21501", "id_poskyt": 38, "shape_area_1": 0.0, "globalid": "{61240527-9724-40A0-B244-F2CE543A8BF0}", "shape_Length": 0.00032273578654476871, "shape_Area": 2.7559044312165151e-09 }, "geometry": { "type": "MultiPolygon", "coordinates": [ [ [ [ 14.468045999000026, 50.113741575000063 ], [ 14.467904348000047, 50.113733030000049 ], [ 14.467901571000027, 50.113752368000064 ], [ 14.468043156000022, 50.113760820000039 ], [ 14.468045999000026, 50.113741575000063 ] ] ] ] } },
{ "type": "Feature", "properties": { "objectid": 65533, "zps_id": "21507", "id_poskyt": 38, "shape_area_1": 0.0, "globalid": "{900E6672-6946-4B7C-B9D7-17497C16B561}", "shape_Length": 0.00023555113266664551, "shape_Area": 1.8044263181184014e-09 }, "geometry": { "type": "MultiPolygon", "coordinates": [ [ [ [ 14.468103696000071, 50.114367455000036 ], [ 14.468201497000052, 50.114383765000071 ], [ 14.468208522000054, 50.114366424000082 ], [ 14.468110796000076, 50.11435023000007 ], [ 14.468103696000071, 50.114367455000036 ] ] ] ] } },
{ "type": "Feature", "properties": { "objectid": 65534, "zps_id": "16338", "id_poskyt": 38, "shape_area_1": 0.0, "globalid": "{4CB57406-8450-40C8-A9DB-F4DAB33E5EC5}", "shape_Length": 0.0003450536696519784, "shape_Area": 3.0192615193050673e-09 }, "geometry": { "type": "MultiPolygon", "coordinates": [ [ [ [ 14.475153179000074, 50.071494897000036 ], [ 14.475302158000034, 50.071526135000056 ], [ 14.475311179000073, 50.071507518000033 ], [ 14.475162617000024, 50.071476770000061 ], [ 14.475153179000074, 50.071494897000036 ] ] ] ] } },
{ "type": "Feature", "properties": { "objectid": 65535, "zps_id": "4178", "id_poskyt": 38, "shape_area_1": 0.0, "globalid": "{631B0F69-B6F3-4AFE-B4AE-34857448584D}", "shape_Length": 0.00028913833878779077, "shape_Area": 2.8111354472778111e-09 }, "geometry": { "type": "MultiPolygon", "coordinates": [ [ [ [ 14.431295421000073, 50.089406397000062 ], [ 14.431370880000031, 50.089425786000049 ], [ 14.431384128000047, 50.089405911000028 ], [ 14.431267949000073, 50.089373816000034 ], [ 14.431254099000057, 50.089392413000041 ], [ 14.431295421000073, 50.089406397000062 ] ] ] ] } },
{ "type": "Feature", "properties": { "objectid": 65536, "zps_id": "22063", "id_poskyt": 38, "shape_area_1": 0.0, "globalid": "{BFB6E1D7-49BF-4A96-ABFB-75A15FE2BFDE}", "shape_Length": 0.00019445542258455473, "shape_Area": 1.521732225336982e-09 }, "geometry": { "type": "MultiPolygon", "coordinates": [ [ [ [ 14.431207825000058, 50.08927815900006 ], [ 14.431279988000028, 50.089301168000077 ], [ 14.431293083000071, 50.08928424000004 ], [ 14.431220459000031, 50.08926122500003 ], [ 14.431207825000058, 50.08927815900006 ] ] ] ] } },
{ "type": "Feature", "properties": { "objectid": 65537, "zps_id": "4081", "id_poskyt": 38, "shape_area_1": 0.0, "globalid": "{F6BAF77F-9FC1-44A3-ACC0-54A1C9AAA3F4}", "shape_Length": 0.0002485171500774571, "shape_Area": 2.4210231245405551e-09 }, "geometry": { "type": "MultiPolygon", "coordinates": [ [ [ [ 14.427658414000064, 50.088747184000056 ], [ 14.427633617000026, 50.08875794100004 ], [ 14.427703966000024, 50.08882505400004 ], [ 14.42772876500004, 50.088814297000056 ], [ 14.427658414000064, 50.088747184000056 ] ] ] ] } },
{ "type": "Feature", "properties": { "objectid": 65538, "zps_id": "2911", "id_poskyt": 38, "shape_area_1": 0.0, "globalid": "{FE597204-CEEC-4F9C-8C3C-342FE9AAF8C1}", "shape_Length": 0.0002966149286353166, "shape_Area": 4.3647339628538963e-09 }, "geometry": { "type": "MultiPolygon", "coordinates": [ [ [ [ 14.436005191000049, 50.079795856000032 ], [ 14.436033437000049, 50.079830879000042 ], [ 14.43613162500003, 50.079796071000032 ], [ 14.436100873000044, 50.079761950000034 ], [ 14.436005191000049, 50.079795856000032 ] ] ] ] } },
{ "type": "Feature", "properties": { "objectid": 65539, "zps_id": "3011", "id_poskyt": 38, "shape_area_1": 0.0, "globalid": "{E4F9A16F-4520-491A-BAED-B632C565F1A8}", "shape_Length": 0.000385045381285901, "shape_Area": 4.100573276433546e-09 }, "geometry": { "type": "MultiPolygon", "coordinates": [ [ [ [ 14.441401945000052, 50.074449023000057 ], [ 14.441402185000072, 50.074424640000075 ], [ 14.441234474000055, 50.074423703000036 ], [ 14.441233414000067, 50.074448094000047 ], [ 14.441401945000052, 50.074449023000057 ] ] ] ] } },
{ "type": "Feature", "properties": { "objectid": 65540, "zps_id": "11050", "id_poskyt": 38, "shape_area_1": 0.0, "globalid": "{C1681BE2-232F-427E-AACB-28C014F247C9}", "shape_Length": 0.00017424702757391709, "shape_Area": 1.5454305925295014e-09 }, "geometry": { "type": "MultiPolygon", "coordinates": [ [ [ [ 14.422318161000021, 50.058205434000058 ], [ 14.422378433000063, 50.058195326000032 ], [ 14.422368762000076, 50.058171706000053 ], [ 14.422308204000046, 50.058181054000045 ], [ 14.422318161000021, 50.058205434000058 ] ] ] ] } },
{ "type": "Feature", "properties": { "objectid": 65541, "zps_id": "21349", "id_poskyt": 38, "shape_area_1": 0.0, "globalid": "{662484E5-60F0-4430-A990-019992362887}", "shape_Length": 0.00041696249726525973, "shape_Area": 5.381080203182179e-09 }, "geometry": { "type": "MultiPolygon", "coordinates": [ [ [ [ 14.470016154000064, 50.104552217000048 ], [ 14.469984521000072, 50.10456440400003 ], [ 14.470071534000056, 50.104654206000077 ], [ 14.470117630000061, 50.104701600000055 ], [ 14.470119967000073, 50.104657892000034 ], [ 14.470016154000064, 50.104552217000048 ] ] ] ] } },
{ "type": "Feature", "properties": { "objectid": 65542, "zps_id": "22104", "id_poskyt": 38, "shape_area_1": 0.0, "globalid": "{8B0FB6F4-7119-4C40-8EAE-A813E150483D}", "shape_Length": 0.00037552615933947233, "shape_Area": 3.6516499562329956e-09 }, "geometry": { "type": "MultiPolygon", "coordinates": [ [ [ [ 14.367006265000043, 50.098678999000072 ], [ 14.367179269000076, 50.098692299000049 ], [ 14.367147031000059, 50.098665830000073 ], [ 14.367010160000063, 50.098656237000057 ], [ 14.367006265000043, 50.098678999000072 ] ] ] ] } },
{ "type": "Feature", "properties": { "objectid": 65543, "zps_id": "22106", "id_poskyt": 38, "shape_area_1": 0.0, "globalid": "{EDBFB49B-0BF4-4B1E-A2DE-188EB20D32FF}", "shape_Length": 0.00044303228812241015, "shape_Area": 3.6342957199456134e-09 }, "geometry": { "type": "MultiPolygon", "coordinates": [ [ [ [ 14.450603846000035, 50.110320141000045 ], [ 14.450806119000049, 50.110299292000036 ], [ 14.45080164500007, 50.110281500000042 ], [ 14.450599227000055, 50.110302962000048 ], [ 14.450603846000035, 50.110320141000045 ] ] ] ] } },
{ "type": "Feature", "properties": { "objectid": 65544, "zps_id": "2992", "id_poskyt": 38, "shape_area_1": 0.0, "globalid": "{302F4F17-3F23-4CFA-8A47-816FF7657180}", "shape_Length": 0.00039771604852516511, "shape_Area": 5.430560817315398e-09 }, "geometry": { "type": "MultiPolygon", "coordinates": [ [ [ [ 14.437775188000046, 50.075660449000054 ], [ 14.437808423000035, 50.075664286000062 ], [ 14.437841601000059, 50.075508868000043 ], [ 14.437840623000056, 50.075503146000074 ], [ 14.437806513000055, 50.075499231000038 ], [ 14.437808790000076, 50.075506077000057 ], [ 14.437775188000046, 50.075660449000054 ] ] ] ] } },
{ "type": "Feature", "properties": { "objectid": 65545, "zps_id": "4243", "id_poskyt": 38, "shape_area_1": 0.0, "globalid": "{758EB12E-1FA8-4504-B728-717C6D508B1F}", "shape_Length": 0.00022506656266016168, "shape_Area": 2.3343104994317097e-09 }, "geometry": { "type": "MultiPolygon", "coordinates": [ [ [ [ 14.432494462000022, 50.083642997000027 ], [ 14.432524657000044, 50.083634296000071 ], [ 14.432472914000073, 50.083569419000071 ], [ 14.432444923000048, 50.083578697000064 ], [ 14.432494462000022, 50.083642997000027 ] ] ] ] } },
{ "type": "Feature", "properties": { "objectid": 65546, "zps_id": "22109", "id_poskyt": 38, "shape_area_1": 0.0, "globalid": "{6C050F29-58CA-4E0D-8C9F-63A64D378399}", "shape_Length": 0.00046496010771494606, "shape_Area": 4.6865437025835309e-09 }, "geometry": { "type": "MultiPolygon", "coordinates": [ [ [ [ 14.43062137000004, 50.075437775000069 ], [ 14.430831989000069, 50.07543150500004 ], [ 14.430829421000055, 50.075408998000057 ], [ 14.430619977000049, 50.075415778000036 ], [ 14.43062137000004, 50.075437775000069 ] ] ] ] } },
{ "type": "Feature", "properties": { "objectid": 65547, "zps_id": "3981", "id_poskyt": 38, "shape_area_1": 0.0, "globalid": "{AB9CEA8B-2597-4227-94DE-4C64EA893475}", "shape_Length": 0.00026347468325221748, "shape_Area": 2.5207560174050951e-09 }, "geometry": { "type": "MultiPolygon", "coordinates": [ [ [ [ 14.426311515000066, 50.085012929000072 ], [ 14.426226472000053, 50.085073580000028 ], [ 14.426248651000037, 50.085087215000044 ], [ 14.426335117000065, 50.085025392000034 ], [ 14.426311515000066, 50.085012929000072 ] ] ] ] } },
{ "type": "Feature", "properties": { "objectid": 65548, "zps_id": "8511", "id_poskyt": 38, "shape_area_1": 0.0, "globalid": "{834CE367-03B3-4E48-A74C-80EB3AE7C716}", "shape_Length": 0.0002267586944674353, "shape_Area": 1.9471605118045827e-09 }, "geometry": { "type": "MultiPolygon", "coordinates": [ [ [ [ 14.391826852000065, 50.101311513000041 ], [ 14.39187292500003, 50.101301380000052 ], [ 14.391816842000026, 50.10127293000005 ], [ 14.391767233000053, 50.101283039000066 ], [ 14.391826852000065, 50.101311513000041 ] ] ] ] } },
{ "type": "Feature", "properties": { "objectid": 65549, "zps_id": "22112", "id_poskyt": 38, "shape_area_1": 0.0, "globalid": "{3E28B10C-8866-4E22-A2F3-F741F56CA262}", "shape_Length": 0.00022916023112792364, "shape_Area": 1.6031149814943267e-09 }, "geometry": { "type": "MultiPolygon", "coordinates": [ [ [ [ 14.43367577600003, 50.075380522000046 ], [ 14.433676027000047, 50.075364035000064 ], [ 14.433577500000069, 50.07536445900007 ], [ 14.433577777000039, 50.075380601000063 ], [ 14.43367577600003, 50.075380522000046 ] ] ] ] } },
{ "type": "Feature", "properties": { "objectid": 65550, "zps_id": "22114", "id_poskyt": 38, "shape_area_1": 0.0, "globalid": "{711ADEC2-514F-4E15-B88C-0ABF6FE77E71}", "shape_Length": 0.00042974854341029081, "shape_Area": 3.959601295295521e-09 }, "geometry": { "type": "MultiPolygon", "coordinates": [ [ [ [ 14.426694576000045, 50.065069221000044 ], [ 14.426694937000036, 50.065048724000064 ], [ 14.426500671000042, 50.065046092000046 ], [ 14.426499853000053, 50.065066295000065 ], [ 14.426694576000045, 50.065069221000044 ] ] ] ] } },
{ "type": "Feature", "properties": { "objectid": 65551, "zps_id": "21554", "id_poskyt": 38, "shape_area_1": 0.0, "globalid": "{762C5A72-A902-4DFD-AB9A-843DAF9F0A12}", "shape_Length": 0.00053097079600646318, "shape_Area": 5.5704722461580062e-09 }, "geometry": { "type": "MultiPolygon", "coordinates": [ [ [ [ 14.455934831000036, 50.117595404000042 ], [ 14.455966984000042, 50.117590044000053 ], [ 14.456023421000054, 50.117579938000063 ], [ 14.456073442000047, 50.117570345000047 ], [ 14.45613327500007, 50.117558160000044 ], [ 14.456168613000045, 50.117550695000034 ], [ 14.456173612000043, 50.11754962100008 ], [ 14.456162430000063, 50.117528324000034 ], [ 14.456157609000059, 50.117529360000049 ], [ 14.456122537000056, 50.117536768000036 ], [ 14.456063163000067, 50.117548856000042 ], [ 14.456013732000031, 50.117558338000038 ], [ 14.455957908000073, 50.117568334000055 ], [ 14.455926388000023, 50.117573588000027 ], [ 14.455934831000036, 50.117595404000042 ] ] ] ] } },
{ "type": "Feature", "properties": { "objectid": 65552, "zps_id": "5374", "id_poskyt": 38, "shape_area_1": 0.0, "globalid": "{84C847F1-367C-48CD-B609-06AC1040ADC3}", "shape_Length": 0.00040608390258598578, "shape_Area": 4.9311957534472686e-09 }, "geometry": { "type": "MultiPolygon", "coordinates": [ [ [ [ 14.430242194000073, 50.101497696000081 ], [ 14.43027061500004, 50.101499257000057 ], [ 14.430294533000051, 50.10132623800007 ], [ 14.430266411000048, 50.10132459600004 ], [ 14.430242194000073, 50.101497696000081 ] ] ] ] } },
{ "type": "Feature", "properties": { "objectid": 65553, "zps_id": "5365", "id_poskyt": 38, "shape_area_1": 0.0, "globalid": "{113A110E-BC42-4412-842B-C79250831188}", "shape_Length": 0.00027874380529141116, "shape_Area": 3.1179164245748387e-09 }, "geometry": { "type": "MultiPolygon", "coordinates": [ [ [ [ 14.427942742000027, 50.101101321000044 ], [ 14.427970989000073, 50.101103446000081 ], [ 14.427999069000066, 50.100996786000053 ], [ 14.427970647000052, 50.100993373000051 ], [ 14.427942742000027, 50.101101321000044 ] ] ] ] } },
{ "type": "Feature", "properties": { "objectid": 65554, "zps_id": "22116", "id_poskyt": 38, "shape_area_1": 0.0, "globalid": "{156A69E9-4DC5-4C69-97E9-27FAACC64632}", "shape_Length": 0.00026983601852417831, "shape_Area": 2.8655216241560735e-09 }, "geometry": { "type": "MultiPolygon", "coordinates": [ [ [ [ 14.432809214000031, 50.073940134000054 ], [ 14.432836276000046, 50.07394468800004 ], [ 14.432876660000034, 50.073845070000061 ], [ 14.432850056000063, 50.073840293000046 ], [ 14.432809214000031, 50.073940134000054 ] ] ] ] } },
{ "type": "Feature", "properties": { "objectid": 65555, "zps_id": "22117", "id_poskyt": 38, "shape_area_1": 0.0, "globalid": "{33368F41-3EAA-4EDD-AB80-1681A97105FA}", "shape_Length": 0.00020879823938775393, "shape_Area": 1.7242873244691209e-09 }, "geometry": { "type": "MultiPolygon", "coordinates": [ [ [ [ 14.440335517000051, 50.075282986000047 ], [ 14.440335956000069, 50.075262286000054 ], [ 14.440252104000024, 50.075261563000026 ], [ 14.440251720000049, 50.075281995000068 ], [ 14.440335517000051, 50.075282986000047 ] ] ] ] } },
{ "type": "Feature", "properties": { "objectid": 65556, "zps_id": "22118", "id_poskyt": 38, "shape_area_1": 0.0, "globalid": "{6D12D30C-BAEB-46C0-B521-CF938090536C}", "shape_Length": 0.0002942282906124273, "shape_Area": 3.3447374760679987e-09 }, "geometry": { "type": "MultiPolygon", "coordinates": [ [ [ [ 14.433359591000055, 50.072897276000049 ], [ 14.433388445000048, 50.072902088000035 ], [ 14.433432512000024, 50.07279260200005 ], [ 14.433404151000047, 50.072787807000054 ], [ 14.433359591000055, 50.072897276000049 ] ] ] ] } },
{ "type": "Feature", "properties": { "objectid": 65557, "zps_id": "22119", "id_poskyt": 38, "shape_area_1": 0.0, "globalid": "{337D6A80-F710-4A3B-9A4A-2BB25CFD5CFB}", "shape_Length": 0.00026069910348729358, "shape_Area": 2.1450584985812454e-09 }, "geometry": { "type": "MultiPolygon", "coordinates": [ [ [ [ 14.428264092000063, 50.065001143000075 ], [ 14.428264986000045, 50.064981983000052 ], [ 14.428153298000041, 50.064980690000027 ], [ 14.428153761000033, 50.065000172000055 ], [ 14.428264092000063, 50.065001143000075 ] ] ] ] } },
{ "type": "Feature", "properties": { "objectid": 65558, "zps_id": "22120", "id_poskyt": 38, "shape_area_1": 0.0, "globalid": "{D7500230-6C47-4F32-ADF7-74F797085C6E}", "shape_Length": 0.00028586582091951699, "shape_Area": 2.3785128796595075e-09 }, "geometry": { "type": "MultiPolygon", "coordinates": [ [ [ [ 14.42917176800006, 50.065096725000046 ], [ 14.429172352000023, 50.065077490000078 ], [ 14.429048650000027, 50.065075944000057 ], [ 14.429048085000034, 50.065095153000073 ], [ 14.42917176800006, 50.065096725000046 ] ] ] ] } },
{ "type": "Feature", "properties": { "objectid": 65559, "zps_id": "22121", "id_poskyt": 38, "shape_area_1": 0.0, "globalid": "{F2A4BBE4-711A-4533-9B3D-352F4B84C326}", "shape_Length": 0.00026393383728008234, "shape_Area": 2.9094976414817069e-09 }, "geometry": { "type": "MultiPolygon", "coordinates": [ [ [ [ 14.433178788000077, 50.073344796000072 ], [ 14.433207143000061, 50.073349564000068 ], [ 14.433245906000025, 50.073254095000038 ], [ 14.433217292000052, 50.073249151000027 ], [ 14.433178788000077, 50.073344796000072 ] ] ] ] } },
{ "type": "Feature", "properties": { "objectid": 65560, "zps_id": "22122", "id_poskyt": 38, "shape_area_1": 0.0, "globalid": "{32FBF4E4-73B8-4AA5-85DD-7F514CD0CEF6}", "shape_Length": 0.00021976532771191072, "shape_Area": 2.2057130678003366e-09 }, "geometry": { "type": "MultiPolygon", "coordinates": [ [ [ [ 14.433125846000053, 50.073159071000077 ], [ 14.43315272500007, 50.073163818000069 ], [ 14.433183803000077, 50.07308722700003 ], [ 14.433156767000071, 50.073082692000071 ], [ 14.433125846000053, 50.073159071000077 ] ] ] ] } },
{ "type": "Feature", "properties": { "objectid": 65561, "zps_id": "22125", "id_poskyt": 38, "shape_area_1": 0.0, "globalid": "{CE5A442E-4038-4A42-8974-9BEE632A9120}", "shape_Length": 0.0003665899587147125, "shape_Area": 4.0665691268379776e-09 }, "geometry": { "type": "MultiPolygon", "coordinates": [ [ [ [ 14.437820719000058, 50.075147900000047 ], [ 14.437846721000028, 50.07513549500004 ], [ 14.437729054000044, 50.075035090000029 ], [ 14.437703266000028, 50.075047675000064 ], [ 14.437820719000058, 50.075147900000047 ] ] ] ] } },
{ "type": "Feature", "properties": { "objectid": 65562, "zps_id": "22126", "id_poskyt": 38, "shape_area_1": 0.0, "globalid": "{18638570-BE95-4F08-B3ED-05F3ECCBDA5F}", "shape_Length": 0.00031095128121647346, "shape_Area": 2.6520021374475816e-09 }, "geometry": { "type": "MultiPolygon", "coordinates": [ [ [ [ 14.438713051000036, 50.075953949000052 ], [ 14.438719287000026, 50.075935106000031 ], [ 14.438584898000045, 50.075916772000028 ], [ 14.438578738000047, 50.075935721000064 ], [ 14.438713051000036, 50.075953949000052 ] ] ] ] } },
{ "type": "Feature", "properties": { "objectid": 65563, "zps_id": "22134", "id_poskyt": 38, "shape_area_1": 0.0, "globalid": "{6D1E822B-6AAA-4194-AEA9-FE08AD5DB76F}", "shape_Length": 0.00042795171086198449, "shape_Area": 4.4482259051363834e-09 }, "geometry": { "type": "MultiPolygon", "coordinates": [ [ [ [ 14.430353909000075, 50.070766350000042 ], [ 14.43035427600006, 50.070789516000048 ], [ 14.430544928000074, 50.07078849800007 ], [ 14.430544533000045, 50.07076500200003 ], [ 14.430353909000075, 50.070766350000042 ] ] ] ] } },
{ "type": "Feature", "properties": { "objectid": 65564, "zps_id": "22134", "id_poskyt": 38, "shape_area_1": 0.0, "globalid": "{61D82A02-4CDD-49D9-A930-1B2B74AE70DB}", "shape_Length": 0.00035473717410613331, "shape_Area": 3.5550465140193475e-09 }, "geometry": { "type": "MultiPolygon", "coordinates": [ [ [ [ 14.43035427600006, 50.070789516000048 ], [ 14.430353909000075, 50.070766350000042 ], [ 14.430199649000031, 50.070767447000037 ], [ 14.430199876000074, 50.07079034800006 ], [ 14.43035427600006, 50.070789516000048 ] ] ] ] } },
{ "type": "Feature", "properties": { "objectid": 65565, "zps_id": "22135", "id_poskyt": 38, "shape_area_1": 0.0, "globalid": "{5743EB11-4ED9-402F-A136-125EB4CD9AAE}", "shape_Length": 0.00038130050522755467, "shape_Area": 6.043377814685789e-09 }, "geometry": { "type": "MultiPolygon", "coordinates": [ [ [ [ 14.429808679000075, 50.070720987000072 ], [ 14.429762952000033, 50.07067298700008 ], [ 14.429639166000072, 50.070673086000056 ], [ 14.429682310000032, 50.070721502000026 ], [ 14.429808679000075, 50.070720987000072 ] ] ] ] } },
{ "type": "Feature", "properties": { "objectid": 65566, "zps_id": "22136", "id_poskyt": 38, "shape_area_1": 0.0, "globalid": "{F95BD210-3146-493D-AD59-FA26FB6EC392}", "shape_Length": 0.00026924408937615445, "shape_Area": 2.2284901254040476e-09 }, "geometry": { "type": "MultiPolygon", "coordinates": [ [ [ [ 14.440249320000078, 50.076163530000031 ], [ 14.440255665000052, 50.076144569000064 ], [ 14.440142005000041, 50.076129087000027 ], [ 14.440135461000068, 50.076147521000053 ], [ 14.440249320000078, 50.076163530000031 ] ] ] ] } },
{ "type": "Feature", "properties": { "objectid": 65567, "zps_id": "22137", "id_poskyt": 38, "shape_area_1": 0.0, "globalid": "{6605C238-601D-421A-AA30-85F2AEE0814D}", "shape_Length": 0.00026883155899428372, "shape_Area": 3.0367909826354694e-09 }, "geometry": { "type": "MultiPolygon", "coordinates": [ [ [ [ 14.436142074000031, 50.077799679000066 ], [ 14.43608428400006, 50.077713933000041 ], [ 14.436054475000049, 50.077722233000031 ], [ 14.43611246200004, 50.077808179000044 ], [ 14.436142074000031, 50.077799679000066 ] ] ] ] } },
{ "type": "Feature", "properties": { "objectid": 65568, "zps_id": "22138", "id_poskyt": 38, "shape_area_1": 0.0, "globalid": "{1C022B31-E149-48E9-8C0A-E083223716E5}", "shape_Length": 0.00032650027615368214, "shape_Area": 3.9198535297563917e-09 }, "geometry": { "type": "MultiPolygon", "coordinates": [ [ [ [ 14.43532334300005, 50.076808941000081 ], [ 14.435354838000023, 50.076799609000034 ], [ 14.435278323000034, 50.076692458000082 ], [ 14.435249078000027, 50.076700108000068 ], [ 14.43532334300005, 50.076808941000081 ] ] ] ] } },
{ "type": "Feature", "properties": { "objectid": 65569, "zps_id": "22139", "id_poskyt": 38, "shape_area_1": 0.0, "globalid": "{D415C7CD-7680-40DC-8E1A-01F307B52782}", "shape_Length": 0.00043119904005068743, "shape_Area": 4.5696982335399623e-09 }, "geometry": { "type": "MultiPolygon", "coordinates": [ [ [ [ 14.435579916000052, 50.078270314000065 ], [ 14.435600281000063, 50.078288350000037 ], [ 14.435769700000037, 50.078204017000076 ], [ 14.435750564000045, 50.078187695000054 ], [ 14.435579916000052, 50.078270314000065 ] ] ] ] } },
{ "type": "Feature", "properties": { "objectid": 65570, "zps_id": "5377", "id_poskyt": 38, "shape_area_1": 0.0, "globalid": "{C8E255E9-3C82-4336-AA83-A082A6DF6C60}", "shape_Length": 0.00028160080806893827, "shape_Area": 3.6132433843099964e-09 }, "geometry": { "type": "MultiPolygon", "coordinates": [ [ [ [ 14.430377271000054, 50.100336598000069 ], [ 14.43041045800004, 50.10033850700006 ], [ 14.430425129000071, 50.100232448000042 ], [ 14.43039060600006, 50.100230711000052 ], [ 14.430377271000054, 50.100336598000069 ] ] ] ] } },
{ "type": "Feature", "properties": { "objectid": 65571, "zps_id": "22146", "id_poskyt": 38, "shape_area_1": 0.0, "globalid": "{150F34AE-F848-45C5-AA0C-E4A1A8F026AD}", "shape_Length": 0.00046175158630037819, "shape_Area": 4.5764087445823296e-09 }, "geometry": { "type": "MultiPolygon", "coordinates": [ [ [ [ 14.430811173000052, 50.073850065000045 ], [ 14.430818997000074, 50.073829076000038 ], [ 14.430612397000061, 50.073798144000079 ], [ 14.430605325000045, 50.073819310000033 ], [ 14.430811173000052, 50.073850065000045 ] ] ] ] } },
{ "type": "Feature", "properties": { "objectid": 65572, "zps_id": "22155", "id_poskyt": 38, "shape_area_1": 0.0, "globalid": "{FC6BAD1D-2EBD-497D-8FA3-2D14E5406CB3}", "shape_Length": 0.00020065681692481237, "shape_Area": 1.4656351617876418e-09 }, "geometry": { "type": "MultiPolygon", "coordinates": [ [ [ [ 14.420266964000064, 50.081225781000057 ], [ 14.420349478000048, 50.081230121000033 ], [ 14.420351252000046, 50.08121219800006 ], [ 14.420268877000069, 50.081208333000063 ], [ 14.420266964000064, 50.081225781000057 ] ] ] ] } },
{ "type": "Feature", "properties": { "objectid": 65573, "zps_id": "20985", "id_poskyt": 38, "shape_area_1": 0.0, "globalid": "{C6A9A890-14A5-400E-B8E2-390D2EEB0687}", "shape_Length": 0.00021590366510022889, "shape_Area": 1.7493654498172236e-09 }, "geometry": { "type": "MultiPolygon", "coordinates": [ [ [ [ 14.417743549000022, 50.077814743000033 ], [ 14.417754062000029, 50.077796187000047 ], [ 14.417668553000055, 50.077777004000041 ], [ 14.417659233000052, 50.077795120000076 ], [ 14.417743549000022, 50.077814743000033 ] ] ] ] } },
{ "type": "Feature", "properties": { "objectid": 65574, "zps_id": "22161", "id_poskyt": 38, "shape_area_1": 0.0, "globalid": "{33A835CF-0F41-4B3E-9C8D-F2CB04684755}", "shape_Length": 0.00044401418954207969, "shape_Area": 4.3764750423328685e-09 }, "geometry": { "type": "MultiPolygon", "coordinates": [ [ [ [ 14.416750868000065, 50.101782655000079 ], [ 14.416768327000057, 50.101798787000064 ], [ 14.416946153000026, 50.101710360000027 ], [ 14.416928133000056, 50.101694805000079 ], [ 14.416750868000065, 50.101782655000079 ] ] ] ] } },
{ "type": "Feature", "properties": { "objectid": 65575, "zps_id": "2636", "id_poskyt": 38, "shape_area_1": 0.0, "globalid": "{C1AB96B7-3A6F-4242-92DC-AE221EE99FE8}", "shape_Length": 0.00051226143123439354, "shape_Area": 5.8406016543444754e-09 }, "geometry": { "type": "MultiPolygon", "coordinates": [ [ [ [ 14.42849998500003, 50.077157588000034 ], [ 14.428730876000031, 50.07714988400005 ], [ 14.428728857000067, 50.077124747000028 ], [ 14.428498386000058, 50.077132206000044 ], [ 14.42849998500003, 50.077157588000034 ] ] ] ] } },
{ "type": "Feature", "properties": { "objectid": 65576, "zps_id": "20548", "id_poskyt": 38, "shape_area_1": 0.0, "globalid": "{0AB25FB3-637A-4DF9-A3FF-135074E266C4}", "shape_Length": 0.00021177130272925164, "shape_Area": 1.949284711902478e-09 }, "geometry": { "type": "MultiPolygon", "coordinates": [ [ [ [ 14.429925720000028, 50.08145223300005 ], [ 14.429956942000047, 50.08147225700003 ], [ 14.430022521000069, 50.081451884000046 ], [ 14.42999326000006, 50.081431852000037 ], [ 14.429925720000028, 50.08145223300005 ] ] ] ] } },
{ "type": "Feature", "properties": { "objectid": 65577, "zps_id": "3507", "id_poskyt": 38, "shape_area_1": 0.0, "globalid": "{F1B6CCA7-6F69-4DBD-B6C9-50614426B49D}", "shape_Length": 0.00026688096389259665, "shape_Area": 2.521195293641995e-09 }, "geometry": { "type": "MultiPolygon", "coordinates": [ [ [ [ 14.420233522000046, 50.091930579000064 ], [ 14.420259453000028, 50.091933211000025 ], [ 14.420282314000076, 50.091820606000056 ], [ 14.420266063000042, 50.091831610000042 ], [ 14.42026129900006, 50.091836016000059 ], [ 14.420253669000033, 50.091844571000081 ], [ 14.420233522000046, 50.091930579000064 ] ] ] ] } },
{ "type": "Feature", "properties": { "objectid": 65578, "zps_id": "5224", "id_poskyt": 38, "shape_area_1": 0.0, "globalid": "{51AFD3AD-C242-4791-98D8-C672CBE1D584}", "shape_Length": 0.00038211730826479353, "shape_Area": 3.8594671056787355e-09 }, "geometry": { "type": "MultiPolygon", "coordinates": [ [ [ [ 14.418495950000022, 50.103121829000031 ], [ 14.418503882000039, 50.103143978000048 ], [ 14.418669512000065, 50.103121566000027 ], [ 14.418662502000075, 50.103099264000036 ], [ 14.418495950000022, 50.103121829000031 ] ] ] ] } },
{ "type": "Feature", "properties": { "objectid": 65579, "zps_id": "11898", "id_poskyt": 38, "shape_area_1": 0.0, "globalid": "{848FBE3D-6084-4009-A77E-4BF06B534190}", "shape_Length": 0.00026506796640470866, "shape_Area": 3.9509979303686824e-09 }, "geometry": { "type": "MultiPolygon", "coordinates": [ [ [ [ 14.471573427000067, 50.134445945000039 ], [ 14.471655462000058, 50.134460171000057 ], [ 14.471657898000046, 50.134439258000043 ], [ 14.471665336000058, 50.134424023000065 ], [ 14.471672278000028, 50.134412111000074 ], [ 14.471599123000033, 50.134396969000079 ], [ 14.471573427000067, 50.134445945000039 ] ] ] ] } },
{ "type": "Feature", "properties": { "objectid": 65580, "zps_id": "2601", "id_poskyt": 38, "shape_area_1": 0.0, "globalid": "{EC14058E-1EAD-4A63-9890-10B9D18DA452}", "shape_Length": 0.00025223971516043545, "shape_Area": 2.1624179058171065e-09 }, "geometry": { "type": "MultiPolygon", "coordinates": [ [ [ [ 14.422490499000048, 50.077407802000039 ], [ 14.422595841000032, 50.077402444000029 ], [ 14.422592991000045, 50.077381808000041 ], [ 14.422487530000069, 50.077387717000079 ], [ 14.422490499000048, 50.077407802000039 ] ] ] ] } },
{ "type": "Feature", "properties": { "objectid": 65581, "zps_id": "22177", "id_poskyt": 38, "shape_area_1": 0.0, "globalid": "{7F612D9A-BEDE-4479-879A-2E40720DAE7B}", "shape_Length": 0.00022056987447863138, "shape_Area": 2.5789811147318899e-09 }, "geometry": { "type": "MultiPolygon", "coordinates": [ [ [ [ 14.431880529000068, 50.07657435200008 ], [ 14.431916302000047, 50.076580712000066 ], [ 14.431945991000077, 50.076512510000043 ], [ 14.43191194800005, 50.076506032000054 ], [ 14.431880529000068, 50.07657435200008 ] ] ] ] } },
{ "type": "Feature", "properties": { "objectid": 65582, "zps_id": "4004", "id_poskyt": 38, "shape_area_1": 0.0, "globalid": "{65904448-B25F-417B-8287-71F154726EC9}", "shape_Length": 0.00019836256758915563, "shape_Area": 1.6487739124352542e-09 }, "geometry": { "type": "MultiPolygon", "coordinates": [ [ [ [ 14.43009046700007, 50.087191777000044 ], [ 14.43016861600006, 50.08719221900003 ], [ 14.430168972000047, 50.087171286000057 ], [ 14.430091014000027, 50.087170470000046 ], [ 14.43009046700007, 50.087191777000044 ] ] ] ] } },
{ "type": "Feature", "properties": { "objectid": 65583, "zps_id": "4115", "id_poskyt": 38, "shape_area_1": 0.0, "globalid": "{FDEC06D0-A491-4E0F-AD93-6D795441FDA4}", "shape_Length": 0.00026608753600479223, "shape_Area": 2.1919388224191632e-09 }, "geometry": { "type": "MultiPolygon", "coordinates": [ [ [ [ 14.432115441000064, 50.092214771000044 ], [ 14.43222871200004, 50.092226703000051 ], [ 14.432232902000067, 50.092207833000032 ], [ 14.432120275000045, 50.092195786000048 ], [ 14.432115441000064, 50.092214771000044 ] ] ] ] } },
{ "type": "Feature", "properties": { "objectid": 65584, "zps_id": "22200", "id_poskyt": 38, "shape_area_1": 0.0, "globalid": "{5D6434AC-AB89-40A2-8D26-CB9612E48284}", "shape_Length": 0.00021653023305888463, "shape_Area": 2.2739962142350962e-09 }, "geometry": { "type": "MultiPolygon", "coordinates": [ [ [ [ 14.431979991000048, 50.090836456000034 ], [ 14.431950346000065, 50.090830613000037 ], [ 14.431916161000061, 50.090900803000068 ], [ 14.431945487000064, 50.090906763000078 ], [ 14.431979991000048, 50.090836456000034 ] ] ] ] } },
{ "type": "Feature", "properties": { "objectid": 65585, "zps_id": "11212", "id_poskyt": 38, "shape_area_1": 0.0, "globalid": "{A7B2AFF1-E0AC-4177-9AC7-728478DE5674}", "shape_Length": 0.0003015559230924283, "shape_Area": 3.7619050271788847e-09 }, "geometry": { "type": "MultiPolygon", "coordinates": [ [ [ [ 14.433846328000072, 50.058978178000075 ], [ 14.433877500000051, 50.058995866000032 ], [ 14.433969384000022, 50.058925890000069 ], [ 14.43393732800007, 50.058909303000064 ], [ 14.433846328000072, 50.058978178000075 ] ] ] ] } },
{ "type": "Feature", "properties": { "objectid": 65586, "zps_id": "22204", "id_poskyt": 38, "shape_area_1": 0.0, "globalid": "{07A59ECA-73ED-4277-9962-A1A169F981EE}", "shape_Length": 0.00019325330894778527, "shape_Area": 2.0950615028542414e-09 }, "geometry": { "type": "MultiPolygon", "coordinates": [ [ [ [ 14.423115222000035, 50.079780876000029 ], [ 14.423143068000059, 50.079798861000029 ], [ 14.423164044000032, 50.07974805200007 ], [ 14.42316448400004, 50.079739142000051 ], [ 14.423156686000027, 50.079731871000035 ], [ 14.423139947000038, 50.079720450000082 ], [ 14.423115222000035, 50.079780876000029 ] ] ] ] } },
{ "type": "Feature", "properties": { "objectid": 65587, "zps_id": "22205", "id_poskyt": 38, "shape_area_1": 0.0, "globalid": "{F9F463AD-CD86-4288-BBC8-02D0DA0CF235}", "shape_Length": 0.00015945282376841972, "shape_Area": 1.4168976614267539e-09 }, "geometry": { "type": "MultiPolygon", "coordinates": [ [ [ [ 14.419981004000022, 50.083206433000043 ], [ 14.419997290000026, 50.083255905000044 ], [ 14.42002483300007, 50.083251836000045 ], [ 14.420008114000041, 50.083202462000031 ], [ 14.419981004000022, 50.083206433000043 ] ] ] ] } },
{ "type": "Feature", "properties": { "objectid": 65588, "zps_id": "22208", "id_poskyt": 38, "shape_area_1": 0.0, "globalid": "{2B6F407C-3AAB-44DB-BBEC-4976A31336A5}", "shape_Length": 0.00046222930901044677, "shape_Area": 4.3090942485657674e-09 }, "geometry": { "type": "MultiPolygon", "coordinates": [ [ [ [ 14.424199120000026, 50.089348799000049 ], [ 14.424399533000042, 50.089411082000026 ], [ 14.424412034000056, 50.08939358300006 ], [ 14.424212921000048, 50.089331353000034 ], [ 14.424199120000026, 50.089348799000049 ] ] ] ] } },
{ "type": "Feature", "properties": { "objectid": 65589, "zps_id": "4399", "id_poskyt": 38, "shape_area_1": 0.0, "globalid": "{C6CCB540-AF49-4024-A4F4-F8A0370F1574}", "shape_Length": 0.00017144401571762483, "shape_Area": 1.5136965214663043e-09 }, "geometry": { "type": "MultiPolygon", "coordinates": [ [ [ [ 14.424674030000062, 50.091439518000072 ], [ 14.42466752100006, 50.091456894000032 ], [ 14.424662174000048, 50.091485662000082 ], [ 14.424691061000033, 50.091486939000049 ], [ 14.424689823000051, 50.091475830000036 ], [ 14.42469129400007, 50.09146994300005 ], [ 14.424695370000052, 50.091454911000028 ], [ 14.424706042000025, 50.091434754000034 ], [ 14.424681479000071, 50.091428097000062 ], [ 14.424674030000062, 50.091439518000072 ] ] ] ] } },
{ "type": "Feature", "properties": { "objectid": 65590, "zps_id": "4172", "id_poskyt": 38, "shape_area_1": 0.0, "globalid": "{B39D8167-2537-44B0-A2F6-FE4BAA020F29}", "shape_Length": 0.0002662768942226339, "shape_Area": 2.3491132074742416e-09 }, "geometry": { "type": "MultiPolygon", "coordinates": [ [ [ [ 14.431414327000027, 50.09094310200004 ], [ 14.431519453000021, 50.090977031000079 ], [ 14.431533362000039, 50.090959474000044 ], [ 14.431428303000075, 50.090925025000047 ], [ 14.431414327000027, 50.09094310200004 ] ] ] ] } },
{ "type": "Feature", "properties": { "objectid": 65591, "zps_id": "22209", "id_poskyt": 38, "shape_area_1": 0.0, "globalid": "{79926EFD-9429-47B1-898F-D44CE644BF9E}", "shape_Length": 0.00020414879406008106, "shape_Area": 2.1728494947619047e-09 }, "geometry": { "type": "MultiPolygon", "coordinates": [ [ [ [ 14.405426924000039, 50.088297384000043 ], [ 14.405457149000028, 50.088297151000063 ], [ 14.405456076000064, 50.088225571000066 ], [ 14.40542578000003, 50.088225355000077 ], [ 14.405426924000039, 50.088297384000043 ] ] ] ] } },
{ "type": "Feature", "properties": { "objectid": 65592, "zps_id": "3705", "id_poskyt": 38, "shape_area_1": 0.0, "globalid": "{210A24D2-9489-446E-9D64-ED39F2858EB6}", "shape_Length": 0.00016524051292454218, "shape_Area": 1.3437666551408216e-09 }, "geometry": { "type": "MultiPolygon", "coordinates": [ [ [ [ 14.420043948000057, 50.08420929600004 ], [ 14.420100941000044, 50.08422291100004 ], [ 14.420112672000073, 50.084202086000062 ], [ 14.420054796000045, 50.08418864600003 ], [ 14.420043948000057, 50.08420929600004 ] ] ] ] } },
{ "type": "Feature", "properties": { "objectid": 65593, "zps_id": "4236", "id_poskyt": 38, "shape_area_1": 0.0, "globalid": "{538066B3-DB69-4EEF-A384-83C6B6635C3A}", "shape_Length": 0.0002062928495659373, "shape_Area": 2.1545548788609843e-09 }, "geometry": { "type": "MultiPolygon", "coordinates": [ [ [ [ 14.415738530000056, 50.078119739000044 ], [ 14.415767364000033, 50.078119109000056 ], [ 14.415764139000032, 50.078044936000026 ], [ 14.415734789000055, 50.078045994000036 ], [ 14.415738530000056, 50.078119739000044 ] ] ] ] } },
{ "type": "Feature", "properties": { "objectid": 65594, "zps_id": "22210", "id_poskyt": 38, "shape_area_1": 0.0, "globalid": "{5DC32BA8-F6EB-4181-A054-109F62E8444A}", "shape_Length": 0.00023550858632800944, "shape_Area": 2.2739171313927635e-09 }, "geometry": { "type": "MultiPolygon", "coordinates": [ [ [ [ 14.424018061000027, 50.079504825000072 ], [ 14.424043221000034, 50.079515238000056 ], [ 14.424083814000028, 50.079472028000055 ], [ 14.424105495000049, 50.079449115000045 ], [ 14.42407998300007, 50.079439342000057 ], [ 14.424061795000057, 50.079459114000031 ], [ 14.424018061000027, 50.079504825000072 ] ] ] ] } },
{ "type": "Feature", "properties": { "objectid": 65595, "zps_id": "3808", "id_poskyt": 38, "shape_area_1": 0.0, "globalid": "{97E7A862-8C7C-41CE-832E-258EF11AC98F}", "shape_Length": 0.00027423131833324203, "shape_Area": 2.4449984189281184e-09 }, "geometry": { "type": "MultiPolygon", "coordinates": [ [ [ [ 14.414923488000056, 50.078758672000049 ], [ 14.415024694000067, 50.078810761000057 ], [ 14.415042758000027, 50.078796341000043 ], [ 14.414942575000055, 50.07874382600005 ], [ 14.414923488000056, 50.078758672000049 ] ] ] ] } },
{ "type": "Feature", "properties": { "objectid": 65596, "zps_id": "22211", "id_poskyt": 38, "shape_area_1": 0.0, "globalid": "{F04AAB72-094C-4AE1-8EFB-4AB35DC83E3C}", "shape_Length": 0.00030578445096977842, "shape_Area": 2.6180530612260331e-09 }, "geometry": { "type": "MultiPolygon", "coordinates": [ [ [ [ 14.399962860000073, 50.055474224000079 ], [ 14.399978870000041, 50.055488589000049 ], [ 14.400098110000044, 50.05543361000008 ], [ 14.400081597000053, 50.055419027000028 ], [ 14.399962860000073, 50.055474224000079 ] ] ] ] } },
{ "type": "Feature", "properties": { "objectid": 65597, "zps_id": "12931", "id_poskyt": 38, "shape_area_1": 0.0, "globalid": "{2DA2A222-BECC-45B3-840A-F5FA30E5EF11}", "shape_Length": 0.00024989453246225996, "shape_Area": 2.6902768034882328e-09 }, "geometry": { "type": "MultiPolygon", "coordinates": [ [ [ [ 14.427188594000029, 50.100177559000031 ], [ 14.427216922000071, 50.100183324000056 ], [ 14.42725848300006, 50.100096905000044 ], [ 14.427230438000038, 50.100090739000052 ], [ 14.427188594000029, 50.100177559000031 ] ] ] ] } },
{ "type": "Feature", "properties": { "objectid": 65598, "zps_id": "5291", "id_poskyt": 38, "shape_area_1": 0.0, "globalid": "{8A34DDB3-1BF0-419A-8557-A58C16294167}", "shape_Length": 0.00022269010005332128, "shape_Area": 2.1986834137890338e-09 }, "geometry": { "type": "MultiPolygon", "coordinates": [ [ [ [ 14.424073891000035, 50.100295219000031 ], [ 14.424101505000067, 50.100304452000046 ], [ 14.424153990000036, 50.10024067300003 ], [ 14.424127620000036, 50.100231769000061 ], [ 14.424073891000035, 50.100295219000031 ] ] ] ] } },
{ "type": "Feature", "properties": { "objectid": 65599, "zps_id": "5773", "id_poskyt": 38, "shape_area_1": 0.0, "globalid": "{FC2A6D78-B2D8-47F5-B21B-8BEE33DA49C2}", "shape_Length": 0.00025967880122677297, "shape_Area": 2.4679216243828298e-09 }, "geometry": { "type": "MultiPolygon", "coordinates": [ [ [ [ 14.424860803000058, 50.100075632000028 ], [ 14.424860976000048, 50.100052721000054 ], [ 14.424754390000032, 50.100052193000067 ], [ 14.424753969000051, 50.10007553500003 ], [ 14.424860803000058, 50.100075632000028 ] ] ] ] } },
{ "type": "Feature", "properties": { "objectid": 65600, "zps_id": "22214", "id_poskyt": 38, "shape_area_1": 0.0, "globalid": "{B27BFC4F-488A-4908-945A-18274F7F07CA}", "shape_Length": 0.00032742876892193258, "shape_Area": 3.38431168014994e-09 }, "geometry": { "type": "MultiPolygon", "coordinates": [ [ [ [ 14.429303811000068, 50.099589191000064 ], [ 14.429441243000042, 50.099567583000066 ], [ 14.429431588000057, 50.099544095000056 ], [ 14.429295051000054, 50.099566206000077 ], [ 14.429303811000068, 50.099589191000064 ] ] ] ] } },
{ "type": "Feature", "properties": { "objectid": 65601, "zps_id": "22215", "id_poskyt": 38, "shape_area_1": 0.0, "globalid": "{02A0EAE0-C23D-4D18-BFB7-B23E963B014F}", "shape_Length": 0.00016690157392679577, "shape_Area": 1.7032929333606825e-09 }, "geometry": { "type": "MultiPolygon", "coordinates": [ [ [ [ 14.472698906000062, 50.104906654000047 ], [ 14.472740375000058, 50.104913418000081 ], [ 14.472754906000034, 50.104874050000035 ], [ 14.472714809000024, 50.104867471000034 ], [ 14.472698906000062, 50.104906654000047 ] ] ] ] } },
{ "type": "Feature", "properties": { "objectid": 65602, "zps_id": "22216", "id_poskyt": 38, "shape_area_1": 0.0, "globalid": "{C05DB39F-4371-417D-B092-AB5576F8F427}", "shape_Length": 0.00046348890601345856, "shape_Area": 5.1425371706390495e-09 }, "geometry": { "type": "MultiPolygon", "coordinates": [ [ [ [ 14.439806589000057, 50.062783224000043 ], [ 14.439943175000053, 50.062793069000065 ], [ 14.440010565000023, 50.062803447000078 ], [ 14.440015983000023, 50.062775338000051 ], [ 14.439812766000045, 50.062758177000035 ], [ 14.439806589000057, 50.062783224000043 ] ] ] ] } }
]
}
